application_id,applicant_id,applicant_name,applicant_city,application_date,branch_code,application_channel,age_years,monthly_income_inr,employment_type,credit_score,debt_to_income_ratio,existing_loan_count,late_payments_last_12_months,loan_type,loan_amount_inr,tenure_months
LP000001,APP903492,Shreya Rao,Jaipur,2024-04-01,BR005,branch,31,108908,self_employed_professional,550,0.4854,1,4,personal,1500000,48
LP000002,APP902403,Nandini Reddy,Madurai,2023-10-07,BR023,online,30,84097,self_employed_business,621,0.4299,0,1,personal,1500000,60
LP000003,APP903933,Diya Patel,Chennai,2023-04-09,BR008,branch,41,187289,self_employed_professional,443,0.4783,1,7,personal,1500000,24
LP000004,APP901014,Meera Desai,Pune,2024-11-01,BR018,online,26,39290,salaried_private,570,0.2266,0,3,gold,146000,18
LP000005,APP903185,Arjun Sinha,Ludhiana,2024-07-06,BR001,partner_referral,54,133267,self_employed_business,900,0.3039,0,0,personal,1500000,48
LP000006,APP900926,Pooja Desai,Hyderabad,2025-01-18,BR037,branch,54,121858,salaried_government,638,0.95,2,1,vehicle,1305000,12
LP000007,APP900990,Divya Iyer,Indore,2023-02-02,BR002,online,25,57556,salaried_private,609,0.4819,1,1,vehicle,1175000,60
LP000008,APP903641,Vinay Joshi,Tirunelveli,2024-04-19,BR002,online,33,94246,self_employed_professional,607,0.5107,1,1,vehicle,850000,24
LP000009,APP902139,Divya Joshi,Indore,2023-12-10,BR007,direct_sales_agent,26,34994,self_employed_business,723,0.6182,2,0,personal,648000,48
LP000010,APP902185,Aniket Patel,Chennai,2024-12-15,BR021,branch,27,41974,self_employed_business,665,0.6308,3,0,personal,497000,48
LP000011,APP900280,Vikram Krishnan,Indore,2023-09-04,BR001,online,32,43462,contract,691,0.4292,0,1,personal,783000,60
LP000012,APP902358,Aadhya Varma,Ahmedabad,2024-11-06,BR009,partner_referral,30,34448,self_employed_business,649,0.5234,1,2,vehicle,823000,84
LP000013,APP901969,Lakshmi Pillai,Visakhapatnam,2023-07-05,BR004,branch,48,21101,salaried_private,579,0.3742,0,2,personal,279000,48
LP000014,APP902974,Bhavana Varma,Ahmedabad,2023-02-22,BR037,direct_sales_agent,41,26090,self_employed_business,809,0.586,3,0,personal,278000,36
LP000015,APP901398,Sandeep Reddy,Surat,2023-11-30,BR022,online,32,98702,salaried_private,584,0.6154,1,3,personal,1428000,36
LP000016,APP903593,Praveen Bhat, Indore,2024-09-07,BR023,branch,32,85209,self_employed_professional,438,0.5809,1,7,gold,699000,18
LP000017,APP900707,Aadhya Hegde,Bhopal,2023-08-18,BR009,branch,56,102745,contract,688,0.6518,1,1,home,6503000,240
LP000018,APP902665,Siddharth Shah,Visakhapatnam,2024-09-04,BR005,online,34,96871,self_employed_business,526,0.4122,1,4,personal,1261000,48
LP000019,APP902884,Diya Varma,Tirunelveli,2023-04-05,BR030,branch,39,177646,self_employed_business,677,0.4103,1,0,gold,921000,18
LP000020,APP900036,Yash Bhat,Kolkata,2024-02-03,BR032,partner_referral,25,41533,contract,671,0.3935,1,0,gold,376000,36
LP000021,APP901387,Sneha Subramanian,Hyderabad,2023-09-21,BR006,online,32,70601,salaried_private,539,0.288,1,3,vehicle,601000,48
LP000022,APP902341,Sandeep Reddy,Mumbai,2024-04-07,BR014,online,30,136459,self_employed_business,635,0.4592,0,1,vehicle,1358000,24
LP000023,APP901140,Vinay Nair,Chennai,2023-05-22,BR026,branch,28,62713,salaried_private,816,0.5111,0,0,home,3661000,240
LP000024,APP901535,Aditya Iyer,Mysuru ,2023-02-12,BR003,online,35,213181,salaried_private,451,0.1733,0,8,personal,1500000,60
LP000025,APP900976,Aditya Malhotra,Chennai,2023-12-17,BR007,branch,25,142181,salaried_private,461,0.2948,1,5,personal,1161000,48
LP000026,APP903653,Rahul Prasad,Bengaluru ,2024-05-31,BR038,branch,34,18952,self_employed_professional,357,0.5373,0,8,personal,349000,48
LP000027,APP902093,Arjun Sinha,Pune,2023-10-04,BR019,direct_sales_agent,25,128351,self_employed_business,718,0.3322,0,0,personal,473000,12
LP000028,APP902194,Shreya Sharma,Ludhiana,2023-09-09,BR010,branch,27,53358,self_employed_business,782,0.502,1,1,vehicle,482000,24
LP000029,APP903276,Deepika Iyer,Surat,2023-05-17,BR012,branch,25,46042,self_employed_professional,564,0.6033,0,3,home,3270000,300
LP000030,APP901679,Rohan Sharma,Mysuru,2024-12-18,BR019,online,38,22617,salaried_private,494,0.3673,1,4,personal,208000,36
LP000031,APP900104,Shreya Hegde,Nashik,2024-09-17,BR012,direct_sales_agent,28,166729,contract,652,0.5257,3,0,personal,1500000,48
LP000032,APP901141,Aarav Desai,Chennai,2023-12-30,BR034,branch,28,62984,salaried_private,760,0.5156,0,0,vehicle,1290000,48
LP000033,APP904141,Saanvi Pillai,Indore,2024-03-08,BR019,partner_referral,60,109870,self_employed_professional,405,0.3199,1,10,home,3314000,300
LP000034,APP903271,Kavya Joshi,Jaipur,2023-12-18,BR008,direct_sales_agent,25,256472,self_employed_professional,648,0.331,0,0,home,9495000,240
LP000035,APP900935,Ishaan Kulkarni,Lucknow ,2023-04-17,BR005,partner_referral,22,26419,salaried_private,701,0.366,0,0,vehicle,380000,48
LP000036,APP902575,Nandini Kulkarni,Kanpur,2024-09-08,BR014,branch,33,55765, SELF_EMPLOYED_BUSINESS ,566,0.5931,1,2,personal,1022000,48
LP000037,APP903174,Bhavana Krishnan,Indore,2023-12-10,BR011,branch,52,78998,self_employed_business,475,0.4806,1,4,vehicle,2028000,84
LP000038,APP903463,Aarav Kapoor,Ahmedabad,2024-10-05,BR021,online,30,40676,self_employed_professional,405,0.4111,1,5,gold,240000,18
LP000039,APP900092,Anjali Banerjee,Bhopal,2023-08-20,BR022,direct_sales_agent,27,96093,contract,711,0.8102,0,1,personal,863000,12
LP000040,APP902485,Ritika Subramanian,Mumbai,2025-01-25,BR016,online,32,209534,self_employed_business,390,0.2079,0,8,personal,1500000,48
LP000041,APP903266,Gayathri Pillai,Vadodara,2025-05-23,BR008,partner_referral,25,146984,self_employed_professional,674,0.244,0,1,personal,1500000,60
LP000042,APP902890,Ishaan Ramesh,Nagpur,2023-09-05,BR032,online,39,26271,self_employed_business,771,0.5812,0,1,home,1500000,180
LP000043,APP900683,Sneha Reddy,Tirunelveli,2024-06-09,BR013,direct_sales_agent,50,41980,contract,563,0.2143,0,1,personal,184000,24
LP000044,APP900251,Neha Sharma,Nashik,2025-05-29,BR028,online,31,72743,contract,625,0.2481,0,0,gold,544000,36
LP000045,APP903551,Bhavana Reddy,Mumbai,2024-12-12,BR034,online,32,138411,self_employed_professional,627,0.3176,0,3,personal,900000,24
LP000046,APP900610,Kavya Menon,Coimbatore,2025-06-12,BR008,branch,44,30302,contract,526,0.4924,0,6,personal,425000,36
LP000047,APP900043,Sneha Krishnan,Coimbatore,2023-01-13,BR038,direct_sales_agent,25,62903,contract,559,0.5577,0,2,personal,716000,24
LP000048,APP902103,Vinay Pillai,Pune ,2024-03-25,BR003,partner_referral,25,39709,self_employed_business,578,0.5584,0,2,vehicle,1029000,60
LP000049,APP903491,Divya Kulkarni,Vadodara,2025-06-14,BR028,direct_sales_agent,31,107455,self_employed_professional,572,0.908,2,2,gold,481000,6
LP000050,APP903284,Saanvi Varma,Jaipur,2024-03-02,BR003,branch,25,70238,self_employed_professional,556,0.4459,1,3,vehicle,1014000,48
LP000051,APP903118,Yash Prasad,Nashik,2024-02-03,BR005,online,47,108694,self_employed_business,775,0.3225,0,0,personal,1500000,60
LP000052,APP901031,Lakshmi Chatterjee,Indore,2024-12-13,BR019,branch,26,78369,salaried_private,807,0.5362,1,0,home,4149000,300
LP000053,APP900517,Siddharth Verma,Rajkot,2023-08-06,BR039,branch,39,148178, contract,599,0.4875,0,2,personal,1479000,24
LP000054,APP900839,Yash Sharma,Rajkot,2025-04-25,BR007,online,36,214297,salaried_government,623,0.3898,0,0,home,9251000,240
LP000055,APP900191,Harsha Menon,Coimbatore,2024-04-23,BR029,online,30,46193,contract,711,0.4278,0,0,gold,223000,12
LP000056,APP901952,Meera Banerjee,Nashik,2023-08-12,BR024,branch,47,138039,salaried_private,591,0.479,1,2,vehicle,1191000,24
LP000057,APP902870,Gayathri Gowda,Kanpur,2023-10-11,BR011,online,38,67490,self_employed_business,421,0.5122,2,8,personal,845000,60
LP000058,APP900373,Ritika Malhotra,Coimbatore,2024-07-17,BR013,direct_sales_agent,35,100892,contract,677,0.4828,1,1,vehicle,2384000,84
LP000059,APP902923,Lakshmi Banerjee,Kolkata,2023-06-30,BR016,online,39,95094,self_employed_business,569,0.4371,1,1,personal,1500000,60
LP000060,APP900859,Rahul Malhotra,Visakhapatnam,2023-04-07,BR016,branch,38,34669,salaried_government,642,0.4477,2,2,gold,161000,18
LP000061,APP902480,Vinay Subramanian,Bhopal,2023-03-02,BR015,direct_sales_agent,32,157938, self_employed_business,781,0.31,1,0,personal,1500000,48
LP000062,APP900642,Sneha Joshi,Surat,2024-10-20,BR027,partner_referral,46,77442,contract,725,0.4644,2,0,gold,291000,12
LP000063,APP900464,Nikhil Sinha, Vadodara,2024-12-31,BR038,direct_sales_agent,37,42379,contract,566,0.7754,1,6,personal,321000,12
LP000064,APP902283,Vikram Banerjee,Mumbai,2024-10-16,BR018,online,29,190030,self_employed_business,535,0.3346,1,3,vehicle,2500000,84
LP000065,APP903676,Aadhya Pillai,Delhi ,2023-06-13,BR003,branch,34,55366,self_employed_professional,452,0.3485,1,5,gold,242000,18
LP000066,APP903603,Karthik Prasad,Bhopal,2024-04-25,BR017,direct_sales_agent,33,121284,self_employed_professional,617,0.2522,0,1,personal,1082000,48
LP000067,APP901951,Nandini Chauhan,Jaipur,2023-03-13,BR039,direct_sales_agent,47,115614,salaried_private,649,0.2789,0,2,home,3756000,300
LP000068,APP902123,Lakshmi Malhotra,Madurai,2023-06-07,BR020,online,25,97278,self_employed_business,424,0.6409,1,7,vehicle,2500000,60
LP000069,APP903535,Praveen Subramanian,Indore ,2025-03-15,BR005,online,31,69897,self_employed_professional,500,0.3018,2,1,personal,328000,24
LP000070,APP902128,Rahul Menon,Mumbai,2024-03-01,BR023,online,26,162098,self_employed_business,685,0.2809,0,1,personal,941000,24
LP000071,APP902657,Aditya Chauhan,Bengaluru,2023-01-16,BR002,branch,34,82909,self_employed_business,685,0.6926,2,1,personal,494000,12
LP000072,APP901034,Priya Verma,Surat,2024-05-30,BR004,branch,27,100514,salaried_private,660,0.5288,0,0,vehicle,2500000,60
LP000073,APP900296,Anjali Mukherjee,Lucknow,2023-02-23,BR004,online,32,75692,contract,871,0.2057,0,0,personal,457000,36
LP000074,APP900670,Nikhil Chatterjee,Delhi,2024-07-14,BR036,branch,49,208479,contract,607,0.3633,0,2,home,8305000,240
LP000075,APP902110,Meera Desai,Visakhapatnam,2023-08-15,BR009,online,25,51157, self_employed_business,630,0.3444,0,0,home,1943000,240
LP000076,APP902940,Reyansh Malhotra,Visakhapatnam,2023-05-30,BR013,branch,40,40683,self_employed_business,603,0.3819,0,1,gold,330000,24
LP000077,APP903745,Vivaan Patel,Madurai,2023-08-24,BR016,online,35,73815,self_employed_professional,749,0.412,0,0,gold,502000,18
LP000078,APP901074,Yash Chatterjee,Indore,2023-07-09,BR015,online,27,66492,salaried_private,803,0.5986,2,0,home,3863000,360
LP000079,APP903753,Vikram Patel,Mysuru,2023-03-13,BR017,branch,36,131443,self_employed_professional,581,0.7743,2,1,home,9345000,360
LP000080,APP902973,Sandeep Gowda,Lucknow,2025-02-05,BR034,online,41,244156,self_employed_business,423,0.6586,2,10,home,13454000,360
LP000081,APP900327,Rahul Kapoor,Ludhiana,2025-05-12,BR022,branch,33,51007,contract,637,0.6243,1,0,personal,796000,36
LP000082,APP903287,Krishna Reddy,Tirunelveli,2024-07-25,BR017,direct_sales_agent,25,90139,self_employed_professional,643,0.5845,2,2,home,5496000,360
LP000083,APP901090,Karthik Bose,Indore,2024-11-15,BR015,direct_sales_agent,28,109802,salaried_private,539,0.5694,2,3,personal,1500000,36
LP000084,APP903384,Meera Nair,Kochi,2023-06-20,BR011,branch,28,71783,Self_Employed_Professional,526,0.203,1,5,gold,189000,18
LP000085,APP903570,Nikhil Patel,Kanpur,2023-07-03,BR040,online,32,39679,self_employed_professional,457,0.4326,0,8,personal,599000,48
LP000086,APP901970,Yash Kapoor,Madurai,2025-04-15,BR030,branch,48,24636,salaried_private,515,0.3807,0,7,personal,329000,48
LP000087,APP900354,Aadhya Subramanian,Jaipur ,2024-01-09,BR022,online,34,37121,contract,605,0.4193,1,2,gold,136000,12
LP000088,APP901856,Nandini Kapoor,Mumbai,2023-07-03,BR006,partner_referral,43,22276,salaried_private,554,0.3155,0,0,gold,79000,12
LP000089,APP901326,Reyansh Pillai,Visakhapatnam,2024-06-29,BR026,branch,31,77789,salaried_private,756,0.4969,2,1,vehicle,1435000,60
LP000090,APP901813,Ananya Bose,Lucknow,2023-04-24,BR024,branch,41,51949,salaried_private,693,0.6824,0,0,personal,1022000,36
LP000091,APP903867,Ishaan Chauhan,Surat,2023-05-13,BR008,partner_referral,38,94332,self_employed_professional,537,0.699,1,4,home,6489000,360
LP000092,APP902174,Ritika Naidu,Madurai,2025-03-04,BR029,branch,27,17787,self_employed_business,819,0.95,4,0,home,1500000,300
LP000093,APP900618,Rohan Menon,Kanpur,2024-10-20,BR020,online,45,102885,contract,632,0.3839,1,1,gold,678000,24
LP000094,APP903843,Aniket Naidu,Vadodara,2023-01-21,BR001,online,38,302178,self_employed_professional,703,0.3284,1,2,gold,1000000,18
LP000095,APP901815,Ishaan Kulkarni,Rajkot,2023-09-08,BR037,branch,41,54823,salaried_private,739,0.4629,0,0,vehicle,1000000,48
LP000096,APP902193,Reyansh Banerjee,Mumbai,2023-04-16,BR005,online,27,53023,self_employed_business,743,0.4349,1,2,gold,112000,6
LP000097,APP901062,Kavya Subramanian,Chennai,2023-04-14,BR024,online,27,42714,salaried_private,613,0.4552,0,2,vehicle,1157000,84
LP000098,APP900598,Divya Desai,Kochi,2024-06-12,BR001,online,43,62966,contract,635,0.4906,1,0,home,2946000,360
LP000099,APP903259,Ritika Desai,Tirunelveli,2023-12-05,BR040,partner_referral,25,108028,self_employed_professional,627,0.679,2,1,vehicle,2500000,60
LP000100,APP902981,Gayathri Kapoor,Tirunelveli,2023-11-07,BR023,online,41,36874,SELF_EMPLOYED_BUSINESS,598,0.6223,1,4,personal,711000,48
LP000101,APP901078,Sneha Malhotra,Indore,2024-07-16,BR009,branch,27,71983,salaried_private,545,0.5778,0,4,vehicle,1626000,48
LP000102,APP902984,Divya Banerjee,Kanpur,2024-05-28,BR034,branch,41,45643,self_employed_business,699,0.8131,1,1,personal,370000,12
LP000103,APP900633,Gayathri Sinha,Kolkata,2023-10-01,BR039,branch,46,100280,contract,550,0.3337,1,2,gold,701000,36
LP000104,APP900936,Neha Naidu,Indore,2023-12-30,BR010,branch,22,59036,salaried_private,736,0.5974,0,1,vehicle,1402000,48
LP000105,APP901841,Ishaan Gowda,Bengaluru,2023-10-12,BR007,branch,42,45133,salaried_private,646,0.5352,1,1,vehicle,611000,36
LP000106,APP902084,Harsha Nair,Tirunelveli,2025-03-10,BR004,online,24,68117,self_employed_business,497,0.5485,3,4,gold,609000,36
LP000107,APP904086,Swathi Rao,Pune,2023-04-27,BR027,branch,49,56872,self_employed_professional,489,0.6377,1,5,home,3631000,360
LP000108,APP900560,Shreya Prasad,Mumbai,2023-08-08,BR036,direct_sales_agent,41,115142,contract,546,0.2773,0,1,personal,1123000,48
LP000109,APP902281,Shreya Bose,Jaipur,2023-12-20,BR034,branch,29,166579,self_employed_business,572,0.6497,2,6,home,9139000,240
LP000110,APP901600,Gayathri Subramanian,Bengaluru,2024-04-10,BR040,partner_referral,36,53980,salaried_private,742,0.3519,0,1,personal,806000,60
LP000111,APP901670,Swathi Varma,Mumbai,2024-03-14,BR021,branch,38,127429,salaried_private,456,0.5041,2,4,personal,1500000,48
LP000112,APP903803,Siddharth Hegde,Rajkot ,2024-07-15,BR015,online,37,31130,self_employed_professional,613,0.2637,1,3,gold,103000,24
LP000113,APP901006,Rahul Gowda,Lucknow,2024-02-11,BR009,branch,26,159646,salaried_private,505,0.4295,0,4,home,7572000,240
LP000114,APP901924,Rahul Ramesh,Pune,2024-08-18,BR040,branch,45,79674,salaried_private,368,0.1522,1,11,gold,115000,18
LP000115,APP900585,Kavya Pillai,Indore,2023-10-12,BR010,branch,42,45656,contract,614,0.3323,0,0,vehicle,328000,24
LP000116,APP903678,Manoj Krishnan,Ludhiana,2023-08-21,BR027,branch,34,57342,self_employed_professional,469,0.4297,0,7,personal,1001000,60
LP000117,APP902598,Aniket Ramesh,Pune,2024-09-17,BR040,branch,34,100713,self_employed_business,537,0.4193,1,7,gold,206000,6
LP000118,APP903167,Neha Malhotra,Nagpur,2025-03-25,BR032,online,51,63230, self_employed_business,801,0.4056,0,0,gold,149000,6
LP000119,APP900834,Vikram Ramesh,Nagpur,2025-05-12,BR009,online,35,73857,salaried_government,863,0.4768,0,0,personal,1034000,36
LP000120,APP901510,Shreya Sharma,Jaipur,2024-01-25,BR029,branch,34,74692,salaried_private,642,0.3007,0,1,home,2505000,240
LP000121,APP903229,Rohan Chatterjee,Lucknow,2024-07-30,BR039,branch,22,19621,Self_Employed_Professional,745,0.3181,1,0,personal,89000,24
LP000122,APP900125,Aditya Sharma,Rajkot,2023-10-18,BR024,branch,28,64941,contract,743,0.3496,0,0,personal,470000,24
LP000123,APP901198,Anjali Bhat,Chennai,2025-01-25,BR012,branch,29,46169,salaried_private,871,0.4687,2,1,gold,442000,36
LP000124,APP904140,Diya Patel,Kochi,2024-04-03,BR014,branch,60,108341,self_employed_professional,660,0.26,0,2,gold,848000,36
LP000125,APP903545,Ritika Krishnan,Indore,2024-05-09,BR016,branch,32,102741,self_employed_professional,553,0.3561,2,3,gold,151000,6
LP000126,APP902825,Krishna Menon,Kanpur,2024-10-13,BR026,branch,37,75760,self_employed_business,740,0.231,0,0,vehicle,544000,36
LP000127,APP904110,Saanvi Subramanian,Tirunelveli,2023-09-17,BR020,branch,53,72466,self_employed_professional,650,0.4584,0,1,personal,954000,36
LP000128,APP900899,Krishna Kulkarni,Mysuru,2025-02-03,BR004,partner_referral,44,28878,salaried_government,528,0.351,1,3,gold,248000,36
LP000129,APP901048,Manoj Gowda,Delhi,2025-03-11,BR005,online,27,201051,salaried_private,496,0.2646,1,3,vehicle,2500000,84
LP000130,APP900014,Aadhya Menon,Ahmedabad,2024-08-01,BR038,online,24,33866,contract,649,0.3559,0,0,personal,505000,60
LP000131,APP903844,Vinay Menon,Coimbatore,2023-09-07,BR026,branch,38,31562,self_employed_professional,549,0.3716,0,2,personal,334000,36
LP000132,APP902368,Reyansh Gowda,Indore,2024-08-20,BR014,partner_referral,30,48060,self_employed_business,863,0.5481,2,0,vehicle,1154000,84
LP000133,APP900116,Krishna Joshi,Indore,2024-03-11,BR039,partner_referral,28,40326,contract,555,0.4775,0,2,personal,212000,12
LP000134,APP902265,Arjun Banerjee,Mysuru,2024-05-07,BR003,partner_referral,28,93857,self_employed_business,664,0.9108,2,4,personal,1500000,24
LP000135,APP902238,Aarav Desai,Ludhiana,2025-03-12,BR033,online,28,41216,self_employed_business,580,0.4046,2,3,gold,372000,36
LP000136,APP902559,Ishaan Reddy,Bhopal,2023-08-20,BR020,branch,33,38234,self_employed_business,665,0.4388,1,1,personal,277000,24
LP000137,APP900727,Krishna Chatterjee,Vadodara,2023-10-26,BR010,direct_sales_agent,23,122875,salaried_government,773,0.95,3,0,vehicle,1051000,12
LP000138,APP903073,Yash Subramanian,Coimbatore,2024-08-14,BR040,branch,44,96597,self_employed_business,642,0.5358,1,1,personal,1500000,48
LP000139,APP901071,Lakshmi Chauhan,Surat,2023-02-27,BR031,branch,27,60685,salaried_private,515,0.5192,1,4,personal,315000,12
LP000140,APP903872,Harsha Sinha,Lucknow,2025-04-07,BR021,branch,39,195240,self_employed_professional,717,0.6926,2,0,home,11843000,300
LP000141,APP901071,Lakshmi Chauhan,Surat,2024-07-02,BR031,partner_referral,27,60265,salaried_private,504,0.393,0,3,personal,970000,60
LP000142,APP901957,Rahul Rao,Kochi,2025-06-21,BR015,online,47,20942,salaried_private,659,0.8351,3,1,home,1500000,300
LP000143,APP901439,Kavya Hegde,Mumbai,2023-11-12,BR036,partner_referral,33,49840,SALARIED_PRIVATE,545,0.4751,1,2,gold,298000,18
LP000144,APP901265,Yash Nair,Coimbatore,2023-01-09,BR023,direct_sales_agent,30,54250,salaried_private,562,0.4926,1,2,home,2391000,240
LP000145,APP902299,Krishna Bhat,Ahmedabad,2024-01-14,BR023,online,29,44384,self_employed_business,571,0.2639,0,4,gold,353000,36
LP000146,APP902658,Bhavana Kapoor,Hyderabad,2024-05-27,BR015,partner_referral,34,83451,SELF_EMPLOYED_BUSINESS,705,0.5869,2,1,home,3764000,360
LP000147,APP900323,Ananya Bose,Ahmedabad,2024-01-16,BR023,branch,33,38190,contract,628,0.3075,0,1,gold,356000,36
LP000148,APP900784,Deepika Patel,Delhi,2024-11-21,BR017,online,30,59231,salaried_government,689,0.6584,1,1,vehicle,1009000,36
LP000149,APP903317,Aadhya Varma,Vadodara,2023-04-24,BR001,direct_sales_agent,26,93993,self_employed_professional,830,0.6435,1,1,personal,1500000,36
LP000150,APP901771,Vivaan Patel,Bengaluru,2024-07-13,BR012,online,40,25812,salaried_private,872,0.4053,1,0,gold,45000,6
LP000151,APP901556,Bhavana Kulkarni,Lucknow,2024-10-07,BR013,online,35,55829,salaried_private,653,0.49,1,1,gold,283000,12
LP000152,APP900506,Aarav Desai,Ludhiana,2025-03-31,BR003,branch,38,38787,contract,801,0.3966,2,0,gold,85000,12
LP000153,APP902808,Vinay Kapoor,Ahmedabad,2023-09-03,BR021,branch,37,42214,self_employed_business,819,0.5258,2,0,home,1575000,300
LP000154,APP902649,Karthik Desai,Pune,2023-07-14,BR001,online,34,73181,self_employed_business,568,0.3773,0,2,home,3323000,300
LP000155,APP903221,Manoj Desai,Chennai,2025-05-04,BR007,partner_referral,60,36541,self_employed_business,570,0.4118,1,3,personal,242000,24
LP000156,APP902640,Arjun Gowda,Nashik,2023-09-04,BR031,online,34,57741,self_employed_business,454,0.2721,1,2,personal,286000,48
LP000157,APP903734,Pooja Desai,Tirunelveli,2024-03-18,BR012,online,35,54362,self_employed_professional,691,0.3981,0,0,personal,445000,24
LP000158,APP903235,Nandini Joshi,Lucknow,2024-07-30,BR026,partner_referral,23,56216,self_employed_professional,744,0.4032,2,0,home,1739000,180
LP000159,APP903863,Aniket Joshi,Pune,2024-12-10,BR001,partner_referral,38,88367,self_employed_professional,449,0.2991,1,8,personal,459000,36
LP000160,APP901176,Priya Joshi,Bhopal,2023-01-24,BR029,branch,29,28456,salaried_private,706,0.6303,2,0,personal,517000,48
LP000161,APP901606,Ananya Patel,Kanpur,2024-09-08,BR010,branch,36,59740,salaried_private,601,0.4389,2,6,gold,220000,18
LP000162,APP903301,Aadhya Patel,Rajkot,2025-03-11,BR022,branch,26,41435,self_employed_professional,670,0.4161,0,0,gold,369000,24
LP000163,APP904046,Aarav Sharma,Delhi,2024-01-08,BR015,partner_referral,46,77279,self_employed_professional,408,0.4338,2,8,home,2714000,240
LP000164,APP903482,Shreya Menon,Mysuru,2023-06-08,BR032,branch,30,81779,self_employed_professional,779,0.5211,2,0,home,3518000,300
LP000165,APP902948,Vinay Naidu,Bengaluru,2024-02-13,BR011,online,40,48526,self_employed_business,847,0.3967,0,1,home,2328000,300
LP000166,APP900463,Sandeep Ramesh,Nagpur,2024-05-01,BR001,branch,37,41658,CONTRACT,737,0.352,1,1,gold,175000,18
LP000167,APP903154,Nandini Kulkarni,Kochi,2024-06-22,BR005,partner_referral,50,46903,self_employed_business,782,0.4892,0,0,vehicle,1404000,84
LP000168,APP902552,Kavya Malhotra,Tirunelveli,2025-02-20,BR034,online,33,31489,self_employed_business,710,0.4938,0,0,vehicle,937000,84
LP000169,APP900831,Shreya Naidu,Jaipur,2025-01-01,BR005,branch,35,39835,salaried_government,703,0.4583,0,2,vehicle,1100000,84
LP000170,APP900790,Karthik Varma,Mysuru,2024-02-15,BR033,branch,31,167346,salaried_government,664,0.4713,2,0,vehicle,2500000,60
LP000171,APP904144,Nikhil Bhat,Vadodara,2024-03-11,BR014,branch,60,31069,self_employed_professional,642,0.5033,0,1,home,1928000,360
LP000172,APP901431,Krishna Banerjee,Mysuru,2023-11-23,BR024,branch,33,40189,salaried_private,414,0.6024,2,8,home,2046000,300
LP000173,APP900159,Harsha Shah,Surat,2023-12-17,BR033,branch,29,45826,contract,733,0.362,0,0,vehicle,997000,84
LP000174,APP902236,Manoj Naidu,Tirunelveli,2023-05-21,BR017,partner_referral,28,34860,self_employed_business,662,0.5256,1,0,vehicle,661000,48
LP000175,APP900954,Sandeep Kulkarni,Vadodara,2024-09-13,BR004,branch,24,123642,salaried_private,713,0.4092,0,3,home,6154000,300
LP000176,APP900562,Meera Sharma,Surat,2025-01-23,BR012,online,41,135952,contract,597,0.4739,1,2,home,5757000,240
LP000177,APP901691,Rahul Kapoor,Indore,2024-08-19,BR034,online,38,53153,salaried_private,449,0.5189,1,6,personal,866000,48
LP000178,APP901851,Aadhya Sinha,Lucknow,2025-01-18,BR033,branch,43,104865,salaried_private,651,0.1593,0,1,personal,696000,60
LP000179,APP900539,Praveen Shah,Madurai,2024-01-24,BR020,online,40,112231,contract,692,0.4064,1,2,home,3441000,180
LP000180,APP901105,Anjali Reddy,Jaipur,2024-10-20,BR029,branch,28,181008,salaried_private,369,0.2938,0,8,home,6020000,300
LP000181,APP901576,Aadhya Pillai,Kanpur,2023-01-22,BR018,branch,36,123430,salaried_private,652,0.3421,0,0,personal,1500000,48
LP000182,APP903994,Gayathri Ramesh,Nagpur,2023-05-11,BR002,branch,43,90897,self_employed_professional,601,0.2286,0,2,gold,441000,24
LP000183,APP902548,Aarav Varma,Madurai,2023-07-02,BR014,branch,33,19496,self_employed_business,668,0.2963,1,0,gold,98000,24
LP000184,APP902396,Krishna Gowda,Indore,2024-04-12,BR015,online,30,72459, self_employed_business,605,0.3797,0,2,gold,588000,24
LP000185,APP903181,Harsha Kapoor,Hyderabad,2024-06-18,BR014,branch,53,40383,self_employed_business,670,0.2922,0,1,vehicle,366000,36
LP000186,APP903880,Ishaan Ramesh,Kolkata ,2024-03-29,BR013,branch,39,45509,self_employed_professional,529,0.4185,0,5,personal,779000,60
LP000187,APP901875,Aniket Varma,Madurai ,2025-02-18,BR034,branch,43,75938,SALARIED_PRIVATE,765,0.3478,2,0,personal,338000,36
LP000188,APP904012,Priya Krishnan, Lucknow,2023-06-26,BR025,partner_referral,44,67236,self_employed_professional,769,0.4671,1,0,home,2886000,180
LP000189,APP902724,Harsha Sinha,Pune,2023-05-14,BR012,online,36,121784,self_employed_business ,533,0.73,2,4,home,8505000,300
LP000190,APP901077,Nandini Verma,Nashik,2024-06-11,BR027,partner_referral,27,71094,salaried_private,828,0.3497,0,0,gold,535000,24
LP000191,APP902707,Ishaan Rao,Kolkata,2024-04-12,BR011,branch,35,71102,self_employed_business,682,0.95,0,0,vehicle,1533000,24
LP000192,APP902367,Aditya Mukherjee,Delhi ,2024-06-01,BR031,branch,30,45038,self_employed_business,628,0.2244,0,2,gold,215000,24
LP000193,APP901595,Gayathri Ramesh,Ahmedabad,2024-08-05,BR025,branch,36,48076,salaried_private,683,0.3579,0,0,vehicle,677000,48
LP000194,APP904047,Neha Subramanian,Nashik,2025-04-11,BR023,branch,46,79463,self_employed_professional,397,0.6444,1,10,home,5093000,300
LP000195,APP900109,Neha Verma,Surat,2023-09-19,BR015,branch,28,23534,contract,622,0.3002,1,1,gold,187000,36
LP000196,APP903063,Saanvi Bose,Hyderabad,2025-01-24,BR022,online,44,46035,self_employed_business,574,0.62,3,2,home,1868000,240
LP000197,APP902524,Ishaan Kulkarni,Ludhiana,2024-07-07,BR004,online,32,78034,self_employed_business,734,0.7063,2,0,vehicle,1280000,36
LP000198,APP900905,Aadhya Hegde,Ahmedabad,2023-07-16,BR015,branch,45,83282,salaried_government,656,0.4066,1,1,personal,534000,24
LP000199,APP900843,Priya Patel,Bhopal ,2023-06-17,BR032,branch,36,52097,salaried_government,741,0.2597,0,0,vehicle,641000,60
LP000200,APP901824,Nandini Nair,Tirunelveli,2024-04-12,BR012,partner_referral,41,86184,salaried_private,413,0.1873,1,8,gold,164000,18
LP000201,APP903472,Gayathri Krishnan,Tirunelveli,2024-04-03,BR001,direct_sales_agent,30,54211,self_employed_professional,300,0.3387,0,10,vehicle,707000,48
LP000202,APP900672,Meera Rao,Kochi,2025-02-16,BR005,direct_sales_agent,49,29317,contract,587,0.3909,2,1,gold,61000,12
LP000203,APP900753,Vikram Mukherjee,Visakhapatnam,2024-07-13,BR007,branch,27,20210,salaried_government,585,0.5273,0,3,gold,175000,18
LP000204,APP900732,Harsha Reddy,Mysuru,2025-02-13,BR012,branch,24,30508,salaried_government,592,0.4005,0,2,gold,200000,18
LP000205,APP901655,Harsha Joshi,Pune,2023-07-04,BR033,online,37,72227,salaried_private,536,0.598,4,3,home,2936000,360
LP000206,APP903800,Priya Rao,Delhi,2023-02-12,BR021,branch,37,30430,self_employed_professional,606,0.3692,1,2,gold,268000,36
LP000207,APP900022,Ishaan Kulkarni,Bhopal,2023-06-03,BR029,online,24,80312,contract,670,0.568,1,1,home,5194000,360
LP000208,APP900572,Arjun Bhat,Jaipur,2024-03-29,BR032,branch,41,74664,contract,557,0.3183,0,1,gold,505000,24
LP000209,APP900158,Bhavana Desai,Chennai,2024-03-13,BR038,branch,29,37619,contract,556,0.4947,0,1,personal,527000,36
LP000210,APP902631,Siddharth Sharma,Hyderabad,2024-10-15,BR003,online,34,45475,self_employed_business,768,0.5643,2,1,home,1507000,180
LP000211,APP900788,Vinay Prasad,Mysuru,2025-03-15,BR012,branch,31,112936,SALARIED_GOVERNMENT,747,0.4196,1,0,personal,1500000,48
LP000212,APP902486,Nandini Joshi,Lucknow,2025-06-09,BR024,direct_sales_agent,32,23360,self_employed_business,352,0.2051,0,8,gold,78000,18
LP000213,APP902476,Pooja Desai,Visakhapatnam ,2025-05-03,BR022,branch,32,136933,self_employed_business,364,0.3909,1,11,personal,1500000,60
LP000214,APP900966,Neha Nair,Mysuru,2023-04-10,BR025,branch,24,41041,salaried_private,760,0.5888,0,0,personal,500000,24
LP000215,APP903117,Divya Krishnan,Mysuru,2023-03-28,BR019,branch,46,86039,self_employed_business,573,0.5719,0,1,home,6067000,360
LP000216,APP903578,Meera Varma,Mysuru,2023-07-03,BR014,online,32,54050,self_employed_professional,536,0.7706,3,5,vehicle,700000,24
LP000217,APP903171,Gayathri Kulkarni,Mumbai,2023-03-20,BR038,branch,52,107389,self_employed_business,544,0.4215,0,3,vehicle,1391000,36
LP000218,APP903466,Praveen Malhotra,Vadodara,2024-08-23,BR017,branch,30,42876,self_employed_professional,572,0.3593,0,2,personal,440000,36
LP000219,APP903442,Kavya Subramanian,Kanpur,2024-08-07,BR004,direct_sales_agent,30,113536,self_employed_professional,622,0.9343,3,4,personal,824000,12
LP000220,APP901916,Diya Sharma,Bengaluru,2024-07-03,BR026,branch,45,44733,salaried_private,698,0.1537,0,1,gold,113000,18
LP000221,APP901682,Neha Mukherjee,Pune,2023-09-02,BR011,partner_referral,38,28174,salaried_private,683,0.1597,0,0,gold,74000,18
LP000222,APP901087,Vinay Hegde,Ludhiana,2024-04-06,BR014,branch,27,94299,salaried_private,472,0.4934,1,4,vehicle,1566000,48
LP000223,APP903553,Meera Patel,Madurai ,2023-10-20,BR032,branch,32,179236,self_employed_professional,737,0.1718,0,0,gold,508000,18
LP000224,APP900061,Rohan Chauhan,Delhi,2024-04-24,BR027,direct_sales_agent,26,51421,contract,615,0.2512,0,0,personal,534000,60
LP000225,APP903643,Aadhya Menon,Bhopal,2023-08-14,BR010,branch,34,104342,self_employed_professional,738,0.5133,1,0,personal,1356000,36
LP000226,APP903057,Arjun Mukherjee,Rajkot,2023-04-07,BR017,online,44,113406,self_employed_business ,732,0.5119,0,0,personal,1201000,24
LP000227,APP901821,Kavya Varma,Bhopal,2023-01-10,BR028,branch,41,83829,salaried_private,644,0.3806,0,0,personal,655000,24
LP000228,APP903883,Saanvi Kapoor,Nagpur,2024-06-22,BR023,online,39,64865,self_employed_professional,751,0.8549,3,1,personal,1362000,48
LP000229,APP903367,Vikram Ramesh,Indore,2023-02-18,BR023,branch,28,36361,self_employed_professional,488,0.3913,0,4,vehicle,439000,36
LP000230,APP901748,Vikram Iyer,Rajkot ,2023-09-08,BR021,partner_referral,39,73735,salaried_private,701,0.5861,2,0,gold,598000,24
LP000231,APP904100,Ritika Bhat, Delhi,2024-02-22,BR008,direct_sales_agent,52,101476,self_employed_professional,344,0.4507,1,6,home,4158000,300
LP000232,APP903067,Aditya Ramesh,Ahmedabad,2023-01-11,BR015,online,44,61955,self_employed_business,710,0.3476,1,0,gold,572000,36
LP000233,APP900370,Rahul Malhotra,Delhi,2023-06-09,BR017,branch,34,87756,contract,628,0.4105,1,0,personal,785000,36
LP000234,APP901026,Nikhil Ramesh,Nashik,2023-10-16,BR003,online,26,61717, salaried_private,680,0.3884,1,1,gold,297000,18
LP000235,APP903518,Aniket Menon,Indore,2025-03-16,BR018,branch,31,50309,self_employed_professional,701,0.5791,1,2,personal,844000,48
LP000236,APP901985,Deepika Gowda, Ludhiana,2023-12-14,BR021,partner_referral,49,58638,salaried_private,391,0.5862,2,12,home,2496000,240
LP000237,APP904022,Saanvi Bhat,Lucknow,2023-10-12,BR008,online,45,25087,self_employed_professional,598,0.6129,0,1,home,1500000,180
LP000238,APP902366,Nandini Hegde,Bengaluru,2024-04-14,BR004,online,30,44936,self_employed_business,604,0.6742,1,3,personal,955000,48
LP000239,APP901134,Aadhya Sinha,Surat,2023-10-11,BR021,direct_sales_agent,28,54397,salaried_private,568,0.5671,1,2,home,3019000,300
LP000240,APP900044,Rahul Naidu,Rajkot,2025-06-01,BR028,branch,25,74853,contract,830,0.4505,1,0,personal,708000,36
LP000241,APP900551,Swathi Verma,Mumbai,2023-02-27,BR023,branch,40,56813,CONTRACT,655,0.4484,0,2,home,2484000,180
LP000242,APP902566,Karthik Gowda,Rajkot,2024-01-31,BR017,online,33,45377,self_employed_business,703,0.1827,0,1,personal,299000,48
LP000243,APP903612,Vinay Rao,Madurai,2024-08-28,BR028,branch,33,221277,self_employed_professional,759,0.4721,0,0,home,12887000,300
LP000244,APP902111,Rahul Prasad,Mysuru,2025-01-08,BR036,direct_sales_agent,25,51714,self_employed_business,624,0.382,1,3,gold,178000,12
LP000245,APP900867,Kavya Menon, Bengaluru,2024-01-24,BR039,online,39,23848,salaried_government,733,0.5816,1,0,personal,252000,24
LP000246,APP904007,Krishna Ramesh,Chennai,2025-01-16,BR039,branch,44,41849,self_employed_professional,743,0.1801,0,0,personal,218000,36
LP000247,APP901993,Karthik Mukherjee,Delhi,2023-02-06,BR038,branch,50,84432,salaried_private,550,0.301,0,3,gold,416000,18
LP000248,APP900558,Ishaan Rao,Lucknow,2023-05-23,BR016,partner_referral,40,92068,contract,581,0.5662,1,2,home,5156000,300
LP000249,APP902172,Shreya Varma,Coimbatore,2025-06-13,BR005,direct_sales_agent,27,145552,self_employed_business,662,0.589,1,1,home,8334000,300
LP000250,APP901843,Divya Hegde,Pune,2023-11-02,BR020,branch,42,50791,salaried_private,674,0.3289,0,2,vehicle,662000,48
LP000251,APP903587,Pooja Kapoor,Delhi,2024-07-02,BR005,branch,32,64044,self_employed_professional,604,0.5891,2,1,vehicle,1731000,84
LP000252,APP901284,Divya Subramanian,Hyderabad,2025-03-19,BR005,branch,31,114242,Salaried_Private,682,0.669,2,1,home,5705000,240
LP000253,APP900177,Priya Joshi,Vadodara ,2024-08-16,BR034,online,30,109292,contract,589,0.7233,2,1,personal,1249000,24
LP000254,APP902826,Krishna Iyer,Ludhiana,2023-07-23,BR027,branch,37,76585,self_employed_business,702,0.4422,0,0,vehicle,1601000,60
LP000255,APP903714,Ananya Iyer,Coimbatore,2025-06-26,BR021,partner_referral,35,33909,self_employed_professional,561,0.477,1,3,personal,451000,48
LP000256,APP902370,Saanvi Menon,Visakhapatnam,2025-04-17,BR007,partner_referral,30,49495,self_employed_business,715,0.4512,1,1,vehicle,384000,24
LP000257,APP902683,Pooja Ramesh,Bhopal,2024-08-15,BR023,branch,35,32643,self_employed_business,900,0.1862,1,0,gold,48000,12
LP000258,APP902220,Diya Joshi,Bhopal,2024-02-28,BR019,online,28,124728,self_employed_business,587,0.6588,1,3,home,8407000,300
LP000259,APP903769,Aarav Patel,Delhi,2024-01-02,BR027,branch,36,42201,self_employed_professional,708,0.3081,1,2,vehicle,523000,60
LP000260,APP900314,Lakshmi Shah,Kanpur,2023-07-27,BR039,branch,33,16872,contract,650,0.626,1,2,gold,158000,18
LP000261,APP903949,Nikhil Hegde,Ludhiana,2024-08-17,BR040,online,41,84725,self_employed_professional,590,0.5785,1,2,personal,1381000,48
LP000262,APP903052,Diya Joshi,Kolkata,2024-11-19,BR016,direct_sales_agent,43,65642,self_employed_business,620,0.537,1,2,personal,1292000,60
LP000263,APP901744,Neha Verma,Nashik,2024-09-18,BR009,partner_referral,39,67898,salaried_private,606,0.4554,0,1,vehicle,1834000,84
LP000264,APP900128,Aarav Pillai,Nagpur,2025-04-12,BR026,branch,28,73303,contract,644,0.536,2,1,personal,812000,36
LP000265,APP903622,Reyansh Gowda,Surat,2024-03-15,BR012,online,33,39279,self_employed_professional ,708,0.8281,2,1,vehicle,553000,24
LP000266,APP900948,Aarav Mukherjee,Tirunelveli,2023-02-01,BR035,branch,23,51569,salaried_private,486,0.3913,0,5,personal,815000,60
LP000267,APP903065,Ananya Varma,Surat,2024-03-04,BR025,branch,44,53542,self_employed_business,684,0.3997,0,1,personal,442000,24
LP000268,APP900458,Aadhya Naidu,Indore,2025-01-13,BR032,online,37,23535,contract,589,0.3988,0,0,vehicle,441000,60
LP000269,APP903205,Saanvi Prasad,Nagpur,2023-09-06,BR039,branch,57,28298, SELF_EMPLOYED_BUSINESS ,693,0.4434,0,1,home,1500000,300
LP000270,APP902056,Aarav Joshi,Lucknow,2024-01-14,BR029,direct_sales_agent,22,100986,self_employed_business,534,0.95,0,5,vehicle,1162000,12
LP000271,APP903801,Sandeep Chatterjee,Pune,2024-09-13,BR004,direct_sales_agent,37,30531,self_employed_professional,781,0.4351,0,0,home,1500000,240
LP000272,APP902094,Priya Kulkarni,Mysuru,2023-09-23,BR036,direct_sales_agent,25,150186, SELF_EMPLOYED_BUSINESS ,615,0.5764,1,3,home,7716000,180
LP000273,APP901547,Lakshmi Chauhan,Jaipur,2023-11-21,BR039,branch,35,46551,salaried_private,511,0.9411,0,3,vehicle,944000,24
LP000274,APP901833,Vivaan Naidu,Mysuru,2023-11-27,BR003,online,42,25236,salaried_private,518,0.8271,1,3,personal,204000,12
LP000275,APP903671,Kavya Bose,Mumbai,2023-05-27,BR039,partner_referral,34,47012,self_employed_professional,694,0.452,0,1,vehicle,1000000,60
LP000276,APP901456,Saanvi Prasad,Lucknow,2023-10-22,BR007,branch,33,92425,salaried_private,631,0.307,1,2,gold,674000,36
LP000277,APP901956,Manoj Iyer,Ludhiana,2024-06-14,BR016,direct_sales_agent,47,170329,salaried_private,630,0.2707,0,4,gold,982000,24
LP000278,APP900357,Arjun Naidu,Delhi,2024-10-15,BR009,branch,34,46035,contract,708,0.95,4,0,personal,343000,12
LP000279,APP902341,Sandeep Reddy,Mumbai,2023-04-29,BR014,branch,30,137035,self_employed_business,573,0.3419,2,5,personal,503000,24
LP000280,APP901975,Anjali Menon,Jaipur,2024-11-19,BR029,online,48,73001,Salaried_Private,614,0.6021,1,1,vehicle,1493000,48
LP000281,APP903264,Meera Ramesh,Mysuru,2025-03-09,BR012,branch,25,122622,self_employed_professional,769,0.3397,0,2,vehicle,1651000,48
LP000282,APP903366,Vivaan Banerjee,Surat,2023-12-07,BR013,branch,28,33180,self_employed_professional,424,0.4855,0,7,home,1948000,360
LP000283,APP901537,Vinay Malhotra,Jaipur,2024-10-27,BR021,online,35,32555,salaried_private,484,0.6017,1,4,personal,325000,24
LP000284,APP901064,Divya Joshi,Visakhapatnam,2024-09-18,BR007,online,27,48171,salaried_private,695,0.4554,2,1,gold,377000,24
LP000285,APP901416,Krishna Verma,Nagpur,2024-09-20,BR023,online,33,21529,salaried_private,461,0.5772,1,5,personal,462000,60
LP000286,APP900449,Anjali Patel,Kolkata,2024-10-09,BR029,branch,37,105372,contract,570,0.5663,1,1,home,6442000,360
LP000287,APP900141,Saanvi Ramesh,Kanpur,2024-07-24,BR021,online,28,98444,contract,672,0.3702,0,2,gold,776000,24
LP000288,APP901746,Aditya Desai,Lucknow,2024-11-24,BR005,branch,39,72694,salaried_private,605,0.3897,0,1,gold,465000,18
LP000289,APP901714,Sandeep Kulkarni,Mumbai,2024-01-03,BR009,branch,39,219026,salaried_private,420,0.4369,0,6,home,7354000,120
LP000290,APP901543,Deepika Naidu,Visakhapatnam,2023-02-03,BR004,branch,35,41665,Salaried_Private,633,0.3688,1,1,personal,309000,36
LP000291,APP902924,Sandeep Malhotra,Vadodara,2023-08-12,BR026,direct_sales_agent,40,102007,self_employed_business,626,0.2669,1,0,gold,609000,36
LP000292,APP903756,Harsha Joshi,Nagpur,2025-05-08,BR002,branch,36,157695,SELF_EMPLOYED_PROFESSIONAL,644,0.348,0,0,personal,606000,12
LP000293,APP902085,Rahul Nair,Kolkata,2025-02-08,BR009,online,24,75773,self_employed_business,489,0.3302,1,5,personal,641000,48
LP000294,APP901727,Karthik Banerjee,Mumbai,2024-08-18,BR025,online,39,41290,salaried_private,538,0.1836,1,3,personal,150000,36
LP000295,APP903514,Aadhya Mukherjee,Ahmedabad,2025-06-29,BR032,online,31,43415,self_employed_professional,696,0.4906,1,1,vehicle,750000,48
LP000296,APP902418,Anjali Rao,Mumbai,2025-03-31,BR002,branch,31,177669,self_employed_business,512,0.3154,1,5,gold,1000000,36
LP000297,APP902549,Krishna Verma,Nashik,2023-10-11,BR009,branch,33,22388,self_employed_business,565,0.3487,0,2,gold,128000,18
LP000298,APP902904,Gayathri Hegde,Chennai,2023-10-28,BR007,partner_referral,39,54861,self_employed_business,542,0.737,0,4,vehicle,1244000,36
LP000299,APP902914,Sneha Sinha,Hyderabad,2024-06-05,BR035,online,39,72738,self_employed_business,625,0.3,0,0,personal,449000,24
LP000300,APP900403,Vikram Chauhan,Visakhapatnam,2025-05-04,BR037,branch,35,50046,contract,437,0.2526,0,3,gold,142000,12
LP000301,APP900011,Ritika Iyer,Pune,2023-11-05,BR031,branch,23,98481,CONTRACT,537,0.2481,0,4,personal,694000,36
LP000302,APP902484,Siddharth Ramesh,Lucknow,2025-01-26,BR004,partner_referral,32,189749,self_employed_business,618,0.2233,0,4,personal,1500000,48
LP000303,APP901881,Reyansh Kulkarni,Chennai,2025-03-29,BR026,online,43,88051,salaried_private,747,0.4001,1,1,personal,321000,12
LP000304,APP900300,Vikram Subramanian,Surat,2025-05-13,BR004,branch,32,82836,contract,767,0.6884,1,0,vehicle,1585000,36
LP000305,APP900702,Harsha Varma,Lucknow,2025-01-12,BR008,online,54,29624,contract,534,0.3712,0,2,personal,121000,12
LP000306,APP903567,Ishaan Varma,Indore,2024-05-30,BR005,online,32,35240,SELF_EMPLOYED_PROFESSIONAL,833,0.4952,3,1,personal,413000,60
LP000307,APP902272,Divya Desai,Mysuru,2023-09-06,BR010,branch,29,123821,self_employed_business,603,0.5058,0,1,home,7639000,360
LP000308,APP903403,Vivaan Reddy,Mumbai,2024-12-23,BR028,online,29,170543,self_employed_professional,725,0.5316,1,0,home,9706000,300
LP000309,APP901301,Reyansh Shah, Bengaluru,2025-01-25,BR032,branch,31,34816,SALARIED_PRIVATE,665,0.8156,2,0,vehicle,260000,12
LP000310,APP901694,Deepika Naidu,Lucknow,2024-03-08,BR012,partner_referral,38,62469,salaried_private,623,0.6652,2,2,vehicle,1466000,60
LP000311,APP900307,Harsha Banerjee,Madurai,2024-08-30,BR018,partner_referral,33,122921,contract,799,0.3354,0,1,personal,1500000,48
LP000312,APP902179,Kavya Hegde,Delhi,2025-01-16,BR016,branch,27,28755,self_employed_business,511,0.3804,1,5,gold,110000,12
LP000313,APP900462,Neha Gowda,Chennai,2024-02-07,BR008,online,37,36835,contract,504,0.5561,0,5,personal,416000,24
LP000314,APP903311,Bhavana Ramesh,Vadodara,2024-09-18,BR012,online,26,63165,self_employed_professional,581,0.4604,1,1,home,2500000,300
LP000315,APP901262,Nandini Malhotra,Kanpur,2024-10-29,BR022,branch,30,49184,salaried_private,655,0.7274,4,1,personal,564000,36
LP000316,APP900903,Bhavana Subramanian,Lucknow,2024-03-22,BR026,online,44,85804,salaried_government ,774,0.8377,1,0,personal,760000,12
LP000317,APP903864,Aarav Kapoor,Kanpur,2025-03-11,BR006,direct_sales_agent,38,88718,self_employed_professional,551,0.6791,1,4,home,6272000,240
LP000318,APP901292,Rahul Prasad,Lucknow,2024-10-15,BR020,branch,31,19227,salaried_private,647,0.6421,1,1,personal,415000,60
LP000319,APP901803,Manoj Nair,Bhopal,2023-02-17,BR027,online,41,22077,salaried_private,539,0.5927,0,2,home,1500000,300
LP000320,APP902811,Arjun Rao,Kanpur,2025-06-29,BR026,branch,37,44131,self_employed_business,632,0.3747,2,1,gold,121000,12
LP000321,APP900725,Krishna Chauhan,Kanpur,2023-07-05,BR004,partner_referral,60,81076,contract,466,0.4583,0,5,gold,417000,12
LP000322,APP901349,Manoj Verma,Pune ,2023-11-08,BR007,online,32,187794,salaried_private,812,0.7188,3,2,home,12267000,360
LP000323,APP902226,Shreya Shah,Pune,2024-04-20,BR036,online,28,160790,self_employed_business,710,0.3938,0,0,vehicle,2500000,48
LP000324,APP903828,Ananya Chauhan,Nashik,2023-05-15,BR012,partner_referral,37,88977,self_employed_professional,416,0.4576,1,5,personal,1500000,60
LP000325,APP903349,Reyansh Patel,Nagpur,2023-01-19,BR025,direct_sales_agent,27,82395,self_employed_professional,590,0.4679,1,1,vehicle,876000,36
LP000326,APP900114,Siddharth Pillai,Visakhapatnam,2025-03-23,BR015,online,28,34188,contract,822,0.6411,2,1,vehicle,328000,24
LP000327,APP901217,Neha Krishnan,Tirunelveli,2023-11-01,BR012,online,29,66376,salaried_private,476,0.6151,5,4,personal,475000,36
LP000328,APP900468,Vivaan Banerjee,Bengaluru,2023-10-13,BR031,online,37,51399,contract,670,0.3525,1,2,gold,229000,18
LP000329,APP903527,Neha Chatterjee,Ludhiana,2023-12-13,BR029,branch,31,62955,self_employed_professional,616,0.4486,0,2,home,3287000,300
LP000330,APP902586,Ritika Sinha,Surat,2024-11-12,BR006,partner_referral,33,78723,self_employed_business,567,0.3958,1,3,personal,430000,24
LP000331,APP900340,Rohan Iyer,Delhi,2024-09-20,BR007,online,34,123228,CONTRACT,683,0.3583,1,0,personal,697000,24
LP000332,APP900552,Aniket Nair,Chennai,2024-09-21,BR019,direct_sales_agent,40,63125, contract,629,0.5089,1,5,vehicle,1579000,84
LP000333,APP901227,Harsha Kulkarni,Jaipur,2023-03-21,BR028,direct_sales_agent,29,85855,salaried_private,633,0.4959,1,1,home,4293000,240
LP000334,APP900240,Bhavana Ramesh, Ludhiana,2023-07-10,BR024,direct_sales_agent,31,57566,contract,714,0.3225,1,0,vehicle,909000,84
LP000335,APP901909,Priya Mukherjee,Kochi,2025-04-08,BR028,branch,45,249396,salaried_private,656,0.3945,1,1,home,8871000,240
LP000336,APP900615,Gayathri Banerjee,Bhopal,2024-08-29,BR039,branch,44,81096,contract,856,0.4148,0,0,personal,701000,24
LP000337,APP902281,Shreya Bose,Jaipur,2023-12-04,BR034,branch,29,167841,self_employed_business,563,0.6827,2,2,home,10367000,300
LP000338,APP900453,Diya Sharma,Vadodara,2023-02-12,BR005,branch,37,15963,contract,692,0.2934,0,2,gold,77000,18
LP000339,APP903105,Vinay Varma,Indore,2024-06-05,BR002,branch,46,47217,SELF_EMPLOYED_BUSINESS,589,0.5214,2,2,personal,412000,36
LP000340,APP903952,Lakshmi Nair,Nagpur,2024-01-25,BR020,branch,42,100155,self_employed_professional,606,0.5227,0,2,home,6325000,360
LP000341,APP904073,Harsha Pillai, Ahmedabad,2024-07-15,BR019,branch,48,63808,self_employed_professional,365,0.3561,1,6,personal,526000,36
LP000342,APP903483,Neha Gowda,Ludhiana,2024-03-05,BR010,online,30,81810,self_employed_professional,427,0.5569,1,8,personal,825000,24
LP000343,APP902733,Priya Prasad,Ludhiana,2024-02-27,BR015,partner_referral,36,21840, SELF_EMPLOYED_BUSINESS ,513,0.4041,0,3,vehicle,343000,48
LP000344,APP903164,Sandeep Varma,Ahmedabad,2024-06-06,BR014,online,51,210222,self_employed_business,311,0.4101,1,12,home,6458000,240
LP000345,APP901685,Lakshmi Pillai,Hyderabad,2024-07-31,BR035,branch,38,36515,salaried_private,654,0.2969,0,0,vehicle,335000,36
LP000346,APP901943,Aadhya Subramanian,Surat ,2023-09-08,BR026,branch,46,71961,salaried_private,695,0.2632,0,1,gold,214000,12
LP000347,APP900759,Diya Chatterjee,Coimbatore,2024-11-08,BR010,branch,27,61854,salaried_government,574,0.2336,1,2,gold,83000,12
LP000348,APP903139,Arjun Menon,Coimbatore,2023-11-12,BR005,branch,48,79970,self_employed_business,568,0.4688,0,3,vehicle,1154000,36
LP000349,APP902576,Nandini Joshi,Kochi,2024-05-07,BR004,branch,33,59079,self_employed_business,656,0.5657,0,1,home,3890000,300
LP000350,APP904054,Arjun Shah,Chennai ,2024-12-14,BR029,branch,47,34717,self_employed_professional,705,0.6905,1,0,vehicle,625000,36
LP000351,APP903449,Vivaan Iyer,Bhopal,2023-04-04,BR014,branch,30,146121,self_employed_professional,624,0.4257,2,1,gold,710000,18
LP000352,APP900326,Nandini Sinha,Rajkot,2024-04-17,BR002,branch,33,49885,contract,667,0.6179,1,1,home,3309000,360
LP000353,APP903036,Anjali Mukherjee,Coimbatore,2024-06-07,BR040,online,43,28040, self_employed_business,528,0.277,0,2,gold,45000,6
LP000354,APP900436,Sandeep Gowda,Chennai,2025-02-13,BR034,partner_referral,36,58757,contract,595,0.7638,3,1,home,3333000,300
LP000355,APP903805,Shreya Nair,Surat,2023-12-22,BR038,online,37,32388,self_employed_professional,352,0.5417,1,7,vehicle,902000,84
LP000356,APP900258,Aditya Bhat,Coimbatore,2025-06-02,BR014,branch,32,101564,contract,327,0.8304,2,9,gold,418000,6
LP000357,APP900943,Lakshmi Rao,Ahmedabad,2024-02-28,BR033,branch,23,165757,salaried_private,439,0.4674,1,6,gold,931000,18
LP000358,APP900567,Vikram Verma,Bhopal,2023-12-07,BR032,branch,41,42853,contract,629,0.5229,1,1,gold,365000,24
LP000359,APP902759,Lakshmi Naidu,Ludhiana,2024-05-21,BR015,online,36,57290,self_employed_business,660,0.5541,0,0,home,3845000,360
LP000360,APP900065,Anjali Reddy,Nagpur,2024-07-23,BR031,branch,26,67275,contract,768,0.5927,2,0,personal,1174000,48
LP000361,APP902719,Nandini Sharma,Jaipur,2023-04-26,BR013,branch,35,99544,SELF_EMPLOYED_BUSINESS,494,0.1467,0,6,personal,411000,36
LP000362,APP903804,Meera Naidu,Kanpur,2024-12-25,BR023,online,37,32067,self_employed_professional,591,0.6202,2,2,home,1653000,300
LP000363,APP902494,Priya Verma,Vadodara,2023-07-08,BR017,branch,32,29772,self_employed_business,530,0.3991,3,3,gold,50000,18
LP000364,APP900399,Pooja Sinha,Mumbai,2025-01-22,BR009,branch,35,44571,contract,603,0.634,2,2,personal,804000,60
LP000365,APP903845,Karthik Bose,Surat,2025-06-24,BR024,online,38,33765,self_employed_professional,720,0.4955,1,2,gold,90000,6
LP000366,APP900644,Meera Bose,Delhi,2024-10-31,BR031,branch,46,80549, contract,741,0.4369,0,0,home,3959000,240
LP000367,APP902304,Harsha Malhotra,Vadodara,2024-07-24,BR025,online,29,48276,self_employed_business,629,0.4499,0,1,personal,903000,60
LP000368,APP900676,Gayathri Banerjee,Lucknow,2024-12-17,BR038,direct_sales_agent,49,73242,contract,833,0.95,3,0,vehicle,734000,12
LP000369,APP901125,Sneha Chatterjee,Tirunelveli,2024-07-05,BR027,branch,28,39985,salaried_private,428,0.3851,2,8,personal,254000,36
LP000370,APP900061,Rohan Chauhan,Delhi,2024-12-11,BR027,online,26,48913,contract,697,0.7561,1,1,vehicle,1224000,48
LP000371,APP901694,Deepika Naidu,Lucknow,2024-10-25,BR012,partner_referral,38,65372,salaried_private,537,0.3482,0,4,personal,642000,36
LP000372,APP901303,Ritika Malhotra, Mysuru,2024-01-25,BR007,branch,31,38350,salaried_private,681,0.4521,0,1,vehicle,810000,60
LP000373,APP904032,Krishna Joshi,Mumbai,2024-08-13,BR019,partner_referral,45,75610,self_employed_professional,767,0.3761,0,0,personal,1035000,48
LP000374,APP901520,Deepika Gowda,Ahmedabad,2024-12-09,BR039,branch,34,85014,salaried_private,394,0.4311,0,4,vehicle,786000,24
LP000375,APP900406,Aditya Desai,Tirunelveli,2023-01-18,BR039,online,35,58891,contract,584,0.3069,1,2,personal,539000,60
LP000376,APP900895,Yash Reddy,Ahmedabad,2023-04-07,BR021,online,43,115245,salaried_government,596,0.5726,0,1,home,8172000,360
LP000377,APP902487,Divya Kapoor,Indore,2023-05-20,BR031,partner_referral,32,24318,self_employed_business,389,0.5249,1,7,personal,306000,36
LP000378,APP903913,Rahul Prasad,Chennai,2023-06-27,BR038,branch,40,63507,self_employed_professional,373,0.683,2,10,home,3048000,180
LP000379,APP902470,Rohan Krishnan,Tirunelveli,2024-10-25,BR011,partner_referral,32,112575,self_employed_business,455,0.2534,0,6,gold,850000,36
LP000380,APP901062,Kavya Subramanian,Chennai,2024-02-11,BR024,branch,27,45407,salaried_private,591,0.4935,1,1,home,1950000,240
LP000381,APP902996,Kavya Subramanian,Kanpur,2023-04-29,BR010,branch,41,70743,self_employed_business,757,0.3696,1,0,home,2684000,360
LP000382,APP904114,Divya Shah,Tirunelveli,2023-06-11,BR038,partner_referral,54,44653,self_employed_professional,692,0.6101,1,0,personal,879000,48
LP000383,APP902389,Rahul Joshi,Tirunelveli,2023-02-11,BR020,direct_sales_agent,30,64871,self_employed_business,643,0.4701,3,1,gold,93000,6
LP000384,APP901372,Manoj Bhat,Lucknow,2024-10-22,BR015,online,32,46387,salaried_private,471,0.3084,1,5,gold,361000,36
LP000385,APP903981,Sandeep Iyer,Rajkot,2023-10-05,BR026,partner_referral,43,38199,self_employed_professional,745,0.4461,0,1,home,2071000,300
LP000386,APP900175,Saanvi Gowda,Mumbai,2025-04-21,BR033,branch,30,105784,contract,672,0.3772,0,1,home,4881000,300
LP000387,APP900486,Aarav Kulkarni,Nagpur,2024-05-30,BR021,branch,38,100392,contract,452,0.4712,0,5,home,5524000,300
LP000388,APP901091,Ishaan Banerjee,Bengaluru ,2024-12-03,BR002,online,28,111546,salaried_private,652,0.3199,1,0,personal,837000,36
LP000389,APP902619,Aarav Shah,Pune,2024-03-17,BR025,branch,34,29242,SELF_EMPLOYED_BUSINESS,560,0.3736,1,4,gold,256000,36
LP000390,APP900366,Yash Menon,Rajkot,2025-06-14,BR039,branch,34,68420,contract,665,0.2565,0,2,home,2121000,300
LP000391,APP901369,Yash Rao,Nashik,2023-12-18,BR025,branch,32,42606,salaried_private,713,0.3835,1,2,gold,406000,36
LP000392,APP901507,Aniket Patel,Rajkot,2023-08-29,BR026,branch,34,70497,salaried_private,695,0.4689,2,0,personal,751000,48
LP000393,APP902144,Swathi Varma,Tirunelveli,2023-09-07,BR021,online,26,41937,self_employed_business,654,0.5109,2,2,gold,145000,12
LP000394,APP900962,Nikhil Varma,Madurai,2025-03-27,BR011,online,24,34679,salaried_private,822,0.5396,2,0,gold,226000,18
LP000395,APP903865,Harsha Reddy,Nagpur,2024-12-19,BR002,branch,38,91685,self_employed_professional,664,0.5245,1,1,home,4670000,360
LP000396,APP903904,Deepika Gowda,Kochi,2023-05-23,BR037,online,40,29978,SELF_EMPLOYED_PROFESSIONAL,544,0.1898,0,2,personal,161000,36
LP000397,APP902804,Vikram Bose,Bengaluru,2025-02-01,BR018,online,37,38821, SELF_EMPLOYED_BUSINESS ,491,0.4771,0,2,personal,752000,60
LP000398,APP901862,Sandeep Rao,Pune,2024-01-14,BR006,branch,43,41258,SALARIED_PRIVATE,565,0.5058,0,5,home,2431000,300
LP000399,APP900344,Priya Shah,Bengaluru,2024-01-18,BR022,online,34,20481,contract,566,0.3054,0,2,personal,128000,24
LP000400,APP903334,Manoj Verma,Coimbatore,2025-03-19,BR004,branch,27,45419,self_employed_professional,639,0.5826,0,0,home,3245000,360
LP000401,APP902131,Ritika Hegde,Chennai,2024-07-30,BR040,branch,26,227756, SELF_EMPLOYED_BUSINESS ,693,0.5373,0,1,home,14547000,300
LP000402,APP901779,Arjun Krishnan,Jaipur,2024-12-27,BR019,online,40,36817,salaried_private,618,0.463,0,2,home,2013000,300
LP000403,APP901532,Nikhil Sinha,Coimbatore,2023-08-09,BR006,partner_referral,35,158692,salaried_private,760,0.5524,1,1,home,8789000,300
LP000404,APP901455,Neha Verma,Rajkot,2024-12-25,BR031,branch,33,90800,salaried_private,626,0.6257,1,1,personal,1332000,36
LP000405,APP901712,Aarav Patel,Bhopal,2023-02-20,BR030,branch,39,159021,salaried_private,353,0.5509,1,6,home,8233000,360
LP000406,APP900081,Swathi Kapoor,Nashik,2023-04-22,BR032,online,27,30992,contract,640,0.3807,0,0,gold,251000,24
LP000407,APP901761,Aditya Verma,Nashik,2023-08-23,BR028,online,40,101052,salaried_private,737,0.4903,0,1,vehicle,2331000,60
LP000408,APP901885,Krishna Joshi,Tirunelveli,2024-02-12,BR027,branch,44,115094,salaried_private,733,0.6478,1,2,personal,709000,12
LP000409,APP901183,Gayathri Chauhan,Bhopal,2025-06-26,BR010,partner_referral,29,32469,salaried_private,520,0.6105,2,5,vehicle,871000,84
LP000410,APP904023,Krishna Desai,Bengaluru ,2023-07-24,BR025,online,45,30954,self_employed_professional,618,0.5491,1,0,gold,157000,12
LP000411,APP903784,Praveen Gowda, Tirunelveli,2025-06-27,BR035,online,36,77791,self_employed_professional,772,0.3892,0,0,personal,880000,36
LP000412,APP903074,Shreya Bose,Surat,2023-10-12,BR015,branch,44,96649,self_employed_business,697,0.3006,0,1,personal,839000,36
LP000413,APP900593,Deepika Chauhan,Lucknow,2024-02-05,BR011,direct_sales_agent,42,98068,contract,470,0.6627,1,4,home,6820000,360
LP000414,APP900541,Ananya Rao,Mysuru,2023-09-07,BR032,online,40,115223,contract,300,0.4359,1,12,personal,442000,12
LP000415,APP904125,Ishaan Joshi,Rajkot,2024-02-25,BR019,branch,56,98574,self_employed_professional,705,0.1827,0,0,personal,372000,24
LP000416,APP900386,Manoj Bhat,Nagpur,2025-05-20,BR006,partner_referral,35,203631,contract,804,0.3525,2,0,gold,1000000,24
LP000417,APP901320,Rahul Rao,Nashik,2025-01-27,BR030,online,31,69110,salaried_private,616,0.4603,0,1,personal,1311000,60
LP000418,APP900603,Divya Rao,Bengaluru,2024-04-26,BR009,online,43,88826,contract,540,0.5891,0,3,vehicle,1609000,36
LP000419,APP903125,Harsha Nair,Indore,2024-01-28,BR014,direct_sales_agent,47,49777,self_employed_business,658,0.3718,0,2,vehicle,573000,36
LP000420,APP903721,Praveen Subramanian,Tirunelveli,2025-01-29,BR001,partner_referral,35,37759,self_employed_professional,530,0.5505,1,3,home,2363000,360
LP000421,APP902476,Pooja Desai,Visakhapatnam,2025-01-06,BR022,partner_referral,32,136623,self_employed_business,687,0.5981,0,1,home,9423000,240
LP000422,APP900965,Priya Ramesh,Kochi,2024-11-07,BR008,online,24,38262,SALARIED_PRIVATE,695,0.4307,1,0,personal,583000,60
LP000423,APP903848,Yash Chauhan,Tirunelveli ,2024-12-17,BR018,direct_sales_agent,38,41652,self_employed_professional,739,0.7434,2,0,personal,861000,48
LP000424,APP902597,Neha Ramesh,Jaipur,2024-07-29,BR007,partner_referral,33,97719,self_employed_business,688,0.5546,2,1,gold,396000,12
LP000425,APP903597,Nandini Sinha,Lucknow,2023-05-01,BR003,partner_referral,32,94242,self_employed_professional,592,0.4777,0,0,personal,1283000,36
LP000426,APP900019,Neha Pillai,Lucknow,2024-02-12,BR037,partner_referral,24,66788,contract,610,0.6593,2,2,vehicle,1098000,36
LP000427,APP903203,Divya Verma,Mumbai,2024-11-21,BR034,branch,56,33584, SELF_EMPLOYED_BUSINESS ,726,0.4938,0,0,personal,703000,60
LP000428,APP903648,Shreya Kapoor,Tirunelveli,2024-03-01,BR038,branch,34,122086,self_employed_professional,508,0.6292,1,5,home,7674000,240
LP000429,APP902521,Arjun Menon,Kanpur,2023-09-02,BR010,partner_referral,32,75923,Self_Employed_Business,680,0.166,1,3,gold,93000,12
LP000430,APP903922,Krishna Chatterjee,Tirunelveli,2024-06-10,BR022,online,40,95689,self_employed_professional,360,0.3916,0,6,vehicle,1709000,60
LP000431,APP903917,Vikram Patel,Coimbatore,2023-03-22,BR035,online,40,80911,self_employed_professional,592,0.5513,1,4,personal,1293000,48
LP000432,APP904127,Vinay Varma,Hyderabad,2024-10-19,BR012,branch,57,24646,self_employed_professional,475,0.8127,2,6,home,1686000,360
LP000433,APP902011,Aarav Malhotra,Nagpur,2025-03-10,BR011,branch,53,52831,salaried_private,770,0.477,1,0,personal,680000,36
LP000434,APP903886,Deepika Menon,Nagpur ,2024-08-28,BR022,branch,39,67541,self_employed_professional,634,0.4718,0,2,home,3922000,360
LP000435,APP901999,Kavya Banerjee,Rajkot,2024-06-25,BR010,partner_referral,51,54460,salaried_private,821,0.5599,1,1,personal,1005000,60
LP000436,APP901395,Divya Malhotra,Surat,2023-11-07,BR020,branch,32,91454,salaried_private,606,0.5087,1,2,home,4067000,300
LP000437,APP902327,Praveen Sharma,Rajkot,2023-03-05,BR032,branch,29,83754,self_employed_business,500,0.2205,0,3,vehicle,568000,36
LP000438,APP900441,Sandeep Nair,Chennai ,2023-03-15,BR018,online,36,84434,contract,432,0.5532,0,7,home,5565000,360
LP000439,APP900938,Vivaan Desai,Mysuru,2023-02-14,BR009,direct_sales_agent,22,89056,salaried_private,665,0.4698,0,0,personal,1500000,48
LP000440,APP903046,Anjali Patel,Ludhiana,2023-02-05,BR026,online,43,54066,self_employed_business,453,0.319,0,6,gold,516000,36
LP000441,APP901318,Aditya Mukherjee,Kochi,2024-12-15,BR009,direct_sales_agent,31,67381,salaried_private,608,0.5396,1,2,personal,1381000,60
LP000442,APP901424,Priya Joshi,Lucknow,2023-05-07,BR025,partner_referral,33,34276,salaried_private,735,0.5596,2,0,personal,576000,60
LP000443,APP901649,Reyansh Chatterjee,Nashik,2024-01-05,BR012,branch,37,57854,salaried_private,590,0.5506,3,2,gold,482000,24
LP000444,APP901326,Reyansh Pillai,Visakhapatnam,2025-05-16,BR026,partner_referral,31,79918,salaried_private,566,0.5681,2,3,home,3542000,240
LP000445,APP902081,Vinay Bhat,Hyderabad,2024-09-11,BR028,branch,24,60264,self_employed_business,676,0.4457,1,0,home,1977000,180
LP000446,APP900059,Lakshmi Krishnan,Mysuru ,2025-06-05,BR008,branch,26,43946,contract,554,0.3723,0,0,personal,673000,60
LP000447,APP903849,Aarav Sinha,Visakhapatnam,2023-12-02,BR010,branch,38,45241,self_employed_professional,628,0.5947,2,3,home,2167000,300
LP000448,APP902452,Meera Krishnan,Kochi ,2023-03-09,BR031,online,31,68665,self_employed_business,670,0.2689,0,1,gold,394000,24
LP000449,APP900466,Anjali Mukherjee,Ahmedabad,2023-01-09,BR034,partner_referral,37,453794,contract,633,0.4239,3,2,gold,1000000,18
LP000450,APP903198,Divya Reddy,Vadodara,2023-02-23,BR006,branch,55,82215, self_employed_business,432,0.7404,0,7,vehicle,1299000,24
LP000451,APP902713,Shreya Bose,Visakhapatnam,2023-03-20,BR019,partner_referral,35,83283, SELF_EMPLOYED_BUSINESS ,621,0.5195,0,1,vehicle,1700000,48
LP000452,APP901492,Praveen Banerjee,Coimbatore,2023-08-20,BR016,partner_referral,34,44333,salaried_private,524,0.4886,1,2,gold,110000,6
LP000453,APP901711,Sandeep Malhotra,Kochi,2023-06-17,BR017,branch,39,126412,salaried_private,760,0.4636,0,2,home,7594000,360
LP000454,APP901681,Rahul Prasad,Ludhiana,2023-04-23,BR032,online,38,25837,salaried_private,632,0.3781,0,3,personal,407000,60
LP000455,APP902143,Nikhil Kulkarni,Bhopal,2024-06-27,BR002,branch,26,41117,self_employed_business,683,0.3419,0,1,personal,502000,48
LP000456,APP901762,Gayathri Desai,Bengaluru,2023-07-09,BR034,branch,40,107282,salaried_private,478,0.5193,0,6,gold,626000,12
LP000457,APP900210,Vikram Reddy,Delhi,2024-10-11,BR026,online,30,88908,contract,358,0.3676,0,10,vehicle,1258000,48
LP000458,APP901616,Nandini Banerjee,Nagpur,2024-02-25,BR039,online,36,87366,salaried_private,644,0.411,0,2,personal,1500000,60
LP000459,APP901295,Ananya Mukherjee,Lucknow,2025-06-13,BR003,online,31,23571,salaried_private ,705,0.4614,0,1,vehicle,656000,84
LP000460,APP902047,Ishaan Pillai,Kochi,2024-01-05,BR010,online,60,55202,salaried_private,461,0.1838,0,5,gold,114000,12
LP000461,APP902238,Aarav Desai,Ludhiana,2023-12-14,BR033,direct_sales_agent,28,41738,self_employed_business,619,0.4436,2,0,gold,271000,24
LP000462,APP903903,Aniket Kulkarni,Kochi,2023-06-21,BR007,branch,40,26555,self_employed_professional,557,0.371,0,2,vehicle,212000,24
LP000463,APP901717,Meera Reddy,Surat,2025-03-11,BR003,branch,39,33476,salaried_private,483,0.5954,0,4,personal,219000,12
LP000464,APP902208,Sneha Malhotra,Surat,2023-05-02,BR004,branch,27,85445,self_employed_business,761,0.3244,1,1,personal,839000,48
LP000465,APP903558,Reyansh Nair,Mysuru,2023-11-19,BR039,direct_sales_agent,32,26748,self_employed_professional,448,0.5364,1,7,home,1500000,360
LP000466,APP901041,Deepika Reddy,Pune,2024-12-08,BR006,partner_referral,27,153108,salaried_private,770,0.6012,2,1,home,7911000,240
LP000467,APP902888,Nandini Chatterjee,Chennai,2023-05-22,BR010,branch,39,23873,self_employed_business,458,0.2726,0,7,personal,264000,60
LP000468,APP901010,Kavya Chatterjee,Visakhapatnam,2025-05-19,BR006,branch,26,27885,salaried_private,525,0.3009,1,1,gold,41000,6
LP000469,APP901945,Reyansh Krishnan,Kochi,2023-02-27,BR027,branch,46,80832,salaried_private,611,0.4106,0,1,home,3678000,240
LP000470,APP900864,Sneha Menon,Ludhiana ,2023-12-09,BR032,branch,38,84010,salaried_government,657,0.6242,0,1,personal,1500000,36
LP000471,APP901961,Divya Bose,Ahmedabad,2023-04-22,BR016,branch,47,65855,salaried_private,673,0.5513,1,0,gold,627000,24
LP000472,APP902897,Reyansh Patel,Pune,2025-06-21,BR008,online,39,40245,self_employed_business,803,0.7064,2,2,personal,790000,48
LP000473,APP901341,Sandeep Nair,Jaipur,2025-02-04,BR040,branch,32,113812,salaried_private,410,0.3518,0,4,gold,847000,24
LP000474,APP900684,Kavya Mukherjee,Delhi,2024-10-08,BR040,direct_sales_agent,50,64647,contract,613,0.4121,0,1,personal,947000,48
LP000475,APP900760,Saanvi Bhat, Delhi,2024-07-24,BR014,branch,27,68301,salaried_government,667,0.4404,0,0,home,2957000,180
LP000476,APP902297,Gayathri Prasad,Rajkot,2023-09-16,BR011,branch,29,42571,self_employed_business,716,0.5729,2,1,personal,542000,36
LP000477,APP903114,Aadhya Naidu,Ludhiana,2023-04-11,BR005,online,46,77087,self_employed_business,692,0.4684,0,0,home,4220000,300
LP000478,APP900826,Ishaan Rao,Lucknow,2024-06-23,BR016,branch,35,20424,salaried_government,689,0.3949,2,0,personal,91000,24
LP000479,APP901207,Neha Iyer,Ludhiana,2025-05-08,BR005,online,29,55148,SALARIED_PRIVATE,613,0.5384,3,2,personal,411000,36
LP000480,APP902420,Sneha Chauhan,Jaipur,2023-01-22,BR030,online,31,19622,self_employed_business,656,0.2747,0,0,personal,226000,60
LP000481,APP903345,Yash Krishnan,Chennai,2023-01-23,BR005,branch,27,70347,self_employed_professional ,573,0.3298,1,3,gold,317000,18
LP000482,APP903999,Sandeep Shah,Hyderabad,2023-03-31,BR035,branch,43,99480, SELF_EMPLOYED_PROFESSIONAL ,665,0.333,0,0,personal,367000,12
LP000483,APP902131,Ritika Hegde,Chennai,2023-03-27,BR040,branch,26,242985,self_employed_business,537,0.5041,0,2,home,14233000,300
LP000484,APP900744,Nandini Kulkarni,Jaipur ,2023-04-02,BR035,partner_referral,25,94428, SALARIED_GOVERNMENT ,454,0.5955,1,9,gold,781000,18
LP000485,APP901822,Rahul Reddy,Tirunelveli,2024-02-06,BR003,partner_referral,41,85328,salaried_private,487,0.402,1,1,gold,663000,24
LP000486,APP903234,Vikram Shah,Vadodara,2023-10-11,BR033,branch,23,51629,self_employed_professional,586,0.4053,0,2,home,2267000,240
LP000487,APP901067,Bhavana Desai,Rajkot,2023-02-27,BR026,direct_sales_agent,27,53460,salaried_private,490,0.2556,1,6,vehicle,358000,36
LP000488,APP901203,Harsha Banerjee,Coimbatore,2025-03-15,BR019,branch,29,49653,salaried_private,633,0.3848,1,0,home,1712000,240
LP000489,APP900800,Reyansh Sinha,Coimbatore,2023-08-27,BR025,direct_sales_agent,32,207402,salaried_government,723,0.2004,0,0,personal,1500000,48
LP000490,APP900455,Neha Nair,Kolkata,2025-02-16,BR029,online,37,17018,contract,560,0.6125,3,2,personal,238000,48
LP000491,APP900304,Manoj Prasad,Hyderabad,2025-04-28,BR027,branch,32,93887,contract,658,0.4945,0,1,home,5167000,240
LP000492,APP902600,Sandeep Nair,Nagpur,2024-08-28,BR031,branch,34,106666,self_employed_business,691,0.5706,2,0,home,6107000,360
LP000493,APP902046,Aniket Verma,Kochi,2024-05-20,BR007,branch,60,30176,salaried_private,656,0.455,1,1,vehicle,678000,84
LP000494,APP901611,Rahul Shah,Lucknow,2025-01-29,BR016,online,36,73053,salaried_private,374,0.4579,0,5,home,3554000,240
LP000495,APP901560,Vivaan Varma,Delhi,2023-06-26,BR024,online,35,61830,salaried_private,785,0.3199,0,0,personal,578000,36
LP000496,APP901859,Vivaan Subramanian,Indore,2023-03-19,BR006,partner_referral,43,30029,salaried_private,648,0.5472,0,2,home,2015000,360
LP000497,APP901977,Deepika Verma,Chennai,2025-02-20,BR026,branch,49,117297,salaried_private,478,0.3143,0,4,personal,1500000,60
LP000498,APP900350,Rahul Kapoor,Mysuru,2024-07-15,BR040,online,34,29573,CONTRACT,556,0.4556,3,5,personal,145000,36
LP000499,APP903491,Divya Kulkarni,Vadodara,2023-10-21,BR028,branch,31,105932,self_employed_professional,479,0.6983,1,4,home,7449000,360
LP000500,APP904023,Krishna Desai,Bengaluru,2023-02-08,BR025,partner_referral,45,30263,self_employed_professional,528,0.4027,2,5,vehicle,264000,36
LP000501,APP900346,Swathi Reddy,Chennai,2023-06-14,BR028,online,34,226568,contract,590,0.5192,2,2,vehicle,2459000,36
LP000502,APP903359,Nikhil Nair,Lucknow,2024-11-09,BR029,branch,28,18953,self_employed_professional,774,0.676,0,1,personal,265000,24
LP000503,APP903929,Aadhya Menon,Pune,2024-07-22,BR021,online,41,109140,self_employed_professional,770,0.4056,0,0,home,5683000,360
LP000504,APP903770,Gayathri Reddy,Rajkot,2023-01-13,BR010,branch,36,45482,self_employed_professional,323,0.5554,1,12,vehicle,606000,36
LP000505,APP900371,Meera Chatterjee,Kolkata,2023-06-30,BR027,branch,34,90291, contract,660,0.4971,1,2,personal,1425000,60
LP000506,APP902518,Nandini Kapoor,Bengaluru,2024-06-14,BR014,branch,32,68632,self_employed_business,776,0.4745,2,0,home,3042000,240
LP000507,APP902565,Nandini Sharma,Ludhiana,2025-02-07,BR003,online,33,43611,self_employed_business,473,0.4246,1,5,home,1500000,240
LP000508,APP901758,Divya Desai,Coimbatore,2023-05-02,BR006,direct_sales_agent,39,94549,salaried_private,496,0.5582,0,4,home,6507000,360
LP000509,APP904044,Ishaan Verma,Mysuru,2024-04-05,BR033,online,46,70094,self_employed_professional,422,0.6432,1,7,vehicle,1719000,60
LP000510,APP903464,Neha Bose,Visakhapatnam,2023-06-21,BR037,branch,30,41001,self_employed_professional,564,0.4039,1,3,personal,305000,24
LP000511,APP900381,Karthik Gowda,Chennai,2023-01-20,BR010,branch,35,141434,contract,557,0.6297,1,2,gold,487000,6
LP000512,APP903115,Aadhya Prasad,Coimbatore,2024-12-13,BR017,branch,46,80043,self_employed_business,651,0.2352,0,2,vehicle,585000,36
LP000513,APP902048,Vikram Nair,Tirunelveli,2024-06-29,BR032,direct_sales_agent,60,55363,salaried_private,678,0.3872,0,1,home,2412000,240
LP000514,APP901954,Saanvi Malhotra,Ludhiana,2024-03-19,BR037,branch,47,146775,salaried_private,629,0.4495,0,2,home,7798000,300
LP000515,APP902622,Nandini Verma,Kanpur,2024-08-03,BR007,partner_referral,34,32081, SELF_EMPLOYED_BUSINESS ,628,0.48,0,1,vehicle,333000,24
LP000516,APP902779,Lakshmi Desai,Lucknow,2023-02-22,BR012,branch,36,93646,self_employed_business,678,0.5239,1,2,vehicle,2025000,60
LP000517,APP902076,Harsha Malhotra,Lucknow,2024-01-16,BR006,partner_referral,24,46996,self_employed_business,609,0.4641,2,2,personal,575000,60
LP000518,APP903617,Arjun Naidu,Delhi,2025-01-01,BR019,online,33,30656,self_employed_professional,300,0.4877,0,3,personal,299000,24
LP000519,APP901193,Rahul Kulkarni,Lucknow,2023-02-28,BR029,direct_sales_agent,29,39703,salaried_private,519,0.2847,1,5,personal,263000,36
LP000520,APP903470,Nandini Pillai,Nashik,2023-07-23,BR017,branch,30,47913,self_employed_professional,707,0.4052,2,1,personal,425000,36
LP000521,APP903322,Neha Chatterjee,Ludhiana,2023-11-11,BR014,branch,27,161433,self_employed_professional,584,0.3673,0,2,home,7144000,360
LP000522,APP903982,Harsha Malhotra,Kolkata,2024-02-25,BR009,branch,43,41525,self_employed_professional,697,0.4908,0,0,home,2216000,240
LP000523,APP900815,Vikram Iyer,Visakhapatnam,2024-09-15,BR003,branch,33,52670, SALARIED_GOVERNMENT ,526,0.3734,0,4,personal,561000,36
LP000524,APP902604,Deepika Rao,Mysuru,2025-06-15,BR010,partner_referral,34,116370,self_employed_business,638,0.5976,1,0,gold,358000,6
LP000525,APP903343,Ritika Prasad,Ludhiana,2023-07-30,BR030,direct_sales_agent,27,68393,self_employed_professional,544,0.4423,0,3,vehicle,928000,36
LP000526,APP900795,Karthik Naidu,Nagpur,2023-12-26,BR033,direct_sales_agent,31,71239,salaried_government,726,0.6331,2,1,home,4891000,360
LP000527,APP904129,Deepika Subramanian,Hyderabad,2024-02-02,BR035,branch,57,25252,self_employed_professional,571,0.8055,2,1,vehicle,734000,60
LP000528,APP902725,Krishna Joshi,Visakhapatnam,2025-05-29,BR002,online,36,123618,self_employed_business,557,0.2784,0,2,vehicle,1342000,48
LP000529,APP900822,Diya Bhat,Nagpur,2024-06-29,BR019,online,34,49437,salaried_government,550,0.7491,2,6,personal,977000,48
LP000530,APP903815,Ishaan Chatterjee,Rajkot,2023-05-20,BR009,online,37,50581,self_employed_professional,706,0.4016,0,0,home,2030000,180
LP000531,APP903414,Aadhya Ramesh,Surat,2024-10-17,BR038,partner_referral,29,37465,self_employed_professional,627,0.4828,0,2,personal,371000,24
LP000532,APP902957,Diya Shah,Delhi,2024-11-23,BR011,online,40,61040,self_employed_business,652,0.6403,1,1,personal,1225000,48
LP000533,APP900089,Lakshmi Malhotra,Mysuru,2024-07-05,BR018,online,27,58244,contract,570,0.7193,1,4,personal,406000,12
LP000534,APP903839,Bhavana Pillai,Kolkata,2023-01-28,BR010,online,38,177303, SELF_EMPLOYED_PROFESSIONAL ,801,0.3044,1,0,personal,958000,36
LP000535,APP901849,Nikhil Malhotra,Delhi,2024-11-28,BR027,partner_referral,42,81083,salaried_private,469,0.5734,1,2,home,4563000,240
LP000536,APP901707,Aniket Mukherjee,Coimbatore,2025-06-12,BR032,online,39,108326,salaried_private,509,0.3954,0,3,personal,1500000,48
LP000537,APP900628,Aarav Banerjee,Delhi,2023-04-20,BR023,branch,45,67000,contract,588,0.5982,0,2,vehicle,867000,24
LP000538,APP901592,Aditya Joshi,Surat,2023-05-22,BR005,branch,36,43707,salaried_private,726,0.2895,1,0,gold,228000,24
LP000539,APP901687,Neha Kapoor,Lucknow,2023-08-21,BR039,branch,38,42791,salaried_private,749,0.4897,1,0,personal,673000,48
LP000540,APP903370,Meera Gowda,Ahmedabad,2024-04-24,BR011,branch,28,39736,self_employed_professional,761,0.5152,0,0,home,2414000,300
LP000541,APP903361,Ananya Desai, Bhopal,2023-05-10,BR023,branch,28,208033,self_employed_professional,668,0.5798,1,1,home,12517000,300
LP000542,APP900631,Deepika Hegde,Rajkot,2023-03-05,BR040,branch,45,75018,contract,659,0.4608,2,0,home,3110000,300
LP000543,APP902313,Reyansh Chatterjee,Delhi,2023-05-05,BR001,online,29,58090,self_employed_business,699,0.2116,0,1,gold,372000,36
LP000544,APP903256,Deepika Desai,Kochi,2023-10-29,BR015,branch,24,79059,self_employed_professional,377,0.3218,0,2,gold,285000,12
LP000545,APP901894,Rahul Patel,Nashik,2025-05-14,BR006,branch,44,49705,salaried_private,664,0.4153,1,2,vehicle,601000,48
LP000546,APP900660,Ishaan Mukherjee,Coimbatore,2025-05-10,BR035,branch,48,38878,contract,719,0.3896,0,1,home,1832000,300
LP000547,APP901581,Arjun Reddy,Coimbatore,2024-10-04,BR029,branch,36,17554,salaried_private,440,0.2515,0,3,gold,132000,36
LP000548,APP902994,Diya Iyer,Chennai,2023-12-03,BR024,branch,41,64371,self_employed_business,422,0.4332,1,8,gold,537000,24
LP000549,APP903356,Aadhya Sinha,Kanpur,2023-04-24,BR022,branch,28,108791,self_employed_professional,461,0.4853,1,4,vehicle,2500000,84
LP000550,APP902910,Anjali Subramanian,Kolkata,2024-05-11,BR019,direct_sales_agent,39,65124, SELF_EMPLOYED_BUSINESS ,730,0.4919,1,0,personal,535000,24
LP000551,APP902410,Krishna Pillai,Bengaluru,2023-12-08,BR031,direct_sales_agent,31,112536,self_employed_business,741,0.4445,0,1,personal,1447000,36
LP000552,APP900902,Ananya Ramesh,Vadodara,2024-10-15,BR005,branch,44,61573,salaried_government,561,0.4139,0,1,personal,281000,12
LP000553,APP902898,Aadhya Kapoor,Visakhapatnam,2023-06-18,BR006,online,39,47700,self_employed_business,641,0.1578,0,2,gold,85000,12
LP000554,APP903955,Meera Shah,Kolkata,2025-01-20,BR036,direct_sales_agent,42,118599,self_employed_professional,663,0.7553,2,1,personal,1500000,24
LP000555,APP902870,Gayathri Gowda,Kanpur,2023-08-23,BR011,online,38,68418,SELF_EMPLOYED_BUSINESS,694,0.4277,1,1,vehicle,1169000,60
LP000556,APP903820,Meera Krishnan,Jaipur,2023-09-24,BR003,branch,37,60928,self_employed_professional,470,0.3991,1,4,home,2296000,240
LP000557,APP900134,Aarav Mukherjee,Visakhapatnam,2023-11-24,BR030,online,28,87794,contract,672,0.563,0,0,personal,1019000,24
LP000558,APP902907,Harsha Ramesh,Ahmedabad,2024-09-17,BR020,online,39,59576,self_employed_business,548,0.6737,0,3,personal,442000,12
LP000559,APP902225,Karthik Verma,Bengaluru,2023-12-16,BR025,direct_sales_agent,28,160405,self_employed_business,702,0.3549,0,1,home,6833000,300
LP000560,APP900798,Ritika Naidu,Coimbatore,2025-05-14,BR008,online,31,94952,salaried_government,727,0.3689,0,0,home,4289000,300
LP000561,APP901848,Nikhil Sinha,Lucknow,2023-08-19,BR016,partner_referral,42,80317,salaried_private,716,0.5659,1,1,vehicle,2374000,84
LP000562,APP902377,Aarav Malhotra,Nagpur,2023-04-30,BR035,direct_sales_agent,30,55759,self_employed_business,565,0.6621,1,1,personal,1076000,48
LP000563,APP904042,Aniket Hegde,Mysuru,2025-01-07,BR007,online,46,58770,self_employed_professional,338,0.434,1,6,home,2242000,300
LP000564,APP902173,Aditya Kulkarni,Visakhapatnam,2023-03-05,BR012,partner_referral,27,157683,self_employed_business,560,0.4255,1,3,vehicle,2076000,48
LP000565,APP900543,Pooja Ramesh,Kanpur,2025-03-26,BR013,branch,40,260943,contract,673,0.4012,1,2,gold,1000000,12
LP000566,APP900434,Swathi Menon,Kanpur,2025-02-06,BR010,partner_referral,36,41432,contract,615,0.3903,0,3,personal,576000,48
LP000567,APP903316,Rohan Iyer,Ahmedabad,2024-03-15,BR019,partner_referral,26,92891,self_employed_professional,564,0.1124,0,2,personal,369000,48
LP000568,APP901613,Ananya Bhat,Mumbai,2024-09-20,BR009,branch,36,74782,salaried_private,587,0.3126,1,3,gold,429000,24
LP000569,APP901003,Karthik Verma,Mumbai,2023-08-22,BR034,online,26,103164,salaried_private,430,0.2003,0,7,gold,232000,12
LP000570,APP903082,Nikhil Iyer,Ahmedabad,2025-01-22,BR003,partner_referral,45,41593,self_employed_business,702,0.5222,2,0,gold,84000,6
LP000571,APP902390,Aditya Menon,Bengaluru,2023-12-15,BR020,partner_referral,30,65117,self_employed_business,496,0.1948,0,3,gold,379000,36
LP000572,APP902747,Priya Gowda,Lucknow,2025-01-20,BR008,online,36,42444,self_employed_business,518,0.2007,1,3,personal,246000,48
LP000573,APP901167,Harsha Chauhan,Nashik,2025-02-10,BR026,branch,29,176173,Salaried_Private,320,0.3692,0,12,vehicle,2500000,48
LP000574,APP902277,Divya Hegde,Mysuru,2023-10-16,BR008,direct_sales_agent,29,137915,self_employed_business,445,0.3227,1,7,personal,1500000,60
LP000575,APP901283,Vinay Mukherjee,Tirunelveli,2024-06-29,BR039,branch,31,106256,salaried_private,732,0.3593,1,1,personal,1232000,48
LP000576,APP903700,Nandini Kulkarni,Tirunelveli,2023-06-21,BR035,branch,35,120316,self_employed_professional,710,0.3347,1,0,vehicle,1053000,36
LP000577,APP900525,Lakshmi Sharma,Coimbatore,2023-09-26,BR037,direct_sales_agent,39,40428,contract,655,0.4744,1,0,personal,623000,60
LP000578,APP903750,Aniket Chatterjee,Indore,2023-03-26,BR031,partner_referral,36,113727,self_employed_professional,589,0.4132,1,2,personal,1500000,48
LP000579,APP901028,Vivaan Sinha,Mumbai,2025-03-24,BR037,online,26,72603,salaried_private,563,0.2761,0,3,gold,601000,36
LP000580,APP904076,Aditya Ramesh, Mysuru,2024-06-02,BR020,branch,48,82328,self_employed_professional,770,0.5112,2,0,vehicle,2051000,84
LP000581,APP900216,Bhavana Nair,Surat,2023-07-19,BR032,branch,31,121491, CONTRACT ,828,0.163,0,0,gold,224000,12
LP000582,APP902918,Rohan Rao,Mumbai,2025-02-17,BR029,branch,39,81802, self_employed_business,689,0.5512,1,1,vehicle,1718000,60
LP000583,APP903151,Deepika Menon, Indore,2025-06-16,BR009,branch,50,27824,self_employed_business,343,0.7559,0,12,vehicle,640000,36
LP000584,APP900812,Aarav Reddy,Delhi,2025-04-22,BR011,partner_referral,33,36139,salaried_government,660,0.2054,0,0,gold,158000,24
LP000585,APP901057,Siddharth Sinha,Nashik,2024-07-07,BR015,partner_referral,27,29386,salaried_private,594,0.4073,2,1,gold,86000,18
LP000586,APP904146,Siddharth Malhotra,Mumbai ,2023-01-19,BR003,branch,60,32426,self_employed_professional,519,0.5291,2,5,gold,251000,24
LP000587,APP902428,Aniket Kulkarni,Chennai,2023-04-28,BR015,branch,31,40720,self_employed_business,647,0.3558,1,0,gold,58000,6
LP000588,APP900156,Shreya Chatterjee,Coimbatore,2025-03-26,BR029,branch,29,31336,contract,558,0.3813,3,3,gold,72000,12
LP000589,APP900711,Karthik Verma,Kochi,2024-01-10,BR019,branch,57,56415,contract,653,0.5416,0,2,home,3734000,360
LP000590,APP902147,Arjun Krishnan,Chennai,2023-05-22,BR009,branch,26,451094,self_employed_business,647,0.2696,0,2,home,15000000,300
LP000591,APP903971,Rohan Gowda,Vadodara,2023-11-06,BR017,online,42,95410,self_employed_professional ,790,0.3081,0,0,home,3385000,240
LP000592,APP903426,Saanvi Mukherjee,Kolkata,2023-04-09,BR040,branch,29,64957,self_employed_professional,763,0.6177,1,0,home,4464000,360
LP000593,APP903737,Krishna Subramanian,Jaipur,2025-05-30,BR014,branch,35,59340,self_employed_professional,754,0.3737,0,0,gold,476000,24
LP000594,APP903937,Priya Rao,Bhopal,2024-03-11,BR010,online,41,37803,self_employed_professional,695,0.4215,1,0,gold,360000,36
LP000595,APP900232,Shreya Chatterjee,Bengaluru,2023-10-30,BR019,branch,31,45389,contract,506,0.5616,1,5,personal,912000,60
LP000596,APP902252,Divya Ramesh,Jaipur,2023-05-27,BR032,online,28,64123,self_employed_business,778,0.5615,1,0,vehicle,991000,36
LP000597,APP900700,Vikram Hegde,Lucknow,2023-12-09,BR018,branch,53,83094,contract,719,0.6184,0,0,vehicle,2026000,48
LP000598,APP901016,Sneha Pillai,Rajkot,2023-11-25,BR004,branch,26,40058,salaried_private,651,0.3891,0,0,gold,176000,12
LP000599,APP901692,Praveen Hegde,Visakhapatnam ,2024-11-14,BR018,branch,38,56095,salaried_private ,624,0.56,0,3,home,3950000,360
LP000600,APP900803,Vinay Bhat,Kolkata,2023-11-29,BR028,online,32,39877,salaried_government,786,0.2265,0,0,gold,149000,18
LP000601,APP902052,Priya Gowda,Lucknow,2025-03-21,BR010,branch,60,73706,Salaried_Private,532,0.333,0,2,home,2655000,240
LP000602,APP902260,Pooja Banerjee,Visakhapatnam,2024-04-27,BR028,direct_sales_agent,28,89415,self_employed_business,616,0.5424,1,1,personal,825000,24
LP000603,APP904109,Shreya Banerjee,Mumbai,2024-12-14,BR020,partner_referral,53,52642,self_employed_professional,561,0.3862,0,2,home,1987000,180
LP000604,APP902269,Meera Prasad,Pune,2024-12-17,BR003,online,29,108279,self_employed_business,632,0.3987,0,1,home,4826000,240
LP000605,APP902120,Ananya Rao,Kochi,2024-01-23,BR036,online,25,78786,self_employed_business,532,0.4697,0,4,vehicle,1140000,36
LP000606,APP903593,Praveen Bhat,Indore,2024-10-02,BR023,branch,32,85808,self_employed_professional,736,0.6089,2,0,personal,1024000,36
LP000607,APP902998,Diya Hegde,Tirunelveli,2024-03-18,BR008,online,41,85100,self_employed_business,402,0.3525,1,11,gold,440000,24
LP000608,APP901884,Praveen Naidu,Lucknow,2023-01-06,BR022,branch,44,114363,salaried_private,628,0.4258,0,1,gold,800000,18
LP000609,APP903893,Vivaan Bhat, Nagpur,2024-04-05,BR010,online,40,109910,self_employed_professional,776,0.3639,1,0,home,3651000,300
LP000610,APP900416,Krishna Iyer,Tirunelveli,2023-07-22,BR023,branch,35,90184,contract,457,0.7037,2,4,vehicle,1356000,36
LP000611,APP902315,Aadhya Joshi,Indore,2023-11-07,BR016,branch,29,59257,SELF_EMPLOYED_BUSINESS,316,0.3804,0,12,vehicle,866000,48
LP000612,APP901400,Arjun Naidu,Tirunelveli,2024-05-02,BR020,partner_referral,33,102096,salaried_private,737,0.3841,1,0,vehicle,1425000,60
LP000613,APP900804,Sandeep Verma,Madurai,2023-01-02,BR010,branch,32,60242,salaried_government,450,0.3469,0,5,home,2242000,240
LP000614,APP903956,Reyansh Kapoor,Bhopal,2024-05-02,BR013,online,42,120888,self_employed_professional,773,0.3929,1,0,personal,1359000,48
LP000615,APP902965,Krishna Bhat,Kanpur,2025-06-10,BR024,partner_referral,40,92391,self_employed_business,651,0.4512,0,1,vehicle,2500000,84
LP000616,APP904074,Rohan Mukherjee,Mumbai,2024-01-11,BR018,direct_sales_agent,48,72223,self_employed_professional,618,0.5556,1,0,personal,1009000,36
LP000617,APP902642,Ritika Rao,Chennai,2024-01-01,BR040,branch,34,58859,Self_Employed_Business,796,0.4272,1,0,gold,373000,18
LP000618,APP903013,Krishna Sinha,Mysuru,2023-12-25,BR026,partner_referral,42,34243, self_employed_business,372,0.4048,1,9,vehicle,268000,24
LP000619,APP901445,Ritika Iyer,Jaipur,2024-06-08,BR011,branch,33,63768,salaried_private,549,0.4603,0,4,home,2855000,180
LP000620,APP903668,Ishaan Iyer,Kolkata,2023-07-25,BR016,direct_sales_agent,34,38540,self_employed_professional,623,0.6731,1,1,personal,689000,36
LP000621,APP901388,Bhavana Varma,Bhopal,2024-10-13,BR012,partner_referral,32,71239,salaried_private,452,0.4318,0,7,vehicle,1192000,48
LP000622,APP902897,Reyansh Patel,Pune,2024-07-08,BR008,online,39,44494,self_employed_business,563,0.4781,3,3,gold,240000,24
LP000623,APP902833,Aditya Menon,Bhopal,2025-05-21,BR031,online,37,95799,self_employed_business,695,0.4594,0,0,home,4955000,240
LP000624,APP900812,Aarav Reddy,Delhi,2025-04-19,BR011,direct_sales_agent,33,37761,salaried_government,630,0.6735,2,1,personal,811000,60
LP000625,APP900026,Bhavana Banerjee,Kolkata,2023-01-27,BR016,branch,25,108508,contract,622,0.3878,1,2,personal,642000,24
LP000626,APP904058,Shreya Menon,Kolkata,2023-08-12,BR007,branch,47,47793,self_employed_professional,713,0.3264,3,1,gold,67000,12
LP000627,APP903489,Sandeep Mukherjee,Ludhiana,2025-03-12,BR006,online,31,103167,self_employed_professional,463,0.3451,1,2,gold,515000,18
LP000628,APP901202,Vikram Bose,Coimbatore ,2024-11-23,BR024,branch,29,49220,salaried_private,618,0.1691,0,2,personal,297000,48
LP000629,APP900142,Shreya Bose,Visakhapatnam,2024-12-01,BR016,branch,29,100653,contract ,454,0.5837,3,6,gold,349000,12
LP000630,APP901772,Siddharth Chauhan,Madurai,2025-05-06,BR011,partner_referral,40,26433,salaried_private,571,0.4266,1,3,gold,187000,24
LP000631,APP903615,Priya Ramesh,Kanpur,2024-12-21,BR032,online,33,26867,self_employed_professional,565,0.3681,0,3,personal,350000,48
LP000632,APP902839,Swathi Sharma,Nagpur,2024-02-08,BR029,branch,38,110768,self_employed_business,692,0.4807,2,2,personal,952000,36
LP000633,APP900723,Reyansh Nair,Bengaluru,2025-06-10,BR009,online,60,57368,contract,652,0.3705,1,1,gold,544000,36
LP000634,APP900244,Reyansh Varma,Mumbai,2025-03-15,BR006,online,31,64312,contract,526,0.4771,0,3,vehicle,1812000,84
LP000635,APP903724,Harsha Naidu,Bengaluru,2023-07-31,BR010,online,35,40052,self_employed_professional,339,0.1712,0,7,personal,190000,36
LP000636,APP900657,Sandeep Varma,Chennai,2023-12-23,BR036,branch,48,120493,contract,598,0.406,0,2,personal,1002000,24
LP000637,APP903311,Bhavana Ramesh,Vadodara ,2024-10-27,BR012,direct_sales_agent,26,59481,self_employed_professional,611,0.716,2,1,vehicle,1487000,60
LP000638,APP901878,Rahul Naidu,Kanpur,2025-02-13,BR032,online,43,82792,salaried_private,621,0.3257,0,1,gold,573000,24
LP000639,APP902668,Manoj Pillai,Surat,2023-06-19,BR024,branch,35,102859,self_employed_business,539,0.7085,1,5,vehicle,2500000,48
LP000640,APP900367,Aniket Shah,Rajkot,2023-01-17,BR020,online,34,78109,contract,522,0.1444,0,4,gold,185000,18
LP000641,APP903763,Saanvi Joshi,Indore,2023-08-09,BR017,partner_referral,36,34435,self_employed_professional ,690,0.3735,1,1,gold,188000,18
LP000642,APP902842,Vivaan Kapoor,Indore,2025-03-24,BR038,branch,38,120277,self_employed_business,305,0.4727,1,12,personal,1279000,36
LP000643,APP900861,Pooja Hegde,Jaipur,2024-01-25,BR021,online,38,48912,salaried_government,853,0.5896,1,0,vehicle,591000,24
LP000644,APP900500,Shreya Iyer,Lucknow,2024-06-04,BR025,online,38,20897,contract,799,0.6661,3,0,personal,268000,36
LP000645,APP900264,Rohan Kapoor, Visakhapatnam,2024-12-05,BR006,online,32,12272,contract,582,0.2779,1,2,personal,53000,24
LP000646,APP902295,Sandeep Nair,Ahmedabad,2023-02-26,BR026,partner_referral,29,40607,self_employed_business,556,0.6663,1,2,vehicle,494000,24
LP000647,APP901142,Ritika Bose,Delhi,2025-06-18,BR030,online,28,63294,salaried_private,632,0.1878,1,3,gold,191000,24
LP000648,APP901490,Nikhil Rao,Madurai,2023-06-19,BR031,direct_sales_agent,34,429540,salaried_private,766,0.2943,0,0,home,15000000,300
LP000649,APP903460,Shreya Bhat,Nashik,2024-04-18,BR026,branch,30,38654,self_employed_professional ,397,0.3747,1,6,gold,220000,24
LP000650,APP903964,Karthik Hegde,Lucknow ,2024-11-02,BR026,branch,42,38028,self_employed_professional,653,0.7853,1,2,vehicle,1078000,48
LP000651,APP902663,Swathi Verma,Vadodara,2024-08-19,BR032,branch,34,91964,self_employed_business,449,0.5426,0,6,vehicle,1073000,24
LP000652,APP901170,Siddharth Krishnan,Pune,2023-12-02,BR021,branch,29,185519,salaried_private,743,0.3945,2,0,personal,1500000,60
LP000653,APP901365,Deepika Naidu, Nashik,2023-10-03,BR003,branch,32,40117,salaried_private,633,0.53,0,3,home,2548000,300
LP000654,APP903959,Deepika Sharma,Nashik,2025-01-31,BR027,branch,42,170020, self_employed_professional,746,0.2644,1,0,personal,1500000,60
LP000655,APP903493,Ananya Joshi,Jaipur,2024-02-28,BR008,online,31,114972, self_employed_professional,300,0.3203,0,12,personal,1263000,48
LP000656,APP900186,Bhavana Desai,Kolkata,2023-02-22,BR025,branch,30,30377,contract,831,0.5451,0,0,personal,486000,36
LP000657,APP903427,Ritika Rao,Mysuru,2023-08-31,BR008,online,29,66074,self_employed_professional,476,0.5154,1,5,personal,541000,24
LP000658,APP902734,Ananya Subramanian,Kanpur,2024-10-07,BR011,direct_sales_agent,36,225702,self_employed_business,683,0.6759,1,1,home,15000000,360
LP000659,APP902757,Nandini Verma,Chennai ,2023-12-19,BR013,branch,36,52962,self_employed_business,587,0.5266,0,3,vehicle,862000,36
LP000660,APP900678,Aarav Kapoor,Pune ,2024-07-08,BR018,direct_sales_agent,50,174465,contract,386,0.4054,2,10,gold,1000000,24
LP000661,APP903906,Aditya Bose,Surat,2024-08-19,BR037,branch,40,30484,self_employed_professional,690,0.5807,2,0,vehicle,256000,24
LP000662,APP903966,Aditya Sharma,Vadodara,2023-03-03,BR032,online,42,46557,self_employed_professional,339,0.2753,0,6,gold,269000,24
LP000663,APP902876,Aarav Chauhan,Hyderabad,2025-06-02,BR017,branch,38,86419,self_employed_business,572,0.4868,0,3,vehicle,2478000,84
LP000664,APP903385,Nikhil Chatterjee,Ahmedabad,2024-05-26,BR008,branch,28,72045,self_employed_professional,733,0.5389,1,0,vehicle,693000,24
LP000665,APP901987,Vikram Patel,Kanpur,2024-08-21,BR017,partner_referral,50,194600,salaried_private,468,0.521,3,7,home,6376000,300
LP000666,APP900511,Diya Bose,Surat,2023-10-25,BR011,partner_referral,38,66671,contract,790,0.5069,0,1,vehicle,1604000,60
LP000667,APP900621,Harsha Hegde,Mumbai,2024-11-17,BR021,branch,45,173867,contract,605,0.3963,0,1,home,8098000,300
LP000668,APP901888,Vinay Reddy,Lucknow,2024-04-28,BR010,branch,44,24998,salaried_private,700,0.2926,1,0,gold,79000,18
LP000669,APP900411,Ananya Rao,Kochi,2024-08-18,BR012,branch,35,77394,contract,596,0.4813,1,0,vehicle,1209000,48
LP000670,APP903193,Yash Iyer,Chennai,2025-05-18,BR034,online,55,263280,self_employed_business,618,0.1956,1,1,gold,1000000,36
LP000671,APP901647,Aadhya Sharma,Mumbai,2023-03-09,BR027,online,37,56388,salaried_private,632,0.2038,0,0,gold,189000,18
LP000672,APP900616,Nandini Verma,Tirunelveli,2025-04-17,BR008,branch,44,89706,contract,579,0.3642,0,2,vehicle,1953000,84
LP000673,APP901433,Neha Prasad,Coimbatore,2023-09-11,BR037,branch,33,43918,salaried_private,726,0.2872,0,1,vehicle,594000,60
LP000674,APP901898,Sneha Menon,Bengaluru,2024-12-02,BR027,partner_referral,44,70343,salaried_private,507,0.3877,0,6,home,2604000,180
LP000675,APP901477,Yash Kulkarni,Delhi,2023-08-25,BR002,direct_sales_agent,34,31729,salaried_private,650,0.3911,2,1,gold,114000,18
LP000676,APP903123,Sneha Patel,Coimbatore,2024-12-20,BR025,online,47,41241,self_employed_business,824,0.3822,1,0,personal,363000,36
LP000677,APP902912,Sneha Bose,Madurai,2023-04-20,BR040,direct_sales_agent,39,69436,self_employed_business,821,0.5477,1,0,gold,649000,24
LP000678,APP903608,Arjun Chauhan,Bengaluru,2025-05-07,BR025,direct_sales_agent,33,163815,self_employed_professional,562,0.447,1,3,personal,1356000,24
LP000679,APP903137,Sneha Menon,Hyderabad,2023-12-26,BR035,online,48,53588,self_employed_business,468,0.3179,0,6,vehicle,782000,60
LP000680,APP902405,Vivaan Ramesh,Nagpur,2024-09-15,BR006,online,30,95260,self_employed_business,606,0.563,0,3,home,6367000,360
LP000681,APP902099,Sneha Kulkarni,Mumbai,2023-07-18,BR038,partner_referral,25,32384,self_employed_business,452,0.6478,1,6,home,2322000,360
LP000682,APP903163,Karthik Prasad,Madurai,2025-05-31,BR039,online,51,108744,self_employed_business,587,0.4779,1,4,gold,264000,6
LP000683,APP902968,Meera Ramesh,Delhi,2023-09-24,BR011,direct_sales_agent,41,110478,self_employed_business,797,0.4287,1,0,home,4181000,240
LP000684,APP900515,Diya Mukherjee,Madurai,2025-06-22,BR031,online,39,101756,contract,687,0.5852,1,2,home,6449000,360
LP000685,APP904152,Meera Hegde,Kanpur,2023-08-19,BR007,branch,60,78835,self_employed_professional,762,0.3929,0,0,gold,180000,6
LP000686,APP900557,Yash Shah,Nashik,2025-01-03,BR037,branch,40,88259,contract,806,0.5407,1,0,home,5608000,360
LP000687,APP904050,Aarav Rao,Kolkata,2025-04-30,BR004,direct_sales_agent,47,116573,self_employed_professional,734,0.6143,1,1,personal,1376000,24
LP000688,APP901443,Aniket Krishnan,Coimbatore,2024-01-03,BR027,branch,33,59791,salaried_private,622,0.6232,2,1,home,3769000,360
LP000689,APP903743,Ritika Kapoor,Bhopal,2024-04-05,BR010,branch,35,69975,self_employed_professional,785,0.4616,1,0,vehicle,1169000,60
LP000690,APP902641,Praveen Patel,Lucknow ,2023-11-05,BR003,online,34,58559, self_employed_business,613,0.6325,3,0,gold,271000,12
LP000691,APP902784,Rohan Banerjee,Ludhiana,2025-05-23,BR030,partner_referral,37,117658,self_employed_business ,539,0.319,0,4,home,3628000,180
LP000692,APP903595,Ritika Gowda,Rajkot,2024-06-25,BR010,partner_referral,32,88953,self_employed_professional ,433,0.4516,1,4,gold,504000,18
LP000693,APP900131,Swathi Mukherjee,Bhopal,2023-12-05,BR025,online,28,80106,contract,300,0.5461,0,10,personal,1209000,36
LP000694,APP901463,Reyansh Naidu,Surat,2023-02-18,BR031,branch,34,118977,salaried_private,667,0.429,1,0,vehicle,2500000,84
LP000695,APP900970,Meera Menon,Jaipur,2023-05-24,BR025,branch,24,65914,salaried_private,618,0.7274,0,3,personal,984000,24
LP000696,APP902935,Diya Chauhan,Kolkata,2024-08-08,BR026,partner_referral,40,26463,self_employed_business,658,0.3215,0,1,vehicle,397000,60
LP000697,APP900778,Siddharth Malhotra,Tirunelveli,2024-10-25,BR020,direct_sales_agent,29,96979,salaried_government,661,0.1927,0,1,personal,385000,24
LP000698,APP900893,Aditya Nair,Delhi,2024-07-23,BR021,direct_sales_agent,42,77642,salaried_government,612,0.4349,0,1,vehicle,2001000,84
LP000699,APP902392,Diya Malhotra,Bengaluru,2024-02-23,BR032,online,30,68620,self_employed_business,701,0.2892,0,0,gold,424000,24
LP000700,APP901122,Vikram Bose,Visakhapatnam,2023-01-10,BR001,online,28,36202,salaried_private,666,0.377,1,3,gold,271000,36
LP000701,APP902495,Saanvi Malhotra,Ludhiana,2024-09-11,BR016,online,32,30015,self_employed_business,539,0.6975,2,3,personal,493000,36
LP000702,APP904002,Lakshmi Menon,Jaipur,2023-12-03,BR012,direct_sales_agent,44,123410,self_employed_professional,577,0.7775,2,3,gold,415000,6
LP000703,APP902906,Priya Krishnan,Visakhapatnam,2024-07-04,BR034,online,39,57342,self_employed_business,660,0.4446,0,1,personal,1062000,60
LP000704,APP900847,Ishaan Kapoor,Chennai,2023-09-28,BR023,partner_referral,36,72707,salaried_government,300,0.6385,2,9,home,3813000,240
LP000705,APP903694,Arjun Sharma,Jaipur,2024-11-05,BR010,partner_referral,34,90292,self_employed_professional ,585,0.8149,1,0,gold,403000,6
LP000706,APP900075,Aarav Kulkarni,Kochi,2025-03-13,BR011,branch,27,183521,contract,628,0.5529,3,3,personal,1500000,36
LP000707,APP902893,Kavya Iyer,Pune,2024-06-06,BR005,online,39,32300,self_employed_business,655,0.3897,0,0,home,1500000,300
LP000708,APP900796,Vikram Desai,Madurai,2024-07-30,BR033,online,31,76698,salaried_government,761,0.5068,1,0,personal,1484000,60
LP000709,APP902783,Arjun Subramanian,Vadodara ,2023-05-04,BR032,branch,37,113700,self_employed_business,655,0.4328,0,3,personal,1013000,24
LP000710,APP901237,Rohan Rao,Pune,2024-02-29,BR033,online,30,139346,salaried_private,751,0.5836,3,1,personal,1500000,48
LP000711,APP901836,Rahul Bhat,Kolkata,2024-10-18,BR014,online,42,36245,salaried_private,602,0.2024,0,2,personal,210000,36
LP000712,APP904029,Ishaan Bhat,Kolkata,2024-12-16,BR010,branch,45,63114,self_employed_professional,664,0.5007,0,3,personal,1321000,60
LP000713,APP902202,Vikram Chatterjee,Madurai,2024-12-22,BR037,branch,27,71503,self_employed_business,639,0.5108,3,1,gold,174000,12
LP000714,APP902855,Aadhya Nair,Madurai,2023-11-10,BR029,partner_referral,38,267899,self_employed_business,568,0.1568,0,4,vehicle,2500000,84
LP000715,APP903007,Diya Desai,Nashik,2024-05-03,BR016,branch,42,21373, self_employed_business,666,0.5897,1,2,personal,414000,60
LP000716,APP900331,Aarav Bhat,Delhi,2023-02-11,BR039,online,33,69294,contract,608,0.6618,2,1,gold,645000,24
LP000717,APP904150,Swathi Shah,Mysuru,2023-08-18,BR008,partner_referral,60,69023,self_employed_professional,640,0.4189,0,1,personal,1206000,60
LP000718,APP901499,Ananya Sharma,Vadodara,2024-10-27,BR020,branch,34,54344,salaried_private,787,0.5897,1,0,personal,743000,36
LP000719,APP903628,Praveen Gowda,Surat,2024-05-20,BR031,partner_referral,33,48401,self_employed_professional,539,0.2529,0,3,vehicle,376000,36
LP000720,APP901178,Bhavana Mukherjee,Indore,2023-11-04,BR026,branch,29,30894,salaried_private,546,0.3479,0,7,gold,228000,24
LP000721,APP901677,Priya Banerjee,Nagpur,2024-07-11,BR038,branch,38,203681,salaried_private,382,0.1839,0,4,personal,1500000,60
LP000722,APP902497,Divya Banerjee,Kochi,2024-03-19,BR024,online,32,32801,self_employed_business,479,0.2421,0,6,gold,238000,36
LP000723,APP904133,Meera Kulkarni,Vadodara,2024-08-20,BR013,branch,58,28903,self_employed_professional,487,0.3527,0,5,personal,358000,48
LP000724,APP900188,Karthik Hegde,Ludhiana,2024-07-22,BR005,online,30,36265,contract,648,0.572,0,0,personal,229000,12
LP000725,APP900023,Aadhya Hegde,Bhopal,2024-11-30,BR038,online,24,80828,contract,675,0.4099,0,2,vehicle,719000,24
LP000726,APP903818,Siddharth Ramesh,Delhi,2023-08-30,BR013,branch,37,60128,self_employed_professional,555,0.5087,1,4,home,2514000,240
LP000727,APP900060,Saanvi Naidu,Nashik,2023-11-14,BR007,online,26,45381,contract ,389,0.3502,0,11,vehicle,341000,24
LP000728,APP901457,Karthik Subramanian,Kanpur,2023-04-01,BR039,online,33,92425,salaried_private,370,0.5685,1,9,personal,1500000,48
LP000729,APP903040,Sandeep Mukherjee,Bengaluru,2024-08-26,BR034,branch,43,42359,self_employed_business ,426,0.2993,1,7,vehicle,370000,48
LP000730,APP902471,Krishna Iyer,Bhopal,2025-01-06,BR031,online,32,121661,self_employed_business,543,0.5696,2,4,vehicle,2500000,60
LP000731,APP901615,Ritika Banerjee,Kolkata,2024-01-21,BR008,online,36,79474,salaried_private,481,0.4206,1,7,gold,631000,24
LP000732,APP901090,Karthik Bose,Indore,2024-11-12,BR015,partner_referral,28,107898,salaried_private,546,0.3898,0,3,vehicle,2500000,84
LP000733,APP903156,Deepika Banerjee, Nashik,2023-09-06,BR003,branch,50,51707,self_employed_business,521,0.7611,2,1,vehicle,1399000,60
LP000734,APP901386,Sandeep Naidu,Indore,2023-10-10,BR014,partner_referral,32,70457,salaried_private,502,0.4418,0,5,personal,631000,24
LP000735,APP901190,Rahul Desai,Tirunelveli,2023-11-22,BR009,branch,29,39303,SALARIED_PRIVATE,697,0.2546,1,0,gold,125000,18
LP000736,APP900239,Deepika Nair,Bhopal,2023-05-23,BR040,branch,31,55595,contract,658,0.457,1,0,personal,565000,36
LP000737,APP902847,Manoj Reddy,Ahmedabad,2023-11-05,BR023,partner_referral,38,141278,self_employed_business,580,0.5161,0,1,vehicle,2239000,36
LP000738,APP901932,Reyansh Varma,Jaipur,2023-04-01,BR002,partner_referral,46,277710,salaried_private,501,0.3026,2,7,gold,1000000,36
LP000739,APP901285,Siddharth Rao, Bengaluru,2023-04-25,BR004,direct_sales_agent,31,119573,salaried_private,682,0.3323,0,1,personal,818000,24
LP000740,APP902126,Shreya Reddy,Madurai,2023-01-24,BR035,partner_referral,26,130629,self_employed_business,757,0.5267,1,1,personal,1078000,24
LP000741,APP902221,Harsha Bhat,Indore,2024-05-12,BR005,online,28,129953,self_employed_business,740,0.6008,2,0,gold,926000,18
LP000742,APP901672,Bhavana Prasad,Indore,2025-01-23,BR037,partner_referral,38,132699,salaried_private,409,0.4613,2,8,personal,1500000,60
LP000743,APP901487,Sneha Verma,Vadodara,2024-05-16,BR003,branch,34,41064,salaried_private,380,0.7837,2,6,gold,366000,18
LP000744,APP900808,Shreya Rao,Lucknow,2024-01-12,BR020,online,33,124256,salaried_government,806,0.4509,1,0,personal,981000,24
LP000745,APP902828,Sneha Desai,Vadodara,2023-05-24,BR005,branch,37,81258,self_employed_business,763,0.3243,0,0,gold,153000,6
LP000746,APP903184,Krishna Patel,Mumbai,2024-03-11,BR023,partner_referral,53,78152,self_employed_business,760,0.3697,0,1,personal,1048000,48
LP000747,APP903727,Deepika Naidu,Kanpur,2024-02-07,BR034,branch,35,42490, SELF_EMPLOYED_PROFESSIONAL ,415,0.6158,2,6,vehicle,1015000,60
LP000748,APP900277,Ritika Malhotra,Nashik,2025-02-19,BR002,direct_sales_agent,32,34524,contract,778,0.8921,1,0,vehicle,310000,12
LP000749,APP903397,Gayathri Hegde,Madurai,2023-07-09,BR004,branch,29,116475,self_employed_professional,706,0.5393,1,2,vehicle,2500000,60
LP000750,APP900221,Meera Patel,Kolkata,2023-01-12,BR027,branch,31,21046, CONTRACT ,687,0.4123,0,1,vehicle,343000,48
LP000751,APP902239,Swathi Sharma,Nashik,2024-08-15,BR031,direct_sales_agent,28,41881,self_employed_business,747,0.5245,0,0,vehicle,683000,36
LP000752,APP900439,Karthik Kapoor,Pune,2024-03-18,BR030,online,36,70970,contract,486,0.4128,0,5,home,3161000,240
LP000753,APP902941,Rohan Patel,Tirunelveli,2024-08-16,BR024,partner_referral,40,40876,self_employed_business,531,0.3632,1,3,vehicle,487000,48
LP000754,APP903670,Gayathri Bose,Rajkot,2025-05-18,BR025,online,34,43812,self_employed_professional,698,0.437,2,1,gold,116000,12
LP000755,APP901266,Anjali Pillai,Kolkata,2025-01-03,BR035,partner_referral,30,54515,salaried_private,577,0.3713,1,2,personal,401000,36
LP000756,APP903031,Praveen Banerjee,Indore,2024-09-15,BR013,branch,43,194817,self_employed_business,679,0.2538,1,0,vehicle,2500000,84
LP000757,APP902029,Arjun Joshi,Indore,2023-06-04,BR033,branch,56,58868,salaried_private,669,0.4887,1,1,home,3175000,360
LP000758,APP903270,Meera Mukherjee,Surat,2024-04-04,BR034,branch,25,23198,self_employed_professional,597,0.315,0,2,personal,259000,48
LP000759,APP901381,Yash Pillai,Lucknow,2024-12-24,BR017,direct_sales_agent,32,58741,salaried_private,649,0.2225,0,1,vehicle,513000,48
LP000760,APP902721,Nikhil Mukherjee,Nashik,2023-01-15,BR019,branch,36,104269, self_employed_business,552,0.5192,0,2,home,6347000,300
LP000761,APP902712,Sneha Nair,Kolkata,2023-01-27,BR027,direct_sales_agent,35,82265,self_employed_business,675,0.6975,1,1,vehicle,1476000,36
LP000762,APP900645,Divya Chauhan,Ludhiana,2023-10-28,BR039,branch,46,84324, CONTRACT ,582,0.6189,2,3,home,5020000,300
LP000763,APP900450,Krishna Subramanian,Kanpur,2024-03-27,BR039,partner_referral,37,123663,Contract,523,0.2967,0,4,personal,1500000,60
LP000764,APP900279,Aniket Kulkarni,Nashik,2025-06-07,BR031,branch,32,41446,contract,497,0.4293,1,3,vehicle,627000,48
LP000765,APP903572,Anjali Bose,Lucknow,2024-09-08,BR022,online,32,40484,self_employed_professional,686,0.435,1,0,gold,144000,12
LP000766,APP902502,Kavya Rao,Pune,2023-10-08,BR040,partner_referral,32,43676,self_employed_business,569,0.1997,0,4,gold,98000,12
LP000767,APP901113,Praveen Sinha,Vadodara,2024-03-23,BR027,branch,28,25807,salaried_private,463,0.3385,1,6,gold,160000,24
LP000768,APP901312,Anjali Banerjee,Kolkata,2023-09-28,BR021,branch,31,53189,salaried_private,764,0.6341,0,3,home,3822000,240
LP000769,APP902595,Arjun Rao,Mysuru,2023-01-16,BR019,branch,33,94041, self_employed_business,708,0.4724,1,0,home,4739000,360
LP000770,APP903144,Swathi Bose,Coimbatore,2024-09-24,BR023,online,49,53758,self_employed_business,575,0.5605,1,1,home,2653000,240
LP000771,APP901739,Nikhil Kapoor,Chennai,2023-03-20,BR016,direct_sales_agent,39,56978,salaried_private,641,0.6231,1,2,personal,1187000,60
LP000772,APP902755,Saanvi Mukherjee,Mysuru,2024-01-29,BR009,branch,36,51007,self_employed_business,663,0.6883,1,0,personal,339000,12
LP000773,APP902798,Ananya Bose,Nashik,2023-08-11,BR020,branch,37,29046,self_employed_business,793,0.5244,0,0,vehicle,719000,60
LP000774,APP902783,Arjun Subramanian,Vadodara ,2023-05-30,BR032,branch,37,113514,self_employed_business ,570,0.2347,0,1,personal,543000,24
LP000775,APP903949,Nikhil Hegde,Ludhiana,2023-01-16,BR040,online,41,82993,self_employed_professional,669,0.4909,0,2,home,5128000,360
LP000776,APP901767,Ishaan Malhotra,Tirunelveli,2024-07-24,BR034,direct_sales_agent,40,146083,salaried_private,548,0.4957,1,4,personal,633000,12
LP000777,APP900227,Meera Bhat,Nashik,2023-02-10,BR021,partner_referral,31,41024,contract,681,0.0861,0,0,gold,58000,18
LP000778,APP903405,Priya Gowda,Mumbai,2023-10-25,BR030,online,29,195438,self_employed_professional,685,0.5622,1,0,home,10443000,300
LP000779,APP902136,Aniket Shah,Coimbatore,2025-02-06,BR014,branch,26,31919,self_employed_business,316,0.626,1,10,vehicle,945000,84
LP000780,APP903621,Shreya Banerjee,Rajkot,2023-01-11,BR020,branch,33,367484,self_employed_professional,715,0.6806,1,1,vehicle,2500000,12
LP000781,APP901868,Divya Ramesh,Rajkot,2023-04-12,BR021,branch,43,53341,salaried_private ,607,0.3873,1,1,vehicle,723000,48
LP000782,APP900505,Reyansh Bose,Lucknow,2023-09-26,BR034,branch,38,35909,contract,547,0.1397,0,1,gold,82000,18
LP000783,APP900217,Siddharth Kapoor, Kolkata,2023-09-26,BR019,branch,31,126050,contract,344,0.5532,1,6,gold,342000,6
LP000784,APP901756,Yash Chauhan,Jaipur,2024-08-03,BR038,branch,39,92136,salaried_private,550,0.5159,1,2,personal,1500000,60
LP000785,APP904123,Manoj Shah,Chennai,2023-08-12,BR040,branch,56,70722,self_employed_professional,604,0.4666,0,2,personal,1171000,48
LP000786,APP902264,Meera Gowda,Kolkata ,2023-09-12,BR006,partner_referral,28,93291,self_employed_business,759,0.4669,1,0,personal,1296000,48
LP000787,APP901082,Aniket Reddy,Tirunelveli,2024-07-04,BR025,partner_referral,27,81011,salaried_private,730,0.6279,1,0,home,5683000,360
LP000788,APP901351,Harsha Subramanian, Nagpur,2025-02-02,BR009,partner_referral,32,207872,salaried_private,599,0.7305,2,2,home,12481000,300
LP000789,APP900699,Aniket Bhat, Pune,2025-03-28,BR019,online,52,85499,contract,580,0.4595,1,1,personal,642000,24
LP000790,APP903047,Pooja Menon,Vadodara,2023-11-21,BR006,branch,43,54259,self_employed_business,419,0.3396,1,9,gold,246000,18
LP000791,APP903134,Siddharth Hegde,Hyderabad,2024-11-17,BR001,online,48,24595,Self_Employed_Business,659,0.5153,1,1,personal,285000,36
LP000792,APP900898,Karthik Bhat,Chennai,2024-02-24,BR005,branch,44,168289,SALARIED_GOVERNMENT,442,0.3222,1,7,gold,1000000,24
LP000793,APP902096,Rohan Mukherjee,Mumbai,2024-01-28,BR040,branch,25,25418, SELF_EMPLOYED_BUSINESS ,546,0.5901,1,2,personal,276000,24
LP000794,APP900532,Sandeep Gowda,Vadodara,2024-04-23,BR033,online,39,65509,contract,721,0.4742,1,0,personal,954000,48
LP000795,APP903300,Nandini Varma,Kolkata,2024-03-07,BR013,direct_sales_agent,26,37716, SELF_EMPLOYED_PROFESSIONAL ,740,0.3242,1,1,vehicle,249000,36
LP000796,APP902624,Krishna Rao,Lucknow,2023-10-16,BR031,online,34,42266,self_employed_business,649,0.2958,1,0,vehicle,292000,36
LP000797,APP902610,Aadhya Chatterjee,Pune,2025-05-31,BR019,branch,34,16841,self_employed_business,808,0.2396,0,0,personal,118000,36
LP000798,APP902828,Sneha Desai,Vadodara,2024-05-11,BR005,branch,37,82064,self_employed_business,681,0.4573,0,2,personal,1350000,48
LP000799,APP903510,Krishna Banerjee, Chennai,2025-03-11,BR001,branch,31,39087,self_employed_professional,450,0.5635,1,6,personal,705000,48
LP000800,APP902782,Aditya Nair,Chennai,2024-05-16,BR031,online,37,102937,Self_Employed_Business,749,0.7554,1,0,home,6929000,180
LP000801,APP901722,Siddharth Krishnan,Kolkata,2024-04-27,BR029,branch,39,37907,salaried_private,538,0.4485,0,0,personal,595000,48
LP000802,APP904018,Saanvi Iyer,Mysuru,2023-12-19,BR005,online,45,102137,self_employed_professional,716,0.46,1,2,gold,613000,18
LP000803,APP903358,Meera Shah,Bhopal,2024-07-28,BR004,direct_sales_agent,28,184906,Self_Employed_Professional,644,0.7058,1,3,vehicle,1267000,12
LP000804,APP901792,Ananya Nair,Kanpur,2023-01-30,BR034,partner_referral,40,68634,salaried_private,589,0.6658,1,2,personal,1081000,36
LP000805,APP900802,Aarav Varma,Mumbai,2024-10-16,BR006,direct_sales_agent,32,38196,salaried_government,734,0.6442,3,0,gold,310000,24
LP000806,APP900909,Karthik Krishnan,Lucknow,2024-10-18,BR004,branch,46,55076, salaried_government,570,0.441,0,2,home,3005000,360
LP000807,APP901975,Anjali Menon,Jaipur,2025-03-30,BR029,branch,48,79261,salaried_private,457,0.5161,1,2,vehicle,1606000,60
LP000808,APP901770,Krishna Menon,Rajkot,2025-02-17,BR005,branch,40,239699,salaried_private,538,0.4546,2,2,personal,1500000,24
LP000809,APP903225,Krishna Varma,Mumbai ,2024-09-20,BR011,partner_referral,60,79438,self_employed_business,741,0.558,2,1,personal,320000,12
LP000810,APP900098,Aniket Naidu,Hyderabad,2024-04-23,BR039,branch,28,112027,contract,633,0.7141,2,1,vehicle,1655000,36
LP000811,APP902124,Priya Gowda,Vadodara,2025-03-01,BR010,online,26,102293,self_employed_business,645,0.5703,0,1,vehicle,2290000,48
LP000812,APP902358,Aadhya Varma,Ahmedabad,2024-02-09,BR009,direct_sales_agent,30,31659,self_employed_business,657,0.3021,0,1,vehicle,207000,24
LP000813,APP900407,Vivaan Ramesh,Lucknow,2023-06-21,BR038,online,35,60648,contract,608,0.4122,0,0,personal,889000,48
LP000814,APP903952,Lakshmi Nair,Nagpur,2024-09-20,BR020,partner_referral,42,109880,self_employed_professional,574,0.4536,1,3,personal,1500000,48
LP000815,APP903228,Vivaan Ramesh,Kochi,2023-06-05,BR028,direct_sales_agent,22,103868,self_employed_professional,688,0.7764,3,1,vehicle,1336000,24
LP000816,APP903974,Nikhil Chauhan,Jaipur,2023-10-05,BR022,branch,43,122034,self_employed_professional,529,0.5852,0,5,home,8414000,300
LP000817,APP903566,Siddharth Ramesh,Bengaluru,2024-09-15,BR009,direct_sales_agent,32,34796,self_employed_professional,780,0.3737,2,0,personal,186000,24
LP000818,APP900597,Ritika Krishnan,Bhopal,2024-05-07,BR009,branch,43,46128, CONTRACT ,565,0.6906,0,2,personal,909000,36
LP000819,APP904009,Nikhil Krishnan,Rajkot,2024-07-19,BR004,online,44,55186,self_employed_professional,653,0.4593,1,2,personal,405000,24
LP000820,APP901420,Rahul Subramanian,Nagpur,2023-06-27,BR028,branch,33,27139,salaried_private,610,0.5016,1,0,vehicle,473000,48
LP000821,APP902605,Aniket Patel,Indore,2025-05-26,BR035,branch,34,120971,self_employed_business,493,0.2762,0,5,gold,548000,18
LP000822,APP902423,Harsha Varma,Tirunelveli,2023-06-03,BR037,branch,31,29020,Self_Employed_Business,564,0.2641,0,1,personal,271000,48
LP000823,APP903018,Priya Iyer,Kochi,2023-02-11,BR013,branch,42,51235,self_employed_business,738,0.4949,1,0,personal,843000,48
LP000824,APP901810,Vinay Patel,Vadodara,2024-01-06,BR003,branch,41,40819,salaried_private,764,0.1488,0,0,personal,176000,36
LP000825,APP903031,Praveen Banerjee,Indore,2023-03-27,BR013,branch,43,199929,self_employed_business,344,0.5574,0,8,home,13196000,360
LP000826,APP901656,Saanvi Naidu,Vadodara,2023-12-25,BR015,branch,37,72452,salaried_private,701,0.2663,0,0,gold,586000,36
LP000827,APP900046,Aarav Kapoor,Madurai,2025-04-29,BR016,branch,25,82145,Contract,534,0.3394,0,4,gold,458000,18
LP000828,APP903506,Aditya Verma,Indore,2023-07-30,BR039,partner_referral,31,32052,self_employed_professional,655,0.3795,0,3,vehicle,263000,24
LP000829,APP900061,Rohan Chauhan,Delhi,2023-02-17,BR027,online,26,45669,contract,647,0.5037,0,1,home,2296000,180
LP000830,APP903980,Ritika Gowda,Mysuru,2024-08-06,BR024,partner_referral,43,37939,self_employed_professional,620,0.4759,0,1,vehicle,846000,60
LP000831,APP903189,Vikram Ramesh,Vadodara,2023-12-17,BR038,branch,54,53896,self_employed_business,627,0.2982,0,0,personal,330000,24
LP000832,APP900293,Gayathri Naidu,Mysuru,2025-02-23,BR004,direct_sales_agent,32,72149,contract,567,0.5147,1,1,home,3416000,240
LP000833,APP903060,Rohan Sinha,Hyderabad,2025-06-28,BR024,online,44,16730,self_employed_business,711,0.2735,1,0,personal,74000,24
LP000834,APP902102,Rahul Mukherjee,Indore ,2023-04-14,BR006,online,25,34514,self_employed_business,555,0.6275,2,3,personal,527000,48
LP000835,APP903576,Diya Prasad,Mysuru,2024-12-21,BR009,direct_sales_agent,32,49658,self_employed_professional ,652,0.3117,0,2,personal,444000,36
LP000836,APP903759,Priya Prasad,Jaipur,2025-02-22,BR025,partner_referral,36,31283,self_employed_professional,817,0.6346,1,0,vehicle,668000,48
LP000837,APP904005,Diya Rao,Surat,2025-01-28,BR013,online,44,33082,self_employed_professional,336,0.6657,3,11,personal,486000,48
LP000838,APP901344,Praveen Pillai,Delhi,2024-03-02,BR031,branch,32,122822,salaried_private,801,0.5369,2,1,home,5985000,300
LP000839,APP902666,Yash Nair,Nashik,2023-05-12,BR031,branch,34,98603,self_employed_business,632,0.589,1,0,vehicle,1605000,36
LP000840,APP900013,Sneha Patel,Bengaluru,2025-01-28,BR020,partner_referral,24,21001,Contract,663,0.4359,0,1,personal,382000,60
LP000841,APP901055,Divya Malhotra,Delhi,2023-05-27,BR028,online,27,27318,salaried_private,681,0.6806,2,0,vehicle,453000,36
LP000842,APP901120,Anjali Verma,Bhopal,2023-08-29,BR010,online,28,34814,salaried_private,615,0.3609,1,0,personal,304000,48
LP000843,APP901361,Ritika Krishnan,Kolkata ,2023-08-23,BR002,online,32,34069,salaried_private,357,0.4647,1,12,gold,147000,12
LP000844,APP903335,Siddharth Iyer,Rajkot,2024-02-11,BR021,partner_referral,27,49059,self_employed_professional,691,0.7642,0,0,personal,415000,12
LP000845,APP900368,Aarav Sinha,Lucknow,2023-09-20,BR016,branch,34,79447,contract,629,0.5916,0,0,vehicle,1837000,48
LP000846,APP903108,Vinay Shah,Chennai,2023-07-21,BR025,partner_referral,46,67597,self_employed_business,358,0.4893,0,10,personal,1134000,48
LP000847,APP902705,Divya Gowda,Ludhiana,2024-03-26,BR023,branch,35,68348,self_employed_business,639,0.4763,1,1,vehicle,889000,36
LP000848,APP902573,Aarav Bose,Pune,2023-10-31,BR037,branch,33,54942,self_employed_business,606,0.5177,1,1,vehicle,486000,24
LP000849,APP903230,Rahul Kapoor,Pune,2023-05-24,BR003,branch,23,32498,self_employed_professional,648,0.551,0,1,personal,643000,48
LP000850,APP902709,Divya Joshi,Bhopal,2025-05-19,BR030,branch,35,75400,self_employed_business,505,0.3398,1,4,personal,453000,24
LP000851,APP900349,Kavya Menon,Kolkata,2023-01-17,BR018,online,34,26834,contract,603,0.4865,1,1,personal,313000,36
LP000852,APP901358,Yash Rao,Ludhiana,2024-03-06,BR039,branch,32,32842,salaried_private,627,0.3153,0,2,gold,170000,18
LP000853,APP902125,Meera Pillai,Ludhiana,2024-04-02,BR017,branch,26,120144,self_employed_business,751,0.7471,2,0,personal,1428000,24
LP000854,APP900829,Karthik Shah,Rajkot ,2024-02-05,BR006,branch,35,28765,salaried_government,663,0.5427,2,3,personal,119000,12
LP000855,APP901741,Divya Nair,Kochi,2025-02-24,BR014,branch,39,61656,salaried_private,753,0.4657,1,0,gold,268000,12
LP000856,APP901392,Neha Hegde,Visakhapatnam ,2024-12-06,BR018,online,32,78287,salaried_private,539,0.3755,1,3,gold,424000,18
LP000857,APP902332,Lakshmi Bose,Delhi,2023-03-10,BR018,branch,29,94576,self_employed_business,553,0.1494,0,1,gold,159000,12
LP000858,APP901712,Aarav Patel,Bhopal,2023-12-31,BR030,branch,39,168102,salaried_private,646,0.95,3,1,personal,1500000,12
LP000859,APP902135,Sneha Banerjee,Delhi,2024-05-22,BR008,branch,26,30193,self_employed_business,595,0.4289,1,1,personal,442000,60
LP000860,APP903568,Saanvi Kapoor,Nagpur,2023-07-17,BR005,partner_referral,32,35934,self_employed_professional,616,0.5973,2,2,personal,289000,24
LP000861,APP901281,Rohan Gowda,Kochi,2023-10-27,BR023,partner_referral,30,99173,salaried_private,582,0.613,1,2,personal,1445000,36
LP000862,APP900463,Sandeep Ramesh,Nagpur,2024-12-06,BR001,branch,37,42045,contract,385,0.3901,0,7,home,1729000,240
LP000863,APP903957,Arjun Reddy,Vadodara,2023-03-15,BR003,direct_sales_agent,42,129126, self_employed_professional,712,0.2591,0,1,gold,715000,24
LP000864,APP902967,Nandini Krishnan,Chennai,2025-06-26,BR021,partner_referral,41,106481,self_employed_business,590,0.3417,0,1,personal,1500000,60
LP000865,APP900080,Shreya Prasad,Mumbai,2025-06-23,BR004,branch,27,29113,contract,609,0.5044,0,1,home,1740000,300
LP000866,APP901221,Sandeep Krishnan,Mumbai,2025-06-11,BR023,direct_sales_agent,29,67890,salaried_private,524,0.6121,0,3,personal,1461000,48
LP000867,APP900622,Nikhil Krishnan,Lucknow,2024-10-22,BR033,branch,45,32332,contract,610,0.3568,1,5,gold,268000,36
LP000868,APP903050,Sneha Kapoor,Visakhapatnam,2023-09-06,BR007,branch,43,60292,self_employed_business,760,0.4307,0,0,home,3248000,360
LP000869,APP903549,Siddharth Patel,Kolkata,2023-04-22,BR017,branch,32,122548,self_employed_professional,595,0.5412,1,0,personal,1500000,36
LP000870,APP901968,Sneha Verma,Jaipur,2024-05-04,BR025,online,48,16198,salaried_private,522,0.4767,1,3,gold,69000,12
LP000871,APP900468,Vivaan Banerjee,Bengaluru,2025-01-07,BR031,online,37,49671,contract,599,0.1895,0,1,personal,333000,48
LP000872,APP902140,Neha Kulkarni,Madurai,2025-02-02,BR031,branch,26,35392,self_employed_business,675,0.2899,0,1,gold,311000,36
LP000873,APP900937,Saanvi Desai,Lucknow,2023-02-09,BR008,branch,22,64557,salaried_private,811,0.5486,0,0,personal,1035000,36
LP000874,APP904003,Siddharth Kulkarni,Rajkot,2023-09-07,BR030,branch,44,144900,SELF_EMPLOYED_PROFESSIONAL,793,0.5238,1,0,home,7379000,360
LP000875,APP903634,Arjun Krishnan,Pune,2024-10-21,BR001,online,33,73069,self_employed_professional,562,0.5986,0,3,home,5095000,300
LP000876,APP904154,Anjali Prasad,Kochi,2024-05-19,BR007,branch,60,97064,self_employed_professional,809,0.4935,0,0,vehicle,1891000,48
LP000877,APP903833,Saanvi Joshi,Delhi,2025-05-26,BR024,online,38,102653,self_employed_professional,740,0.43,1,1,home,3919000,180
LP000878,APP902059,Vivaan Malhotra,Mumbai,2025-01-07,BR008,branch,22,41299, SELF_EMPLOYED_BUSINESS ,607,0.4091,1,1,vehicle,286000,24
LP000879,APP903223,Anjali Chatterjee,Mumbai,2024-11-27,BR024,online,60,67153,self_employed_business,697,0.3542,0,0,gold,391000,18
LP000880,APP902823,Ananya Krishnan,Surat,2025-03-16,BR024,branch,37,72170,self_employed_business,717,0.2741,0,0,home,2245000,240
LP000881,APP902843,Meera Joshi,Indore,2024-09-14,BR030,direct_sales_agent,38,123855,self_employed_business,657,0.5679,1,1,home,7390000,360
LP000882,APP900806,Gayathri Naidu,Bhopal,2024-09-30,BR007,branch,32,83233,salaried_government,594,0.5528,1,2,personal,1500000,60
LP000883,APP903555,Gayathri Pillai,Delhi,2025-01-08,BR007,direct_sales_agent,32,19153,self_employed_professional,428,0.3736,0,8,vehicle,276000,48
LP000884,APP900238,Sneha Prasad,Madurai,2024-04-24,BR026,branch,31,52508,contract,736,0.3218,1,1,gold,405000,36
LP000885,APP902799,Kavya Chauhan,Mysuru,2024-05-14,BR032,branch,37,29589, SELF_EMPLOYED_BUSINESS ,798,0.6726,2,0,vehicle,330000,24
LP000886,APP902522,Pooja Joshi, Bhopal,2024-07-21,BR008,branch,32,77213,self_employed_business,643,0.358,0,1,home,2714000,180
LP000887,APP903245,Ananya Mukherjee,Mysuru,2023-08-01,BR002,partner_referral,24,115953,self_employed_professional,718,0.4462,0,1,personal,1500000,36
LP000888,APP900768,Yash Patel, Indore,2024-12-08,BR017,online,29,130886,salaried_government,652,0.2177,0,0,personal,818000,36
LP000889,APP900062,Sandeep Rao,Kolkata,2024-03-25,BR026,branch,26,52463,contract,510,0.6907,1,6,home,3557000,360
LP000890,APP902055,Praveen Subramanian,Visakhapatnam,2024-03-03,BR009,online,60,96359,salaried_private,700,0.3084,0,1,gold,637000,24
LP000891,APP903552,Rohan Shah,Indore,2024-04-24,BR022,online,32,178111,self_employed_professional,686,0.4927,1,1,personal,1500000,24
LP000892,APP902075,Shreya Kulkarni,Nashik,2024-08-01,BR017,branch,24,45804,SELF_EMPLOYED_BUSINESS,596,0.3806,0,1,home,2123000,360
LP000893,APP900751,Arjun Kulkarni,Rajkot,2024-09-21,BR001,branch,27,155954,salaried_government,744,0.4641,0,1,personal,1500000,24
LP000894,APP902619,Aarav Shah,Pune,2023-12-10,BR025,online,34,28899,self_employed_business,590,0.5181,1,1,home,1500000,240
LP000895,APP903910,Pooja Bose,Mumbai,2025-03-07,BR011,partner_referral,40,47385,self_employed_professional,679,0.3019,0,1,gold,83000,6
LP000896,APP902256,Reyansh Iyer,Madurai,2024-06-19,BR028,partner_referral,28,72137,self_employed_business,701,0.7183,2,0,vehicle,1544000,48
LP000897,APP903396,Krishna Hegde,Kanpur,2023-12-12,BR014,online,29,102261,self_employed_professional,652,0.3263,0,1,personal,958000,36
LP000898,APP903116,Sandeep Bose,Hyderabad,2023-10-14,BR039,branch,46,84322,self_employed_business,816,0.338,0,0,personal,594000,24
LP000899,APP902832,Arjun Hegde, Chennai,2025-05-12,BR040,online,37,93773,self_employed_business,540,0.3561,0,5,gold,710000,24
LP000900,APP901793,Aditya Mukherjee,Rajkot,2024-07-12,BR026,branch,40,68675,salaried_private,683,0.3523,1,1,home,2138000,180
LP000901,APP900489,Aarav Prasad,Nagpur,2025-02-07,BR032,branch,38,129002,contract,742,0.3141,1,2,gold,951000,36
LP000902,APP903505,Gayathri Naidu,Coimbatore,2024-06-05,BR026,partner_referral,31,28784,self_employed_professional,829,0.4831,1,0,personal,454000,60
LP000903,APP902243,Divya Verma,Delhi,2023-06-16,BR034,branch,28,50705,self_employed_business,730,0.4294,1,0,home,1898000,240
LP000904,APP902966,Aarav Iyer,Hyderabad,2023-06-06,BR008,online,41,102329,SELF_EMPLOYED_BUSINESS,707,0.4537,1,2,personal,1500000,60
LP000905,APP901625,Ritika Rao,Lucknow,2023-01-31,BR034,direct_sales_agent,37,130751,SALARIED_PRIVATE,628,0.4464,0,2,vehicle,1260000,24
LP000906,APP901411,Aadhya Menon,Nashik,2024-11-07,BR034,direct_sales_agent,33,166202,salaried_private,710,0.4853,1,0,home,9269000,360
LP000907,APP901773,Aadhya Reddy,Rajkot,2024-11-02,BR032,direct_sales_agent,40,26890,salaried_private,452,0.577,2,3,personal,289000,36
LP000908,APP900682,Bhavana Joshi,Surat,2023-06-30,BR012,branch,50,37291, contract,669,0.4303,1,0,personal,493000,60
LP000909,APP903930,Aditya Menon,Mysuru,2023-09-27,BR020,online,41,113000,self_employed_professional,727,0.5167,0,0,vehicle,1267000,24
LP000910,APP900741,Swathi Gowda,Hyderabad,2025-01-03,BR039,online,25,65671,salaried_government,505,0.1693,0,6,gold,182000,18
LP000911,APP903209,Vikram Iyer,Jaipur,2023-07-13,BR029,online,58,53699,self_employed_business,786,0.4833,1,0,vehicle,604000,36
LP000912,APP900502,Krishna Patel,Chennai,2024-11-12,BR018,branch,38,31152,contract,661,0.4754,0,0,personal,616000,60
LP000913,APP900836,Neha Prasad,Ludhiana,2023-04-02,BR026,branch,35,82988,salaried_government,300,0.6646,3,9,home,3746000,300
LP000914,APP902543,Priya Bose,Rajkot,2023-08-02,BR017,partner_referral,33,133166,self_employed_business,687,0.3109,0,0,vehicle,2500000,84
LP000915,APP902933,Kavya Mukherjee,Vadodara,2025-05-26,BR025,branch,40,251716,self_employed_business,549,0.2554,0,2,vehicle,2500000,48
LP000916,APP900361,Praveen Prasad,Jaipur,2023-03-31,BR015,online,34,59962,contract,875,0.3147,0,0,gold,312000,18
LP000917,APP902579,Vinay Nair,Tirunelveli,2023-06-28,BR026,partner_referral,33,63305,self_employed_business,797,0.4009,0,0,personal,1080000,60
LP000918,APP901621,Rohan Subramanian,Pune,2025-04-09,BR008,branch,37,111123,salaried_private,815,0.3715,1,0,home,3912000,300
LP000919,APP900270,Kavya Bhat,Kanpur,2023-04-10,BR003,branch,32,169904,contract,751,0.5209,0,1,home,10748000,300
LP000920,APP902138,Vinay Gowda,Kolkata,2024-02-05,BR012,online,26,33625,self_employed_business,491,0.6149,2,2,home,1608000,300
LP000921,APP900198,Karthik Chatterjee,Madurai,2025-01-12,BR002,partner_referral,30,59879,contract,693,0.5143,1,0,personal,944000,48
LP000922,APP902825,Krishna Menon,Kanpur,2024-07-27,BR026,partner_referral,37,74186,self_employed_business,633,0.325,0,2,gold,395000,18
LP000923,APP903012,Rohan Subramanian,Lucknow,2023-05-12,BR009,online,42,32125,self_employed_business,725,0.7566,0,0,gold,274000,12
LP000924,APP902162,Anjali Patel,Ahmedabad,2023-10-21,BR012,online,26,90459,self_employed_business,541,0.3673,0,3,personal,1168000,48
LP000925,APP903542,Saanvi Bhat,Madurai,2024-02-20,BR003,partner_referral,31,89255,self_employed_professional,447,0.6614,1,7,personal,1500000,36
LP000926,APP902623,Rohan Hegde,Kolkata,2024-11-05,BR039,branch,34,34845,self_employed_business,900,0.6241,1,1,personal,697000,48
LP000927,APP902319,Aarav Patel,Nashik,2024-11-13,BR027,branch,29,66977,self_employed_business,562,0.2342,1,4,gold,118000,12
LP000928,APP900689,Rohan Malhotra,Lucknow,2023-03-19,BR006,partner_referral,51,38636,contract,737,0.3366,0,0,personal,467000,48
LP000929,APP902314,Praveen Kapoor,Coimbatore,2024-09-22,BR008,online,29,59241,self_employed_business,585,0.4997,1,4,gold,446000,18
LP000930,APP902274,Reyansh Ramesh,Vadodara,2024-08-25,BR030,online,29,129683,self_employed_business,438,0.4802,0,4,home,6757000,240
LP000931,APP903860,Reyansh Sinha,Madurai,2024-11-20,BR029,branch,38,69330,self_employed_professional,722,0.6868,1,0,home,4717000,240
LP000932,APP901161,Reyansh Chauhan,Mumbai,2024-09-22,BR023,partner_referral,29,120804,SALARIED_PRIVATE,578,0.7436,1,5,home,8161000,240
LP000933,APP902175,Siddharth Desai,Lucknow,2025-01-20,BR010,direct_sales_agent,27,181469,self_employed_business,757,0.2626,1,0,gold,1000000,36
LP000934,APP901040,Kavya Chauhan,Surat,2024-01-08,BR003,online,27,149653,Salaried_Private,556,0.5268,1,0,home,7447000,300
LP000935,APP902945,Nandini Kulkarni,Surat,2024-07-17,BR008,branch,40,46710,self_employed_business,655,0.4443,0,1,personal,738000,48
LP000936,APP903423,Harsha Hegde,Ludhiana,2025-06-25,BR036,branch,29,59765,self_employed_professional,685,0.6818,2,0,home,3667000,300
LP000937,APP900391,Manoj Varma,Visakhapatnam,2024-03-25,BR006,branch,35,30102,contract,682,0.7697,2,0,vehicle,528000,36
LP000938,APP901801,Sneha Rao,Ahmedabad,2024-08-18,BR025,branch,41,147216,salaried_private,689,0.4447,1,0,home,6022000,240
LP000939,APP903519,Meera Rao,Tirunelveli,2023-04-11,BR019,direct_sales_agent,31,50332,self_employed_professional,600,0.313,0,3,home,1527000,180
LP000940,APP901607,Karthik Prasad,Lucknow,2024-06-26,BR006,online,36,59797,salaried_private,603,0.7726,2,4,home,4187000,300
LP000941,APP902293,Karthik Patel,Pune,2023-07-21,BR030,branch,29,38260, self_employed_business,614,0.5946,0,1,gold,132000,6
LP000942,APP901759,Divya Bhat,Pune,2024-05-19,BR040,branch,39,94618,salaried_private,684,0.6928,2,0,personal,1500000,36
LP000943,APP903140,Sneha Sharma,Tirunelveli,2024-01-27,BR001,online,48,86138,self_employed_business,644,0.4835,1,0,gold,520000,18
LP000944,APP901027,Arjun Joshi, Madurai,2023-07-02,BR014,branch,26,66488,salaried_private,741,0.4336,0,0,home,3574000,300
LP000945,APP900212,Priya Reddy,Rajkot,2024-12-23,BR029,branch,30,96676,contract,829,0.5223,0,0,home,6318000,300
LP000946,APP900715,Anjali Pillai,Pune,2024-10-08,BR017,online,59,44159,contract,605,0.5062,0,3,gold,368000,18
LP000947,APP901018,Nikhil Chauhan,Kochi,2023-07-27,BR009,branch,26,40632,salaried_private,679,0.4846,1,0,personal,335000,24
LP000948,APP903292,Sneha Naidu,Delhi,2025-02-22,BR033,online,26,175202,self_employed_professional,748,0.95,5,0,vehicle,2500000,36
LP000949,APP903369,Ishaan Gowda,Nashik,2025-01-06,BR026,branch,28,39270,self_employed_professional,729,0.3887,0,0,personal,550000,48
LP000950,APP904059,Aarav Joshi,Lucknow,2024-10-04,BR032,branch,47,55309, SELF_EMPLOYED_PROFESSIONAL ,578,0.1206,0,1,gold,142000,24
LP000951,APP901902,Priya Hegde,Mysuru,2024-12-09,BR004,branch,44,95775,salaried_private,593,0.4227,1,2,gold,739000,24
LP000952,APP903162,Sandeep Ramesh,Jaipur,2023-02-15,BR015,branch,51,108189,self_employed_business,735,0.6564,2,1,home,7675000,360
LP000953,APP901704,Aditya Shah,Ludhiana,2024-02-05,BR034,direct_sales_agent,38,96036,salaried_private,836,0.6916,2,1,home,6494000,360
LP000954,APP901661,Saanvi Rao,Vadodara,2024-09-25,BR007,online,37,80706,salaried_private,817,0.4027,1,0,personal,811000,36
LP000955,APP902199,Diya Nair,Bengaluru,2025-06-27,BR038,direct_sales_agent,27,62792,self_employed_business,702,0.4684,0,0,vehicle,1165000,48
LP000956,APP904026,Deepika Ramesh,Coimbatore,2023-08-25,BR003,online,45,48343,self_employed_professional,623,0.2609,1,2,personal,254000,48
LP000957,APP901148,Manoj Patel,Coimbatore,2024-01-18,BR005,partner_referral,28,78657,salaried_private,506,0.4475,2,4,gold,286000,12
LP000958,APP901645,Swathi Shah,Ludhiana,2025-01-10,BR037,branch,37,46943,salaried_private,803,0.6213,2,0,personal,862000,60
LP000959,APP902741,Praveen Gowda,Delhi,2025-04-19,BR034,online,36,33086,self_employed_business,821,0.3628,1,0,gold,160000,18
LP000960,APP901092,Anjali Reddy,Bhopal,2023-08-06,BR007,direct_sales_agent,28,113520,salaried_private,420,0.6386,2,3,home,6421000,300
LP000961,APP903895,Ritika Bhat,Hyderabad,2024-12-02,BR017,online,40,129661,self_employed_professional,718,0.3353,0,0,vehicle,2044000,60
LP000962,APP902408,Aniket Bose,Kolkata,2024-04-14,BR007,online,31,104531,self_employed_business,447,0.4736,1,5,personal,1402000,48
LP000963,APP900650,Siddharth Krishnan,Nashik ,2024-12-15,BR027,direct_sales_agent,47,144353,contract,676,0.3615,0,0,personal,1500000,36
LP000964,APP900627,Anjali Menon,Madurai,2023-03-19,BR019,partner_referral,45,65515,contract,606,0.5052,1,3,personal,873000,36
LP000965,APP903692,Saanvi Banerjee,Nashik,2024-01-23,BR026,branch,34,88551, self_employed_professional,657,0.26,0,1,vehicle,711000,36
LP000966,APP904047,Neha Subramanian,Nashik,2023-11-24,BR023,branch,46,92116,self_employed_professional,656,0.4765,0,1,vehicle,949000,24
LP000967,APP903757,Yash Nair,Hyderabad,2023-08-30,BR027,branch,36,27558,self_employed_professional,586,0.6488,2,5,personal,555000,60
LP000968,APP900538,Reyansh Iyer,Rajkot,2024-10-08,BR003,online,39,85279,contract,681,0.5157,1,0,home,4100000,240
LP000969,APP903392,Gayathri Subramanian,Chennai,2024-01-13,BR009,branch,28,89088,self_employed_professional,527,0.4665,1,4,vehicle,1058000,36
LP000970,APP900595,Praveen Chatterjee,Tirunelveli ,2024-04-02,BR027,branch,43,31622,contract,636,0.6029,2,2,gold,220000,18
LP000971,APP904117,Praveen Sharma, Bhopal,2023-01-04,BR036,online,55,105287,self_employed_professional,625,0.3636,0,1,personal,1361000,48
LP000972,APP901979,Lakshmi Chauhan,Vadodara,2024-09-07,BR017,branch,49,239107,salaried_private,839,0.4512,0,0,home,12940000,300
LP000973,APP901808,Divya Iyer,Tirunelveli,2024-05-12,BR033,online,41,29931,salaried_private,423,0.4195,1,8,gold,164000,18
LP000974,APP902458,Neha Pillai,Mysuru,2023-05-26,BR007,online,31,80926,self_employed_business,753,0.4344,0,1,gold,753000,24
LP000975,APP900692,Bhavana Menon,Mumbai,2023-07-03,BR004,online,51,97563,CONTRACT,679,0.5335,0,1,home,6394000,360
LP000976,APP900764,Rohan Sinha,Lucknow,2023-10-11,BR037,branch,28,45948, salaried_government,651,0.3945,1,3,personal,529000,48
LP000977,APP902033,Shreya Reddy,Nashik,2024-03-07,BR008,partner_referral,57,75059,salaried_private,446,0.3952,0,5,personal,601000,24
LP000978,APP903002,Bhavana Krishnan, Visakhapatnam,2024-12-11,BR037,online,41,99998,self_employed_business,690,0.4681,0,1,home,5886000,360
LP000979,APP900754,Yash Banerjee,Kochi,2024-01-23,BR013,branch,27,21930,salaried_government,662,0.5298,0,0,personal,417000,48
LP000980,APP903896,Diya Nair,Pune,2025-01-18,BR023,online,40,130006,self_employed_professional,494,0.4648,1,3,personal,1497000,36
LP000981,APP902816,Pooja Varma,Vadodara,2024-08-19,BR026,online,37,52775,self_employed_business,567,0.5236,0,0,personal,978000,48
LP000982,APP903012,Rohan Subramanian,Lucknow,2025-01-04,BR009,branch,42,31703,self_employed_business,733,0.6436,3,1,gold,244000,24
LP000983,APP901910,Nikhil Hegde,Madurai,2024-10-01,BR026,online,45,30181,salaried_private,473,0.5866,1,1,gold,237000,18
LP000984,APP901396,Meera Pillai,Nagpur,2024-12-01,BR032,branch,32,92157,salaried_private,702,0.5445,0,1,home,6083000,300
LP000985,APP903565,Vivaan Nair,Vadodara,2025-01-26,BR008,branch,32,342454,self_employed_professional,587,0.2628,2,1,personal,1500000,48
LP000986,APP903265,Sandeep Sinha, Hyderabad,2024-03-15,BR003,online,25,126410,self_employed_professional,516,0.2184,1,4,gold,252000,12
LP000987,APP903214,Nandini Malhotra,Bhopal,2024-08-28,BR020,branch,60,20377,self_employed_business,678,0.4974,0,1,personal,363000,48
LP000988,APP903315,Karthik Subramanian,Chennai,2023-06-05,BR021,direct_sales_agent,26,90513,self_employed_professional,636,0.5617,0,0,home,5990000,300
LP000989,APP901417,Saanvi Ramesh,Madurai,2023-07-15,BR035,online,33,228838, salaried_private,663,0.2288,1,2,vehicle,2500000,84
LP000990,APP902260,Pooja Banerjee,Visakhapatnam,2024-04-21,BR028,branch,28,82995,self_employed_business,464,0.5158,0,3,vehicle,1313000,36
LP000991,APP902048,Vikram Nair,Tirunelveli,2023-11-03,BR032,direct_sales_agent,60,58942,salaried_private,783,0.3841,0,0,home,2749000,300
LP000992,APP901781,Sneha Patel,Kanpur,2024-11-24,BR033,branch,40,39328,Salaried_Private,787,0.5038,0,0,gold,327000,18
LP000993,APP902908,Siddharth Malhotra,Indore,2024-12-19,BR016,partner_referral,39,59763,self_employed_business,516,0.7979,4,2,gold,266000,12
LP000994,APP903276,Deepika Iyer,Surat,2023-09-09,BR012,branch,25,38276,self_employed_professional,581,0.6542,1,1,vehicle,713000,36
LP000995,APP900018,Rahul Sharma,Rajkot,2024-05-15,BR033,partner_referral,24,61641,contract,684,0.366,0,0,home,2814000,360
LP000996,APP901404,Praveen Iyer,Bhopal,2023-07-22,BR037,branch,33,106984,salaried_private,554,0.5762,2,2,vehicle,1202000,36
LP000997,APP903887,Deepika Hegde,Bhopal,2023-10-07,BR003,branch,39,72526,self_employed_professional,649,0.2602,0,2,gold,213000,12
LP000998,APP903682,Nikhil Banerjee,Pune,2024-09-16,BR019,branch,34,68985,self_employed_professional,721,0.496,1,2,gold,582000,24
LP000999,APP902436,Pooja Verma,Pune,2024-11-30,BR034,branch,31,46077, SELF_EMPLOYED_BUSINESS ,416,0.4924,2,5,gold,243000,18
LP001000,APP903931,Praveen Prasad,Visakhapatnam,2023-08-31,BR040,direct_sales_agent,41,117586,self_employed_professional ,767,0.4115,0,0,personal,1399000,36
LP001001,APP901162,Aniket Bose,Kanpur,2023-07-31,BR017,branch,29,124495,Salaried_Private,675,0.4743,1,2,vehicle,2500000,60
LP001002,APP901949,Neha Sinha,Coimbatore,2023-04-22,BR037,branch,47,105321,salaried_private,722,0.5989,1,0,gold,601000,12
LP001003,APP900609,Diya Kapoor,Bengaluru,2023-08-14,BR013,online,44,196445,contract,461,0.3363,0,4,personal,1343000,24
LP001004,APP902393,Arjun Nair,Surat,2025-03-03,BR003,branch,30,70060,self_employed_business,577,0.6863,1,4,personal,1404000,48
LP001005,APP901325,Aniket Kapoor,Coimbatore,2023-09-09,BR010,branch,31,77779,salaried_private,648,0.4282,1,1,vehicle,930000,36
LP001006,APP902060,Krishna Joshi,Ludhiana,2025-04-04,BR030,partner_referral,22,74320,self_employed_business,626,0.4229,1,0,home,2760000,240
LP001007,APP901265,Yash Nair,Coimbatore,2025-02-01,BR023,direct_sales_agent,30,51558,salaried_private,710,0.4711,0,0,vehicle,1474000,84
LP001008,APP902345,Shreya Pillai,Pune,2024-12-29,BR026,branch,30,154928,self_employed_business,696,0.3417,0,0,vehicle,2500000,60
LP001009,APP901921,Yash Shah,Hyderabad,2023-12-19,BR023,online,45,69291,salaried_private,461,0.4672,0,4,vehicle,1914000,84
LP001010,APP900846,Harsha Naidu,Delhi,2023-07-03,BR039,direct_sales_agent,36,65410,salaried_government,669,0.3996,1,1,gold,410000,24
LP001011,APP902036,Nandini Sinha,Nashik,2023-08-09,BR039,partner_referral,58,66934,salaried_private,612,0.5612,1,1,home,3585000,300
LP001012,APP901402,Bhavana Verma,Bhopal,2024-08-08,BR009,partner_referral,33,104115,salaried_private,553,0.4694,1,1,personal,729000,24
LP001013,APP900066,Ishaan Ramesh,Coimbatore,2025-01-02,BR021,branch,26,68350,contract,712,0.622,0,0,home,4804000,240
LP001014,APP903340,Meera Mukherjee,Chennai,2025-05-03,BR038,branch,27,62962,self_employed_professional,875,0.4506,1,0,vehicle,528000,24
LP001015,APP901631,Praveen Pillai,Ludhiana,2023-08-10,BR039,online,37,22570,salaried_private,621,0.6735,1,1,vehicle,625000,60
LP001016,APP901900,Divya Krishnan,Chennai,2024-10-01,BR004,online,44,79467,salaried_private,786,0.3856,1,1,gold,302000,12
LP001017,APP903113,Aarav Verma,Chennai,2024-05-28,BR004,branch,46,76024,self_employed_business,766,0.4624,0,0,vehicle,2128000,84
LP001018,APP900145,Nikhil Malhotra,Hyderabad ,2023-09-28,BR040,direct_sales_agent,29,112210,contract,420,0.166,0,7,personal,643000,48
LP001019,APP903130,Nikhil Malhotra,Bhopal,2024-09-15,BR018,partner_referral,47,81831,self_employed_business,599,0.4391,0,2,personal,1500000,60
LP001020,APP904057,Vikram Kulkarni,Vadodara,2025-02-13,BR016,branch,47,42482,self_employed_professional,583,0.5268,0,1,personal,638000,36
LP001021,APP900487,Swathi Reddy,Nashik,2024-02-02,BR001,branch,38,100796,contract,531,0.4684,1,1,home,4610000,240
LP001022,APP901768,Yash Chatterjee,Hyderabad,2023-04-28,BR035,branch,40,146798,Salaried_Private,789,0.3208,1,0,personal,1500000,60
LP001023,APP900720,Nandini Desai,Chennai ,2024-04-27,BR026,direct_sales_agent,60,34206,contract,743,0.7074,3,0,vehicle,541000,48
LP001024,APP903217,Sandeep Krishnan,Rajkot,2024-12-13,BR019,partner_referral,60,22809,self_employed_business,595,0.3581,1,2,personal,205000,36
LP001025,APP901720,Nikhil Shah,Pune,2024-12-24,BR034,branch,39,34388,salaried_private,580,0.4485,0,4,personal,635000,60
LP001026,APP902896,Harsha Mukherjee,Ludhiana,2023-04-23,BR014,online,39,39585,self_employed_business,752,0.5132,0,0,home,2566000,360
LP001027,APP901192,Ritika Patel,Bhopal,2024-12-08,BR030,partner_referral,29,39559,salaried_private,634,0.8261,4,3,personal,850000,60
LP001028,APP900299,Aniket Rao,Chennai,2025-04-11,BR040,online,32,82017,contract,526,0.7496,2,2,home,5693000,360
LP001029,APP903635,Arjun Menon,Jaipur,2025-02-05,BR001,branch,33,76904,self_employed_professional,678,0.3632,1,0,personal,498000,24
LP001030,APP901038,Nikhil Banerjee,Mysuru,2025-01-11,BR003,online,27,112149,salaried_private,427,0.2386,0,8,personal,542000,24
LP001031,APP902567,Nandini Ramesh,Mumbai,2023-07-07,BR014,branch,33,46611,self_employed_business,615,0.3653,0,0,gold,280000,18
LP001032,APP903842,Meera Joshi,Chennai,2025-03-05,BR017,branch,38,290447,self_employed_professional,468,0.4388,0,3,home,15000000,360
LP001033,APP901835,Deepika Chauhan,Madurai,2024-08-18,BR037,branch,42,35428,salaried_private,468,0.1951,0,6,gold,146000,24
LP001034,APP901472,Manoj Kapoor,Mysuru,2025-02-01,BR027,partner_referral,34,231083,salaried_private,570,0.1839,0,2,personal,1500000,48
LP001035,APP901216,Lakshmi Malhotra,Lucknow,2024-08-08,BR038,partner_referral,29,65421,salaried_private,670,0.3557,1,1,personal,630000,48
LP001036,APP900384,Priya Naidu,Mysuru,2024-04-18,BR002,online,35,170715,contract,697,0.3156,1,1,gold,1000000,24
LP001037,APP900402,Rahul Reddy,Rajkot,2024-12-11,BR019,branch,35,46260,contract,614,0.5607,3,0,gold,281000,24
LP001038,APP903048,Sneha Ramesh,Kolkata,2023-05-15,BR035,direct_sales_agent,43,56790,self_employed_business,409,0.725,2,8,personal,690000,24
LP001039,APP900120,Ananya Naidu,Kanpur,2024-01-15,BR003,online,28,52851,contract,697,0.4865,1,0,personal,666000,36
LP001040,APP900246,Lakshmi Patel,Madurai,2023-02-13,BR016,branch,31,69744,contract,600,0.5408,3,2,vehicle,671000,36
LP001041,APP902284,Nandini Chauhan,Hyderabad,2025-06-04,BR003,branch,29,193316,self_employed_business,610,0.7532,3,1,vehicle,2500000,36
LP001042,APP900491,Reyansh Mukherjee,Ludhiana,2024-12-13,BR012,branch,38,137507,contract,718,0.3791,0,1,personal,1500000,36
LP001043,APP903588,Vikram Verma,Rajkot ,2023-02-12,BR003,online,32,66420,self_employed_professional,581,0.341,0,0,personal,925000,60
LP001044,APP902608,Vivaan Kapoor,Vadodara,2025-04-09,BR017,partner_referral,34,151488,self_employed_business,660,0.3447,0,1,home,5673000,240
LP001045,APP903837,Bhavana Kulkarni,Vadodara,2025-01-07,BR013,direct_sales_agent,38,156858,self_employed_professional,610,0.472,0,0,personal,818000,12
LP001046,APP902553,Ananya Rao,Tirunelveli,2023-04-30,BR039,online,33,32608,self_employed_business,538,0.3335,1,2,vehicle,330000,48
LP001047,APP902953,Rohan Prasad,Pune,2023-10-02,BR030,branch,40,54573,self_employed_business,693,0.3817,0,2,gold,445000,24
LP001048,APP902794,Yash Gowda,Ahmedabad,2024-10-14,BR016,branch,37,24547,self_employed_business,566,0.3025,0,2,gold,158000,24
LP001049,APP903435,Arjun Varma,Ahmedabad,2025-02-14,BR023,online,29,91996,self_employed_professional,624,0.4766,2,2,personal,736000,36
LP001050,APP900343,Gayathri Desai,Mumbai,2025-03-03,BR014,online,34,193837,contract,598,0.3912,0,1,home,8405000,240
LP001051,APP903041,Gayathri Hegde,Vadodara,2025-01-27,BR023,branch,43,44405,self_employed_business,558,0.2548,0,2,gold,240000,24
LP001052,APP902769,Manoj Malhotra,Indore,2024-11-09,BR016,online,36,73258,self_employed_business,375,0.6406,2,8,personal,404000,12
LP001053,APP900659,Siddharth Prasad,Surat,2023-04-04,BR009,branch,48,312364,contract,771,0.3964,0,0,home,15000000,300
LP001054,APP900769,Bhavana Sinha,Madurai,2024-07-08,BR031,branch,29,144788,salaried_government,754,0.6575,1,1,home,9915000,300
LP001055,APP901840,Aniket Menon,Ludhiana,2023-06-25,BR033,online,42,44012,salaried_private,653,0.1197,0,1,gold,112000,24
LP001056,APP902990,Kavya Desai,Kolkata,2023-01-18,BR019,branch,41,55265,self_employed_business,546,0.5813,2,6,personal,631000,36
LP001057,APP900898,Karthik Bhat,Chennai,2025-03-25,BR005,branch,44,147666,salaried_government,468,0.4629,1,6,personal,1500000,36
LP001058,APP902409,Vinay Krishnan,Kanpur,2023-05-07,BR029,branch,31,106199,self_employed_business,651,0.3909,0,2,vehicle,2500000,84
LP001059,APP900791,Diya Patel,Nashik ,2025-01-25,BR038,online,31,23136,salaried_government,591,0.5686,1,4,personal,448000,60
LP001060,APP903149,Reyansh Sinha,Hyderabad,2024-03-09,BR024,branch,50,216301,self_employed_business,751,0.3616,1,0,personal,1500000,36
LP001061,APP903160,Vikram Shah,Vadodara,2025-05-21,BR026,branch,50,72988,self_employed_business,741,0.5226,1,1,home,3432000,240
LP001062,APP900063,Sandeep Naidu,Delhi,2024-08-11,BR026,branch,26,55487,contract,609,0.3816,2,3,personal,480000,60
LP001063,APP900681,Praveen Desai,Madurai,2023-02-19,BR002,online,50,30722,contract ,397,0.3815,0,9,vehicle,453000,48
LP001064,APP902273,Aadhya Reddy,Hyderabad,2023-09-07,BR032,branch,29,129651,self_employed_business,510,0.5742,0,2,home,9049000,360
LP001065,APP900694,Rahul Krishnan,Mumbai,2023-12-07,BR007,online,52,45780,contract,635,0.519,2,1,gold,104000,6
LP001066,APP902537,Sneha Iyer,Nagpur,2023-10-21,BR011,online,33,108999,self_employed_business,715,0.4677,0,2,gold,575000,12
LP001067,APP903023,Sandeep Kulkarni,Mumbai,2023-09-20,BR004,partner_referral,42,60620,self_employed_business,520,0.482,2,1,vehicle,602000,48
LP001068,APP903478,Krishna Kapoor,Chennai,2023-12-11,BR011,branch,30,70362,SELF_EMPLOYED_PROFESSIONAL,451,0.2916,0,9,personal,575000,36
LP001069,APP900392,Lakshmi Sharma,Mysuru,2024-07-05,BR029,online,35,34150,contract,898,0.3676,0,0,gold,270000,24
LP001070,APP900083,Anjali Prasad,Nashik,2025-04-03,BR020,online,27,31902,contract,794,0.3201,1,0,gold,256000,36
LP001071,APP900312,Vinay Banerjee,Kolkata,2023-01-08,BR027,direct_sales_agent,33,142519,contract,752,0.4729,2,1,vehicle,2500000,84
LP001072,APP902443,Meera Kapoor,Visakhapatnam,2024-01-07,BR012,direct_sales_agent,31,52482,self_employed_business,634,0.598,0,3,vehicle,678000,24
LP001073,APP900598,Divya Desai,Kochi,2025-05-23,BR001,online,43,64197,contract,431,0.9027,3,8,home,4028000,240
LP001074,APP901676,Karthik Kapoor,Nashik,2025-05-28,BR015,branch,38,167581,salaried_private,695,0.4818,1,1,home,7980000,300
LP001075,APP900377,Nandini Kapoor,Surat,2024-03-12,BR010,online,35,123648,contract,453,0.1806,0,1,personal,625000,36
LP001076,APP903773,Ritika Chauhan,Coimbatore,2023-04-13,BR020,branch,36,52337,self_employed_professional,613,0.5995,1,1,gold,450000,18
LP001077,APP904043,Manoj Iyer,Ahmedabad,2023-10-19,BR039,direct_sales_agent,46,65704,self_employed_professional,677,0.4723,0,2,home,3434000,240
LP001078,APP901084,Aniket Menon,Bengaluru,2025-03-26,BR003,branch,27,84365,salaried_private,727,0.868,0,0,personal,811000,12
LP001079,APP901405,Sneha Rao,Kanpur,2025-05-31,BR015,partner_referral,33,110703,salaried_private,673,0.2992,0,1,personal,952000,36
LP001080,APP901097,Kavya Kulkarni,Tirunelveli,2024-03-06,BR002,online,28,133543,salaried_private,740,0.4389,1,0,gold,1000000,24
LP001081,APP903619,Swathi Malhotra,Madurai,2024-05-29,BR028,partner_referral,33,31921,self_employed_professional,536,0.6897,1,7,vehicle,741000,48
LP001082,APP903157,Arjun Shah, Chennai,2023-01-22,BR004,branch,50,57836,self_employed_business,676,0.5131,0,1,personal,1061000,48
LP001083,APP903588,Vikram Verma,Rajkot,2023-03-11,BR003,partner_referral,32,66122,self_employed_professional,671,0.3669,0,2,home,2658000,240
LP001084,APP903785,Divya Desai,Pune,2024-03-18,BR037,branch,36,77852,self_employed_professional,744,0.6118,1,0,personal,1500000,48
LP001085,APP902105,Krishna Bose,Coimbatore,2025-04-21,BR031,online,25,40205,self_employed_business,827,0.3085,2,0,gold,74000,18
LP001086,APP904037,Krishna Menon,Nashik,2024-05-31,BR031,branch,46,132621,self_employed_professional,510,0.3891,1,1,personal,894000,24
LP001087,APP902165,Praveen Mukherjee,Chennai,2024-07-27,BR010,partner_referral,27,108378,self_employed_business,810,0.6762,2,0,home,4352000,120
LP001088,APP903242,Aniket Bose,Coimbatore,2024-05-05,BR023,branch,24,101781,self_employed_professional,715,0.4433,0,1,gold,744000,18
LP001089,APP900969,Swathi Desai,Bhopal,2023-05-25,BR034,branch,24,60046,salaried_private,683,0.2315,0,2,personal,286000,24
LP001090,APP901437,Aadhya Reddy,Kolkata,2025-01-13,BR028,branch,33,48594,salaried_private,527,0.6599,0,3,vehicle,1248000,48
LP001091,APP900873,Manoj Reddy, Vadodara,2024-04-20,BR031,branch,40,32888,salaried_government,674,0.5549,1,0,home,1731000,300
LP001092,APP900118,Vinay Hegde,Chennai,2025-02-16,BR025,direct_sales_agent,28,47284,contract,684,0.4419,1,0,personal,673000,48
LP001093,APP900742,Manoj Nair,Lucknow,2023-10-11,BR007,branch,25,65802,salaried_government,524,0.5872,0,3,home,4234000,240
LP001094,APP901826,Harsha Sharma,Mysuru,2023-07-06,BR010,partner_referral,42,101403,salaried_private,694,0.5196,0,0,home,6584000,360
LP001095,APP903143,Divya Iyer,Mysuru,2023-04-17,BR004,direct_sales_agent,49,48951,self_employed_business,635,0.5638,1,2,home,3081000,300
LP001096,APP901180,Priya Iyer,Jaipur,2024-08-10,BR017,branch,29,31083,salaried_private,495,0.5593,0,5,vehicle,374000,24
LP001097,APP900231,Sandeep Joshi,Lucknow,2024-10-04,BR036,partner_referral,31,44757,contract,659,0.95,2,1,vehicle,403000,12
LP001098,APP900472,Krishna Verma,Kanpur,2024-06-17,BR023,partner_referral,37,54508, contract,814,0.3857,1,0,vehicle,349000,24
LP001099,APP903862,Yash Chauhan,Chennai,2024-03-27,BR002,online,38,78848,self_employed_professional,778,0.7303,1,0,vehicle,2281000,60
LP001100,APP900911,Vikram Subramanian,Madurai,2023-04-15,BR001,partner_referral,47,84702,salaried_government,693,0.8193,3,2,home,5853000,360
LP001101,APP902119,Vikram Reddy,Ludhiana,2024-09-27,BR035,branch,25,77631,self_employed_business,640,0.4653,0,1,personal,1500000,60
LP001102,APP902927,Deepika Krishnan,Indore,2024-04-22,BR025,branch,40,118118,self_employed_business,638,0.5915,2,2,home,6033000,360
LP001103,APP901223,Reyansh Malhotra,Delhi,2024-02-10,BR025,online,29,74691,salaried_private,730,0.95,4,0,vehicle,1553000,48
LP001104,APP903339,Gayathri Joshi,Bengaluru,2023-03-23,BR011,branch,27,56268,self_employed_professional,530,0.4176,0,3,personal,959000,60
LP001105,APP903733,Lakshmi Mukherjee,Mumbai,2025-05-15,BR016,online,35,53103,self_employed_professional,537,0.4544,0,4,vehicle,940000,48
LP001106,APP900201,Nandini Verma,Tirunelveli,2024-03-20,BR029,branch,30,77987,contract,595,0.2584,0,3,personal,412000,24
LP001107,APP901432,Rahul Chauhan,Ahmedabad,2023-08-24,BR015,branch,33,420088,salaried_private,698,0.3647,0,0,home,15000000,180
LP001108,APP902069,Aditya Joshi,Nagpur,2023-06-20,BR006,online,23,76951,self_employed_business,418,0.5132,0,8,personal,800000,24
LP001109,APP903405,Priya Gowda,Mumbai,2023-04-16,BR030,branch,29,201774,self_employed_professional,711,0.4301,1,2,home,8986000,240
LP001110,APP902756,Saanvi Reddy,Kanpur,2024-10-31,BR019,partner_referral,36,51783,self_employed_business,703,0.698,2,0,home,3147000,360
LP001111,APP901065,Lakshmi Desai, Ahmedabad,2024-11-12,BR024,branch,27,49076,salaried_private,674,0.4626,0,1,vehicle,1065000,60
LP001112,APP902514,Karthik Verma,Visakhapatnam,2024-08-01,BR022,online,32,63282,self_employed_business,541,0.4367,1,3,vehicle,1384000,84
LP001113,APP902230,Arjun Hegde,Pune,2023-08-21,BR010,branch,28,28380,self_employed_business ,374,0.3769,2,11,personal,219000,36
LP001114,APP903512,Lakshmi Pillai,Kolkata,2024-03-06,BR022,branch,31,40559,self_employed_professional,740,0.5553,1,1,personal,757000,48
LP001115,APP900928,Swathi Patel,Kanpur,2025-06-14,BR009,branch,54,73209,salaried_government,549,0.6276,0,4,personal,506000,12
LP001116,APP902222,Neha Ramesh,Bengaluru,2023-10-08,BR001,branch,28,139261,self_employed_business,782,0.3796,0,0,vehicle,2500000,60
LP001117,APP901235,Rahul Pillai,Ludhiana,2023-09-24,BR012,branch,30,121994,salaried_private,725,0.3999,0,0,home,5905000,300
LP001118,APP903835,Aditya Menon,Chennai,2023-11-29,BR014,branch,38,126551,self_employed_professional,750,0.5188,2,0,personal,1500000,48
LP001119,APP903626,Rohan Varma,Jaipur,2023-03-31,BR026,partner_referral,33,44990,self_employed_professional,577,0.3367,0,2,vehicle,327000,24
LP001120,APP902739,Vikram Nair,Lucknow,2024-08-16,BR015,online,36,30466,self_employed_business,794,0.2154,0,0,personal,191000,36
LP001121,APP902189,Ritika Bose,Mysuru,2023-04-04,BR024,branch,27,50480,self_employed_business,445,0.3854,1,6,personal,302000,24
LP001122,APP900680,Deepika Rao,Madurai,2024-04-06,BR020,direct_sales_agent,50,26951,contract,617,0.7574,2,2,vehicle,708000,60
LP001123,APP901683,Deepika Kapoor,Rajkot,2024-11-22,BR006,direct_sales_agent,38,29682,salaried_private,655,0.4248,0,1,personal,363000,36
LP001124,APP902296,Arjun Desai,Kanpur,2023-05-30,BR040,branch,29,41677,self_employed_business,472,0.2379,0,3,personal,201000,24
LP001125,APP902752,Neha Kulkarni,Kolkata,2023-06-15,BR034,online,36,49388,self_employed_business,584,0.6026,1,1,personal,1053000,60
LP001126,APP901005,Ritika Kapoor,Coimbatore,2024-02-11,BR011,branch,26,112990,salaried_private,677,0.2857,0,1,gold,979000,36
LP001127,APP900118,Vinay Hegde,Chennai ,2025-06-06,BR025,online,28,45831,contract,503,0.515,0,6,vehicle,917000,48
LP001128,APP901136,Neha Gowda,Chennai,2024-12-14,BR001,partner_referral,28,58945,salaried_private,594,0.4426,2,1,vehicle,510000,36
LP001129,APP901380,Aadhya Rao,Mysuru,2024-05-12,BR010,direct_sales_agent,32,57002,salaried_private,723,0.3128,1,0,gold,162000,12
LP001130,APP900934,Shreya Menon,Mysuru,2025-02-17,BR003,direct_sales_agent,60,71798,salaried_government,642,0.5025,1,0,gold,671000,24
LP001131,APP902053,Pooja Desai,Indore,2025-04-15,BR005,online,60,77301,salaried_private,531,0.6492,1,0,vehicle,2024000,60
LP001132,APP900541,Ananya Rao,Mysuru,2025-06-02,BR032,branch,40,139510,contract,840,0.4416,0,0,vehicle,2453000,48
LP001133,APP902479,Vivaan Subramanian,Hyderabad,2025-06-09,BR003,branch,32,151590,self_employed_business,564,0.3068,1,4,gold,315000,12
LP001134,APP903767,Arjun Pillai,Coimbatore,2025-01-08,BR024,direct_sales_agent,36,39891,self_employed_professional,391,0.6344,1,6,vehicle,908000,48
LP001135,APP900757,Nikhil Bose,Kanpur,2025-03-30,BR008,online,27,45028,salaried_government,606,0.588,2,3,home,1765000,180
LP001136,APP902191,Siddharth Nair,Indore,2023-02-08,BR007,partner_referral,27,52138,self_employed_business,375,0.5691,1,11,home,1903000,120
LP001137,APP902926,Saanvi Varma,Pune ,2024-09-07,BR002,branch,40,111713,SELF_EMPLOYED_BUSINESS,647,0.4109,0,3,vehicle,1809000,48
LP001138,APP903066,Lakshmi Bhat,Nagpur,2024-10-06,BR024,partner_referral,44,54185, self_employed_business,548,0.5515,1,1,personal,849000,48
LP001139,APP903395,Aditya Bhat,Kolkata,2023-01-11,BR005,partner_referral,29,100401,self_employed_professional,556,0.5586,0,2,vehicle,2198000,48
LP001140,APP900137,Nandini Menon,Indore,2024-03-13,BR037,online,28,89871,contract,601,0.5945,2,5,personal,1500000,60
LP001141,APP903625,Aditya Kulkarni,Indore,2024-10-14,BR007,branch,33,43760,self_employed_professional,707,0.6217,3,1,home,1500000,180
LP001142,APP901624,Reyansh Desai,Jaipur,2024-01-19,BR022,branch,37,12175,salaried_private,737,0.3774,0,1,personal,51000,12
LP001143,APP903410,Divya Pillai,Chennai,2024-03-17,BR012,branch,29,23108, self_employed_professional,478,0.4948,2,5,gold,209000,36
LP001144,APP903674,Praveen Joshi,Indore,2025-06-05,BR029,online,34,49385,self_employed_professional,615,0.6844,2,2,gold,255000,12
LP001145,APP901640,Deepika Verma,Hyderabad,2024-07-14,BR036,branch,37,32038,salaried_private,583,0.2827,0,4,vehicle,541000,84
LP001146,APP901897,Deepika Kulkarni,Chennai,2024-03-17,BR025,online,44,64841,salaried_private,643,0.4104,2,1,gold,235000,18
LP001147,APP901917,Aditya Banerjee,Bengaluru,2023-08-01,BR023,partner_referral,45,53695,Salaried_Private,580,0.6459,2,1,personal,838000,48
LP001148,APP903829,Yash Sinha,Kolkata,2023-08-17,BR040,branch,37,91598,SELF_EMPLOYED_PROFESSIONAL,388,0.5874,0,7,personal,1500000,36
LP001149,APP903732,Swathi Chauhan,Pune,2025-01-08,BR039,online,35,51237,self_employed_professional ,900,0.3891,1,0,personal,648000,48
LP001150,APP900305,Aarav Krishnan,Hyderabad,2023-01-10,BR010,branch,33,112017,contract,565,0.3578,0,3,vehicle,864000,24
LP001151,APP903377,Kavya Krishnan,Coimbatore,2025-06-01,BR025,branch,28,55383,self_employed_professional,616,0.4195,0,0,home,2812000,300
LP001152,APP900611,Siddharth Malhotra,Kolkata,2023-11-10,BR003,online,44,39656,contract,556,0.5685,1,3,vehicle,835000,60
LP001153,APP901218,Rahul Pillai,Mysuru,2024-05-24,BR003,partner_referral,29,66552,salaried_private,644,0.2873,0,0,vehicle,591000,36
LP001154,APP903646,Gayathri Prasad,Lucknow,2025-01-03,BR023,branch,34,117249,self_employed_professional,676,0.4975,0,1,vehicle,1810000,36
LP001155,APP902796,Vivaan Malhotra,Kochi,2023-03-17,BR030,partner_referral,37,250499,self_employed_business,578,0.2537,1,2,personal,1500000,60
LP001156,APP900268,Manoj Shah,Madurai,2025-05-30,BR030,branch,32,154946,contract ,613,0.3628,1,0,personal,1500000,48
LP001157,APP901874,Vikram Sinha,Ahmedabad,2024-11-07,BR015,online,43,68000,salaried_private,702,0.3596,3,0,vehicle,457000,48
LP001158,APP900818,Rohan Nair,Tirunelveli,2025-04-16,BR036,online,34,123406,salaried_government,705,0.2668,0,1,gold,1000000,36
LP001159,APP901009,Karthik Verma,Nagpur,2024-01-08,BR021,branch,26,26748,salaried_private,596,0.2513,0,4,gold,204000,36
LP001160,APP902141,Ishaan Chatterjee,Ludhiana,2023-04-13,BR014,branch,26,38909,self_employed_business,737,0.5957,1,0,personal,628000,36
LP001161,APP900820,Vikram Mukherjee,Surat,2023-01-28,BR033,branch,34,33371,salaried_government,521,0.3228,0,4,gold,228000,24
LP001162,APP900656,Neha Krishnan,Tirunelveli,2023-09-14,BR031,partner_referral,47,74191,contract,644,0.5593,2,1,personal,1500000,60
LP001163,APP903660,Divya Desai,Ludhiana,2023-03-09,BR039,partner_referral,34,24702,self_employed_professional,647,0.6261,1,1,personal,373000,36
LP001164,APP903272,Pooja Subramanian,Pune,2025-06-26,BR017,branch,25,27675,self_employed_professional,900,0.338,0,0,vehicle,444000,60
LP001165,APP902028,Vivaan Rao,Ahmedabad,2023-12-09,BR032,branch,56,20526,salaried_private,454,0.35,0,5,vehicle,154000,24
LP001166,APP900473,Vinay Chauhan,Bengaluru,2024-02-21,BR005,online,37,58616,contract,704,0.6439,1,1,personal,869000,36
LP001167,APP901829,Karthik Rao,Nagpur,2023-07-23,BR008,branch,42,146867,salaried_private,877,0.5411,0,0,home,10519000,360
LP001168,APP904099,Kavya Menon,Pune,2025-02-11,BR020,partner_referral,51,62134,self_employed_professional,384,0.3529,1,7,gold,579000,36
LP001169,APP902793,Neha Bhat,Mysuru,2024-08-27,BR039,direct_sales_agent,37,22751,self_employed_business,723,0.4275,0,0,personal,108000,12
LP001170,APP902210,Vikram Banerjee,Rajkot,2023-11-21,BR028,direct_sales_agent,27,87339,self_employed_business,300,0.5833,1,9,personal,1500000,48
LP001171,APP900151,Aditya Patel,Indore,2024-10-06,BR011,branch,29,153829,contract,635,0.5165,4,0,gold,552000,18
LP001172,APP903182,Saanvi Varma,Lucknow,2025-01-14,BR025,branch,53,44650,self_employed_business,680,0.7098,2,1,home,3163000,360
LP001173,APP903866,Ishaan Sharma,Nashik,2024-10-20,BR028,partner_referral,38,92292,self_employed_professional,706,0.354,0,1,personal,362000,12
LP001174,APP902731,Gayathri Banerjee,Tirunelveli,2024-01-24,BR001,direct_sales_agent,36,167386,self_employed_business,718,0.6375,1,0,home,11086000,240
LP001175,APP902575,Nandini Kulkarni,Kanpur,2024-03-23,BR014,online,33,55965,self_employed_business,487,0.4575,0,3,personal,894000,48
LP001176,APP900112,Manoj Nair,Chennai,2023-09-08,BR001,branch,28,33525,contract,709,0.2716,1,0,vehicle,219000,36
LP001177,APP904088,Ananya Varma,Hyderabad,2023-06-14,BR020,branch,50,12000,self_employed_professional,655,0.1453,0,0,personal,50000,36
LP001178,APP903132,Aadhya Subramanian,Madurai,2025-04-27,BR015,direct_sales_agent,48,138152,self_employed_business,715,0.4359,0,0,home,6058000,180
LP001179,APP903471,Karthik Verma,Visakhapatnam,2025-04-28,BR013,branch,30,49870, SELF_EMPLOYED_PROFESSIONAL ,606,0.3914,0,2,gold,220000,12
LP001180,APP900298,Swathi Verma,Bhopal,2024-04-22,BR009,online,32,80496,contract,572,0.4443,1,3,home,3205000,300
LP001181,APP903326,Praveen Pillai,Kolkata,2025-03-15,BR008,partner_referral,27,21663,self_employed_professional,764,0.5297,1,1,personal,378000,60
LP001182,APP902176,Karthik Bhat,Nagpur,2024-10-08,BR012,branch,27,217168,self_employed_business,737,0.6211,3,0,home,10304000,240
LP001183,APP902781,Aadhya Naidu, Bhopal,2023-03-10,BR005,online,37,100312,self_employed_business,725,0.3256,1,0,home,3075000,240
LP001184,APP901915,Sneha Verma,Tirunelveli,2023-12-01,BR015,direct_sales_agent,45,40178,salaried_private,382,0.4622,2,11,home,1738000,360
LP001185,APP901923,Meera Bose,Jaipur,2023-08-26,BR015,branch,45,78464, salaried_private,465,0.3024,1,2,gold,184000,12
LP001186,APP902310,Saanvi Iyer,Bhopal,2023-02-25,BR006,branch,29,52679,self_employed_business,752,0.5767,1,1,vehicle,1343000,60
LP001187,APP900709,Priya Chatterjee,Kanpur,2023-04-28,BR003,online,57,18641,contract,770,0.4244,1,1,personal,171000,36
LP001188,APP903812,Aniket Ramesh,Kanpur,2023-01-14,BR001,branch,37,47018, self_employed_professional,730,0.3076,0,0,personal,299000,24
LP001189,APP904071,Harsha Mukherjee,Lucknow,2024-08-14,BR040,branch,48,60226,self_employed_professional,503,0.5926,0,5,home,3853000,240
LP001190,APP903142,Swathi Subramanian,Jaipur,2024-10-26,BR020,partner_referral,49,103695,self_employed_business,359,0.5198,0,5,personal,1500000,36
LP001191,APP901154,Kavya Desai,Jaipur,2025-05-24,BR001,branch,29,102236,salaried_private,664,0.3044,0,1,home,3484000,240
LP001192,APP900289,Aniket Shah,Rajkot,2024-06-25,BR033,partner_referral,32,62103,contract,532,0.5484,2,4,personal,865000,48
LP001193,APP902587,Lakshmi Krishnan,Kolkata,2024-08-22,BR024,direct_sales_agent,33,81189,self_employed_business,692,0.4875,3,1,personal,442000,24
LP001194,APP900204,Krishna Nair,Indore ,2024-12-21,BR006,partner_referral,30,82219,contract,733,0.4126,0,0,vehicle,737000,24
LP001195,APP903908,Swathi Nair,Hyderabad,2023-09-15,BR020,online,40,39940,self_employed_professional,602,0.4856,0,0,personal,398000,24
LP001196,APP903014,Nandini Pillai,Mysuru,2024-12-26,BR037,online,42,40127,self_employed_business,535,0.5387,0,2,vehicle,841000,48
LP001197,APP900152,Meera Sharma,Madurai,2024-06-07,BR026,partner_referral,29,181093,contract,689,0.335,0,0,gold,1000000,18
LP001198,APP902748,Priya Malhotra,Indore,2025-05-26,BR023,direct_sales_agent,36,43253,self_employed_business,728,0.4783,1,0,personal,498000,36
LP001199,APP902086,Swathi Sinha,Visakhapatnam,2023-12-06,BR015,branch,24,94241,self_employed_business,684,0.6899,1,0,personal,679000,12
LP001200,APP903334,Manoj Verma,Coimbatore,2023-01-17,BR004,branch,27,36486,Self_Employed_Professional,498,0.5079,1,7,personal,396000,36
LP001201,APP901572,Bhavana Reddy,Hyderabad,2025-02-15,BR038,partner_referral,36,106834,salaried_private,826,0.4879,0,0,vehicle,2500000,60
LP001202,APP900443,Harsha Reddy,Bhopal,2023-05-14,BR012,partner_referral,36,91033,contract,755,0.4609,1,0,personal,1111000,36
LP001203,APP901097,Kavya Kulkarni,Tirunelveli ,2024-11-21,BR002,online,28,137936,salaried_private,563,0.2651,0,1,personal,1500000,60
LP001204,APP901965,Shreya Iyer,Ahmedabad,2024-03-05,BR022,direct_sales_agent,48,111553, SALARIED_PRIVATE ,900,0.5027,1,0,home,5264000,300
LP001205,APP900887,Arjun Mukherjee,Mumbai,2024-11-04,BR011,branch,42,28911,salaried_government,532,0.1139,0,2,gold,54000,18
LP001206,APP900112,Manoj Nair,Chennai,2023-11-17,BR001,direct_sales_agent,28,30034,contract,852,0.4732,0,0,vehicle,444000,36
LP001207,APP903614,Priya Shah,Delhi,2024-03-12,BR032,partner_referral,33,26339,self_employed_professional,621,0.6354,3,1,gold,154000,18
LP001208,APP901787,Bhavana Kapoor,Rajkot,2023-07-04,BR037,online,40,53090,salaried_private,540,0.5729,1,4,vehicle,1099000,60
LP001209,APP904039,Ishaan Reddy,Rajkot,2023-12-22,BR002,branch,46,26663,self_employed_professional,558,0.4209,0,2,gold,65000,6
LP001210,APP902719,Nandini Sharma,Jaipur,2025-01-04,BR013,partner_referral,36,102068,self_employed_business,654,0.5715,2,0,home,4782000,240
LP001211,APP900968,Nikhil Hegde,Delhi,2025-04-19,BR003,branch,24,44692,salaried_private,605,0.6456,2,0,home,1832000,180
LP001212,APP904033,Lakshmi Malhotra,Mysuru,2024-01-07,BR033,online,45,77511,self_employed_professional,596,0.5491,0,1,personal,1213000,36
LP001213,APP901210,Aarav Subramanian,Ludhiana,2025-04-24,BR017,branch,29,58223,salaried_private,522,0.3412,0,3,vehicle,428000,24
LP001214,APP900677,Anjali Desai,Pune,2024-09-27,BR010,online,49,87289, contract,760,0.3737,0,0,gold,537000,18
LP001215,APP902978,Saanvi Hegde,Visakhapatnam,2025-06-02,BR012,online,41,33236,self_employed_business,446,0.567,2,5,vehicle,418000,36
LP001216,APP901355,Shreya Chauhan,Mumbai,2024-09-14,BR040,branch,32,27236,salaried_private,637,0.4028,1,1,gold,53000,6
LP001217,APP901898,Sneha Menon,Bengaluru,2023-09-17,BR027,branch,44,69643,salaried_private,789,0.3729,0,1,personal,1118000,60
LP001218,APP900919,Priya Joshi,Lucknow,2025-01-08,BR023,direct_sales_agent,50,51504,salaried_government,773,0.4703,0,0,personal,1032000,60
LP001219,APP900196,Praveen Iyer, Bengaluru,2023-05-05,BR027,online,30,55135,contract,771,0.7911,3,0,personal,1186000,60
LP001220,APP900908,Kavya Bhat,Delhi,2025-04-20,BR003,direct_sales_agent,46,45040,salaried_government,722,0.4371,0,0,vehicle,928000,60
LP001221,APP900091,Neha Bhat,Jaipur,2024-04-29,BR036,branch,27,72273, contract,608,0.361,1,3,personal,764000,48
LP001222,APP903161,Siddharth Bhat,Kochi,2024-05-20,BR003,branch,50,75402,self_employed_business,577,0.3866,0,3,personal,1027000,48
LP001223,APP901844,Nandini Verma,Visakhapatnam,2024-06-11,BR034,branch,42,57800,salaried_private,823,0.4744,1,0,vehicle,657000,36
LP001224,APP903187,Lakshmi Shah,Tirunelveli,2023-09-09,BR005,branch,54,241322,self_employed_business,700,0.2957,2,0,personal,1500000,60
LP001225,APP903921,Ritika Kapoor,Nagpur,2023-10-17,BR013,direct_sales_agent,40,89071,Self_Employed_Professional,714,0.5661,1,1,home,5030000,300
LP001226,APP900235,Yash Menon,Madurai,2024-05-07,BR012,branch,31,49722,contract,735,0.4985,1,0,vehicle,656000,36
LP001227,APP900750,Nikhil Subramanian,Visakhapatnam,2024-01-11,BR014,partner_referral,27,141972,salaried_government,538,0.5085,1,1,home,6770000,240
LP001228,APP902041,Lakshmi Nair,Nagpur,2023-09-13,BR026,branch,59,92033,salaried_private,571,0.3431,0,4,gold,517000,18
LP001229,APP903816,Swathi Sharma,Visakhapatnam,2023-02-18,BR020,online,37,57165,self_employed_professional ,530,0.608,1,2,personal,1223000,60
LP001230,APP901050,Gayathri Menon,Hyderabad,2023-03-28,BR010,online,27,22414,salaried_private,480,0.3735,0,2,gold,177000,24
LP001231,APP900345,Aarav Shah,Pune,2024-12-22,BR012,online,34,212604,contract,597,0.3006,0,1,vehicle,2500000,48
LP001232,APP902570,Nikhil Iyer,Jaipur,2024-10-25,BR039,branch,33,50891,self_employed_business,635,0.5119,1,0,personal,573000,36
LP001233,APP902560,Praveen Varma,Mysuru,2025-05-07,BR007,branch,33,40212,self_employed_business,573,0.4407,0,0,vehicle,382000,24
LP001234,APP901471,Anjali Shah,Mumbai,2023-06-09,BR030,branch,34,226441,salaried_private ,775,0.2437,1,1,gold,1000000,24
LP001235,APP900803,Vinay Bhat,Kolkata,2025-05-31,BR028,partner_referral,32,46648,salaried_government,564,0.34,0,2,personal,175000,12
LP001236,APP902256,Reyansh Iyer,Madurai,2024-01-07,BR028,branch,28,70152,self_employed_business,772,0.6889,2,3,personal,1009000,36
LP001237,APP901989,Pooja Naidu,Vadodara,2023-05-11,BR029,branch,50,39512,salaried_private,667,0.95,0,1,vehicle,580000,12
LP001238,APP900761,Krishna Kulkarni,Bhopal,2024-12-08,BR004,online,28,102452,salaried_government,566,0.4825,0,1,vehicle,1934000,48
LP001239,APP900444,Lakshmi Prasad, Nagpur,2023-03-16,BR032,branch,36,91790, contract,635,0.6184,1,2,vehicle,2402000,60
LP001240,APP900703,Aadhya Verma,Bhopal,2023-02-18,BR036,branch,54,62417,Contract,434,0.6551,0,5,personal,1145000,36
LP001241,APP900095,Ritika Iyer,Madurai,2025-06-08,BR037,branch,27,99735,contract,680,0.6158,1,1,personal,543000,12
LP001242,APP902270,Krishna Iyer,Indore,2023-07-31,BR023,partner_referral,29,112281,self_employed_business,605,0.5033,0,0,home,6881000,360
LP001243,APP900494,Ritika Chatterjee,Lucknow,2023-08-22,BR039,online,38,14817,contract,703,0.1774,0,0,gold,56000,24
LP001244,APP900724,Divya Kulkarni, Delhi,2024-08-10,BR027,branch,60,62768,contract,559,0.4855,0,3,home,3734000,360
LP001245,APP901335,Rahul Chatterjee,Ahmedabad,2023-09-17,BR024,branch,31,95821,salaried_private,806,0.3316,1,0,vehicle,780000,48
LP001246,APP903651,Ananya Hegde,Coimbatore,2024-05-05,BR035,branch,34,159707,self_employed_professional,582,0.5045,1,2,home,9007000,360
LP001247,APP901849,Nikhil Malhotra,Delhi,2023-06-16,BR027,partner_referral,42,84748,salaried_private,664,0.5708,0,1,home,5969000,360
LP001248,APP902789,Ananya Menon,Ahmedabad,2024-02-17,BR002,direct_sales_agent,37,153481,self_employed_business,653,0.4148,0,1,vehicle,2500000,48
LP001249,APP900990,Divya Iyer,Indore,2024-03-29,BR002,online,25,58695,salaried_private,702,0.2578,1,1,gold,259000,24
LP001250,APP903018,Priya Iyer,Kochi,2025-03-09,BR013,online,42,52609,self_employed_business,475,0.6009,1,4,personal,1077000,60
LP001251,APP900111,Yash Sharma,Coimbatore,2023-11-07,BR002,online,28,26385,contract,697,0.4991,1,1,vehicle,477000,60
LP001252,APP903582,Nikhil Pillai,Visakhapatnam,2025-01-15,BR035,branch,32,59668,self_employed_professional,628,0.4257,0,2,personal,1049000,60
LP001253,APP901209,Reyansh Mukherjee,Mysuru,2023-07-07,BR012,branch,29,56120,salaried_private,751,0.6632,1,0,personal,1099000,48
LP001254,APP902405,Vivaan Ramesh,Nagpur,2025-01-20,BR006,branch,30,94431,self_employed_business,536,0.3708,0,2,vehicle,757000,24
LP001255,APP900537,Swathi Varma,Madurai,2025-02-15,BR010,branch,39,77193,contract,660,0.6721,1,0,home,5212000,360
LP001256,APP901951,Nandini Chauhan,Jaipur ,2024-07-16,BR039,branch,47,126750,salaried_private,566,0.4791,0,4,home,7615000,360
LP001257,APP900522,Divya Naidu,Jaipur,2023-02-22,BR019,branch,39,26231,contract,846,0.3322,1,0,gold,91000,18
LP001258,APP900746,Sandeep Pillai,Ludhiana,2024-02-03,BR002,branch,26,127966,salaried_government,647,0.4385,0,1,home,6621000,300
LP001259,APP903654,Pooja Kulkarni, Tirunelveli,2024-11-01,BR008,online,34,19360,self_employed_professional,556,0.7144,0,2,personal,282000,24
LP001260,APP902742,Manoj Ramesh,Mysuru,2025-01-05,BR011,partner_referral,36,34299,self_employed_business,679,0.413,2,1,personal,404000,60
LP001261,APP904115,Ananya Joshi,Hyderabad,2023-06-07,BR027,branch,54,55020,self_employed_professional,557,0.6239,2,2,vehicle,999000,48
LP001262,APP901800,Vinay Subramanian,Nagpur,2024-03-18,BR038,branch,41,126090,salaried_private,702,0.4833,1,0,gold,1000000,24
LP001263,APP902341,Sandeep Reddy,Mumbai,2025-05-14,BR014,online,30,136132,self_employed_business,578,0.431,1,1,home,4639000,180
LP001264,APP903497,Vikram Shah,Ludhiana ,2023-04-01,BR008,partner_referral,31,131362,self_employed_professional,532,0.5321,1,4,home,5840000,240
LP001265,APP901096,Vikram Sharma,Madurai,2023-02-16,BR026,branch,28,132205, SALARIED_PRIVATE ,622,0.4723,1,2,personal,540000,12
LP001266,APP902886,Neha Iyer,Bengaluru,2024-10-11,BR036,online,39,186223,self_employed_business,657,0.2705,0,1,home,6261000,360
LP001267,APP901181,Sneha Kulkarni,Bengaluru,2024-04-22,BR004,branch,29,31528,salaried_private,694,0.5442,3,2,personal,280000,36
LP001268,APP901052,Nandini Reddy,Madurai,2024-09-10,BR014,branch,27,24870,salaried_private,609,0.4008,0,4,gold,164000,18
LP001269,APP901037,Diya Pillai,Kanpur,2025-04-25,BR006,direct_sales_agent,27,101642,salaried_private,651,0.2663,0,0,home,3174000,300
LP001270,APP901737,Harsha Joshi,Lucknow,2025-06-03,BR005,online,39,52178,salaried_private,587,0.95,0,2,vehicle,1211000,24
LP001271,APP901374,Deepika Menon,Vadodara,2024-05-02,BR001,partner_referral,32,50485,salaried_private,720,0.2891,0,0,gold,441000,36
LP001272,APP903987,Vikram Mukherjee,Kanpur,2024-07-07,BR027,online,43,51819,self_employed_professional,827,0.8032,1,0,vehicle,408000,12
LP001273,APP900850,Nikhil Subramanian,Kanpur,2024-08-22,BR033,partner_referral,37,20574,salaried_government,320,0.5199,1,10,vehicle,178000,24
LP001274,APP900614,Lakshmi Varma,Surat,2025-02-25,BR038,online,44,75844,contract,466,0.4121,0,7,personal,1086000,48
LP001275,APP903707,Kavya Rao,Kochi,2024-11-16,BR005,branch,35,29093,self_employed_professional,600,0.4756,0,1,personal,572000,60
LP001276,APP903570,Nikhil Patel,Kanpur,2023-03-18,BR040,online,32,39730,self_employed_professional,559,0.6586,0,3,vehicle,1021000,48
LP001277,APP902771,Bhavana Naidu,Nagpur,2023-12-26,BR039,branch,36,79749,self_employed_business,589,0.4388,1,0,personal,581000,24
LP001278,APP900971,Diya Sharma,Rajkot,2023-01-16,BR004,branch,24,69980,salaried_private,636,0.437,2,1,home,2590000,240
LP001279,APP900035,Aadhya Kapoor,Rajkot,2025-01-31,BR021,branch,25,38556,contract,534,0.4517,0,6,personal,492000,36
LP001280,APP903289,Karthik Menon,Coimbatore,2023-10-24,BR039,branch,26,102605,self_employed_professional,674,0.5966,0,1,home,6922000,240
LP001281,APP903077,Sandeep Shah,Indore,2023-09-22,BR022,online,45,133348,self_employed_business,626,0.3921,0,1,home,6120000,300
LP001282,APP903932,Rahul Chauhan,Pune,2023-10-02,BR012,direct_sales_agent,41,128056,self_employed_professional,728,0.4093,0,0,home,5893000,240
LP001283,APP901634,Manoj Mukherjee,Rajkot,2023-08-19,BR032,online,37,246929,SALARIED_PRIVATE,755,0.2136,0,2,vehicle,2500000,60
LP001284,APP903939,Nandini Verma,Indore,2023-03-03,BR039,online,41,39574,self_employed_professional,476,0.486,0,2,vehicle,1128000,84
LP001285,APP901314,Vivaan Ramesh,Mumbai,2023-04-14,BR040,online,31,59359,Salaried_Private,774,0.3074,1,1,personal,390000,36
LP001286,APP901379,Sneha Kulkarni,Visakhapatnam ,2023-12-25,BR022,branch,32,56304,salaried_private,641,0.3026,0,3,gold,515000,36
LP001287,APP902699,Reyansh Malhotra,Mumbai,2023-06-20,BR014,branch,35,55434,self_employed_business,692,0.5267,0,2,home,3596000,300
LP001288,APP903965,Yash Hegde,Vadodara,2023-08-05,BR027,online,42,46232,self_employed_professional,503,0.4665,1,3,gold,395000,24
LP001289,APP902233,Aditya Prasad, Pune,2023-09-27,BR021,branch,28,31700,self_employed_business,527,0.7232,2,3,personal,632000,48
LP001290,APP900626,Shreya Shah,Kolkata,2024-09-24,BR026,online,45,48739,contract,588,0.4498,3,3,vehicle,363000,36
LP001291,APP900763,Ritika Subramanian,Delhi,2024-10-13,BR020,online,28,37910,salaried_government,700,0.2431,0,1,personal,190000,24
LP001292,APP901065,Lakshmi Desai, Ahmedabad,2024-03-16,BR024,direct_sales_agent,27,48511,salaried_private,713,0.4475,1,0,home,2125000,300
LP001293,APP900426,Ishaan Naidu,Visakhapatnam,2025-05-13,BR011,branch,36,169380,contract,716,0.3153,1,0,personal,1500000,60
LP001294,APP903932,Rahul Chauhan,Pune,2024-04-19,BR012,branch,41,151065,Self_Employed_Professional,592,0.373,1,2,personal,781000,24
LP001295,APP900556,Vinay Kapoor,Kolkata,2023-07-04,BR021,branch,40,77859,contract,603,0.5535,2,3,personal,980000,36
LP001296,APP901827,Kavya Malhotra,Kochi,2024-08-16,BR040,branch,42,131977,salaried_private,637,0.5141,0,0,vehicle,2092000,36
LP001297,APP901485,Ritika Patel,Indore,2023-02-19,BR013,partner_referral,34,39468,salaried_private,690,0.7383,1,0,gold,151000,6
LP001298,APP904035,Priya Rao,Vadodara,2024-09-14,BR037,branch,46,103538,self_employed_professional,668,0.2106,0,0,personal,449000,24
LP001299,APP901316,Diya Varma,Visakhapatnam,2023-09-20,BR004,online,31,59495,salaried_private,715,0.6706,1,1,gold,199000,6
LP001300,APP901033,Aarav Malhotra, Hyderabad,2023-11-14,BR028,partner_referral,26,86006,salaried_private,684,0.6537,1,0,personal,1500000,36
LP001301,APP902025,Deepika Bhat,Bhopal,2024-02-06,BR001,online,55,44223,salaried_private ,749,0.48,0,1,personal,236000,12
LP001302,APP900883,Aarav Banerjee,Pune,2025-02-03,BR004,online,41,71557,salaried_government,762,0.4804,0,0,home,4362000,360
LP001303,APP903267,Nandini Subramanian,Nashik,2024-05-25,BR005,branch,25,14787,self_employed_professional,409,0.6039,1,6,vehicle,314000,48
LP001304,APP902353,Shreya Mukherjee,Rajkot,2023-09-11,BR006,partner_referral,30,24982,self_employed_business,617,0.6262,1,4,personal,521000,60
LP001305,APP901056,Nandini Kapoor,Kanpur,2023-06-16,BR027,branch,27,27648,salaried_private,782,0.3736,1,0,personal,264000,36
LP001306,APP900092,Anjali Banerjee,Bhopal,2024-04-24,BR022,online,27,81929,contract,724,0.654,0,1,gold,311000,6
LP001307,APP902703,Pooja Nair,Kochi,2024-08-15,BR032,online,35,66025,self_employed_business,668,0.562,2,0,personal,552000,24
LP001308,APP900320,Praveen Sharma,Hyderabad,2024-03-19,BR032,direct_sales_agent,33,35567,contract,535,0.5355,0,3,vehicle,882000,60
LP001309,APP900182,Sneha Chauhan,Lucknow,2025-06-18,BR031,online,30,155315,contract,576,0.4721,1,4,vehicle,2500000,48
LP001310,APP903810,Diya Chatterjee,Madurai,2025-03-07,BR030,online,37,39997,self_employed_professional,670,0.5145,1,2,gold,200000,12
LP001311,APP902263,Siddharth Bhat,Ludhiana,2023-12-20,BR007,partner_referral,28,92453,self_employed_business,637,0.5108,0,2,home,5735000,360
LP001312,APP901788,Saanvi Banerjee,Hyderabad,2023-10-06,BR026,branch,40,57155, SALARIED_PRIVATE ,751,0.4307,0,0,personal,509000,24
LP001313,APP903717,Diya Ramesh,Pune,2023-12-22,BR036,partner_referral,35,35945,self_employed_professional,557,0.475,0,1,gold,192000,12
LP001314,APP901255,Vivaan Prasad,Ahmedabad,2025-02-24,BR013,online,30,35956,salaried_private,517,0.3478,2,3,gold,158000,24
LP001315,APP902259,Shreya Hegde,Bhopal,2025-04-17,BR009,partner_referral,28,80019,self_employed_business,536,0.6409,2,3,vehicle,1647000,60
LP001316,APP902795,Bhavana Kulkarni,Vadodara,2023-08-16,BR035,branch,37,24867,self_employed_business,753,0.6605,3,0,vehicle,370000,36
LP001317,APP903790,Rahul Kulkarni,Nagpur,2023-07-01,BR031,branch,37,141837,self_employed_professional,718,0.3009,1,1,gold,927000,36
LP001318,APP902122,Neha Chatterjee,Nashik,2024-01-26,BR007,partner_referral,25,92999,self_employed_business,749,0.5515,3,0,gold,822000,36
LP001319,APP900719,Kavya Kapoor,Pune,2023-12-13,BR003,online,60,230097,contract,671,0.1823,0,2,personal,1500000,48
LP001320,APP902477,Neha Chauhan,Rajkot,2023-03-16,BR029,online,32,14303,SELF_EMPLOYED_BUSINESS,442,0.4096,0,7,vehicle,227000,48
LP001321,APP903251,Vinay Patel,Madurai,2023-11-15,BR030,online,24,47916,self_employed_professional,487,0.7081,1,5,vehicle,1436000,60
LP001322,APP903214,Nandini Malhotra,Bhopal,2023-11-06,BR020,branch,60,20894,self_employed_business,700,0.2823,0,1,gold,97000,18
LP001323,APP903268,Vinay Ramesh,Nagpur,2024-01-24,BR035,branch,25,172593,SELF_EMPLOYED_PROFESSIONAL,416,0.247,0,8,vehicle,2500000,84
LP001324,APP902777,Ananya Desai,Pune,2024-09-05,BR036,partner_referral,36,92858,self_employed_business,506,0.5489,0,3,home,6067000,360
LP001325,APP901337,Rahul Bhat,Kolkata ,2025-05-19,BR013,online,32,102442,salaried_private,541,0.6601,3,3,personal,1476000,60
LP001326,APP900030,Praveen Verma,Coimbatore,2025-05-17,BR016,partner_referral,25,15833,contract,521,0.506,1,3,gold,78000,12
LP001327,APP900536,Rohan Varma,Mysuru,2024-10-21,BR038,online,39,73664,contract,679,0.3109,0,2,gold,133000,6
LP001328,APP902742,Manoj Ramesh,Mysuru ,2024-07-03,BR011,direct_sales_agent,36,34036,self_employed_business,621,0.6275,1,2,personal,712000,60
LP001329,APP902007,Sneha Kapoor,Delhi,2023-02-19,BR018,branch,53,137792,salaried_private,381,0.5472,0,9,home,8658000,300
LP001330,APP901410,Gayathri Mukherjee,Nagpur,2024-09-25,BR021,branch,33,152372,salaried_private,665,0.3368,1,0,gold,382000,12
LP001331,APP900110,Aadhya Menon,Ahmedabad,2025-02-16,BR013,branch,28,24558,contract,644,0.3639,1,3,gold,81000,12
LP001332,APP900912,Yash Kulkarni, Ludhiana,2025-06-22,BR015,online,48,106654,salaried_government,621,0.5316,1,1,home,3544000,120
LP001333,APP900717,Aadhya Rao,Lucknow,2024-11-12,BR030,online,60,119751,contract,699,0.6875,2,1,home,6506000,240
LP001334,APP903015,Nikhil Kulkarni,Chennai,2024-07-10,BR020,online,42,40633,self_employed_business,340,0.3854,0,12,gold,255000,18
LP001335,APP903258,Lakshmi Patel,Bhopal,2023-01-26,BR035,online,24,90293,self_employed_professional,614,0.3305,1,4,personal,822000,48
LP001336,APP901131,Yash Kapoor,Delhi,2023-11-06,BR009,branch,28,52307,salaried_private,711,0.4764,1,0,vehicle,1151000,84
LP001337,APP902453,Aniket Bose,Pune,2023-10-26,BR019,branch,31,70154,self_employed_business,411,0.3416,0,8,personal,672000,36
LP001338,APP903666,Pooja Chatterjee,Mumbai,2023-02-11,BR006,branch,34,34438,Self_Employed_Professional,617,0.4455,0,1,personal,439000,36
LP001339,APP901991,Saanvi Pillai,Kolkata,2023-07-06,BR035,partner_referral,50,65772,salaried_private,463,0.3685,0,7,home,2628000,240
LP001340,APP902993,Ishaan Kapoor,Bhopal,2025-03-11,BR021,online,41,58578,self_employed_business,594,0.4698,0,2,personal,1136000,60
LP001341,APP903232,Krishna Krishnan,Kochi,2023-06-22,BR040,online,23,48319,self_employed_professional,713,0.6814,2,1,home,3156000,360
LP001342,APP900933,Saanvi Patel,Lucknow,2024-01-18,BR026,online,60,62960,salaried_government,709,0.404,2,2,personal,266000,24
LP001343,APP903943,Sneha Chatterjee,Vadodara,2025-03-12,BR040,branch,41,57739,self_employed_professional,610,0.3332,0,1,gold,316000,18
LP001344,APP900478,Aadhya Verma,Ludhiana,2024-03-17,BR015,branch,37,73222, CONTRACT ,575,0.5879,3,4,home,2755000,240
LP001345,APP903817,Bhavana Prasad,Hyderabad,2023-02-01,BR011,branch,37,58769,self_employed_professional,631,0.4281,1,1,home,2462000,360
LP001346,APP900896,Vikram Chatterjee,Visakhapatnam,2025-04-06,BR021,online,43,37351,salaried_government,829,0.7474,5,0,vehicle,572000,48
LP001347,APP901036,Sandeep Varma,Coimbatore,2024-09-15,BR022,branch,27,101176,salaried_private,570,0.5074,0,2,personal,1461000,36
LP001348,APP900074,Aniket Kulkarni,Mumbai,2024-02-14,BR032,branch,27,125610,contract,658,0.6486,2,0,home,7111000,360
LP001349,APP902257,Siddharth Kulkarni,Ludhiana,2025-02-21,BR002,branch,28,77609,self_employed_business,531,0.5717,1,3,personal,1500000,60
LP001350,APP901296,Shreya Hegde,Ahmedabad,2023-07-19,BR023,online,31,25143,salaried_private,627,0.6379,0,1,vehicle,630000,48
LP001351,APP903035,Ritika Joshi,Kolkata,2025-01-25,BR023,branch,43,239389,self_employed_business,471,0.4926,1,3,home,12017000,360
LP001352,APP902287,Nandini Joshi,Hyderabad,2024-12-01,BR011,branch,29,28862,self_employed_business,726,0.5733,1,0,home,1500000,180
LP001353,APP903445,Kavya Menon,Kanpur ,2023-04-21,BR039,online,30,126439,self_employed_professional,551,0.4039,0,4,personal,1045000,24
LP001354,APP902737,Aadhya Prasad,Bhopal,2023-02-16,BR035,branch,36,29629,self_employed_business,730,0.8007,1,0,vehicle,798000,48
LP001355,APP900442,Ritika Malhotra,Kanpur,2023-10-05,BR030,partner_referral,36,88176,contract,531,0.4005,1,3,vehicle,786000,36
LP001356,APP900140,Aniket Pillai,Jaipur,2024-10-06,BR004,direct_sales_agent,28,96260,contract,788,0.6777,1,0,home,6047000,240
LP001357,APP901315,Aarav Subramanian,Hyderabad,2024-03-15,BR035,branch,31,59412,salaried_private,810,0.4794,3,0,personal,309000,24
LP001358,APP900944,Deepika Varma,Coimbatore,2024-05-02,BR005,branch,23,24966,salaried_private,512,0.6222,3,4,gold,182000,24
LP001359,APP901555,Anjali Sharma,Surat,2025-03-26,BR024,branch,35,53882,salaried_private,645,0.7792,2,1,personal,387000,12
LP001360,APP902302,Sandeep Gowda,Jaipur,2024-10-01,BR001,online,29,47669,self_employed_business,609,0.4209,1,2,home,2038000,300
LP001361,APP902788,Vivaan Desai,Tirunelveli,2025-03-15,BR035,online,37,15060,self_employed_business,724,0.5677,1,0,personal,212000,36
LP001362,APP900413,Praveen Mukherjee,Nashik,2024-11-08,BR011,branch,35,84177,contract,430,0.3754,1,8,personal,480000,24
LP001363,APP901118,Vinay Rao,Ahmedabad,2023-03-05,BR026,branch,28,32191,salaried_private,645,0.3177,0,2,gold,168000,18
LP001364,APP902754,Siddharth Bhat,Hyderabad,2024-01-22,BR008,direct_sales_agent,36,50920,self_employed_business,501,0.5095,0,5,vehicle,1210000,60
LP001365,APP902984,Divya Banerjee,Kanpur,2024-11-03,BR034,direct_sales_agent,41,42624,self_employed_business,454,0.6263,1,7,vehicle,514000,24
LP001366,APP902981,Gayathri Kapoor, Tirunelveli,2025-02-21,BR023,online,41,37345,self_employed_business,626,0.6085,1,0,vehicle,903000,60
LP001367,APP903320,Bhavana Nair,Visakhapatnam,2023-11-12,BR018,branch,27,107553,self_employed_professional,671,0.5437,2,0,personal,1500000,48
LP001368,APP903096,Rahul Krishnan,Indore,2023-02-16,BR002,partner_referral,46,124029,self_employed_business,708,0.7128,0,0,vehicle,1007000,12
LP001369,APP902675,Sneha Iyer,Madurai,2025-05-25,BR036,partner_referral,35,18382,self_employed_business,702,0.8306,0,0,home,1500000,180
LP001370,APP900184,Meera Prasad,Rajkot ,2025-01-14,BR027,online,30,28289,contract,621,0.3797,1,3,gold,189000,24
LP001371,APP901608,Reyansh Patel,Hyderabad,2023-07-20,BR038,branch,36,60425,salaried_private,635,0.4347,0,2,personal,938000,48
LP001372,APP901601,Manoj Chatterjee, Bhopal,2025-02-09,BR008,online,36,55262,salaried_private,604,0.5032,0,1,personal,569000,24
LP001373,APP903769,Aarav Patel,Delhi,2023-09-23,BR027,online,36,42403,self_employed_professional,389,0.4859,1,7,personal,607000,60
LP001374,APP902142,Diya Bhat,Lucknow,2023-02-13,BR037,branch,26,39687,self_employed_business,651,0.3805,2,1,gold,188000,18
LP001375,APP903761,Saanvi Mukherjee,Visakhapatnam,2024-03-19,BR039,online,36,33144,self_employed_professional,810,0.4208,1,0,personal,364000,36
LP001376,APP901179,Saanvi Kapoor,Bengaluru,2024-05-09,BR034,online,29,30901,salaried_private,619,0.7329,2,1,vehicle,630000,48
LP001377,APP901163,Nikhil Pillai,Vadodara ,2023-11-25,BR025,online,29,128040,salaried_private,518,0.5431,0,5,vehicle,789000,12
LP001378,APP900160,Siddharth Hegde,Delhi,2023-11-29,BR038,branch,29,46783,contract,782,0.651,2,0,vehicle,1161000,60
LP001379,APP901895,Swathi Rao,Kochi,2023-08-07,BR019,partner_referral,44,52309,salaried_private,421,0.3476,0,5,home,1913000,240
LP001380,APP903988,Meera Reddy,Kochi,2024-03-19,BR017,online,43,54379,self_employed_professional,454,0.5665,1,11,personal,905000,48
LP001381,APP902903,Shreya Krishnan,Nagpur,2025-04-19,BR005,online,39,54674,self_employed_business,657,0.4731,3,2,personal,537000,48
LP001382,APP901614,Reyansh Sinha,Nagpur,2025-04-28,BR017,branch,36,75021,salaried_private,593,0.3606,0,1,vehicle,1255000,60
LP001383,APP901873,Vinay Prasad,Lucknow,2023-05-01,BR026,branch,43,67252,salaried_private,598,0.5045,1,1,personal,1282000,60
LP001384,APP901123,Saanvi Chauhan,Delhi,2023-06-16,BR003,online,28,36469,salaried_private,342,0.5423,2,8,personal,453000,36
LP001385,APP904011,Nandini Subramanian,Madurai,2024-11-06,BR016,partner_referral,44,64564,self_employed_professional,713,0.4246,0,1,vehicle,850000,36
LP001386,APP900776,Swathi Hegde,Bengaluru,2024-07-22,BR002,branch,29,49643,salaried_government,606,0.3742,0,1,personal,205000,12
LP001387,APP901482,Aarav Bhat,Bengaluru,2024-11-05,BR017,online,34,35909,salaried_private,653,0.6228,3,1,personal,311000,24
LP001388,APP903870,Aadhya Rao,Vadodara,2023-07-14,BR012,branch,39,106822,self_employed_professional,613,0.314,1,0,personal,416000,24
LP001389,APP902647,Kavya Hegde,Coimbatore,2023-03-08,BR035,online,34,67239,self_employed_business,581,0.4733,1,5,home,2980000,240
LP001390,APP902551,Rahul Iyer,Hyderabad,2023-07-13,BR017,online,33,30051,self_employed_business,519,0.5269,0,2,personal,554000,48
LP001391,APP901564,Siddharth Sinha, Visakhapatnam,2024-10-03,BR002,branch,35,72222,salaried_private,670,0.357,2,1,gold,328000,18
LP001392,APP901646,Shreya Chatterjee, Delhi,2023-11-18,BR002,branch,37,48811,salaried_private,640,0.5424,1,0,gold,460000,24
LP001393,APP900197,Sneha Hegde,Vadodara,2023-02-01,BR003,online,30,56516,CONTRACT,708,0.5737,0,0,personal,1160000,48
LP001394,APP902827,Vinay Rao,Indore,2023-05-20,BR011,branch,37,77915, self_employed_business,500,0.7201,2,7,vehicle,1761000,60
LP001395,APP903819,Divya Chatterjee,Nagpur ,2024-07-17,BR022,online,37,60231,self_employed_professional,623,0.3503,1,1,personal,505000,36
LP001396,APP901287,Gayathri Subramanian,Nashik,2024-01-22,BR028,online,31,128468,salaried_private,550,0.2299,1,3,gold,210000,12
LP001397,APP901307,Shreya Rao,Bengaluru,2023-01-18,BR032,branch,31,42306,salaried_private,627,0.5195,4,1,gold,69000,6
LP001398,APP902862,Pooja Joshi,Tirunelveli,2025-01-06,BR003,online,38,42876, SELF_EMPLOYED_BUSINESS ,725,0.5029,1,1,personal,539000,36
LP001399,APP900422,Priya Sharma,Mumbai,2024-08-03,BR020,branch,36,122676,contract,520,0.7017,2,2,vehicle,2283000,36
LP001400,APP901561,Ishaan Desai,Chennai,2023-02-10,BR032,online,35,62894,salaried_private,817,0.5184,0,0,personal,1193000,48
LP001401,APP902865,Vikram Prasad,Mumbai,2023-05-03,BR018,branch,38,56124,self_employed_business,487,0.5622,1,4,vehicle,1260000,60
LP001402,APP901846,Krishna Hegde,Hyderabad,2024-09-13,BR007,branch,42,69356,salaried_private,670,0.4747,0,2,vehicle,1974000,84
LP001403,APP904025,Diya Reddy,Visakhapatnam,2025-05-15,BR031,branch,45,33462,self_employed_professional,732,0.4155,0,0,home,1772000,360
LP001404,APP901734,Aditya Naidu,Rajkot,2024-01-13,BR033,branch,39,47154,salaried_private,534,0.3813,1,2,personal,461000,36
LP001405,APP903874,Pooja Bhat,Nagpur,2023-01-24,BR012,branch,39,270756,self_employed_professional,612,0.3906,2,0,vehicle,2500000,84
LP001406,APP901539,Sandeep Desai,Surat,2023-01-10,BR013,branch,35,35371,salaried_private,613,0.4445,1,1,personal,449000,48
LP001407,APP901544,Sandeep Subramanian,Kolkata ,2023-10-20,BR017,partner_referral,35,41967,salaried_private,525,0.5139,2,2,personal,426000,36
LP001408,APP902022,Lakshmi Mukherjee,Visakhapatnam,2023-04-19,BR002,online,54,90194,salaried_private,662,0.4435,1,2,personal,664000,24
LP001409,APP901625,Ritika Rao,Lucknow,2023-08-06,BR034,branch,37,128619,salaried_private,534,0.3556,0,3,home,4436000,180
LP001410,APP900815,Vikram Iyer,Visakhapatnam,2023-04-07,BR003,branch,33,65193,salaried_government,487,0.4007,1,3,personal,528000,36
LP001411,APP900713,Manoj Sinha,Bhopal,2023-12-07,BR029,online,58,32037,contract,696,0.3863,1,2,gold,157000,18
LP001412,APP904153,Yash Reddy,Visakhapatnam,2023-04-11,BR007,branch,60,93872,self_employed_professional,597,0.3882,0,2,personal,1500000,60
LP001413,APP902145,Karthik Varma,Ludhiana,2025-01-03,BR030,online,26,42760,self_employed_business,698,0.3824,0,1,home,1798000,240
LP001414,APP901563,Ritika Kapoor,Coimbatore,2025-03-03,BR030,online,35,69052,salaried_private,534,0.6233,0,3,personal,1219000,36
LP001415,APP901133,Deepika Malhotra,Vadodara,2023-10-15,BR034,branch,28,53984,salaried_private,588,0.386,0,3,vehicle,818000,48
LP001416,APP903325,Manoj Menon,Ahmedabad,2024-10-04,BR037,partner_referral,27,212181,self_employed_professional ,367,0.6823,1,8,personal,1500000,12
LP001417,APP901051,Yash Desai,Chennai,2024-10-08,BR027,branch,27,22842,salaried_private,552,0.4972,1,3,gold,115000,12
LP001418,APP902950,Pooja Chauhan,Rajkot,2024-07-09,BR026,online,40,51458,self_employed_business,618,0.4964,2,0,gold,305000,18
LP001419,APP901509,Aarav Chauhan,Nagpur,2023-09-21,BR033,branch,34,72614,salaried_private,447,0.6234,1,7,home,4851000,360
LP001420,APP903498,Yash Chauhan,Ahmedabad,2025-03-16,BR024,branch,31,131716,self_employed_professional,585,0.3914,1,2,vehicle,2500000,84
LP001421,APP903064,Neha Kulkarni,Ludhiana,2024-05-29,BR040,online,44,46963,self_employed_business,331,0.4908,0,9,home,2777000,360
LP001422,APP901942,Diya Desai,Bengaluru,2025-05-01,BR023,branch,46,71948, SALARIED_PRIVATE ,799,0.4813,1,0,home,3393000,240
LP001423,APP902895,Karthik Mukherjee,Hyderabad,2025-03-21,BR035,online,39,36403,self_employed_business,726,0.5424,0,1,gold,325000,18
LP001424,APP900842,Pooja Rao,Mumbai,2024-09-23,BR013,branch,36,47409,salaried_government,686,0.4444,0,1,gold,449000,24
LP001425,APP902545,Karthik Malhotra,Rajkot,2024-11-15,BR022,branch,33,18112,self_employed_business,384,0.4491,1,6,gold,129000,24
LP001426,APP904036,Ritika Rao,Lucknow,2024-08-16,BR010,direct_sales_agent,46,128054,self_employed_professional,662,0.6188,2,1,home,5364000,180
LP001427,APP904013,Arjun Chatterjee, Ludhiana,2024-03-09,BR033,direct_sales_agent,44,70710,self_employed_professional,693,0.4932,3,2,gold,242000,12
LP001428,APP903767,Arjun Pillai,Coimbatore,2023-04-13,BR024,online,36,39227,self_employed_professional,562,0.5264,1,3,gold,288000,18
LP001429,APP902042,Arjun Patel,Hyderabad,2023-09-17,BR008,branch,60,101607,salaried_private,658,0.4106,0,0,vehicle,2500000,84
LP001430,APP901879,Diya Rao,Rajkot ,2023-09-30,BR008,branch,43,86375,salaried_private,574,0.5204,1,3,personal,768000,24
LP001431,APP900635,Nikhil Kulkarni,Kanpur,2023-05-25,BR036,direct_sales_agent,46,139055,contract,501,0.2954,0,5,personal,1432000,48
LP001432,APP902415,Harsha Kulkarni,Surat,2024-02-15,BR032,partner_referral,31,13133,self_employed_business,609,0.95,1,3,home,1500000,360
LP001433,APP900546,Vivaan Iyer,Bengaluru,2024-09-02,BR010,partner_referral,40,39978,Contract,418,0.1293,0,8,gold,58000,12
LP001434,APP903481,Aarav Mukherjee,Surat,2023-06-09,BR020,branch,30,75774,self_employed_professional,792,0.3941,0,0,personal,867000,36
LP001435,APP900825,Praveen Chauhan, Kolkata,2024-03-25,BR003,online,35,121283,salaried_government,580,0.6351,2,4,gold,941000,18
LP001436,APP903791,Swathi Joshi,Mysuru,2024-02-17,BR037,online,37,157498,self_employed_professional,482,0.5288,2,3,personal,1356000,24
LP001437,APP900010,Nikhil Desai,Vadodara,2025-03-08,BR011,branch,23,68777,contract,889,0.5922,1,0,home,4724000,360
LP001438,APP901038,Nikhil Banerjee,Mysuru,2023-06-22,BR003,partner_referral,27,103225,salaried_private,523,0.679,2,1,personal,1500000,36
LP001439,APP901156,Krishna Menon,Surat,2024-05-17,BR016,direct_sales_agent,29,108243,salaried_private,663,0.4875,0,1,personal,584000,12
LP001440,APP903336,Rohan Malhotra,Jaipur,2024-09-06,BR024,online,27,51226,self_employed_professional,866,0.4419,0,0,vehicle,494000,24
LP001441,APP900987,Krishna Joshi,Tirunelveli,2024-04-20,BR006,branch,25,39591,salaried_private,600,0.5649,2,1,vehicle,973000,84
LP001442,APP903690,Siddharth Mukherjee,Coimbatore,2024-08-13,BR036,online,34,82030,self_employed_professional,828,0.4495,1,0,personal,684000,24
LP001443,APP901452,Rohan Prasad,Kochi,2025-02-06,BR031,partner_referral,33,82002,salaried_private,682,0.5193,0,1,home,5009000,300
LP001444,APP903444,Sandeep Reddy,Surat,2025-03-03,BR019,branch,30,119759,self_employed_professional,527,0.5907,1,5,vehicle,1804000,36
LP001445,APP902520,Saanvi Sharma,Lucknow,2024-06-22,BR021,partner_referral,32,72930,self_employed_business,553,0.6836,1,4,gold,465000,12
LP001446,APP901735,Arjun Pillai,Tirunelveli,2024-05-12,BR020,partner_referral,39,48413,salaried_private ,374,0.6108,0,9,personal,1020000,48
LP001447,APP900019,Neha Pillai,Lucknow,2023-07-26,BR037,branch,24,66062, contract,460,0.6018,1,6,vehicle,1437000,60
LP001448,APP901718,Gayathri Pillai,Nashik,2023-03-06,BR011,partner_referral,39,33523,salaried_private,720,0.4549,1,0,vehicle,261000,24
LP001449,APP902351,Yash Sharma,Bhopal,2024-08-25,BR014,branch,30,21813,self_employed_business,678,0.1924,1,1,gold,40000,18
LP001450,APP902435,Nandini Iyer,Surat,2023-02-01,BR036,partner_referral,31,44396,self_employed_business,589,0.2904,0,2,gold,145000,12
LP001451,APP904064,Rahul Nair,Rajkot,2024-05-15,BR026,partner_referral,48,44856, self_employed_professional,598,0.4548,0,2,gold,336000,18
LP001452,APP903736,Ananya Krishnan,Mysuru,2024-11-18,BR005,branch,35,57817,self_employed_professional,550,0.5148,0,2,home,3501000,300
LP001453,APP900048,Reyansh Prasad,Kochi,2024-11-26,BR026,direct_sales_agent,26,145507,Contract,778,0.3904,0,0,home,7155000,360
LP001454,APP902988,Siddharth Subramanian,Rajkot,2023-01-07,BR023,branch,41,54321,self_employed_business,822,0.4832,2,0,home,1834000,240
LP001455,APP901536,Gayathri Reddy,Madurai,2023-04-17,BR012,branch,35,26730,salaried_private,759,0.95,0,1,gold,149000,6
LP001456,APP902216,Ishaan Bose,Ahmedabad,2023-12-14,BR033,branch,27,97086,self_employed_business,667,0.4087,1,2,gold,669000,24
LP001457,APP903717,Diya Ramesh,Pune,2023-11-08,BR036,branch,35,36357,self_employed_professional,713,0.4187,2,0,personal,228000,24
LP001458,APP900980,Meera Banerjee,Kanpur,2024-02-15,BR014,online,25,203768,salaried_private,609,0.2454,1,2,personal,1500000,48
LP001459,APP903215,Arjun Verma, Madurai,2023-01-14,BR018,branch,60,20998,self_employed_business,610,0.6071,1,1,gold,61000,6
LP001460,APP901988,Yash Malhotra,Bengaluru,2023-04-26,BR018,branch,50,221061,SALARIED_PRIVATE,510,0.2328,1,5,personal,1500000,48
LP001461,APP901076,Ananya Prasad,Pune,2025-01-26,BR039,online,27,68688, SALARIED_PRIVATE ,755,0.531,0,1,home,4130000,240
LP001462,APP900587,Yash Bhat,Kochi,2025-01-25,BR022,branch,42,57298,contract,557,0.5779,0,1,vehicle,1296000,48
LP001463,APP902378,Saanvi Bose,Kochi,2024-12-29,BR021,branch,30,56208,self_employed_business,862,0.3915,2,0,gold,209000,24
LP001464,APP900601,Anjali Nair,Madurai,2024-08-22,BR025,branch,43,76544,contract,613,0.1906,0,0,gold,240000,18
LP001465,APP901408,Bhavana Naidu,Rajkot,2023-01-14,BR026,online,33,139859,salaried_private,751,0.2967,0,1,personal,1500000,48
LP001466,APP900101,Lakshmi Prasad,Mumbai,2025-01-31,BR024,direct_sales_agent,28,136476,contract,706,0.5378,0,1,home,8928000,300
LP001467,APP903312,Rahul Gowda,Bhopal,2023-11-03,BR022,online,26,78644,self_employed_professional,590,0.3774,0,3,vehicle,641000,24
LP001468,APP901364,Nikhil Krishnan,Hyderabad,2023-01-07,BR019,partner_referral,32,39454,salaried_private,489,0.497,0,4,personal,685000,48
LP001469,APP901425,Neha Chauhan,Nagpur,2024-08-08,BR016,partner_referral,33,34338,salaried_private,836,0.7368,3,0,personal,653000,48
LP001470,APP900852,Neha Pillai,Jaipur,2023-04-02,BR014,branch,37,53055,salaried_government,467,0.4523,2,5,vehicle,564000,36
LP001471,APP903971,Rohan Gowda,Vadodara,2024-08-14,BR017,branch,42,91186,self_employed_professional,724,0.3179,1,1,vehicle,793000,36
LP001472,APP900913,Yash Chatterjee, Nashik,2024-09-02,BR029,partner_referral,48,51948,salaried_government,622,0.319,0,4,home,1859000,240
LP001473,APP903047,Pooja Menon,Vadodara,2024-05-11,BR006,online,43,56589,self_employed_business,773,0.33,0,0,home,2061000,240
LP001474,APP903969,Meera Mukherjee,Mumbai,2023-01-17,BR022,branch,42,73529,self_employed_professional,781,0.4662,0,0,vehicle,2091000,84
LP001475,APP901000,Nandini Pillai,Nagpur,2024-07-07,BR034,partner_referral,25,83346,salaried_private,592,0.2847,0,1,personal,677000,36
LP001476,APP902662,Bhavana Nair,Chennai,2024-02-14,BR038,partner_referral,34,91585,self_employed_business,614,0.5366,0,1,home,5929000,300
LP001477,APP902417,Rahul Kulkarni,Vadodara,2025-02-22,BR010,online,31,159048,self_employed_business,746,0.3636,1,1,vehicle,2500000,84
LP001478,APP901927,Ananya Chatterjee,Tirunelveli,2023-07-21,BR007,online,46,101830,salaried_private,594,0.4809,0,3,personal,1400000,36
LP001479,APP901453,Karthik Mukherjee,Surat,2024-06-22,BR021,online,33,82011,salaried_private,852,0.4014,2,0,personal,612000,36
LP001480,APP903523,Yash Chatterjee, Lucknow,2023-10-06,BR022,direct_sales_agent,31,55787,self_employed_professional,751,0.5572,1,1,vehicle,1492000,84
LP001481,APP901172,Vivaan Naidu,Lucknow,2023-11-22,BR010,direct_sales_agent,29,21831,salaried_private,722,0.522,1,0,vehicle,204000,24
LP001482,APP900202,Aditya Pillai,Madurai,2023-07-15,BR025,branch,30,80788,contract,780,0.7186,2,0,home,5652000,360
LP001483,APP902166,Harsha Banerjee,Nashik,2024-08-07,BR036,branch,27,110691,self_employed_business,724,0.514,2,1,home,3801000,180
LP001484,APP903304,Krishna Gowda, Mumbai,2024-11-13,BR027,branch,26,49039,self_employed_professional,597,0.609,0,2,vehicle,1169000,48
LP001485,APP902300,Bhavana Gowda,Rajkot,2024-04-06,BR012,direct_sales_agent,29,45035,self_employed_business,646,0.7773,3,1,vehicle,822000,36
LP001486,APP901021,Siddharth Krishnan,Ahmedabad,2025-02-04,BR010,partner_referral,26,45736,salaried_private,524,0.5367,1,2,gold,341000,18
LP001487,APP901920,Aadhya Hegde,Jaipur,2025-01-01,BR028,online,45,66182,salaried_private,703,0.4978,3,2,gold,176000,12
LP001488,APP903569,Karthik Iyer,Madurai,2023-08-12,BR001,branch,32,38872,self_employed_professional,527,0.5802,0,3,vehicle,1043000,60
LP001489,APP901960,Neha Chauhan,Mumbai,2024-02-17,BR010,online,47,59122,salaried_private,769,0.4136,1,1,personal,666000,48
LP001490,APP903136,Priya Joshi,Mumbai,2024-11-15,BR012,partner_referral,48,49927,Self_Employed_Business,637,0.689,2,2,vehicle,1009000,48
LP001491,APP900830,Aditya Shah,Delhi,2023-01-12,BR029,online,35,30539,salaried_government,638,0.4545,0,1,personal,577000,60
LP001492,APP901104,Shreya Menon,Indore,2023-08-06,BR023,branch,28,179556,salaried_private,504,0.3208,2,5,personal,821000,36
LP001493,APP900321,Reyansh Chatterjee,Nagpur,2023-04-24,BR031,partner_referral,33,36089,contract,656,0.6996,2,0,home,2139000,300
LP001494,APP901674,Praveen Chauhan,Jaipur,2025-01-19,BR034,partner_referral,38,140198,salaried_private,609,0.5753,2,3,home,7509000,360
LP001495,APP904060,Gayathri Bose,Indore ,2023-10-03,BR011,branch,47,67840,self_employed_professional,534,0.6486,1,2,home,4369000,240
LP001496,APP901288,Nandini Sharma,Nagpur,2024-08-29,BR019,branch,31,129158,salaried_private,435,0.4049,1,4,personal,1500000,60
LP001497,APP902031,Nikhil Nair,Pune,2025-06-28,BR025,online,57,101852,salaried_private,364,0.5593,1,10,gold,504000,12
LP001498,APP901007,Shreya Gowda,Kolkata,2025-04-01,BR030,partner_referral,26,20904,salaried_private,653,0.5013,0,0,personal,437000,60
LP001499,APP902523,Ananya Mukherjee,Kochi,2023-10-12,BR031,partner_referral,32,77709,self_employed_business,559,0.509,1,4,home,3662000,240
LP001500,APP902983,Lakshmi Bhat,Nashik ,2024-01-14,BR024,partner_referral,41,40640,self_employed_business,647,0.4777,3,0,gold,245000,36
LP001501,APP903195,Praveen Subramanian,Nagpur,2025-02-05,BR039,direct_sales_agent,55,52188,self_employed_business,468,0.1762,0,8,vehicle,357000,48
LP001502,APP903547,Vinay Reddy,Lucknow,2025-01-03,BR012,branch,32,110104,self_employed_professional,716,0.2293,0,1,personal,1066000,60
LP001503,APP903716,Sandeep Patel,Madurai,2023-06-26,BR017,branch,35,35895,self_employed_professional,615,0.6039,3,1,personal,445000,48
LP001504,APP903705,Sandeep Hegde,Hyderabad,2023-03-29,BR040,online,35,21146,self_employed_professional,598,0.1553,0,2,gold,37000,12
LP001505,APP901333,Neha Prasad,Nashik,2025-03-19,BR034,partner_referral,31,92207,salaried_private,725,0.6799,3,1,home,4445000,300
LP001506,APP901817,Nikhil Kapoor,Indore,2024-07-14,BR030,partner_referral,41,60081,salaried_private,755,0.3714,1,0,personal,628000,48
LP001507,APP903741,Harsha Ramesh,Kanpur,2023-05-27,BR015,branch,35,64531,self_employed_professional,645,0.5214,1,1,vehicle,1346000,60
LP001508,APP903939,Nandini Verma,Indore,2024-03-15,BR039,branch,41,40397,self_employed_professional,832,0.3238,0,0,gold,148000,12
LP001509,APP903501,Praveen Ramesh,Vadodara,2024-08-18,BR004,partner_referral,31,16123,self_employed_professional,662,0.5378,3,1,personal,180000,48
LP001510,APP902875,Neha Krishnan,Tirunelveli,2023-07-11,BR033,branch,38,84096,self_employed_business ,584,0.3412,0,1,home,3142000,240
LP001511,APP902346,Neha Varma,Mumbai,2025-02-14,BR022,branch,30,156869,SELF_EMPLOYED_BUSINESS,704,0.2647,0,1,personal,1500000,48
LP001512,APP902510,Aniket Malhotra,Madurai,2025-02-02,BR018,branch,32,60502,self_employed_business,545,0.1365,0,2,gold,135000,18
LP001513,APP901596,Vikram Bose,Bhopal,2024-11-04,BR027,online,36,48730,Salaried_Private,750,0.689,3,1,gold,224000,12
LP001514,APP903126,Siddharth Joshi,Tirunelveli,2025-02-15,BR029,online,47,52807,self_employed_business,625,0.4426,1,0,personal,760000,60
LP001515,APP900467,Praveen Menon,Ludhiana,2024-02-13,BR028,direct_sales_agent,37,45802,contract,602,0.4917,1,0,personal,571000,36
LP001516,APP900502,Krishna Patel,Chennai,2025-04-13,BR018,branch,38,30375,contract,640,0.7792,1,1,vehicle,813000,48
LP001517,APP900269,Nandini Varma,Chennai,2023-02-03,BR016,branch,32,163803,contract,603,0.3578,1,1,vehicle,2500000,84
LP001518,APP900110,Aadhya Menon,Ahmedabad,2023-05-21,BR013,online,28,24982,contract,758,0.3354,0,0,personal,356000,60
LP001519,APP903044,Manoj Ramesh,Delhi,2023-03-01,BR008,online,43,48687,self_employed_business,639,0.5556,1,3,personal,978000,60
LP001520,APP902542,Deepika Banerjee,Tirunelveli,2023-12-04,BR037,direct_sales_agent,33,131717,self_employed_business,547,0.334,0,4,home,5196000,300
LP001521,APP900004,Ritika Bhat,Coimbatore,2024-04-14,BR020,direct_sales_agent,23,137220,contract,566,0.3419,0,2,gold,1000000,24
LP001522,APP902079,Siddharth Menon,Mysuru,2024-07-15,BR040,branch,24,59566,self_employed_business,662,0.2902,0,0,personal,356000,24
LP001523,APP902187,Harsha Patel,Nagpur,2023-10-29,BR036,branch,27,46519,self_employed_business,783,0.5938,0,0,personal,804000,36
LP001524,APP902715,Reyansh Chatterjee,Coimbatore,2024-05-18,BR010,branch,35,87473,self_employed_business,627,0.6093,1,1,home,5750000,300
LP001525,APP900967,Anjali Shah, Pune,2023-08-19,BR021,branch,24,44491,salaried_private,663,0.3499,0,0,home,1940000,360
LP001526,APP901080,Krishna Kapoor,Nagpur,2024-10-21,BR037,online,27,75744,salaried_private,630,0.5864,0,2,vehicle,964000,24
LP001527,APP901382,Vinay Patel,Ahmedabad,2023-03-19,BR016,branch,32,61416,salaried_private,615,0.282,0,3,gold,522000,36
LP001528,APP901587,Lakshmi Iyer, Nashik,2024-11-30,BR021,partner_referral,36,31069,salaried_private,599,0.5485,2,2,vehicle,524000,48
LP001529,APP901928,Lakshmi Malhotra,Mumbai ,2023-11-04,BR011,online,46,110198,salaried_private,651,0.4283,1,0,personal,1500000,60
LP001530,APP902515,Reyansh Malhotra, Mumbai,2023-06-13,BR009,partner_referral,32,66906,self_employed_business,409,0.562,2,9,personal,300000,12
LP001531,APP901294,Swathi Reddy,Bengaluru,2024-10-27,BR017,online,31,20780,salaried_private,759,0.4388,2,2,gold,154000,36
LP001532,APP900398,Vivaan Shah,Coimbatore,2023-01-28,BR020,online,35,42406, CONTRACT ,680,0.3936,1,1,home,1693000,300
LP001533,APP901935,Deepika Prasad,Bengaluru,2024-02-17,BR030,branch,46,45654,salaried_private,662,0.6589,1,1,home,3050000,360
LP001534,APP900072,Aadhya Naidu,Vadodara,2025-05-02,BR014,online,27,103335,contract,773,0.4025,0,0,gold,892000,24
LP001535,APP903556,Lakshmi Desai,Jaipur,2023-03-14,BR027,branch,32,21252,self_employed_professional,614,0.3882,0,1,personal,341000,60
LP001536,APP901015,Vikram Kulkarni,Visakhapatnam,2023-10-05,BR004,branch,26,39956,salaried_private,816,0.4855,1,1,gold,95000,6
LP001537,APP903279,Shreya Nair,Kolkata,2025-03-08,BR026,online,25,52124,self_employed_professional,895,0.447,3,0,gold,249000,24
LP001538,APP904122,Aniket Malhotra,Lucknow,2025-04-21,BR025,online,56,42777,self_employed_professional,687,0.3557,1,0,personal,250000,24
LP001539,APP901555,Anjali Sharma,Surat,2023-08-01,BR024,branch,35,54733,salaried_private ,575,0.5022,0,3,personal,782000,36
LP001540,APP901164,Siddharth Banerjee,Madurai,2024-06-19,BR018,branch,29,145453,SALARIED_PRIVATE,691,0.3974,2,0,personal,1050000,36
LP001541,APP902419,Neha Krishnan,Kanpur,2023-08-02,BR017,partner_referral,31,189260,self_employed_business,507,0.4403,2,5,gold,1000000,24
LP001542,APP901484,Aarav Bose,Rajkot,2024-02-22,BR035,branch,34,38669,salaried_private,574,0.6354,2,1,vehicle,1115000,84
LP001543,APP903861,Divya Menon,Rajkot,2023-12-01,BR005,branch,38,72174,self_employed_professional,512,0.299,0,3,home,2333000,240
LP001544,APP904063,Aarav Bose,Kochi,2023-06-15,BR007,direct_sales_agent,48,35923,self_employed_professional,623,0.3543,0,1,vehicle,594000,60
LP001545,APP903924,Swathi Varma,Jaipur,2024-07-09,BR018,branch,40,98782,self_employed_professional,731,0.5955,1,0,personal,1460000,36
LP001546,APP900077,Saanvi Sinha,Bhopal,2023-02-05,BR032,online,27,247225,Contract,584,0.3174,0,2,home,8835000,240
LP001547,APP902937,Aniket Shah,Mumbai,2023-01-10,BR009,online,40,32676,self_employed_business,579,0.5844,0,2,vehicle,886000,60
LP001548,APP904131,Anjali Kapoor,Kolkata,2024-03-24,BR036,direct_sales_agent,57,55125,self_employed_professional,597,0.3065,0,6,gold,508000,36
LP001549,APP902869,Swathi Rao,Bengaluru,2025-03-23,BR013,online,38,65521,self_employed_business,517,0.5286,1,4,gold,431000,18
LP001550,APP901628,Vivaan Rao,Tirunelveli,2024-02-18,BR025,partner_referral,37,162702,salaried_private,534,0.4515,1,3,vehicle,2155000,48
LP001551,APP901398,Sandeep Reddy,Surat,2023-12-19,BR022,direct_sales_agent,32,95230,salaried_private,736,0.6675,2,0,personal,959000,24
LP001552,APP900833,Arjun Varma,Lucknow ,2023-05-17,BR026,online,35,61048,salaried_government,489,0.3736,0,6,gold,373000,18
LP001553,APP902932,Manoj Chatterjee,Ludhiana,2024-02-24,BR012,branch,40,24720,self_employed_business,819,0.6373,2,0,vehicle,563000,60
LP001554,APP902503,Aadhya Varma,Pune,2023-03-24,BR033,online,32,47242,self_employed_business,727,0.2068,1,0,personal,229000,36
LP001555,APP900249,Bhavana Reddy,Chennai,2025-02-22,BR015,direct_sales_agent,31,71581,contract,548,0.5761,0,3,vehicle,1603000,48
LP001556,APP902659,Priya Bose,Ludhiana,2023-11-24,BR031,branch,34,83612,self_employed_business,689,0.3547,1,1,vehicle,786000,48
LP001557,APP900548,Harsha Chauhan,Madurai,2024-10-14,BR015,branch,40,41988,contract,591,0.6306,0,1,vehicle,572000,24
LP001558,APP900462,Neha Gowda,Chennai,2023-05-21,BR008,branch,37,29889,contract,748,0.6794,1,0,personal,476000,36
LP001559,APP900190,Harsha Naidu,Jaipur,2024-06-18,BR033,branch,30,41214,contract,358,0.5551,1,8,personal,735000,60
LP001560,APP904030,Ishaan Patel,Bhopal,2024-12-25,BR012,branch,45,64464,self_employed_professional,635,0.4402,2,1,personal,588000,36
LP001561,APP904067,Arjun Pillai,Lucknow,2023-12-09,BR022,online,48,52442,self_employed_professional,631,0.5136,1,1,personal,785000,48
LP001562,APP900819,Vivaan Patel,Ahmedabad,2023-06-22,BR022,direct_sales_agent,34,129989,Salaried_Government,536,0.6579,2,4,home,6685000,300
LP001563,APP904090,Sneha Patel,Delhi,2024-02-11,BR026,online,50,220436,self_employed_professional,760,0.4131,1,1,home,7415000,300
LP001564,APP903300,Nandini Varma,Kolkata,2023-03-18,BR013,branch,26,35209,self_employed_professional,816,0.3093,1,0,personal,253000,48
LP001565,APP901747,Arjun Krishnan,Bengaluru,2024-10-11,BR020,online,39,72860,salaried_private,582,0.3195,0,0,vehicle,720000,36
LP001566,APP903375,Karthik Menon, Mysuru,2023-05-28,BR028,partner_referral,28,46346,self_employed_professional,579,0.7252,3,3,personal,647000,36
LP001567,APP900512,Rohan Kapoor,Bengaluru,2023-09-14,BR013,online,38,70323,contract,794,0.3813,3,1,gold,175000,12
LP001568,APP901086,Vikram Bhat,Bhopal,2024-07-17,BR012,branch,27,91918,salaried_private,665,0.7156,2,1,home,5551000,240
LP001569,APP903257,Saanvi Hegde,Bhopal,2023-04-29,BR004,branch,24,87376,self_employed_professional,611,0.4569,1,3,personal,389000,12
LP001570,APP903948,Gayathri Banerjee,Surat,2023-03-02,BR026,online,41,77920,self_employed_professional,618,0.506,2,2,vehicle,538000,24
LP001571,APP902425,Ishaan Malhotra, Ahmedabad,2023-12-13,BR020,online,31,39259,self_employed_business,636,0.2892,0,0,personal,233000,24
LP001572,APP900447,Anjali Naidu,Vadodara ,2023-01-10,BR014,partner_referral,36,98373,contract,534,0.5485,0,2,vehicle,2500000,60
LP001573,APP903869,Lakshmi Kapoor,Nagpur,2023-12-02,BR021,branch,38,99355,self_employed_professional,685,0.2722,0,0,home,3004000,240
LP001574,APP900647,Rohan Subramanian,Kanpur,2025-01-09,BR032,partner_referral,46,88317,contract,684,0.652,3,1,personal,1500000,60
LP001575,APP902511,Ananya Bhat,Ludhiana ,2024-12-17,BR003,branch,32,60936,self_employed_business,580,0.602,1,2,home,3642000,240
LP001576,APP900979,Diya Kapoor,Pune,2025-06-05,BR031,partner_referral,25,168522,salaried_private,662,0.2445,0,2,vehicle,2500000,84
LP001577,APP902129,Diya Gowda,Ahmedabad,2025-03-29,BR038,branch,26,172871,self_employed_business,547,0.2955,0,3,home,5547000,240
LP001578,APP902574,Meera Iyer,Madurai,2023-10-24,BR022,branch,33,55461,self_employed_business,635,0.4005,1,1,gold,186000,12
LP001579,APP903950,Harsha Sinha,Kolkata,2024-05-31,BR022,branch,41,90012,self_employed_professional,734,0.5175,0,1,home,5900000,360
LP001580,APP900355,Vinay Banerjee,Mumbai,2023-12-25,BR014,online,34,37756,Contract,477,0.6402,4,3,personal,490000,48
LP001581,APP902680,Ishaan Patel,Tirunelveli,2025-01-29,BR002,direct_sales_agent,35,230832,self_employed_business,604,0.2519,1,2,personal,1500000,60
LP001582,APP903223,Anjali Chatterjee,Mumbai,2025-05-25,BR024,branch,60,57560,self_employed_business,717,0.6409,0,0,vehicle,800000,24
LP001583,APP903778,Neha Reddy,Chennai,2023-05-14,BR019,online,36,61477,self_employed_professional,533,0.3784,0,3,gold,494000,24
LP001584,APP901115,Aadhya Rao,Visakhapatnam,2024-10-26,BR009,branch,28,27977,salaried_private,691,0.4192,1,0,gold,184000,24
LP001585,APP902347,Swathi Reddy,Coimbatore,2024-10-30,BR007,branch,30,162669,self_employed_business,303,0.5429,1,10,home,7332000,240
LP001586,APP903892,Siddharth Subramanian,Surat,2023-09-20,BR001,branch,40,104285,self_employed_professional,622,0.5727,2,1,personal,864000,24
LP001587,APP901579,Vinay Joshi,Bhopal,2025-06-12,BR029,partner_referral,36,133956, salaried_private,543,0.4189,1,0,vehicle,1580000,36
LP001588,APP903571,Manoj Reddy,Hyderabad,2023-05-16,BR007,partner_referral,32,40299,self_employed_professional,719,0.3979,1,0,gold,355000,36
LP001589,APP903867,Ishaan Chauhan,Surat ,2023-10-16,BR008,branch,38,92412,self_employed_professional,469,0.5711,2,5,home,3775000,180
LP001590,APP901526,Aniket Kapoor,Kochi,2023-11-02,BR033,online,35,135854,salaried_private,601,0.3822,1,1,vehicle,1325000,36
LP001591,APP902700,Sandeep Joshi,Ahmedabad,2025-04-26,BR030,partner_referral,35,56056,self_employed_business,465,0.1428,0,2,gold,90000,12
LP001592,APP901570,Vinay Chauhan, Mysuru,2024-07-14,BR032,online,35,82813,salaried_private,668,0.3787,0,2,personal,1119000,48
LP001593,APP900993,Manoj Shah, Bengaluru,2023-11-09,BR001,branch,25,73119,salaried_private,599,0.3978,1,1,personal,606000,36
LP001594,APP901962,Sandeep Malhotra,Kolkata,2023-01-17,BR029,online,47,97104,salaried_private,814,0.95,0,0,personal,1500000,12
LP001595,APP900215,Shreya Chatterjee,Mysuru ,2023-05-30,BR037,branch,31,113209,contract,648,0.414,0,1,home,5288000,240
LP001596,APP900777,Pooja Rao,Nagpur,2025-02-14,BR009,direct_sales_agent,29,86283,salaried_government,734,0.3955,1,4,vehicle,600000,24
LP001597,APP902067,Vikram Bose,Coimbatore,2025-03-21,BR003,branch,23,46528,self_employed_business,575,0.1627,1,1,gold,67000,18
LP001598,APP900661,Swathi Chauhan,Bengaluru,2023-09-30,BR010,branch,48,52825,contract,648,0.5208,2,2,personal,648000,36
LP001599,APP904006,Aniket Mukherjee,Delhi,2024-10-04,BR011,branch,44,35089,self_employed_professional,542,0.5236,0,5,vehicle,562000,36
LP001600,APP903222,Meera Sinha,Coimbatore,2023-11-12,BR011,partner_referral,60,54220,self_employed_business,657,0.5871,1,0,personal,515000,24
LP001601,APP902297,Gayathri Prasad,Rajkot,2024-02-23,BR011,partner_referral,29,42030,self_employed_business,365,0.535,2,7,home,1500000,240
LP001602,APP900568,Vinay Sharma,Kochi,2024-07-26,BR010,partner_referral,41,49772,contract,729,0.5229,0,0,home,3223000,360
LP001603,APP902758,Sandeep Naidu,Delhi,2023-09-04,BR023,online,36,54238,self_employed_business,775,0.6283,2,1,vehicle,1572000,84
LP001604,APP902677,Aniket Verma,Vadodara ,2024-05-01,BR023,online,35,18926,self_employed_business,631,0.6704,2,4,vehicle,512000,84
LP001605,APP901466,Rohan Krishnan,Bengaluru,2024-02-06,BR040,online,34,132808,salaried_private,685,0.3693,0,2,vehicle,1941000,48
LP001606,APP902865,Vikram Prasad,Mumbai,2024-04-17,BR018,online,38,45615,self_employed_business,557,0.5062,0,1,home,2738000,300
LP001607,APP904034,Vinay Mukherjee,Bengaluru,2023-09-01,BR037,partner_referral,45,79227,self_employed_professional,823,0.5844,1,0,vehicle,864000,24
LP001608,APP902715,Reyansh Chatterjee,Coimbatore,2023-09-03,BR010,branch,35,85527,self_employed_business,649,0.5493,1,0,personal,1500000,48
LP001609,APP902243,Divya Verma,Delhi,2023-05-14,BR034,direct_sales_agent,28,53121,self_employed_business,548,0.4305,0,3,home,2736000,300
LP001610,APP900849,Kavya Malhotra,Kochi,2024-01-23,BR032,online,37,138658,salaried_government,680,0.6473,0,2,vehicle,1023000,12
LP001611,APP901403,Rahul Varma,Kochi,2025-05-29,BR012,direct_sales_agent,33,105194,salaried_private,570,0.3128,1,5,gold,158000,6
LP001612,APP902204,Harsha Malhotra,Ahmedabad,2024-11-02,BR004,online,27,75761, SELF_EMPLOYED_BUSINESS ,566,0.6347,2,2,home,3875000,300
LP001613,APP900918,Karthik Subramanian,Tirunelveli,2023-08-31,BR009,online,50,302664,salaried_government,734,0.2713,1,0,personal,1500000,36
LP001614,APP901921,Yash Shah,Hyderabad,2023-02-06,BR023,online,45,75421, salaried_private,560,0.369,0,4,gold,456000,18
LP001615,APP900763,Ritika Subramanian,Delhi,2023-05-19,BR020,branch,28,40152,Salaried_Government,556,0.4168,0,1,gold,97000,6
LP001616,APP903080,Ananya Prasad,Indore,2025-03-16,BR005,branch,45,32146,self_employed_business,672,0.4704,2,0,gold,135000,18
LP001617,APP901902,Priya Hegde,Mysuru,2024-01-21,BR004,branch,44,86943,salaried_private,679,0.5572,2,0,home,3436000,240
LP001618,APP900923,Yash Prasad,Lucknow,2023-12-20,BR016,direct_sales_agent,52,94100,salaried_government,614,0.909,1,2,vehicle,2296000,36
LP001619,APP900991,Anjali Patel,Ludhiana,2025-06-13,BR007,online,25,65836,salaried_private,801,0.3726,1,0,gold,474000,24
LP001620,APP903210,Deepika Iyer,Jaipur,2023-06-22,BR040,branch,58,78164,self_employed_business,683,0.4154,1,0,personal,963000,60
LP001621,APP902017,Ananya Chatterjee,Nashik,2024-11-06,BR027,branch,54,136917,salaried_private,587,0.5113,2,1,personal,1500000,48
LP001622,APP902354,Bhavana Bhat,Rajkot,2024-04-30,BR039,online,30,30645,self_employed_business,536,0.95,0,1,vehicle,651000,24
LP001623,APP903141,Reyansh Verma,Madurai,2024-08-26,BR040,branch,49,101690,self_employed_business,654,0.342,2,0,personal,416000,36
LP001624,APP902240,Nikhil Subramanian,Hyderabad,2023-09-04,BR005,branch,28,46899,self_employed_business,760,0.5165,0,1,home,2944000,300
LP001625,APP902199,Diya Nair,Bengaluru ,2024-01-05,BR038,branch,27,59580,self_employed_business,697,0.5619,1,0,personal,851000,36
LP001626,APP900444,Lakshmi Prasad,Nagpur,2024-05-08,BR032,branch,36,92911,contract,647,0.4547,1,3,personal,1500000,60
LP001627,APP904149,Karthik Krishnan,Indore,2023-10-16,BR002,direct_sales_agent,60,57415,self_employed_professional,446,0.5651,1,5,personal,1209000,60
LP001628,APP902271,Vivaan Gowda,Lucknow,2023-06-13,BR038,branch,29,122349,self_employed_business,741,0.278,0,0,personal,980000,36
LP001629,APP904014,Nikhil Rao,Hyderabad,2023-07-14,BR014,branch,44,74086,self_employed_professional,566,0.4961,0,3,home,4240000,300
LP001630,APP901334,Vivaan Nair,Jaipur,2024-03-05,BR015,online,31,94371, salaried_private,757,0.4417,2,1,home,3630000,300
LP001631,APP902527,Yash Prasad,Madurai,2024-07-17,BR005,direct_sales_agent,32,83182,self_employed_business,625,0.4836,0,1,home,4778000,300
LP001632,APP900605,Nikhil Mukherjee,Kochi,2024-10-14,BR027,branch,44,137507,contract,646,0.6958,2,0,gold,833000,12
LP001633,APP900652,Aadhya Desai,Mysuru,2023-10-29,BR009,branch,47,246284,contract,561,0.5052,1,1,vehicle,2411000,24
LP001634,APP902858,Sneha Desai,Madurai,2023-12-17,BR008,branch,38,31767,self_employed_business,715,0.1519,0,1,personal,174000,48
LP001635,APP902627,Aniket Malhotra,Vadodara,2023-05-05,BR011,partner_referral,34,43426,self_employed_business,637,0.4321,0,3,personal,671000,48
LP001636,APP902020,Anjali Varma,Bengaluru,2024-10-30,BR037,partner_referral,54,55873,salaried_private,719,0.4754,1,0,home,1944000,180
LP001637,APP902824,Diya Sinha,Pune,2024-10-29,BR038,online,37,73738,self_employed_business,455,0.6748,1,8,personal,1500000,48
LP001638,APP903105,Vinay Varma,Indore,2025-05-03,BR002,branch,46,49970,self_employed_business,501,0.6512,1,3,vehicle,623000,24
LP001639,APP903313,Aarav Desai,Indore,2023-08-20,BR023,branch,26,78830,self_employed_professional,659,0.321,1,2,gold,566000,36
LP001640,APP900824,Sneha Bhat,Lucknow,2024-01-08,BR037,online,35,101428,salaried_government,612,0.5865,1,1,home,6170000,360
LP001641,APP902505,Sandeep Nair,Kolkata,2023-01-07,BR003,branch,32,49975,self_employed_business,395,0.4009,0,10,personal,692000,48
LP001642,APP903996,Krishna Chauhan,Jaipur,2024-12-21,BR001,branch,43,94333,self_employed_professional,712,0.7124,2,0,home,5399000,240
LP001643,APP901332,Deepika Sharma,Madurai,2025-02-06,BR040,branch,31,88982,salaried_private,752,0.4302,0,0,home,4395000,240
LP001644,APP902916,Yash Verma,Nashik,2023-11-27,BR011,branch,39,77608,SELF_EMPLOYED_BUSINESS,390,0.3738,0,4,vehicle,886000,36
LP001645,APP902473,Rohan Ramesh,Hyderabad,2023-09-01,BR025,branch,32,131044,self_employed_business,465,0.4477,0,4,vehicle,1257000,24
LP001646,APP900275,Divya Rao,Nashik,2024-12-18,BR030,partner_referral,32,28545,contract,662,0.3081,0,2,gold,266000,36
LP001647,APP904045,Meera Patel,Bhopal,2024-09-27,BR023,branch,46,76994,self_employed_professional,603,0.4149,0,3,vehicle,1253000,48
LP001648,APP902080,Harsha Banerjee,Ahmedabad,2023-12-08,BR021,partner_referral,24,60096,self_employed_business,615,0.7767,1,1,personal,1226000,36
LP001649,APP900588,Rohan Prasad,Bhopal,2024-02-12,BR006,branch,42,61765,contract,671,0.5485,1,1,personal,1030000,48
LP001650,APP901921,Yash Shah,Hyderabad,2024-03-22,BR023,branch,45,71837,salaried_private,447,0.8786,2,8,vehicle,534000,12
LP001651,APP903453,Vivaan Varma,Mumbai,2023-03-23,BR023,partner_referral,30,192722,self_employed_professional,605,0.1892,0,1,personal,1500000,60
LP001652,APP901908,Vinay Prasad,Bengaluru,2024-01-02,BR033,partner_referral,45,217637,salaried_private,641,0.2606,1,2,personal,1500000,48
LP001653,APP902889,Lakshmi Bhat,Coimbatore,2024-08-07,BR034,direct_sales_agent,39,25170,self_employed_business,350,0.2832,0,9,gold,212000,36
LP001654,APP901549,Priya Subramanian,Nashik,2024-07-22,BR021,partner_referral,35,48547,salaried_private,661,0.6113,1,3,home,3085000,360
LP001655,APP901837,Aditya Naidu,Hyderabad,2023-08-28,BR036,partner_referral,42,38205,salaried_private,624,0.4498,0,0,personal,713000,60
LP001656,APP903642,Lakshmi Malhotra,Bhopal,2024-02-21,BR002,online,33,99675,self_employed_professional,610,0.5265,0,2,home,6285000,360
LP001657,APP903176,Rahul Naidu, Madurai,2024-10-13,BR039,online,53,123032,self_employed_business,688,0.6514,3,0,personal,740000,24
LP001658,APP903820,Meera Krishnan,Jaipur,2023-10-31,BR003,branch,37,63470,self_employed_professional,681,0.3882,2,0,home,1921000,300
LP001659,APP900706,Diya Reddy,Ludhiana,2025-04-05,BR006,branch,55,76295,contract,730,0.4309,1,0,home,3462000,300
LP001660,APP902936,Aarav Sharma,Bhopal,2023-07-04,BR038,partner_referral,40,28685,self_employed_business,760,0.5515,3,0,gold,138000,18
LP001661,APP900297,Karthik Rao,Chennai,2023-01-03,BR001,partner_referral,32,78238,contract,792,0.4479,0,1,vehicle,1091000,36
LP001662,APP901716,Vivaan Joshi,Indore,2025-01-30,BR023,online,39,289738,salaried_private,603,0.3058,1,2,personal,1500000,36
LP001663,APP903794,Divya Sinha,Delhi,2024-04-09,BR037,branch,37,174491,self_employed_professional,514,0.3092,0,1,vehicle,2500000,60
LP001664,APP900758,Praveen Sharma,Kolkata,2023-03-03,BR007,online,27,56496,salaried_government,526,0.1133,0,5,gold,72000,12
LP001665,APP901525,Siddharth Menon,Madurai,2024-01-02,BR038,branch,35,131018,salaried_private,770,0.6057,1,0,home,7907000,300
LP001666,APP900728,Vivaan Gowda,Coimbatore,2024-09-27,BR015,online,23,126595,salaried_government,543,0.5349,1,4,home,6548000,300
LP001667,APP900400,Ritika Shah,Lucknow,2023-03-13,BR007,online,35,45406,contract,300,0.3627,0,12,vehicle,745000,60
LP001668,APP900117,Vikram Desai,Visakhapatnam ,2024-09-23,BR023,branch,28,41221,contract,632,0.5681,1,2,personal,400000,24
LP001669,APP903341,Ritika Ramesh,Mumbai,2023-10-24,BR023,online,27,63385,self_employed_professional,720,0.5228,1,0,personal,557000,24
LP001670,APP902832,Arjun Hegde,Chennai,2025-03-19,BR040,online,37,87389,self_employed_business,589,0.4919,0,2,vehicle,1678000,48
LP001671,APP903253,Swathi Mukherjee,Coimbatore,2024-12-25,BR039,branch,24,55844,self_employed_professional,717,0.638,2,0,vehicle,822000,36
LP001672,APP903089,Karthik Verma,Ahmedabad,2024-12-24,BR029,branch,45,58499,self_employed_business,794,0.4137,0,2,personal,705000,36
LP001673,APP901247,Swathi Joshi,Mysuru,2025-06-16,BR031,partner_referral,30,209137,salaried_private,714,0.4263,2,0,home,6596000,180
LP001674,APP902458,Neha Pillai,Mysuru,2025-03-01,BR007,online,31,80517,self_employed_business,827,0.2405,1,0,gold,273000,18
LP001675,APP901137,Shreya Kulkarni,Madurai,2023-02-26,BR012,branch,28,59487,salaried_private,789,0.4617,0,1,personal,1002000,48
LP001676,APP900524,Praveen Joshi,Madurai,2025-05-16,BR014,online,39,35178,contract,636,0.5208,0,2,home,2196000,360
LP001677,APP900868,Ananya Bose,Bhopal,2025-06-16,BR009,direct_sales_agent,39,36449,salaried_government,722,0.5786,2,0,home,1500000,240
LP001678,APP903479,Nikhil Sharma, Bengaluru,2023-04-16,BR019,partner_referral,30,74186,self_employed_professional,713,0.237,1,2,gold,334000,36
LP001679,APP902287,Nandini Joshi,Hyderabad,2023-01-28,BR011,online,29,28642,self_employed_business,438,0.2414,0,6,gold,40000,6
LP001680,APP901883,Nikhil Chauhan,Ludhiana,2023-07-11,BR013,partner_referral,44,109384,salaried_private,641,0.742,4,1,home,4330000,120
LP001681,APP900890,Rahul Mukherjee,Mumbai,2024-04-09,BR004,direct_sales_agent,42,52379,salaried_government,598,0.7468,2,1,vehicle,1219000,60
LP001682,APP903303,Praveen Chatterjee,Coimbatore,2024-05-24,BR024,direct_sales_agent,26,47951,SELF_EMPLOYED_PROFESSIONAL,464,0.341,0,4,personal,458000,36
LP001683,APP900064,Sandeep Bose,Visakhapatnam,2023-07-20,BR029,branch,26,57432,contract,730,0.6458,2,1,personal,1085000,48
LP001684,APP901903,Swathi Malhotra,Indore,2023-05-07,BR025,branch,44,99015,salaried_private,595,0.5756,1,2,home,5676000,240
LP001685,APP902669,Siddharth Sinha,Lucknow,2023-12-20,BR017,branch,35,105373,self_employed_business,533,0.4721,1,4,home,4861000,240
LP001686,APP902120,Ananya Rao,Kochi,2024-01-04,BR036,online,25,82679,self_employed_business,529,0.5313,2,4,personal,764000,36
LP001687,APP901498,Manoj Verma,Pune,2023-03-04,BR019,online,34,52892,salaried_private,763,0.345,0,0,gold,106000,6
LP001688,APP904148,Saanvi Naidu,Kolkata,2024-11-09,BR022,partner_referral,60,51767,self_employed_professional,806,0.3997,2,0,home,1574000,240
LP001689,APP903026,Saanvi Sharma,Delhi,2023-05-23,BR022,branch,42,87652,self_employed_business,594,0.2764,0,0,home,2683000,240
LP001690,APP902902,Krishna Kulkarni,Mumbai,2024-08-06,BR037,branch,39,52521,self_employed_business,783,0.52,1,0,personal,276000,12
LP001691,APP901541,Shreya Malhotra,Chennai,2023-01-16,BR007,online,35,36781,salaried_private,655,0.8378,1,1,vehicle,862000,36
LP001692,APP903583,Vivaan Hegde,Kochi,2024-12-15,BR005,branch,32,60388,self_employed_professional,498,0.5178,1,4,home,3143000,300
LP001693,APP903295,Vinay Malhotra,Mumbai ,2024-03-28,BR029,online,26,24974,self_employed_professional,596,0.2754,0,1,vehicle,320000,60
LP001694,APP903161,Siddharth Bhat,Kochi,2023-08-12,BR003,branch,50,80807,self_employed_business,562,0.4722,1,3,personal,1379000,60
LP001695,APP901876,Sandeep Banerjee,Surat,2025-06-12,BR020,online,43,80259,salaried_private,752,0.3803,0,0,vehicle,1864000,84
LP001696,APP900554,Praveen Gowda,Madurai,2025-01-05,BR029,direct_sales_agent,40,73299,contract,682,0.5972,1,0,home,4660000,360
LP001697,APP901549,Priya Subramanian,Nashik,2023-02-21,BR021,direct_sales_agent,35,47967,salaried_private,699,0.361,1,2,gold,230000,18
LP001698,APP901187,Saanvi Gowda,Vadodara,2024-12-23,BR014,branch,29,37138,salaried_private,559,0.4513,1,5,home,1652000,360
LP001699,APP903879,Swathi Gowda,Visakhapatnam,2024-07-15,BR012,branch,39,41305,self_employed_professional ,597,0.4424,0,1,vehicle,563000,36
LP001700,APP900503,Ritika Nair, Ahmedabad,2023-12-19,BR013,partner_referral,38,32211,contract,638,0.6616,1,0,gold,204000,12
LP001701,APP900120,Ananya Naidu,Kanpur,2024-09-08,BR003,partner_referral,28,52519,contract,662,0.2167,0,1,gold,343000,36
LP001702,APP902313,Reyansh Chatterjee,Delhi,2025-05-27,BR001,branch,29,58963,self_employed_business,706,0.5424,0,0,vehicle,1513000,60
LP001703,APP902293,Karthik Patel,Pune,2023-06-30,BR030,online,29,39701,SELF_EMPLOYED_BUSINESS,489,0.5505,2,8,home,1845000,360
LP001704,APP900586,Nandini Bose,Surat ,2024-01-09,BR016,partner_referral,42,56711, contract,518,0.9459,2,5,personal,849000,24
LP001705,APP901383,Priya Banerjee,Visakhapatnam,2024-07-14,BR004,online,32,68740,salaried_private,630,0.3104,0,2,home,2568000,300
LP001706,APP901112,Bhavana Bose,Nashik,2024-02-06,BR015,online,28,25745,salaried_private,668,0.2404,1,0,gold,159000,36
LP001707,APP900871,Ritika Subramanian,Pune,2025-06-21,BR003,branch,40,30950,salaried_government,692,0.3219,1,0,gold,240000,36
LP001708,APP902746,Nikhil Hegde,Indore,2025-05-08,BR001,online,36,42205,self_employed_business,606,0.3468,0,0,home,1688000,240
LP001709,APP900220,Sandeep Subramanian,Bhopal,2023-05-19,BR001,online,31,165878,contract,750,0.3667,0,0,gold,1000000,18
LP001710,APP903005,Vivaan Rao,Ludhiana,2023-03-08,BR033,branch,42,135604,self_employed_business,752,0.4192,1,1,personal,1500000,48
LP001711,APP901742,Krishna Patel,Nagpur,2023-11-22,BR004,online,39,63524,salaried_private,712,0.5649,1,1,vehicle,1121000,48
LP001712,APP901660,Yash Varma,Ludhiana,2023-03-01,BR004,online,37,78651, SALARIED_PRIVATE ,630,0.5881,2,1,personal,1500000,60
LP001713,APP903373,Nandini Menon,Vadodara,2023-12-19,BR020,online,28,42326,self_employed_professional,708,0.4749,1,0,vehicle,902000,84
LP001714,APP901663,Aadhya Gowda,Nashik,2024-05-09,BR018,online,37,94001,salaried_private,622,0.2571,0,0,gold,140000,6
LP001715,APP901857,Neha Bhat,Delhi,2023-04-01,BR016,online,43,29398,salaried_private,703,0.4655,1,2,vehicle,332000,36
LP001716,APP903446,Divya Chauhan,Visakhapatnam,2024-12-18,BR017,online,30,131492,self_employed_professional,435,0.4595,0,6,vehicle,2342000,48
LP001717,APP903602,Lakshmi Banerjee,Chennai,2024-05-28,BR007,online,33,114052,self_employed_professional,735,0.6149,1,1,home,7646000,300
LP001718,APP900045,Arjun Iyer,Bengaluru,2024-12-05,BR011,direct_sales_agent,25,77745, contract,691,0.5278,1,1,personal,1193000,48
LP001719,APP900674,Siddharth Kapoor,Kanpur,2024-11-11,BR029,branch,49,44060,Contract,766,0.411,1,0,gold,300000,24
LP001720,APP902901,Bhavana Nair, Mumbai,2023-04-15,BR034,online,39,52382,self_employed_business,397,0.95,0,2,gold,298000,6
LP001721,APP903346,Siddharth Kulkarni,Kanpur,2024-12-26,BR040,branch,27,72010,self_employed_professional,659,0.5207,2,0,personal,743000,36
LP001722,APP903244,Arjun Bose,Nagpur,2025-05-01,BR008,branch,24,111458,self_employed_professional,628,0.4006,1,2,home,3522000,240
LP001723,APP902929,Saanvi Mukherjee,Jaipur,2024-10-25,BR016,online,40,127834,self_employed_business,627,0.5782,1,2,home,8287000,360
LP001724,APP900834,Vikram Ramesh,Nagpur,2023-09-11,BR009,branch,35,81991,salaried_government,638,0.2433,1,2,gold,357000,24
LP001725,APP902490,Saanvi Bhat,Ahmedabad,2023-05-25,BR014,branch,32,256969,self_employed_business,549,0.6495,2,4,home,15000000,360
LP001726,APP900927,Kavya Menon,Visakhapatnam,2024-08-09,BR038,partner_referral,54,27838,salaried_government,647,0.6777,1,2,vehicle,787000,60
LP001727,APP902954,Siddharth Kapoor,Hyderabad,2024-12-11,BR027,branch,40,55281,self_employed_business,757,0.5899,1,0,vehicle,1212000,48
LP001728,APP902984,Divya Banerjee,Kanpur,2023-01-20,BR034,branch,41,43629,self_employed_business,578,0.6674,2,3,home,2790000,360
LP001729,APP902116,Manoj Desai,Jaipur,2023-12-06,BR010,online,25,68273,self_employed_business,763,0.4623,0,0,home,4030000,360
LP001730,APP900297,Karthik Rao,Chennai,2024-10-09,BR001,branch,32,79266,contract,506,0.3391,0,4,vehicle,578000,24
LP001731,APP901799,Ananya Subramanian,Mysuru,2023-06-09,BR027,online,41,123655,salaried_private,465,0.4287,1,3,personal,1500000,48
LP001732,APP902696,Ananya Joshi,Indore,2023-02-17,BR018,partner_referral,35,51464,self_employed_business,794,0.6059,2,0,home,3302000,360
LP001733,APP902008,Aniket Chauhan,Madurai,2024-10-14,BR040,online,53,21187,salaried_private,734,0.5332,1,0,gold,186000,24
LP001734,APP900872,Gayathri Chauhan,Rajkot ,2023-08-12,BR003,branch,40,31926,salaried_government,675,0.3064,0,3,gold,161000,18
LP001735,APP902899,Nikhil Malhotra,Delhi ,2024-02-16,BR036,branch,39,47996,self_employed_business,571,0.4679,0,2,personal,459000,24
LP001736,APP902747,Priya Gowda,Lucknow,2023-02-06,BR008,partner_referral,36,42990,self_employed_business,552,0.3523,0,2,home,1641000,240
LP001737,APP903916,Yash Chatterjee,Kochi ,2025-02-23,BR019,partner_referral,40,77659, self_employed_professional,727,0.95,2,1,vehicle,747000,12
LP001738,APP901839,Vikram Patel,Bengaluru,2024-03-14,BR024,online,42,42052,salaried_private,679,0.8148,2,0,vehicle,314000,12
LP001739,APP903683,Pooja Desai,Madurai,2023-11-20,BR023,branch,34,69257,self_employed_professional,611,0.267,2,1,personal,298000,36
LP001740,APP902289,Ritika Joshi,Surat,2023-04-18,BR026,branch,29,32188,self_employed_business,545,0.6014,2,3,vehicle,263000,24
LP001741,APP902571,Siddharth Krishnan,Jaipur,2025-01-20,BR008,online,33,54281,Self_Employed_Business,515,0.4052,1,6,personal,681000,48
LP001742,APP901552,Deepika Chatterjee,Mumbai,2023-02-23,BR005,branch,35,50877,salaried_private ,866,0.8461,4,0,personal,876000,48
LP001743,APP900271,Harsha Ramesh,Hyderabad,2025-06-06,BR040,online,32,182145,contract,673,0.1791,0,0,personal,672000,24
LP001744,APP900783,Siddharth Mukherjee,Kolkata,2025-03-07,BR007,branch,30,38755,salaried_government,710,0.5098,1,0,vehicle,1098000,84
LP001745,APP901854,Harsha Iyer,Visakhapatnam,2023-08-08,BR023,direct_sales_agent,43,171132,salaried_private,749,0.287,1,0,personal,702000,24
LP001746,APP903344,Ananya Banerjee,Ahmedabad,2024-09-29,BR016,online,27,69368,self_employed_professional,640,0.2962,0,1,home,2491000,300
LP001747,APP902342,Sandeep Iyer,Ahmedabad,2024-07-18,BR033,partner_referral,30,137920,self_employed_business,584,0.4452,1,3,gold,1000000,24
LP001748,APP902258,Nikhil Verma,Vadodara,2023-04-01,BR032,partner_referral,28,78836,self_employed_business,493,0.6779,2,3,vehicle,1513000,48
LP001749,APP901804,Pooja Banerjee,Nagpur,2023-11-17,BR040,partner_referral,41,225341,salaried_private,670,0.3383,2,2,personal,1500000,48
LP001750,APP903652,Nikhil Sinha,Hyderabad,2023-01-03,BR020,partner_referral,34,168916,Self_Employed_Professional,554,0.584,1,1,home,10911000,360
LP001751,APP902018,Aditya Patel,Delhi,2024-08-25,BR007,direct_sales_agent,54,178132,salaried_private,697,0.2779,1,0,personal,1184000,36
LP001752,APP903870,Aadhya Rao,Vadodara,2023-01-08,BR012,partner_referral,39,101438,self_employed_professional,541,0.1539,0,3,personal,550000,48
LP001753,APP901020,Sneha Chauhan,Indore,2025-04-11,BR011,branch,26,42642,SALARIED_PRIVATE,619,0.4823,0,3,vehicle,1228000,84
LP001754,APP902688,Nandini Desai,Nagpur,2024-12-01,BR039,partner_referral,35,42043,self_employed_business,592,0.4015,1,1,personal,329000,36
LP001755,APP902549,Krishna Verma, Nashik,2023-11-16,BR009,branch,33,19941,self_employed_business,623,0.53,1,0,personal,173000,24
LP001756,APP901591,Meera Krishnan,Coimbatore,2023-03-27,BR018,branch,36,42771,salaried_private,682,0.4373,0,1,personal,537000,36
LP001757,APP900011,Ritika Iyer,Pune,2024-12-02,BR031,online,24,110171,contract,721,0.6438,1,2,home,7235000,240
LP001758,APP903457,Divya Shah,Tirunelveli,2023-09-21,BR029,online,30,30678,self_employed_professional,651,0.4551,1,2,vehicle,460000,48
LP001759,APP904008,Nikhil Prasad,Jaipur,2024-08-01,BR024,branch,44,44788,self_employed_professional,577,0.6161,0,1,personal,304000,12
LP001760,APP901476,Aarav Sinha,Mysuru,2024-04-11,BR023,partner_referral,34,28958,salaried_private,583,0.437,0,1,personal,446000,48
LP001761,APP900978,Arjun Prasad,Madurai,2024-01-29,BR009,online,25,158115,salaried_private,606,0.2287,0,2,personal,1500000,60
LP001762,APP902546,Pooja Kapoor,Ludhiana,2025-03-02,BR023,direct_sales_agent,33,182231,self_employed_business ,651,0.4007,0,2,personal,1500000,24
LP001763,APP901698,Lakshmi Gowda, Ludhiana,2025-01-31,BR031,online,38,78602,salaried_private,631,0.6823,2,2,home,3886000,180
LP001764,APP902838,Krishna Verma,Pune,2025-01-27,BR002,branch,38,100938, self_employed_business,736,0.6,1,2,gold,302000,6
LP001765,APP901802,Aadhya Hegde,Nagpur,2025-05-25,BR028,direct_sales_agent,41,158364,salaried_private,570,0.4035,0,2,vehicle,2500000,48
LP001766,APP902286,Yash Prasad,Kanpur ,2024-12-19,BR016,online,29,25738,self_employed_business,431,0.4943,1,9,personal,429000,60
LP001767,APP902469,Meera Krishnan,Chennai,2024-08-24,BR014,partner_referral,32,107759,self_employed_business,719,0.5315,0,0,home,6338000,240
LP001768,APP902726,Neha Joshi,Madurai,2024-07-22,BR021,branch,36,132163,self_employed_business,626,0.5067,3,1,personal,1358000,36
LP001769,APP902255,Deepika Reddy,Hyderabad,2024-12-02,BR014,branch,28,67917,self_employed_business,842,0.4226,1,0,home,3218000,300
LP001770,APP901794,Rohan Kulkarni,Pune,2024-08-15,BR010,online,40,72476,salaried_private,512,0.5001,1,3,personal,1294000,60
LP001771,APP901650,Gayathri Malhotra,Nashik,2024-04-25,BR020,branch,37,58617,salaried_private ,617,0.5799,1,2,personal,1188000,60
LP001772,APP903062,Meera Subramanian,Kolkata,2025-03-08,BR037,online,44,42814,self_employed_business,606,0.3873,0,5,home,1826000,240
LP001773,APP900016,Priya Reddy,Pune ,2024-01-10,BR010,branch,24,46574, contract,761,0.3118,1,1,personal,255000,24
LP001774,APP900404,Meera Rao,Chennai,2023-07-03,BR031,branch,35,53225,contract,623,0.5733,2,1,personal,922000,60
LP001775,APP902586,Ritika Sinha,Surat,2023-05-11,BR006,branch,33,78945,self_employed_business,615,0.8309,2,1,vehicle,2046000,48
LP001776,APP903514,Aadhya Mukherjee,Ahmedabad,2025-06-17,BR032,branch,31,42948,self_employed_professional,579,0.5071,2,0,personal,444000,36
LP001777,APP902863,Rahul Rao,Ahmedabad,2023-06-10,BR030,branch,38,43617,self_employed_business,735,0.5085,1,1,personal,626000,48
LP001778,APP901157,Bhavana Sinha,Tirunelveli,2023-01-16,BR015,online,29,112026,salaried_private,663,0.3734,0,1,personal,1204000,36
LP001779,APP901115,Aadhya Rao,Visakhapatnam,2024-12-19,BR009,branch,28,28768,salaried_private,794,0.4399,2,2,gold,159000,24
LP001780,APP903235,Nandini Joshi,Lucknow,2023-06-23,BR026,branch,23,61324,self_employed_professional ,700,0.2425,0,0,gold,452000,36
LP001781,APP901261,Sandeep Pillai,Mumbai,2024-09-13,BR035,online,30,49014,salaried_private,753,0.2929,0,0,home,1745000,360
LP001782,APP900421,Ananya Joshi,Madurai,2023-05-21,BR010,branch,36,122647,contract,592,0.4695,1,4,personal,1500000,36
LP001783,APP903964,Karthik Hegde,Lucknow,2024-10-05,BR026,direct_sales_agent,42,39146, self_employed_professional,543,0.5573,1,2,personal,812000,60
LP001784,APP900742,Manoj Nair,Lucknow,2024-03-30,BR007,partner_referral,25,66164,salaried_government,696,0.4737,1,1,gold,540000,24
LP001785,APP902544,Praveen Gowda,Bhopal,2023-06-05,BR015,direct_sales_agent,33,145248,self_employed_business,582,0.5779,2,1,vehicle,1449000,24
LP001786,APP900123,Kavya Varma,Rajkot,2024-12-25,BR013,partner_referral,28,58168,CONTRACT,583,0.4104,0,3,vehicle,514000,24
LP001787,APP903878,Vikram Kulkarni,Coimbatore,2024-03-02,BR021,branch,39,37734,self_employed_professional,800,0.5245,1,1,gold,180000,12
LP001788,APP900482,Aarav Nair,Kochi,2023-03-19,BR031,partner_referral,37,86285,contract,499,0.6444,2,3,vehicle,1420000,36
LP001789,APP903156,Deepika Banerjee,Nashik,2024-05-16,BR003,online,50,56656,self_employed_business,567,0.427,1,2,personal,721000,48
LP001790,APP903935,Vinay Pillai,Mumbai,2023-10-06,BR040,partner_referral,41,27325,self_employed_professional,610,0.4591,0,4,personal,445000,48
LP001791,APP900570,Priya Bhat,Nashik,2023-06-15,BR003,online,41,72064,contract,649,0.3595,0,1,home,2547000,180
LP001792,APP901248,Harsha Iyer,Delhi,2025-06-27,BR019,branch,30,23325,salaried_private,588,0.7492,0,1,personal,193000,12
LP001793,APP902976,Reyansh Ramesh,Nashik,2023-11-08,BR027,online,41,31528,self_employed_business,545,0.338,0,3,personal,302000,36
LP001794,APP902308,Siddharth Mukherjee,Ahmedabad,2023-06-26,BR029,online,29,51566,self_employed_business,698,0.415,1,1,vehicle,548000,36
LP001795,APP903377,Kavya Krishnan,Coimbatore ,2023-09-29,BR025,branch,28,50330,self_employed_professional,565,0.7021,3,2,vehicle,658000,36
LP001796,APP901734,Aditya Naidu,Rajkot,2023-12-11,BR033,direct_sales_agent,39,47001,salaried_private,593,0.6422,3,0,personal,388000,24
LP001797,APP901830,Gayathri Bose,Rajkot,2023-12-22,BR027,online,42,155476,salaried_private,416,0.2822,0,7,personal,887000,24
LP001798,APP903760,Aarav Iyer,Coimbatore,2023-11-09,BR022,branch,36,32671,self_employed_professional,696,0.2984,1,1,vehicle,323000,60
LP001799,APP901313,Aniket Rao,Nagpur,2024-07-03,BR037,branch,31,55478,salaried_private,710,0.9217,0,3,personal,567000,12
LP001800,APP902687,Vikram Bhat,Coimbatore,2023-03-01,BR038,online,35,38282,self_employed_business,690,0.3943,1,0,home,1510000,240
LP001801,APP900193,Rohan Verma,Tirunelveli,2023-01-30,BR019,branch,30,49424,contract,525,0.6611,0,3,vehicle,370000,12
LP001802,APP902076,Harsha Malhotra,Lucknow,2024-06-15,BR006,branch,24,48109,self_employed_business,724,0.4699,0,0,vehicle,1365000,84
LP001803,APP902959,Karthik Kulkarni,Nagpur,2023-09-15,BR035,online,40,64836,self_employed_business,597,0.4194,1,3,personal,473000,24
LP001804,APP903401,Swathi Shah,Ahmedabad,2023-01-12,BR012,online,29,156744,self_employed_professional,606,0.1698,0,2,personal,759000,36
LP001805,APP902581,Ishaan Chauhan,Nagpur,2023-01-17,BR014,partner_referral,33,67897,self_employed_business,670,0.2894,0,2,gold,114000,6
LP001806,APP900393,Ishaan Pillai,Nagpur,2024-11-30,BR005,branch,35,36263,contract,578,0.4826,0,1,personal,725000,60
LP001807,APP901935,Deepika Prasad,Bengaluru,2023-09-30,BR030,branch,46,45364,salaried_private ,663,0.3841,1,3,personal,173000,12
LP001808,APP900658,Manoj Kapoor,Mysuru ,2024-06-21,BR036,partner_referral,48,123169,contract,623,0.5786,1,2,home,6287000,240
LP001809,APP901407,Aarav Joshi,Mumbai,2023-05-15,BR011,branch,33,115254,salaried_private,606,0.3137,0,2,personal,1500000,60
LP001810,APP902774,Kavya Banerjee,Pune,2024-10-12,BR025,online,36,83666,self_employed_business,594,0.6184,1,2,personal,1500000,48
LP001811,APP903290,Nikhil Rao,Madurai,2023-11-17,BR018,direct_sales_agent,26,114512,self_employed_professional,575,0.5926,0,3,home,8073000,300
LP001812,APP901297,Kavya Mukherjee,Vadodara,2023-11-01,BR014,partner_referral,31,28304,salaried_private,656,0.4495,1,0,personal,103000,12
LP001813,APP900508,Diya Gowda,Madurai,2024-05-13,BR003,direct_sales_agent,38,45218,contract,605,0.4224,0,1,home,1842000,180
LP001814,APP900271,Harsha Ramesh,Hyderabad,2025-03-17,BR040,branch,32,172211,contract,701,0.2866,1,1,vehicle,1240000,36
LP001815,APP903765,Nikhil Bose,Ludhiana,2023-05-19,BR015,partner_referral,36,374691,self_employed_professional,479,0.5005,2,9,home,15000000,360
LP001816,APP902502,Kavya Rao,Pune ,2024-05-30,BR040,partner_referral,32,44855,self_employed_business,703,0.5898,3,1,home,1615000,240
LP001817,APP900555,Anjali Hegde,Ludhiana,2024-10-20,BR018,direct_sales_agent,40,73376,contract,650,0.4896,2,1,personal,440000,24
LP001818,APP901918,Rohan Verma,Bengaluru,2023-08-03,BR023,online,45,57046,salaried_private,627,0.3611,0,0,personal,863000,60
LP001819,APP900604,Anjali Reddy,Mysuru,2023-09-29,BR006,direct_sales_agent,43,96568,contract,674,0.5151,0,2,gold,561000,12
LP001820,APP903166,Anjali Menon,Chennai ,2024-08-02,BR010,partner_referral,51,60167,self_employed_business,693,0.1912,0,0,gold,189000,18
LP001821,APP900655,Vikram Shah,Kanpur,2023-01-08,BR020,partner_referral,47,59526,contract,532,0.4737,1,4,personal,883000,60
LP001822,APP903834,Neha Gowda,Bengaluru,2023-02-03,BR004,partner_referral,38,124605,self_employed_professional,521,0.5905,1,6,home,8179000,360
LP001823,APP900226,Kavya Menon,Kanpur,2023-05-16,BR006,branch,31,37478,contract,691,0.4201,1,3,gold,240000,24
LP001824,APP902481,Karthik Pillai,Nagpur,2024-08-18,BR001,branch,32,166227,self_employed_business,694,0.3815,0,1,home,7974000,360
LP001825,APP904084,Aditya Subramanian, Coimbatore,2023-08-12,BR029,online,49,47172,self_employed_professional,668,0.2483,0,0,gold,250000,24
LP001826,APP901852,Vikram Chatterjee,Bengaluru,2023-08-19,BR014,direct_sales_agent,43,138401,salaried_private,577,0.4973,0,0,home,7922000,300
LP001827,APP903397,Gayathri Hegde,Madurai,2024-07-22,BR004,direct_sales_agent,29,112517,self_employed_professional,565,0.3697,0,2,gold,468000,12
LP001828,APP904010,Rohan Kapoor,Surat,2023-05-30,BR008,branch,44,61610,self_employed_professional,536,0.95,2,2,gold,548000,12
LP001829,APP902065,Yash Patel,Mysuru,2023-06-20,BR017,online,23,38869,self_employed_business,599,0.4974,0,2,personal,796000,60
LP001830,APP903989,Vikram Menon,Bengaluru,2024-07-05,BR004,branch,43,625008,self_employed_professional ,614,0.2607,1,0,home,15000000,300
LP001831,APP901804,Pooja Banerjee,Nagpur,2023-07-02,BR040,branch,41,225994,salaried_private,510,0.3688,1,1,personal,1500000,24
LP001832,APP901272,Diya Desai,Rajkot,2023-09-28,BR028,online,30,70023, salaried_private,522,0.6059,2,1,gold,465000,18
LP001833,APP902388,Bhavana Mukherjee,Jaipur,2023-05-07,BR018,partner_referral,30,64322,SELF_EMPLOYED_BUSINESS,669,0.685,1,2,vehicle,1833000,60
LP001834,APP901475,Shreya Sinha,Mumbai,2024-09-29,BR018,online,34,26079,salaried_private,739,0.6534,1,1,home,1500000,180
LP001835,APP903510,Krishna Banerjee,Chennai,2023-08-06,BR001,partner_referral,31,38261,self_employed_professional,787,0.3282,1,2,gold,288000,36
LP001836,APP900786,Vikram Ramesh,Kochi,2024-07-11,BR024,direct_sales_agent,30,86741,Salaried_Government,300,0.4673,1,12,personal,680000,24
LP001837,APP902859,Reyansh Kapoor,Chennai,2024-03-23,BR013,branch,38,33845,self_employed_business,738,0.2787,0,0,personal,272000,36
LP001838,APP900773,Diya Reddy,Ludhiana,2025-01-27,BR035,online,29,34012,Salaried_Government,593,0.4068,0,2,gold,227000,18
LP001839,APP900312,Vinay Banerjee,Kolkata,2023-06-24,BR027,partner_referral,33,144612, contract,525,0.2541,0,4,personal,1500000,60
LP001840,APP900995,Vinay Malhotra,Rajkot,2023-12-20,BR033,branch,25,76177,salaried_private,736,0.6378,1,1,home,4799000,300
LP001841,APP901591,Meera Krishnan,Coimbatore,2023-07-28,BR018,direct_sales_agent,36,41382,salaried_private,790,0.5898,2,0,gold,297000,18
LP001842,APP901270,Vivaan Prasad,Kolkata,2024-07-28,BR019,online,30,60961,salaried_private,635,0.5172,0,2,home,3751000,300
LP001843,APP903839,Bhavana Pillai,Kolkata,2023-01-24,BR010,branch,38,173911,self_employed_professional,617,0.4468,2,3,gold,1000000,24
LP001844,APP900419,Priya Iyer,Coimbatore,2024-03-16,BR010,online,36,116976,contract,530,0.3823,0,2,home,5028000,240
LP001845,APP904148,Saanvi Naidu,Kolkata,2023-02-02,BR022,branch,60,48894,self_employed_professional,574,0.3448,0,3,vehicle,518000,36
LP001846,APP900225,Sandeep Bhat,Ahmedabad,2025-04-13,BR032,online,31,34341,contract,542,0.4683,0,4,personal,658000,60
LP001847,APP901458,Gayathri Chatterjee,Bengaluru,2023-10-22,BR030,branch,33,93867,salaried_private,671,0.2998,0,0,gold,317000,12
LP001848,APP901305,Sandeep Pillai,Jaipur,2024-09-24,BR028,partner_referral,31,40465,salaried_private,510,0.4056,1,2,gold,372000,36
LP001849,APP900799,Ishaan Subramanian,Bhopal ,2024-04-21,BR012,branch,32,191914,salaried_government,643,0.4252,1,2,home,7293000,180
LP001850,APP902761,Rohan Ramesh,Coimbatore,2024-02-10,BR032,partner_referral,36,59245,self_employed_business,518,0.5359,2,5,home,2492000,300
LP001851,APP903708,Rahul Chauhan,Jaipur,2024-05-25,BR036,branch,35,29372, SELF_EMPLOYED_PROFESSIONAL ,623,0.7049,0,2,personal,229000,12
LP001852,APP900147,Yash Hegde,Visakhapatnam ,2023-04-02,BR001,branch,29,132549,contract,794,0.3821,0,0,home,5900000,240
LP001853,APP901164,Siddharth Banerjee,Madurai,2023-08-15,BR018,online,29,129513,salaried_private,606,0.3127,0,1,home,4984000,360
LP001854,APP902695,Nandini Naidu,Ahmedabad,2025-03-02,BR025,branch,35,49415,self_employed_business,791,0.8397,3,0,personal,1058000,48
LP001855,APP900028,Shreya Rao,Mysuru,2023-11-29,BR039,branch,25,139545,contract,541,0.4859,0,6,personal,1380000,24
LP001856,APP902323,Yash Pillai,Lucknow,2023-03-15,BR007,partner_referral,29,73450,self_employed_business,649,0.4789,1,1,personal,602000,24
LP001857,APP902077,Arjun Verma,Nagpur,2024-09-10,BR017,branch,24,53995,self_employed_business,644,0.4113,1,2,personal,802000,60
LP001858,APP903746,Sandeep Sharma,Pune,2025-02-20,BR020,partner_referral,35,85737,self_employed_professional,657,0.3465,0,0,personal,612000,24
LP001859,APP904051,Ritika Verma,Mysuru,2024-12-22,BR010,branch,47,137691,Self_Employed_Professional,677,0.5224,1,0,home,7270000,300
LP001860,APP900853,Praveen Menon,Kanpur,2023-06-21,BR036,partner_referral,37,61702,salaried_government,680,0.7615,3,2,personal,1317000,60
LP001861,APP903293,Ishaan Hegde,Bhopal ,2025-02-03,BR020,direct_sales_agent,26,235648,self_employed_professional,865,0.5285,0,0,home,15000000,300
LP001862,APP901311,Ishaan Kulkarni,Rajkot,2024-07-18,BR014,branch,31,46197,salaried_private,497,0.5731,1,4,vehicle,1024000,60
LP001863,APP900292,Praveen Pillai,Nashik,2025-04-19,BR011,branch,32,65267, CONTRACT ,643,0.5808,0,2,personal,1085000,36
LP001864,APP901750,Divya Kulkarni,Surat,2025-01-05,BR007,online,39,82330,salaried_private,691,0.4233,1,1,home,3461000,300
LP001865,APP901323,Deepika Joshi,Visakhapatnam ,2023-08-21,BR036,branch,31,73371,salaried_private,630,0.2225,0,3,gold,496000,36
LP001866,APP900884,Ritika Verma, Lucknow,2025-03-22,BR021,branch,41,78491,salaried_government,697,0.3618,1,0,personal,738000,36
LP001867,APP901502,Sneha Pillai,Jaipur,2025-01-16,BR007,branch,34,59277,salaried_private,609,0.4558,2,3,gold,451000,36
LP001868,APP900495,Aditya Joshi,Chennai,2023-05-10,BR027,partner_referral,38,17385,contract,426,0.4348,0,6,personal,304000,60
LP001869,APP902560,Praveen Varma,Mysuru,2023-03-11,BR007,branch,33,40038,self_employed_business,566,0.3424,0,0,home,1500000,240
LP001870,APP902289,Ritika Joshi,Surat,2023-07-30,BR026,branch,29,33568,self_employed_business,357,0.6317,1,8,personal,722000,60
LP001871,APP901236,Aarav Gowda,Kanpur,2024-04-04,BR034,branch,30,135428,salaried_private,622,0.2679,0,0,personal,1500000,60
LP001872,APP904069,Praveen Gowda, Kochi,2023-03-08,BR040,branch,48,53441,self_employed_professional,571,0.6026,1,1,personal,907000,48
LP001873,APP900748,Nikhil Iyer,Kanpur,2024-08-29,BR032,branch,26,63347,salaried_government,703,0.5734,2,1,home,2673000,300
LP001874,APP903638,Sandeep Shah,Hyderabad,2024-10-11,BR038,branch,33,81555,self_employed_professional,613,0.3991,1,1,vehicle,1039000,48
LP001875,APP901187,Saanvi Gowda,Vadodara,2023-07-05,BR014,branch,29,36665,salaried_private,685,0.2563,0,0,gold,106000,12
LP001876,APP903421,Aditya Reddy,Pune,2025-02-05,BR032,branch,29,55544,self_employed_professional,460,0.3194,0,8,gold,531000,36
LP001877,APP901033,Aarav Malhotra,Hyderabad,2024-06-14,BR028,online,26,86064,salaried_private,755,0.4648,0,0,personal,1448000,48
LP001878,APP900612,Divya Gowda,Ludhiana,2024-08-10,BR009,branch,44,48922,contract,574,0.6127,2,2,personal,729000,48
LP001879,APP903993,Deepika Krishnan,Nagpur,2024-02-24,BR026,online,43,84768,self_employed_professional,574,0.6946,2,2,gold,679000,18
LP001880,APP903181,Harsha Kapoor,Hyderabad,2023-05-15,BR014,partner_referral,53,44319,self_employed_business,708,0.4624,1,0,home,1927000,300
LP001881,APP900122,Gayathri Kulkarni,Ludhiana,2025-01-28,BR040,branch,28,55894,Contract,619,0.5613,0,3,home,3760000,300
LP001882,APP901507,Aniket Patel,Rajkot,2023-03-23,BR026,online,34,65752,salaried_private,666,0.4799,1,0,gold,273000,12
LP001883,APP902625,Praveen Naidu,Nashik,2023-10-14,BR007,branch,34,42445,self_employed_business,614,0.4376,2,3,gold,186000,18
LP001884,APP900772,Rahul Ramesh,Indore,2024-03-14,BR024,online,29,32919,salaried_government,616,0.5257,1,2,personal,570000,48
LP001885,APP900230,Shreya Verma,Bengaluru,2023-01-07,BR030,partner_referral,31,43552,contract,750,0.709,1,0,personal,284000,12
LP001886,APP903684,Ishaan Sharma,Tirunelveli,2024-12-07,BR017,online,34,71386,self_employed_professional,558,0.6769,1,1,vehicle,1294000,36
LP001887,APP903034,Ananya Malhotra,Rajkot ,2024-06-17,BR040,online,43,222602,self_employed_business,667,0.1892,0,1,personal,1500000,48
LP001888,APP900602,Lakshmi Shah,Mumbai,2025-03-26,BR025,online,43,83125,contract,574,0.5841,0,4,home,5670000,300
LP001889,APP901965,Shreya Iyer, Ahmedabad,2023-12-30,BR022,branch,48,132584,salaried_private,705,0.4809,1,0,vehicle,2500000,60
LP001890,APP903851,Rahul Sharma,Pune,2024-04-06,BR005,direct_sales_agent,38,55424,self_employed_professional,587,0.3721,1,2,gold,438000,36
LP001891,APP902468,Aadhya Verma,Delhi,2023-01-19,BR025,partner_referral,32,106960,self_employed_business,799,0.7533,3,0,home,7237000,360
LP001892,APP902258,Nikhil Verma,Vadodara,2023-10-19,BR032,online,28,77612,self_employed_business,615,0.6587,0,0,vehicle,1996000,48
LP001893,APP902765,Ritika Verma,Nagpur,2025-03-14,BR014,branch,36,64920,self_employed_business,533,0.5764,0,4,home,4517000,360
LP001894,APP902330,Aniket Chauhan,Mysuru,2023-08-10,BR002,branch,29,92208,self_employed_business,390,0.437,1,11,gold,762000,24
LP001895,APP900322,Ishaan Reddy,Lucknow,2023-09-14,BR025,partner_referral,33,37319,contract,633,0.5372,1,1,personal,525000,36
LP001896,APP902491,Siddharth Nair,Surat,2023-07-15,BR004,online,32,26340,self_employed_business,685,0.506,0,0,personal,559000,60
LP001897,APP903329,Nandini Rao,Coimbatore,2023-05-27,BR014,online,27,29712, SELF_EMPLOYED_PROFESSIONAL ,590,0.6767,2,1,personal,446000,36
LP001898,APP903961,Swathi Bhat,Rajkot,2024-11-26,BR004,branch,42,23956,self_employed_professional,642,0.5669,1,1,personal,440000,60
LP001899,APP902000,Sandeep Desai,Nashik,2025-01-01,BR022,partner_referral,51,74493,salaried_private,533,0.6953,3,3,personal,1204000,48
LP001900,APP902798,Ananya Bose,Nashik,2023-05-16,BR020,direct_sales_agent,37,27361,self_employed_business,550,0.3661,0,5,vehicle,216000,24
LP001901,APP903263,Divya Prasad,Bengaluru,2025-06-14,BR022,branch,25,120941,self_employed_professional,736,0.3442,0,0,personal,1500000,48
LP001902,APP903846,Rohan Sharma,Indore,2024-03-06,BR025,branch,38,39002,self_employed_professional,341,0.4053,0,10,personal,542000,48
LP001903,APP900412,Sneha Desai,Rajkot,2024-02-11,BR024,online,35,78693,contract,732,0.2969,0,1,home,2363000,180
LP001904,APP901984,Nikhil Pillai,Visakhapatnam,2025-03-28,BR039,online,49,56538,salaried_private,700,0.3409,0,0,gold,411000,24
LP001905,APP900040,Swathi Iyer,Bengaluru,2024-05-28,BR009,partner_referral,25,61187,CONTRACT,820,0.371,0,0,home,2925000,360
LP001906,APP903393,Aarav Chauhan,Jaipur ,2023-11-20,BR032,branch,28,92545,SELF_EMPLOYED_PROFESSIONAL,635,0.4876,2,2,home,3517000,300
LP001907,APP902866,Nikhil Gowda,Tirunelveli,2023-06-25,BR022,online,38,57431,self_employed_business,531,0.4071,1,3,vehicle,691000,48
LP001908,APP903986,Aniket Kapoor,Nagpur,2025-05-26,BR023,partner_referral,43,50014, self_employed_professional,641,0.7458,1,3,vehicle,1485000,60
LP001909,APP900126,Krishna Malhotra,Nashik,2025-03-01,BR033,branch,28,70986,contract ,702,0.3313,0,0,gold,265000,12
LP001910,APP900745,Siddharth Menon,Tirunelveli,2024-11-18,BR010,online,25,98861,salaried_government,778,0.7222,3,0,vehicle,1675000,48
LP001911,APP903668,Ishaan Iyer,Kolkata,2024-03-24,BR016,online,34,39676,self_employed_professional,797,0.2838,2,0,gold,101000,24
LP001912,APP903923,Sneha Malhotra,Mumbai,2023-08-18,BR002,online,40,97076,self_employed_professional,805,0.4595,1,0,vehicle,1520000,48
LP001913,APP901839,Vikram Patel,Bengaluru,2024-08-23,BR024,direct_sales_agent,42,42282,salaried_private,680,0.5532,2,2,personal,536000,36
LP001914,APP903058,Praveen Banerjee,Mysuru,2023-12-27,BR013,online,44,124256,self_employed_business,647,0.3811,1,1,home,3999000,180
LP001915,APP902536,Aadhya Rao,Ahmedabad,2024-03-03,BR030,partner_referral,33,105962,self_employed_business,717,0.371,1,0,gold,755000,24
LP001916,APP902643,Ishaan Bhat,Delhi,2023-04-13,BR005,branch,34,61962,self_employed_business,609,0.5046,0,1,gold,352000,12
LP001917,APP901680,Reyansh Mukherjee,Coimbatore,2024-04-20,BR026,branch,38,24928,salaried_private,604,0.5836,1,1,vehicle,244000,24
LP001918,APP902049,Kavya Kulkarni,Bhopal ,2023-05-26,BR040,branch,60,63303,salaried_private,562,0.2356,0,3,personal,423000,36
LP001919,APP903072,Harsha Patel,Tirunelveli,2024-06-13,BR035,online,44,91636, self_employed_business,342,0.5788,1,9,home,4116000,180
LP001920,APP901428,Vivaan Shah,Hyderabad ,2025-02-27,BR003,branch,33,36654,SALARIED_PRIVATE,599,0.6322,2,2,vehicle,1000000,84
LP001921,APP902315,Aadhya Joshi,Indore,2024-07-04,BR016,branch,29,59480,self_employed_business,538,0.5648,1,1,vehicle,1053000,48
LP001922,APP903847,Aadhya Kulkarni,Ludhiana,2025-06-12,BR039,online,38,40359,self_employed_professional,830,0.3415,0,0,personal,505000,48
LP001923,APP903079,Nandini Krishnan,Coimbatore,2023-02-20,BR013,partner_referral,45,243987,self_employed_business,698,0.594,1,3,home,15000000,240
LP001924,APP902758,Sandeep Naidu,Delhi,2024-08-30,BR023,branch,36,55264, self_employed_business,528,0.563,2,2,gold,402000,18
LP001925,APP901743,Rahul Menon,Bhopal,2024-10-16,BR017,partner_referral,39,65881,salaried_private,652,0.4398,0,0,vehicle,1361000,60
LP001926,APP902752,Neha Kulkarni,Kolkata,2024-08-01,BR034,online,36,49552,self_employed_business,644,0.5364,1,1,home,2816000,360
LP001927,APP903194,Bhavana Desai,Tirunelveli,2023-09-11,BR030,direct_sales_agent,55,36748,self_employed_business,603,0.3552,0,3,personal,267000,24
LP001928,APP900813,Manoj Mukherjee,Kolkata,2024-03-02,BR036,branch,33,42297,salaried_government,493,0.5882,2,6,personal,475000,36
LP001929,APP900952,Nikhil Mukherjee,Bhopal,2023-12-16,BR024,online,24,103681,Salaried_Private,416,0.7174,3,4,home,5422000,300
LP001930,APP904130,Arjun Subramanian,Indore,2024-03-09,BR029,partner_referral,57,46896,self_employed_professional,653,0.2118,0,1,vehicle,308000,36
LP001931,APP903261,Krishna Banerjee,Chennai,2024-04-23,BR010,online,25,119881,self_employed_professional,656,0.3534,1,3,gold,361000,12
LP001932,APP902667,Sandeep Joshi,Nagpur,2025-03-31,BR028,branch,34,99225,self_employed_business,516,0.7872,1,3,personal,1493000,24
LP001933,APP900363,Saanvi Verma,Hyderabad,2024-06-30,BR030,direct_sales_agent,34,63082,contract,813,0.6114,1,0,personal,1332000,60
LP001934,APP903630,Praveen Pillai,Hyderabad,2025-04-28,BR033,direct_sales_agent,33,58284,self_employed_professional,806,0.2632,0,0,personal,448000,36
LP001935,APP903220,Aarav Malhotra,Lucknow,2024-04-12,BR024,online,60,35726,self_employed_business,508,0.2533,0,4,personal,184000,24
LP001936,APP903422,Vinay Sharma,Visakhapatnam,2023-10-31,BR024,branch,29,57396,self_employed_professional,720,0.5917,2,1,home,3541000,360
LP001937,APP900983,Vinay Patel,Indore,2025-02-06,BR004,branch,25,24832,salaried_private,660,0.6391,1,1,vehicle,301000,24
LP001938,APP904027,Aarav Hegde,Tirunelveli,2024-09-09,BR022,online,45,54464,self_employed_professional,619,0.4211,2,1,personal,199000,12
LP001939,APP900285,Reyansh Ramesh,Lucknow,2024-09-26,BR020,online,32,56776,contract,611,0.3514,1,3,vehicle,412000,36
LP001940,APP902744,Rahul Verma,Kochi ,2024-02-25,BR024,partner_referral,36,37186,self_employed_business,586,0.3492,0,0,vehicle,768000,84
LP001941,APP904140,Diya Patel,Kochi,2025-03-08,BR014,branch,60,101901,self_employed_professional,674,0.2748,1,1,gold,341000,24
LP001942,APP903364,Shreya Banerjee,Delhi,2024-06-07,BR028,branch,28,28811,self_employed_professional,710,0.4725,2,2,personal,262000,48
LP001943,APP902759,Lakshmi Naidu,Ludhiana,2025-04-22,BR015,direct_sales_agent,36,56488,self_employed_business,789,0.3987,1,1,vehicle,937000,60
LP001944,APP903021,Nikhil Pillai,Nagpur,2023-11-17,BR013,online,42,55101,self_employed_business,591,0.5248,1,2,vehicle,868000,48
LP001945,APP900281,Aadhya Chauhan,Bhopal,2025-04-05,BR011,branch,32,46844,contract,502,0.5005,2,8,personal,388000,36
LP001946,APP900547,Siddharth Banerjee,Ahmedabad,2023-05-30,BR024,branch,40,40393,contract,517,0.3806,0,2,home,1500000,180
LP001947,APP900858,Nandini Rao,Delhi,2024-06-13,BR037,online,38,191203,salaried_government,658,0.4431,2,1,personal,1500000,36
LP001948,APP901565,Meera Pillai,Coimbatore,2024-04-29,BR038,online,35,73862,salaried_private,541,0.3287,1,4,personal,577000,48
LP001949,APP901763,Diya Hegde,Vadodara,2024-01-27,BR026,branch,40,113495,salaried_private,702,0.483,2,1,vehicle,1312000,36
LP001950,APP901632,Neha Kapoor,Vadodara,2024-10-08,BR020,branch,37,23455,salaried_private,500,0.4413,1,4,personal,224000,36
LP001951,APP903255,Kavya Krishnan,Ludhiana,2023-01-05,BR034,online,24,58224,self_employed_professional ,557,0.3698,1,4,home,1895000,240
LP001952,APP902767,Krishna Shah,Vadodara,2025-03-26,BR014,partner_referral,36,68245,self_employed_business,573,0.449,3,3,gold,162000,12
LP001953,APP902556,Krishna Pillai,Kanpur,2023-10-24,BR017,branch,33,36542, SELF_EMPLOYED_BUSINESS ,699,0.3565,1,0,gold,269000,36
LP001954,APP903269,Sandeep Kapoor,Surat,2025-02-17,BR021,branch,25,22888,self_employed_professional,747,0.5765,1,0,personal,235000,24
LP001955,APP903085,Aarav Chauhan,Chennai,2023-11-14,BR020,online,45,51050,self_employed_business,570,0.4803,0,2,vehicle,1465000,84
LP001956,APP903850,Kavya Gowda,Kochi,2023-05-26,BR007,branch,38,53188,self_employed_professional,826,0.6523,4,0,home,2293000,300
LP001957,APP901250,Karthik Kapoor,Coimbatore,2023-09-02,BR010,branch,30,26426,salaried_private,497,0.5429,0,1,gold,83000,6
LP001958,APP900732,Harsha Reddy,Mysuru,2023-11-22,BR012,direct_sales_agent,24,38098,salaried_government,514,0.5606,1,4,home,2320000,360
LP001959,APP901433,Neha Prasad,Coimbatore,2024-05-01,BR037,branch,33,46774,salaried_private ,683,0.2626,0,1,gold,263000,24
LP001960,APP903062,Meera Subramanian,Kolkata,2023-08-12,BR037,branch,44,35913,self_employed_business,778,0.5598,0,1,home,2378000,300
LP001961,APP900445,Rohan Gowda,Jaipur,2023-05-04,BR007,partner_referral,36,98094,contract,748,0.4151,0,2,vehicle,2482000,84
LP001962,APP903431,Pooja Bhat,Rajkot,2024-12-15,BR006,branch,29,78658, SELF_EMPLOYED_PROFESSIONAL ,858,0.5261,1,0,vehicle,1796000,60
LP001963,APP902251,Ishaan Chauhan,Visakhapatnam,2023-03-02,BR030,branch,28,63866,self_employed_business,700,0.2368,0,1,gold,249000,18
LP001964,APP900214,Ishaan Malhotra,Vadodara,2024-02-01,BR017,partner_referral,31,101002,contract,675,0.3812,0,2,gold,817000,24
LP001965,APP901046,Praveen Patel,Kochi,2024-10-11,BR026,online,27,189471,salaried_private,563,0.576,0,2,home,11757000,240
LP001966,APP902698,Neha Menon,Madurai,2023-06-22,BR025,online,35,51743,self_employed_business,648,0.7822,3,3,home,3590000,360
LP001967,APP901853,Siddharth Verma,Ludhiana,2023-11-17,BR007,branch,43,164132,salaried_private,356,0.341,1,7,personal,1500000,48
LP001968,APP901017,Kavya Shah,Chennai,2024-09-06,BR016,direct_sales_agent,26,40604,salaried_private,702,0.5873,0,0,vehicle,271000,12
LP001969,APP900395,Vikram Kulkarni,Ludhiana,2024-09-17,BR038,branch,35,39824,contract,669,0.206,0,0,vehicle,254000,36
LP001970,APP900931,Ananya Pillai,Surat,2023-10-23,BR039,online,60,42384, salaried_government,722,0.5328,2,0,personal,165000,12
LP001971,APP900248,Pooja Varma,Jaipur,2024-12-14,BR001,branch,31,70734,contract,559,0.3962,0,0,gold,595000,24
LP001972,APP903581,Siddharth Chauhan,Bhopal ,2024-08-31,BR027,online,32,59377,self_employed_professional,747,0.4901,2,0,personal,874000,60
LP001973,APP901872,Shreya Mukherjee,Bhopal,2024-10-15,BR012,direct_sales_agent,43,61904,salaried_private,435,0.4745,1,5,home,2748000,300
LP001974,APP903332,Aadhya Ramesh,Vadodara,2023-01-11,BR034,online,27,32288,self_employed_professional,668,0.5957,1,1,home,2003000,300
LP001975,APP901880,Reyansh Rao,Pune,2023-02-05,BR029,branch,43,86383,salaried_private,577,0.5013,1,2,personal,431000,12
LP001976,APP903249,Swathi Bhat,Tirunelveli ,2023-03-09,BR040,online,24,40356,self_employed_professional,683,0.2061,0,1,personal,298000,48
LP001977,APP901462,Nikhil Rao,Delhi,2024-10-16,BR021,branch,34,118589,salaried_private,569,0.4633,1,1,home,4855000,300
LP001978,APP903183,Ritika Shah,Visakhapatnam,2024-02-18,BR003,online,53,50779,self_employed_business,613,0.6136,1,1,vehicle,1522000,84
LP001979,APP903798,Saanvi Joshi,Ludhiana,2024-06-25,BR018,branch,37,267928,self_employed_professional ,456,0.2964,0,5,gold,892000,12
LP001980,APP900243,Ananya Ramesh,Nashik,2024-05-20,BR010,partner_referral,31,59844,contract,555,0.4811,0,3,vehicle,886000,36
LP001981,APP904070,Deepika Bose,Pune,2024-05-21,BR035,branch,48,55986,self_employed_professional,644,0.794,2,1,vehicle,1595000,60
LP001982,APP903169,Ishaan Ramesh,Ludhiana,2023-08-09,BR037,branch,51,73736,SELF_EMPLOYED_BUSINESS,481,0.3572,1,6,personal,510000,36
LP001983,APP904145,Karthik Reddy,Hyderabad,2023-05-10,BR032,branch,60,31557,self_employed_professional,605,0.9138,0,1,vehicle,327000,12
LP001984,APP901074,Yash Chatterjee, Indore,2024-12-16,BR015,online,27,64715,salaried_private ,830,0.3339,1,0,gold,387000,24
LP001985,APP902019,Aarav Bose, Mysuru,2025-05-17,BR011,branch,54,29997,salaried_private,708,0.4805,0,0,vehicle,869000,84
LP001986,APP903150,Gayathri Malhotra,Lucknow,2024-02-13,BR010,branch,50,26886,self_employed_business,617,0.5814,2,3,gold,126000,12
LP001987,APP903298,Vikram Banerjee,Lucknow,2023-09-26,BR014,direct_sales_agent,26,29795,self_employed_professional,587,0.5571,1,3,personal,279000,24
LP001988,APP902743,Anjali Chatterjee,Kolkata,2023-01-31,BR032,online,36,35875, self_employed_business,657,0.6545,2,1,personal,591000,36
LP001989,APP901434,Pooja Krishnan,Madurai,2023-07-18,BR018,branch,33,47033,salaried_private,507,0.5081,2,3,personal,679000,60
LP001990,APP901566,Saanvi Joshi,Mysuru,2024-12-09,BR014,online,35,74967,salaried_private,738,0.5416,1,2,personal,641000,24
LP001991,APP900332,Meera Verma,Kanpur,2024-04-05,BR019,branch,33,71701,contract,674,0.2928,1,1,personal,486000,36
LP001992,APP901215,Vikram Desai,Hyderabad,2025-02-01,BR021,branch,29,64163, SALARIED_PRIVATE ,597,0.5049,2,2,home,2180000,300
LP001993,APP902975,Pooja Subramanian,Surat,2023-07-10,BR024,partner_referral,41,28641,self_employed_business,678,0.6063,1,1,gold,85000,6
LP001994,APP903201,Divya Banerjee,Lucknow,2024-06-14,BR040,branch,56,180698,self_employed_business,437,0.8022,2,5,vehicle,1290000,12
LP001995,APP902308,Siddharth Mukherjee,Ahmedabad,2024-03-19,BR029,direct_sales_agent,29,51069,self_employed_business,607,0.5386,1,3,vehicle,1013000,60
LP001996,APP900396,Kavya Patel,Surat,2023-09-21,BR017,branch,35,41046,contract,454,0.4756,1,9,vehicle,500000,36
LP001997,APP902432,Diya Krishnan,Ludhiana,2024-03-21,BR014,online,31,41694,Self_Employed_Business,463,0.4142,0,5,gold,100000,6
LP001998,APP900468,Vivaan Banerjee,Bengaluru,2025-05-01,BR031,partner_referral,37,49549,contract,300,0.5987,2,11,vehicle,406000,24
LP001999,APP903525,Praveen Kulkarni, Madurai,2023-03-20,BR019,branch,31,56780,self_employed_professional,633,0.6773,2,2,home,3170000,300
LP002000,APP901200,Bhavana Ramesh,Hyderabad,2025-03-15,BR020,partner_referral,29,48851,salaried_private,757,0.3704,0,1,vehicle,857000,60
LP002001,APP902872,Ritika Bose, Indore,2023-11-16,BR031,branch,38,76683,self_employed_business,699,0.3643,1,0,home,2441000,240
LP002002,APP901556,Bhavana Kulkarni,Lucknow,2024-05-06,BR013,online,35,56585,salaried_private,609,0.4341,0,3,gold,277000,12
LP002003,APP900853,Praveen Menon,Kanpur,2024-04-13,BR036,online,37,60971,salaried_government,482,0.4161,0,2,home,2772000,240
LP002004,APP902035,Aditya Chauhan,Chennai ,2023-09-28,BR025,branch,58,138888,salaried_private,612,0.2834,0,2,home,4363000,240
LP002005,APP904056,Manoj Nair,Surat,2025-05-09,BR017,online,47,38947,self_employed_professional,487,0.3065,0,3,gold,357000,36
LP002006,APP901436,Siddharth Malhotra,Tirunelveli,2023-05-23,BR001,branch,33,48399,salaried_private ,570,0.4385,0,3,gold,123000,6
LP002007,APP900818,Rohan Nair,Tirunelveli,2024-01-26,BR036,branch,34,102598,salaried_government,553,0.3924,0,1,home,3127000,120
LP002008,APP902288,Aarav Subramanian,Ahmedabad,2024-06-28,BR026,direct_sales_agent,29,30855,self_employed_business,631,0.4082,2,1,gold,111000,18
LP002009,APP900988,Aarav Kulkarni,Hyderabad,2024-09-02,BR021,branch,25,41495,salaried_private,554,0.4464,1,3,personal,603000,48
LP002010,APP902049,Kavya Kulkarni,Bhopal,2025-04-09,BR040,partner_referral,60,59688,salaried_private,434,0.6887,1,7,vehicle,1588000,60
LP002011,APP902880,Siddharth Patel,Bhopal,2024-05-22,BR007,branch,39,109497,self_employed_business,731,0.4395,1,0,gold,635000,18
LP002012,APP902693,Gayathri Bhat,Pune,2024-06-29,BR007,partner_referral,35,47942,self_employed_business,524,0.3095,0,3,gold,447000,36
LP002013,APP903762,Nandini Verma,Nashik,2023-10-20,BR030,branch,36,34398,self_employed_professional,787,0.3897,1,1,home,1500000,360
LP002014,APP902357,Bhavana Hegde,Pune,2023-07-02,BR039,partner_referral,30,31486,self_employed_business,647,0.3745,0,0,personal,242000,24
LP002015,APP901391,Siddharth Naidu,Kanpur,2023-03-03,BR028,online,32,76086,salaried_private,601,0.348,0,1,home,2887000,240
LP002016,APP902152,Sneha Gowda,Mysuru,2024-07-22,BR039,branch,26,57020,self_employed_business,515,0.4785,1,4,vehicle,761000,36
LP002017,APP900563,Sneha Subramanian, Ludhiana,2025-05-24,BR028,branch,41,146309,contract,726,0.2789,0,1,vehicle,2500000,84
LP002018,APP902183,Bhavana Kulkarni,Chennai ,2025-04-09,BR037,partner_referral,27,37054,self_employed_business,686,0.4401,0,1,vehicle,986000,84
LP002019,APP903831,Pooja Banerjee,Delhi,2024-01-22,BR002,online,37,95774,self_employed_professional,556,0.3828,0,3,home,4200000,300
LP002020,APP901558,Sandeep Prasad,Ludhiana,2024-01-29,BR005,online,35,58903,salaried_private,753,0.8006,2,0,vehicle,1399000,48
LP002021,APP904136,Aarav Mukherjee,Kanpur,2025-06-07,BR003,branch,58,85210,self_employed_professional,569,0.6185,0,0,personal,1500000,36
LP002022,APP900130,Bhavana Hegde,Rajkot ,2024-05-13,BR006,branch,28,76664,contract,820,0.536,0,0,home,5364000,360
LP002023,APP902192,Reyansh Shah,Ahmedabad,2025-01-08,BR016,branch,27,52509,self_employed_business,638,0.6784,2,1,home,2879000,300
LP002024,APP900153,Swathi Varma,Kanpur,2023-09-12,BR023,partner_referral,29,20094,contract,515,0.3857,2,5,personal,123000,36
LP002025,APP903528,Ishaan Bose,Hyderabad,2023-05-10,BR002,branch,31,63608,self_employed_professional,705,0.5287,0,1,personal,1206000,48
LP002026,APP900180,Aarav Sharma,Nashik,2023-03-03,BR018,branch,30,139213,contract,725,0.4194,0,1,home,7263000,360
LP002027,APP900921,Ritika Prasad,Bhopal ,2024-12-29,BR037,branch,51,85532,salaried_government,541,0.4417,1,3,home,2681000,180
LP002028,APP901390,Divya Chauhan,Ludhiana,2025-04-12,BR039,partner_referral,32,74924,salaried_private,814,0.2921,1,0,personal,409000,36
LP002029,APP902311,Deepika Pillai,Nashik,2023-08-13,BR024,branch,29,53916,self_employed_business,501,0.5234,1,4,personal,688000,36
LP002030,APP903680,Meera Kulkarni,Kolkata ,2023-08-03,BR005,online,34,62672,self_employed_professional,564,0.331,2,2,gold,192000,18
LP002031,APP903246,Harsha Shah,Kolkata,2023-08-06,BR019,branch,24,156637,self_employed_professional,457,0.413,0,7,vehicle,2500000,48
LP002032,APP902951,Priya Shah,Indore,2025-02-09,BR019,direct_sales_agent,40,53709,self_employed_business,748,0.5642,3,0,personal,845000,60
LP002033,APP904075,Reyansh Patel,Kanpur ,2024-10-12,BR039,partner_referral,48,75307,self_employed_professional,542,0.4588,0,1,personal,1419000,60
LP002034,APP901531,Manoj Varma,Tirunelveli,2023-05-03,BR001,partner_referral,35,154066,salaried_private,350,0.2768,1,7,personal,1252000,48
LP002035,APP901630,Vinay Desai,Nashik,2024-07-17,BR001,branch,37,209278,salaried_private,628,0.4344,0,0,home,10930000,300
LP002036,APP901537,Vinay Malhotra,Jaipur,2023-11-11,BR021,online,35,30754,salaried_private,758,0.5731,1,0,personal,309000,24
LP002037,APP900286,Krishna Verma,Chennai,2023-11-23,BR019,partner_referral,32,57230,contract,585,0.7255,1,2,personal,1076000,36
LP002038,APP900427,Aarav Bose,Nashik,2025-05-05,BR004,online,36,22319,contract,824,0.4634,0,0,personal,303000,36
LP002039,APP903413,Siddharth Kulkarni, Kochi,2024-01-31,BR039,branch,29,35244,self_employed_professional,495,0.6137,1,4,vehicle,1002000,84
LP002040,APP901615,Ritika Banerjee,Kolkata ,2023-01-03,BR008,branch,36,81833,salaried_private,637,0.1951,0,1,gold,262000,18
LP002041,APP900530,Swathi Pillai,Lucknow,2024-12-19,BR017,online,39,64005,contract,563,0.4325,0,3,personal,1141000,60
LP002042,APP902400,Kavya Sharma,Chennai,2025-03-06,BR039,online,30,80598,self_employed_business,660,0.2759,0,0,gold,473000,24
LP002043,APP902786,Sneha Chatterjee,Bengaluru,2023-12-31,BR022,partner_referral,37,127246,self_employed_business,713,0.4214,0,1,personal,595000,12
LP002044,APP901079,Kavya Kapoor,Mumbai,2024-05-02,BR012,direct_sales_agent,27,74506,salaried_private,539,0.3638,0,4,vehicle,1057000,48
LP002045,APP901978,Nikhil Banerjee,Jaipur,2023-03-22,BR024,partner_referral,49,159761,salaried_private,300,0.5707,2,12,personal,1500000,36
LP002046,APP900708,Ananya Sinha,Madurai,2025-06-25,BR040,online,56,61146,contract,655,0.6841,2,1,home,4067000,360
LP002047,APP901818,Divya Ramesh,Kochi,2025-03-07,BR007,partner_referral,41,68095,salaried_private,681,0.5388,2,1,home,2993000,240
LP002048,APP900629,Neha Prasad,Surat,2025-03-26,BR008,branch,45,68553,contract,730,0.4581,1,1,gold,561000,24
LP002049,APP902569,Saanvi Prasad,Surat,2025-05-22,BR020,branch,33,495077,self_employed_business,689,0.2487,0,0,home,15000000,300
LP002050,APP903673,Nikhil Prasad,Mumbai,2024-11-21,BR021,partner_referral,34,48621,self_employed_professional,523,0.2704,0,3,personal,267000,24
LP002051,APP901043,Kavya Kulkarni,Nashik,2025-04-02,BR018,branch,27,15650,salaried_private,738,0.2782,0,0,gold,132000,36
LP002052,APP902196,Ishaan Chatterjee,Bengaluru,2023-05-24,BR001,partner_referral,27,56501,self_employed_business,745,0.2264,0,0,gold,211000,18
LP002053,APP903107,Aarav Gowda,Lucknow,2024-07-01,BR030,partner_referral,46,64110,self_employed_business,838,0.5087,1,0,home,3139000,360
LP002054,APP903386,Gayathri Banerjee,Jaipur,2023-10-17,BR022,branch,28,72347,self_employed_professional,325,0.3369,0,8,personal,488000,24
LP002055,APP903564,Meera Sharma,Nagpur,2024-08-06,BR002,partner_referral,32,33670,self_employed_professional,572,0.3563,0,2,vehicle,469000,48
LP002056,APP901375,Swathi Patel,Kolkata,2025-01-14,BR027,online,32,52653,salaried_private,614,0.6678,3,0,personal,785000,48
LP002057,APP902010,Manoj Pillai,Indore,2024-06-03,BR031,branch,53,32564,salaried_private,687,0.5172,2,0,personal,324000,36
LP002058,APP903438,Sneha Menon,Delhi,2025-01-25,BR032,branch,29,98004,self_employed_professional,729,0.4654,0,0,home,5861000,360
LP002059,APP901657,Vivaan Hegde,Ahmedabad,2023-12-07,BR015,online,37,74473,salaried_private,592,0.4042,0,2,vehicle,1393000,60
LP002060,APP901066,Rahul Banerjee,Kolkata,2024-02-04,BR037,branch,27,52308,salaried_private,665,0.4591,0,1,personal,861000,48
LP002061,APP900723,Reyansh Nair,Bengaluru,2023-01-29,BR009,branch,60,57348,contract,669,0.5003,3,1,personal,660000,60
LP002062,APP900181,Aadhya Chatterjee,Kanpur,2025-04-29,BR037,online,30,149210,contract,738,0.4022,1,0,personal,952000,24
LP002063,APP902736,Rohan Pillai,Surat,2024-06-30,BR028,partner_referral,36,27302,Self_Employed_Business,546,0.5524,0,3,personal,530000,48
LP002064,APP903165,Diya Patel,Ahmedabad,2025-01-19,BR027,branch,51,50333,self_employed_business ,710,0.4906,2,2,gold,379000,24
LP002065,APP902239,Swathi Sharma,Nashik,2024-07-11,BR031,branch,28,45032,self_employed_business,577,0.4392,0,3,personal,218000,12
LP002066,APP900255,Aniket Sharma,Pune,2025-06-25,BR006,branch,31,90140,contract,705,0.7036,2,0,vehicle,1761000,48
LP002067,APP900505,Reyansh Bose,Lucknow,2024-04-28,BR034,partner_referral,38,34456,contract,509,0.4658,1,5,personal,540000,60
LP002068,APP901796,Lakshmi Iyer,Vadodara,2024-04-03,BR038,online,41,100976,salaried_private,496,0.4231,0,6,personal,1202000,36
LP002069,APP903491,Divya Kulkarni,Vadodara,2023-03-16,BR028,branch,31,108711,self_employed_professional,768,0.6036,2,0,home,6628000,360
LP002070,APP903962,Sneha Sinha,Indore,2023-06-15,BR004,direct_sales_agent,42,28813,self_employed_professional,572,0.3558,1,1,gold,212000,36
LP002071,APP902847,Manoj Reddy,Ahmedabad,2023-04-18,BR023,branch,38,158607, self_employed_business,702,0.2954,0,1,gold,1000000,24
LP002072,APP903354,Aadhya Kapoor,Tirunelveli ,2024-09-10,BR003,partner_referral,28,103167,self_employed_professional,727,0.3475,0,1,personal,1041000,36
LP002073,APP903008,Vikram Subramanian,Ahmedabad,2023-05-29,BR010,branch,42,23380,self_employed_business ,465,0.6579,1,5,personal,142000,12
LP002074,APP902644,Meera Ramesh,Chennai,2024-10-18,BR028,online,34,63398,self_employed_business,667,0.6288,2,0,home,3975000,360
LP002075,APP900671,Nikhil Pillai,Tirunelveli,2025-04-19,BR028,direct_sales_agent,49,28649,contract,747,0.7357,2,0,vehicle,343000,24
LP002076,APP901451,Vikram Ramesh,Jaipur,2023-02-11,BR013,branch,33,75032,salaried_private,736,0.7557,2,1,vehicle,1331000,36
LP002077,APP902717,Ananya Varma,Kanpur,2025-02-26,BR003,branch,35,93951,self_employed_business,639,0.4456,0,0,vehicle,2500000,84
LP002078,APP902854,Divya Subramanian,Pune,2023-10-02,BR037,branch,38,26520,Self_Employed_Business,624,0.428,0,1,gold,242000,24
LP002079,APP903861,Divya Menon,Rajkot,2023-06-17,BR005,partner_referral,38,70435,self_employed_professional,673,0.3551,0,0,home,2756000,240
LP002080,APP902903,Shreya Krishnan,Nagpur,2023-07-30,BR005,branch,39,52559,self_employed_business,705,0.5663,1,0,vehicle,996000,48
LP002081,APP900521,Rohan Patel,Chennai,2023-10-18,BR003,partner_referral,39,21266,contract,537,0.5624,1,3,vehicle,622000,84
LP002082,APP900438,Vinay Kulkarni,Surat,2024-06-23,BR025,online,36,66655,contract,356,0.4236,1,10,personal,558000,36
LP002083,APP901524,Arjun Hegde,Indore,2024-06-25,BR007,branch,35,126595,salaried_private,765,0.4983,0,0,home,7648000,300
LP002084,APP900777,Pooja Rao,Nagpur,2023-06-09,BR009,partner_referral,29,71846,salaried_government,867,0.7695,0,0,personal,617000,12
LP002085,APP903537,Vinay Hegde,Vadodara,2024-04-06,BR006,branch,31,74835,self_employed_professional,570,0.4118,1,2,personal,644000,36
LP002086,APP902073,Aniket Malhotra,Ahmedabad,2024-10-28,BR039,online,24,44100,self_employed_business,547,0.358,0,6,gold,335000,24
LP002087,APP900805,Manoj Krishnan,Chennai,2024-01-10,BR016,online,32,83139,salaried_government,674,0.4365,0,1,personal,1301000,48
LP002088,APP903899,Anjali Banerjee,Nagpur,2024-11-12,BR009,branch,40,20695,self_employed_professional,502,0.2943,1,4,gold,56000,12
LP002089,APP900924,Aadhya Hegde,Ahmedabad,2024-12-20,BR040,online,53,101313,salaried_government,565,0.4705,0,4,home,5526000,300
LP002090,APP901095,Diya Mukherjee,Ludhiana,2023-06-17,BR017,branch,28,129319,salaried_private,710,0.4892,0,1,vehicle,2500000,48
LP002091,APP901159,Vikram Kulkarni,Indore,2024-05-30,BR007,branch,29,115633,salaried_private ,460,0.95,1,10,vehicle,1154000,12
LP002092,APP902442,Rahul Prasad,Coimbatore,2024-05-16,BR002,direct_sales_agent,31,51747,self_employed_business,344,0.5584,1,8,personal,768000,48
LP002093,APP900735,Bhavana Subramanian,Nashik,2023-02-07,BR037,branch,25,105375,salaried_government,452,0.367,0,4,home,4161000,240
LP002094,APP901715,Anjali Rao,Ahmedabad,2023-01-28,BR019,partner_referral,39,24872,salaried_private,758,0.3351,0,0,gold,94000,12
LP002095,APP901944,Arjun Prasad,Indore ,2024-05-06,BR038,direct_sales_agent,46,80272,salaried_private,625,0.4423,2,1,home,2525000,240
LP002096,APP903248,Nandini Pillai,Kochi ,2023-10-29,BR008,branch,24,34859,self_employed_professional,694,0.5895,4,1,gold,173000,18
LP002097,APP900303,Diya Menon,Hyderabad,2024-12-13,BR013,branch,32,89032,contract,654,0.5482,1,1,vehicle,1759000,60
LP002098,APP903517,Praveen Malhotra,Vadodara,2024-06-12,BR005,online,31,50166,self_employed_professional,575,0.4437,0,3,personal,921000,60
LP002099,APP900869,Vivaan Hegde,Vadodara,2023-06-30,BR010,online,39,53960,salaried_government,657,0.8047,1,0,vehicle,830000,24
LP002100,APP902340,Manoj Nair,Indore,2025-01-02,BR012,branch,30,129662,self_employed_business,639,0.3895,0,3,vehicle,1562000,36
LP002101,APP900436,Sandeep Gowda,Chennai,2024-10-27,BR034,branch,36,50917,contract,412,0.3116,0,5,gold,475000,36
LP002102,APP900263,Manoj Rao,Nashik,2024-08-14,BR017,branch,32,118915,contract,687,0.4287,0,0,home,5682000,240
LP002103,APP902001,Reyansh Joshi,Pune,2023-11-27,BR038,online,52,214235, salaried_private,518,0.7682,2,2,personal,1435000,12
LP002104,APP901073,Nandini Kulkarni,Rajkot,2023-05-04,BR034,branch,27,63583,salaried_private,545,0.5762,2,1,vehicle,1169000,48
LP002105,APP901789,Harsha Joshi,Kolkata,2025-06-13,BR026,partner_referral,40,64116,salaried_private,703,0.2731,0,1,home,2104000,300
LP002106,APP904128,Meera Reddy,Chennai,2024-07-12,BR027,online,57,24843,self_employed_professional ,613,0.2367,0,1,gold,125000,24
LP002107,APP901581,Arjun Reddy,Coimbatore,2025-03-28,BR029,partner_referral,36,14567,salaried_private,595,0.712,1,1,vehicle,432000,60
LP002108,APP900229,Shreya Sharma,Chennai,2024-09-08,BR029,branch,31,43255, contract,461,0.6018,0,8,personal,733000,36
LP002109,APP900496,Shreya Kapoor,Lucknow,2024-02-13,BR034,partner_referral,38,183865,Contract,533,0.7102,2,2,home,12388000,360
LP002110,APP901304,Siddharth Rao,Kanpur,2023-05-10,BR039,branch,31,39049,salaried_private,620,0.3458,1,2,gold,66000,6
LP002111,APP902374,Aniket Varma,Ahmedabad,2024-07-27,BR005,branch,30,51211,self_employed_business,641,0.1765,0,0,personal,321000,48
LP002112,APP902686,Karthik Reddy,Coimbatore,2023-10-09,BR039,direct_sales_agent,35,35237,self_employed_business,636,0.3838,1,1,gold,334000,36
LP002113,APP900012,Bhavana Subramanian,Visakhapatnam,2024-02-28,BR001,direct_sales_agent,24,130397,contract,621,0.4421,0,0,home,6825000,300
LP002114,APP901030,Bhavana Kapoor,Kolkata,2023-04-29,BR006,online,26,77172,salaried_private,789,0.3531,0,0,personal,796000,36
LP002115,APP902986,Rahul Ramesh,Kanpur,2024-06-21,BR035,online,41,47928,self_employed_business,632,0.412,1,0,personal,553000,48
LP002116,APP904104,Lakshmi Rao,Tirunelveli,2023-11-23,BR025,online,52,75646,self_employed_professional,627,0.2774,0,1,gold,448000,24
LP002117,APP901927,Ananya Chatterjee,Tirunelveli,2023-11-17,BR007,online,45,95130,salaried_private,600,0.1886,0,1,gold,202000,12
LP002118,APP904092,Harsha Malhotra,Surat,2024-05-30,BR002,branch,50,50792,self_employed_professional,636,0.5445,0,4,personal,988000,48
LP002119,APP900925,Aniket Bose,Bengaluru,2024-12-04,BR032,branch,53,31996,SALARIED_GOVERNMENT,566,0.3474,1,1,gold,281000,36
LP002120,APP903752,Vinay Hegde,Jaipur,2023-03-20,BR013,online,36,125296,self_employed_professional,546,0.473,0,6,personal,1209000,24
LP002121,APP903920,Harsha Kulkarni,Ludhiana,2025-06-06,BR021,branch,40,87247,self_employed_professional,580,0.4783,1,3,gold,612000,18
LP002122,APP903003,Nandini Bhat,Bhopal,2025-02-23,BR005,direct_sales_agent,42,100021,self_employed_business,798,0.6826,3,0,home,4932000,240
LP002123,APP904116,Bhavana Kapoor,Kanpur,2023-10-04,BR016,partner_referral,54,74664,self_employed_professional,553,0.238,0,2,gold,378000,24
LP002124,APP902792,Lakshmi Bhat,Surat,2023-01-21,BR010,partner_referral,37,20511,self_employed_business,848,0.5669,2,2,personal,272000,36
LP002125,APP903419,Praveen Reddy,Lucknow,2023-05-03,BR011,branch,29,50445,self_employed_professional,731,0.5555,1,0,home,2833000,240
LP002126,APP903706,Meera Reddy, Madurai,2025-02-02,BR012,online,35,25508,Self_Employed_Professional,644,0.5937,0,2,vehicle,172000,12
LP002127,APP901239,Priya Hegde,Delhi,2023-12-24,BR037,online,30,151434,salaried_private,625,0.1236,0,3,gold,307000,18
LP002128,APP903191,Diya Kapoor,Mysuru,2023-06-04,BR037,branch,54,64153,self_employed_business,607,0.3654,2,1,gold,127000,12
LP002129,APP903709,Aarav Pillai,Visakhapatnam,2023-01-02,BR033,branch,35,29710,self_employed_professional ,511,0.6067,1,3,personal,413000,36
LP002130,APP901907,Manoj Patel,Jaipur,2023-05-19,BR023,partner_referral,45,15732,salaried_private,633,0.282,0,4,personal,127000,36
LP002131,APP901926,Praveen Bose,Lucknow,2025-03-14,BR001,partner_referral,45,94811,salaried_private,814,0.4371,0,0,home,4676000,240
LP002132,APP900794,Manoj Patel,Kolkata,2023-01-23,BR002,branch,31,55231,salaried_government,596,0.6129,2,0,personal,855000,48
LP002133,APP900736,Swathi Naidu,Kanpur,2024-12-30,BR034,partner_referral,25,151311,salaried_government,507,0.2843,0,5,personal,1500000,48
LP002134,APP900173,Divya Joshi,Ahmedabad,2024-10-24,BR005,online,29,97650,contract,846,0.3136,0,0,gold,507000,18
LP002135,APP902797,Kavya Banerjee,Ahmedabad,2025-04-11,BR009,online,37,26385,self_employed_business,726,0.5009,1,1,personal,411000,48
LP002136,APP902326,Aarav Desai,Kochi,2024-12-11,BR034,online,29,80815, SELF_EMPLOYED_BUSINESS ,633,0.4184,1,2,personal,1013000,48
LP002137,APP903305,Nikhil Shah,Surat,2024-07-23,BR026,partner_referral,26,49133,self_employed_professional,768,0.8728,2,0,vehicle,993000,36
LP002138,APP900538,Reyansh Iyer,Rajkot,2024-02-21,BR003,branch,39,86054,contract,657,0.4962,1,0,home,4454000,360
LP002139,APP902980,Vinay Ramesh,Surat,2024-05-17,BR012,branch,41,36167,self_employed_business,819,0.7432,1,0,gold,143000,6
LP002140,APP902015,Harsha Chatterjee,Chennai,2023-04-19,BR039,online,53,81636,salaried_private,587,0.2966,1,2,personal,601000,36
LP002141,APP902495,Saanvi Malhotra,Ludhiana,2024-09-20,BR016,partner_referral,32,30284,self_employed_business,675,0.2381,1,0,personal,187000,48
LP002142,APP900176,Vivaan Chatterjee,Pune,2025-01-14,BR023,branch,30,108929,contract,630,0.405,1,2,vehicle,1498000,60
LP002143,APP903319,Divya Ramesh,Kochi,2024-07-23,BR028,online,27,101527,self_employed_professional,689,0.5159,0,1,personal,1500000,36
LP002144,APP900311,Reyansh Banerjee,Rajkot,2023-10-29,BR002,online,33,135027,contract,586,0.4493,2,2,personal,1500000,48
LP002145,APP901732,Nikhil Rao,Bengaluru,2025-05-06,BR025,branch,39,43596,salaried_private ,514,0.8019,3,3,gold,216000,12
LP002146,APP902882,Krishna Kapoor,Tirunelveli,2025-02-17,BR018,branch,39,138914,self_employed_business,684,0.5963,2,4,home,5446000,240
LP002147,APP900056,Neha Mukherjee, Pune,2023-01-03,BR016,online,26,41392, CONTRACT ,847,0.4813,1,1,personal,196000,12
LP002148,APP902220,Diya Joshi,Bhopal,2023-02-02,BR019,branch,28,122312,self_employed_business,717,0.3396,0,0,personal,1500000,48
LP002149,APP902716,Priya Hegde,Ludhiana,2023-03-13,BR039,online,35,89426,self_employed_business,528,0.4586,1,2,gold,611000,18
LP002150,APP901395,Divya Malhotra,Surat,2024-03-24,BR020,partner_referral,32,90429,salaried_private,697,0.4638,0,1,personal,1500000,48
LP002151,APP902437,Shreya Pillai, Mumbai,2023-02-12,BR018,branch,31,46759,self_employed_business,900,0.5632,1,0,home,1946000,120
LP002152,APP900428,Shreya Bhat,Mumbai,2023-04-29,BR020,branch,36,25411,contract,683,0.5886,0,4,home,1500000,180
LP002153,APP901629,Harsha Shah,Coimbatore,2024-05-18,BR011,partner_referral,37,200558,salaried_private,785,0.1752,0,2,personal,1500000,60
LP002154,APP901515,Meera Menon,Lucknow,2024-12-26,BR034,online,34,78098,salaried_private,556,0.3175,0,2,gold,279000,12
LP002155,APP903138,Siddharth Sharma,Delhi,2024-12-22,BR014,online,48,78797,self_employed_business,729,0.4797,1,1,home,4329000,360
LP002156,APP903335,Siddharth Iyer,Rajkot,2024-06-06,BR021,online,27,50896,self_employed_professional,635,0.6095,1,1,vehicle,792000,36
LP002157,APP901226,Gayathri Sharma,Mysuru,2023-10-18,BR008,partner_referral,29,84955,salaried_private,618,0.506,1,0,personal,1500000,60
LP002158,APP902729,Aarav Chauhan,Hyderabad,2024-04-23,BR024,online,36,159372,SELF_EMPLOYED_BUSINESS,803,0.6262,1,0,home,9527000,240
LP002159,APP902414,Ritika Prasad,Mumbai,2023-01-23,BR026,direct_sales_agent,31,12000,self_employed_business,652,0.7051,3,1,personal,88000,24
LP002160,APP902834,Anjali Chauhan,Jaipur,2024-01-20,BR018,branch,37,98037,self_employed_business,589,0.7098,2,4,home,6592000,360
LP002161,APP902612,Karthik Joshi,Mumbai,2024-11-10,BR033,online,34,21490,self_employed_business ,718,0.2285,0,0,gold,81000,18
LP002162,APP901293,Vivaan Sharma,Bhopal,2023-02-21,BR021,branch,31,199573,salaried_private,708,0.3641,0,0,personal,1500000,24
LP002163,APP901896,Swathi Banerjee,Pune,2025-05-19,BR018,branch,44,64148,salaried_private,459,0.4792,0,5,home,3544000,300
LP002164,APP902584,Nikhil Banerjee,Mysuru,2023-10-29,BR017,branch,33,75562,Self_Employed_Business,621,0.6831,2,0,home,5127000,360
LP002165,APP901497,Harsha Ramesh,Kolkata,2023-01-18,BR037,online,34,51848,salaried_private,617,0.6174,0,2,personal,916000,36
LP002166,APP902307,Arjun Joshi,Bengaluru,2023-04-23,BR020,partner_referral,29,50534,self_employed_business,364,0.8161,5,6,vehicle,1273000,84
LP002167,APP901640,Deepika Verma,Hyderabad,2024-09-24,BR036,branch,37,35117,salaried_private,668,0.2559,0,0,personal,185000,24
LP002168,APP902852,Aarav Malhotra,Kanpur,2023-07-23,BR030,branch,38,23306,self_employed_business,780,0.4675,0,0,gold,123000,12
LP002169,APP902681,Gayathri Pillai,Coimbatore,2024-07-05,BR012,direct_sales_agent,35,25437,self_employed_business,506,0.5778,1,2,personal,411000,48
LP002170,APP903147,Siddharth Varma,Mumbai,2024-12-10,BR018,direct_sales_agent,49,84799,self_employed_business,658,0.5338,1,1,personal,1500000,60
LP002171,APP900940,Vikram Varma,Rajkot,2025-06-02,BR037,partner_referral,23,131669,salaried_private,490,0.3276,0,6,personal,1500000,48
LP002172,APP900324,Nandini Sharma,Indore,2023-08-09,BR016,direct_sales_agent,33,47599,contract,661,0.3142,0,0,personal,625000,60
LP002173,APP903764,Harsha Chauhan,Chennai,2025-06-29,BR011,online,36,372707,self_employed_professional,730,0.4837,1,0,home,15000000,240
LP002174,APP902426,Nikhil Joshi,Bhopal,2023-12-21,BR005,online,31,40167,self_employed_business,775,0.2865,1,0,gold,101000,12
LP002175,APP901233,Aarav Reddy,Visakhapatnam,2023-05-18,BR001,branch,30,110428,salaried_private,724,0.3376,0,0,gold,797000,24
LP002176,APP902152,Sneha Gowda,Mysuru,2023-12-30,BR039,online,26,55926,self_employed_business,766,0.5432,1,0,personal,1150000,60
LP002177,APP903623,Lakshmi Mukherjee,Kanpur,2024-04-12,BR003,direct_sales_agent,33,41239,self_employed_professional,607,0.1803,0,2,gold,225000,36
LP002178,APP903230,Rahul Kapoor,Pune,2023-09-30,BR003,online,23,33280,self_employed_professional,672,0.4017,1,0,gold,214000,24
LP002179,APP903900,Saanvi Kulkarni,Kochi,2023-08-05,BR009,online,40,210534,self_employed_professional,698,0.2225,0,0,gold,1000000,24
LP002180,APP900236,Sandeep Malhotra,Madurai,2025-05-30,BR021,branch,31,50369,contract,647,0.6379,1,1,vehicle,1256000,60
LP002181,APP902183,Bhavana Kulkarni,Chennai,2025-04-28,BR037,partner_referral,27,37676, self_employed_business,754,0.345,2,0,gold,54000,12
LP002182,APP901153,Aditya Varma,Mysuru,2023-10-16,BR021,online,29,100113,salaried_private,666,0.5706,1,0,personal,1314000,36
LP002183,APP902456,Vikram Pillai,Tirunelveli,2024-11-20,BR028,partner_referral,31,78106,self_employed_business,678,0.6671,0,1,vehicle,1614000,36
LP002184,APP900256,Yash Kulkarni,Ahmedabad,2023-09-09,BR014,branch,32,100277,contract,531,0.4429,1,2,vehicle,974000,36
LP002185,APP902900,Pooja Kapoor,Jaipur,2023-04-13,BR021,branch,39,52134,self_employed_business,612,0.3808,1,0,personal,298000,24
LP002186,APP900856,Saanvi Rao,Surat,2023-01-27,BR008,online,38,107798,salaried_government,454,0.1689,0,5,personal,513000,36
LP002187,APP903115,Aadhya Prasad,Coimbatore,2024-04-17,BR017,partner_referral,46,83389,self_employed_business,641,0.544,1,1,vehicle,2415000,84
LP002188,APP902454,Pooja Shah,Madurai,2024-07-16,BR039,online,31,72881,self_employed_business,533,0.8172,3,3,home,3817000,180
LP002189,APP903766,Anjali Iyer,Delhi,2025-04-20,BR032,online,36,37827,self_employed_professional,621,0.2075,0,1,personal,225000,36
LP002190,APP902991,Saanvi Chauhan,Ludhiana,2025-06-29,BR036,online,41,58185,self_employed_business,546,0.7544,1,3,personal,429000,12
LP002191,APP903573,Reyansh Chauhan,Ludhiana,2023-05-18,BR032,online,32,42745,self_employed_professional,831,0.5649,1,0,home,1894000,180
LP002192,APP902488,Bhavana Sharma,Kanpur,2024-09-07,BR014,branch,32,24938,self_employed_business,576,0.8945,1,2,vehicle,228000,12
LP002193,APP901865,Shreya Gowda,Ahmedabad,2023-12-12,BR016,branch,43,46968,salaried_private,422,0.5696,1,6,vehicle,1209000,84
LP002194,APP901275,Deepika Kapoor,Hyderabad,2025-04-14,BR007,online,30,75376,salaried_private,739,0.5555,0,1,home,5332000,360
LP002195,APP901372,Manoj Bhat,Lucknow,2023-11-20,BR015,online,32,47803,salaried_private,668,0.3517,0,3,personal,598000,48
LP002196,APP901258,Rohan Joshi,Vadodara,2024-10-17,BR028,branch,30,40151,salaried_private,685,0.573,2,1,personal,703000,60
LP002197,APP904044,Ishaan Verma,Mysuru,2024-10-29,BR033,branch,46,69846,self_employed_professional,720,0.3788,0,1,personal,546000,24
LP002198,APP902772,Divya Shah,Nashik,2025-02-25,BR030,branch,36,81340,self_employed_business,563,0.4443,1,2,home,3563000,300
LP002199,APP902587,Lakshmi Krishnan,Kolkata,2025-06-28,BR024,online,33,81000,self_employed_business,649,0.404,1,2,home,2802000,240
LP002200,APP900705,Harsha Kulkarni,Mumbai,2023-04-08,BR020,branch,55,285877,contract,557,0.599,2,1,home,15000000,240
LP002201,APP901497,Harsha Ramesh,Kolkata,2023-08-20,BR037,partner_referral,34,50966,salaried_private,808,0.446,1,0,personal,673000,48
LP002202,APP900126,Krishna Malhotra,Nashik,2023-10-06,BR033,branch,28,65782, contract,614,0.4061,1,1,gold,417000,24
LP002203,APP901274,Karthik Bhat,Rajkot,2024-04-25,BR011,online,30,72574,salaried_private ,523,0.5734,1,4,personal,1312000,48
LP002204,APP900740,Vivaan Banerjee,Pune,2025-03-08,BR008,branch,25,62297,salaried_government,658,0.1807,0,0,personal,404000,48
LP002205,APP903938,Rohan Bose,Ahmedabad,2024-10-02,BR032,online,41,38726,self_employed_professional,564,0.6099,1,2,home,2624000,300
LP002206,APP902229,Yash Chauhan,Jaipur,2024-12-06,BR031,direct_sales_agent,28,26831,self_employed_business,667,0.4876,2,1,vehicle,494000,84
LP002207,APP901728,Priya Desai, Nashik,2023-03-10,BR009,partner_referral,39,41455,salaried_private,669,0.4305,2,0,gold,195000,24
LP002208,APP902146,Lakshmi Chauhan,Kolkata,2024-02-01,BR039,direct_sales_agent,26,43707, SELF_EMPLOYED_BUSINESS ,876,0.3556,1,0,gold,289000,24
LP002209,APP903556,Lakshmi Desai,Jaipur,2023-02-23,BR027,online,32,23904,self_employed_professional,778,0.5499,1,0,home,1500000,300
LP002210,APP900420,Neha Naidu,Hyderabad,2025-06-24,BR024,online,36,121825,contract,636,0.672,3,1,home,5180000,240
LP002211,APP902672,Aarav Naidu,Rajkot ,2025-01-29,BR004,online,35,122219,self_employed_business,442,0.304,0,4,personal,1500000,60
LP002212,APP902146,Lakshmi Chauhan,Kolkata,2024-03-18,BR039,online,26,44336,self_employed_business,621,0.4317,1,3,personal,285000,24
LP002213,APP901343,Nikhil Mukherjee,Kolkata,2023-06-14,BR034,online,32,121419,salaried_private,709,0.5088,2,0,home,5647000,300
LP002214,APP903218,Yash Malhotra,Kanpur,2024-10-08,BR006,branch,60,23348,self_employed_business,554,0.1255,0,0,gold,33000,12
LP002215,APP900067,Gayathri Prasad,Pune,2023-04-05,BR014,online,26,70322,contract,478,0.3337,1,8,gold,543000,36
LP002216,APP900259,Rohan Naidu,Ahmedabad,2024-06-07,BR017,direct_sales_agent,32,110257,contract,679,0.454,1,0,gold,902000,24
LP002217,APP902676,Nandini Reddy,Surat,2025-05-10,BR014,online,35,184800,self_employed_business,872,0.1826,0,0,personal,704000,24
LP002218,APP902317,Aditya Kapoor,Visakhapatnam,2024-01-25,BR010,branch,29,63282,self_employed_business,640,0.6019,3,2,gold,274000,12
LP002219,APP900704,Vinay Bhat,Chennai,2024-11-14,BR014,online,54,99728,contract,549,0.4629,0,1,vehicle,1420000,36
LP002220,APP903381,Bhavana Ramesh,Delhi,2023-12-16,BR008,branch,28,65253,self_employed_professional,738,0.6775,4,1,gold,482000,24
LP002221,APP902128,Rahul Menon,Mumbai,2024-01-05,BR023,branch,26,146929,self_employed_business,627,0.4518,1,1,home,6019000,300
LP002222,APP903135,Reyansh Varma,Kolkata,2023-11-07,BR020,branch,48,42937,self_employed_business,641,0.3226,0,0,gold,228000,18
LP002223,APP902670,Deepika Iyer,Nashik,2024-09-14,BR020,partner_referral,35,111705,self_employed_business,745,0.4623,1,0,vehicle,1670000,48
LP002224,APP900294,Aarav Verma,Delhi,2024-04-06,BR013,partner_referral,32,74301,contract,729,0.3808,0,0,vehicle,1125000,48
LP002225,APP900393,Ishaan Pillai,Nagpur,2023-11-08,BR005,branch,35,38216,contract,415,0.4886,1,8,personal,528000,48
LP002226,APP901460,Vinay Bhat, Visakhapatnam,2023-02-23,BR004,branch,34,103782,salaried_private,778,0.4148,1,0,personal,623000,24
LP002227,APP903908,Swathi Nair,Hyderabad,2024-01-01,BR020,online,40,41321,self_employed_professional,686,0.6598,3,1,personal,169000,12
LP002228,APP902078,Deepika Ramesh,Ahmedabad,2025-01-24,BR014,online,24,54995,self_employed_business,859,0.3332,1,0,gold,229000,18
LP002229,APP901407,Aarav Joshi,Mumbai,2024-02-14,BR011,online,33,121640,salaried_private,755,0.2694,0,0,gold,1000000,36
LP002230,APP900533,Rahul Prasad,Nashik,2023-09-22,BR016,direct_sales_agent,39,70126,contract,699,0.6513,1,1,home,4576000,360
LP002231,APP901004,Sandeep Bhat,Nashik,2025-04-22,BR025,branch,26,106097,salaried_private,591,0.5343,0,2,vehicle,1753000,36
LP002232,APP901410,Gayathri Mukherjee,Nagpur,2023-02-12,BR021,branch,33,155350,salaried_private,900,0.2736,1,1,personal,1500000,60
LP002233,APP901277,Shreya Varma,Madurai,2024-10-07,BR002,branch,30,84263,salaried_private,594,0.4326,1,0,personal,566000,24
LP002234,APP904038,Ananya Verma,Delhi,2024-01-22,BR008,branch,46,227649,self_employed_professional,462,0.4837,1,6,vehicle,2500000,36
LP002235,APP901527,Ananya Naidu,Nagpur,2024-12-25,BR007,branch,35,138963,salaried_private,670,0.515,2,1,home,6443000,300
LP002236,APP900646,Vikram Iyer,Kanpur,2024-05-09,BR032,branch,46,85157,contract,648,0.3921,2,1,personal,654000,48
LP002237,APP901357,Vinay Reddy,Jaipur,2025-03-31,BR033,online,32,31513,salaried_private,638,0.6622,2,3,personal,326000,24
LP002238,APP903308,Lakshmi Naidu,Bengaluru,2023-08-24,BR014,direct_sales_agent,26,55106, SELF_EMPLOYED_PROFESSIONAL ,536,0.5435,1,5,home,3017000,360
LP002239,APP901994,Saanvi Gowda,Jaipur ,2025-06-04,BR021,partner_referral,51,122021,salaried_private,654,0.6464,1,2,vehicle,2500000,48
LP002240,APP900265,Bhavana Pillai,Nagpur,2024-04-17,BR003,partner_referral,32,124593,contract,631,0.5645,0,3,vehicle,2174000,36
LP002241,APP901665,Karthik Joshi,Kochi,2024-04-26,BR033,branch,38,109363,salaried_private,551,0.4242,1,3,personal,1500000,48
LP002242,APP901713,Ritika Kulkarni,Chennai,2025-05-18,BR012,online,39,174235,salaried_private,704,0.6625,0,1,vehicle,2500000,24
LP002243,APP900958,Swathi Bose,Ahmedabad,2023-11-13,BR017,branch,24,25441,salaried_private,611,0.5246,1,3,personal,224000,24
LP002244,APP900053,Kavya Bose,Bhopal,2023-09-09,BR002,online,26,33257,CONTRACT,574,0.8137,1,2,vehicle,258000,12
LP002245,APP903773,Ritika Chauhan, Coimbatore,2023-10-25,BR020,online,36,52228,self_employed_professional,762,0.4182,1,0,personal,514000,36
LP002246,APP901602,Vinay Menon,Kanpur,2023-08-22,BR033,branch,36,57951,salaried_private,830,0.5191,0,1,personal,884000,36
LP002247,APP902549,Krishna Verma,Nashik,2024-11-19,BR009,online,33,24039,self_employed_business,579,0.5076,2,2,gold,135000,18
LP002248,APP903877,Krishna Gowda,Ahmedabad,2024-06-30,BR024,branch,39,32571,self_employed_professional,512,0.4894,0,5,home,1941000,360
LP002249,APP900115,Diya Naidu,Delhi,2023-07-26,BR010,online,28,40246,contract,730,0.5022,1,0,vehicle,383000,24
LP002250,APP900863,Rahul Varma,Tirunelveli,2024-08-15,BR006,online,38,81951,salaried_government,743,0.4247,1,1,home,3963000,360
LP002251,APP901222,Reyansh Bose,Pune,2023-10-17,BR032,partner_referral,29,69620,salaried_private,353,0.4781,1,9,home,3065000,360
LP002252,APP901308,Swathi Rao, Delhi,2023-12-15,BR008,branch,31,43256,salaried_private,756,0.4678,2,0,vehicle,476000,36
LP002253,APP903799,Ishaan Gowda,Bengaluru,2023-12-23,BR031,partner_referral,37,29950, self_employed_professional,769,0.6064,2,0,gold,160000,12
LP002254,APP903307,Harsha Sharma,Ahmedabad,2024-05-08,BR006,branch,26,54692,self_employed_professional,375,0.236,0,7,personal,260000,24
LP002255,APP903207,Deepika Malhotra,Chennai,2024-06-21,BR016,partner_referral,57,63203,self_employed_business,789,0.3059,0,0,gold,414000,24
LP002256,APP902878,Priya Rao,Surat,2024-08-24,BR029,direct_sales_agent,38,90067,self_employed_business,493,0.1648,0,5,gold,167000,12
LP002257,APP903001,Praveen Chauhan,Kanpur,2024-04-14,BR039,online,41,99541,self_employed_business,663,0.3846,0,0,personal,1366000,48
LP002258,APP901941,Vivaan Bose,Rajkot,2024-11-08,BR029,branch,46,63906,salaried_private,606,0.4278,0,2,personal,970000,48
LP002259,APP904116,Bhavana Kapoor,Kanpur,2025-04-02,BR016,partner_referral,54,86887,self_employed_professional,564,0.5853,0,2,home,6237000,360
LP002260,APP903236,Sneha Subramanian,Vadodara,2025-04-23,BR021,online,23,75454,self_employed_professional,682,0.459,0,0,gold,201000,6
LP002261,APP902732,Ananya Iyer,Surat,2023-10-30,BR018,partner_referral,36,182650,self_employed_business ,564,0.4371,1,3,vehicle,2500000,48
LP002262,APP903977,Deepika Ramesh,Kanpur,2025-06-21,BR019,online,43,147920,self_employed_professional,639,0.2294,0,3,personal,696000,24
LP002263,APP901513,Vikram Pillai,Tirunelveli ,2024-06-26,BR002,direct_sales_agent,34,77174,salaried_private,674,0.6276,0,0,vehicle,1498000,36
LP002264,APP902541,Ishaan Kapoor,Jaipur,2024-06-08,BR020,branch,33,124838,self_employed_business,709,0.5324,1,0,home,7260000,300
LP002265,APP902376,Saanvi Verma,Chennai,2023-08-31,BR015,branch,30,55749,self_employed_business,725,0.1753,1,0,gold,79000,12
LP002266,APP902268,Rohan Sharma,Kanpur,2023-10-18,BR027,branch,29,101586,self_employed_business,583,0.5725,1,0,home,5990000,360
LP002267,APP902030,Sneha Naidu,Kolkata,2023-02-01,BR014,direct_sales_agent,56,92284,salaried_private,532,0.3726,0,4,gold,387000,12
LP002268,APP902504,Neha Reddy,Hyderabad,2024-06-30,BR036,direct_sales_agent,32,49016,self_employed_business,650,0.698,1,2,vehicle,1354000,60
LP002269,APP903751,Aarav Verma,Kolkata,2023-05-26,BR019,online,36,121508,self_employed_professional ,831,0.2548,0,0,personal,1325000,60
LP002270,APP900827,Saanvi Reddy,Pune,2024-01-25,BR040,online,35,218230, SALARIED_GOVERNMENT ,541,0.346,1,4,gold,623000,12
LP002271,APP901617,Diya Subramanian,Coimbatore,2023-04-22,BR004,partner_referral,36,92679,salaried_private,721,0.7451,1,1,vehicle,684000,12
LP002272,APP903972,Meera Subramanian,Pune ,2024-09-22,BR039,online,43,103943,self_employed_professional,733,0.3975,0,0,personal,1500000,48
LP002273,APP901733,Neha Desai,Indore,2025-05-05,BR018,branch,39,44232,salaried_private,600,0.4723,1,3,home,1500000,180
LP002274,APP900580,Pooja Mukherjee,Ludhiana,2024-07-12,BR036,branch,42,224878,contract,664,0.2581,1,1,personal,1127000,36
LP002275,APP903559,Ananya Bhat,Indore ,2025-06-06,BR009,online,32,294194,self_employed_professional,383,0.1857,0,9,vehicle,2500000,60
LP002276,APP903440,Priya Pillai,Kochi,2024-09-27,BR026,partner_referral,30,107037,self_employed_professional,634,0.4293,1,3,vehicle,1574000,48
LP002277,APP902563,Krishna Reddy,Bengaluru,2024-03-23,BR029,partner_referral,33,42662,self_employed_business,799,0.4734,0,0,personal,739000,48
LP002278,APP904124,Anjali Patel,Mumbai,2023-05-08,BR019,partner_referral,56,74795,self_employed_professional,761,0.425,0,1,vehicle,692000,24
LP002279,APP901890,Pooja Shah,Hyderabad,2024-01-31,BR018,online,44,44759,salaried_private,479,0.341,0,7,personal,620000,60
LP002280,APP901241,Vivaan Naidu,Delhi,2024-04-10,BR002,partner_referral,30,155311,salaried_private,736,0.6109,2,0,home,9101000,360
LP002281,APP901779,Arjun Krishnan,Jaipur,2024-11-13,BR019,direct_sales_agent,40,36947,salaried_private,657,0.5902,1,0,vehicle,700000,48
LP002282,APP903710,Shreya Chauhan,Kanpur,2025-05-25,BR006,partner_referral,35,30837,self_employed_professional,610,0.5407,1,2,home,1845000,360
LP002283,APP902566,Karthik Gowda,Rajkot,2023-05-30,BR017,partner_referral,33,45904,Self_Employed_Business,635,0.6079,2,3,personal,706000,48
LP002284,APP903454,Yash Pillai,Madurai,2024-09-29,BR035,online,30,19780,self_employed_professional,634,0.206,2,2,gold,29000,12
LP002285,APP900165,Karthik Hegde,Vadodara,2025-04-11,BR033,partner_referral,29,54289,contract,667,0.3432,0,0,home,2233000,300
LP002286,APP904094,Diya Gowda,Surat,2023-01-23,BR034,online,50,74599,self_employed_professional,743,0.7145,2,1,home,4871000,360
LP002287,APP901306,Neha Malhotra,Pune ,2024-11-17,BR039,online,31,42068,salaried_private,719,0.4858,0,0,personal,861000,60
LP002288,APP901158,Bhavana Joshi,Surat,2024-08-03,BR015,direct_sales_agent,29,114158,salaried_private,680,0.2661,2,0,personal,428000,24
LP002289,APP902005,Lakshmi Varma,Vadodara,2024-03-15,BR038,branch,53,120053,Salaried_Private,686,0.2146,0,1,gold,779000,36
LP002290,APP901708,Ritika Chauhan,Hyderabad,2025-06-02,BR010,branch,39,120185,salaried_private,593,0.4836,1,2,personal,1500000,36
LP002291,APP902148,Rohan Mukherjee,Vadodara,2024-01-11,BR003,branch,26,51679,self_employed_business,559,0.2904,0,2,gold,87000,6
LP002292,APP900070,Anjali Iyer,Delhi,2024-04-27,BR003,branch,26,98449,contract,683,0.3656,0,1,gold,770000,24
LP002293,APP903467,Neha Nair,Kanpur ,2023-08-23,BR033,direct_sales_agent,30,45993,self_employed_professional,647,0.6717,3,1,home,2942000,360
LP002294,APP900577,Siddharth Prasad,Lucknow,2024-11-02,BR005,direct_sales_agent,41,95980,contract,592,0.3739,1,4,gold,266000,12
LP002295,APP902343,Divya Bose,Visakhapatnam,2024-02-20,BR029,branch,30,14675,self_employed_business,678,0.28,0,1,gold,125000,36
LP002296,APP902164,Nandini Kulkarni,Tirunelveli,2023-02-15,BR034,partner_referral,27,108216,self_employed_business,658,0.32,2,3,personal,751000,48
LP002297,APP900997,Aadhya Gowda,Madurai,2023-04-14,BR004,branch,25,79282,salaried_private,508,0.3383,0,4,home,2857000,240
LP002298,APP902439,Aditya Chauhan,Rajkot ,2024-06-19,BR001,branch,31,49815,self_employed_business,598,0.5914,0,2,vehicle,634000,24
LP002299,APP901717,Meera Reddy,Surat,2023-06-27,BR003,branch,39,32737,salaried_private,585,0.7038,1,0,vehicle,219000,12
LP002300,APP902485,Ritika Subramanian,Mumbai,2025-01-08,BR016,branch,32,233062,self_employed_business,489,0.3642,2,4,personal,1500000,48
LP002301,APP900588,Rohan Prasad,Bhopal ,2025-03-28,BR006,direct_sales_agent,42,58941, CONTRACT ,635,0.489,1,1,vehicle,934000,48
LP002302,APP903024,Siddharth Kapoor,Hyderabad,2024-11-27,BR015,partner_referral,42,75057,self_employed_business,630,0.7022,2,1,home,4683000,360
LP002303,APP901311,Ishaan Kulkarni,Rajkot,2023-12-24,BR014,branch,31,49236,salaried_private,376,0.5132,0,5,personal,510000,24
LP002304,APP901701,Ritika Desai,Coimbatore,2023-12-12,BR022,branch,38,94076,salaried_private,657,0.532,2,1,home,4085000,300
LP002305,APP903283,Yash Banerjee,Kochi,2024-07-15,BR011,branch,25,64186, self_employed_professional,662,0.2993,1,1,gold,325000,24
LP002306,APP903392,Gayathri Subramanian,Chennai,2023-05-24,BR009,partner_referral,28,85391,self_employed_professional,621,0.5575,0,0,home,5838000,360
LP002307,APP903084,Siddharth Reddy,Delhi,2024-09-25,BR033,partner_referral,45,48058,self_employed_business,625,0.4289,0,2,personal,854000,60
LP002308,APP902422,Vikram Nair,Madurai,2023-06-17,BR019,direct_sales_agent,31,26031,self_employed_business,643,0.4669,0,1,personal,504000,60
LP002309,APP903946,Anjali Menon,Chennai,2023-01-20,BR003,online,41,72748,self_employed_professional,586,0.4133,0,2,personal,1250000,60
LP002310,APP901533,Praveen Chauhan,Kochi,2025-05-23,BR017,online,35,189516,Salaried_Private,569,0.4211,0,1,home,9363000,300
LP002311,APP900168,Divya Naidu,Ahmedabad,2024-12-07,BR010,online,29,68434,contract,739,0.507,0,0,personal,385000,12
LP002312,APP903298,Vikram Banerjee,Lucknow,2024-02-15,BR014,branch,26,30435,self_employed_professional,747,0.7471,2,1,gold,190000,12
LP002313,APP901175,Rohan Rao,Ludhiana,2025-06-22,BR016,branch,29,233580,salaried_private,689,0.32,1,1,gold,1000000,24
LP002314,APP900641,Divya Chatterjee,Vadodara,2024-01-05,BR036,branch,46,75715,contract,711,0.439,0,1,home,3273000,180
LP002315,APP903357,Karthik Sharma,Hyderabad,2023-08-22,BR023,branch,28,155787,SELF_EMPLOYED_PROFESSIONAL,772,0.3545,1,0,personal,1500000,48
LP002316,APP902350,Sneha Varma, Vadodara,2023-05-26,BR012,online,30,187712,SELF_EMPLOYED_BUSINESS,723,0.4786,1,0,vehicle,2374000,36
LP002317,APP900470,Bhavana Pillai,Kanpur,2024-05-11,BR001,branch,37,52223,contract,899,0.7198,0,0,vehicle,1498000,48
LP002318,APP903632,Rahul Reddy,Jaipur,2024-02-08,BR038,branch,33,69792,self_employed_professional,514,0.1289,0,4,gold,147000,18
LP002319,APP901094,Anjali Mukherjee,Visakhapatnam,2024-07-27,BR020,direct_sales_agent,28,122578,salaried_private,671,0.3203,0,1,personal,808000,24
LP002320,APP901566,Saanvi Joshi,Mysuru,2024-02-15,BR014,direct_sales_agent,35,76609,salaried_private,556,0.2921,1,3,gold,245000,18
LP002321,APP902404,Vinay Varma,Tirunelveli,2023-05-29,BR021,partner_referral,30,89273,SELF_EMPLOYED_BUSINESS,672,0.3813,0,3,home,3773000,240
LP002322,APP903095,Neha Shah,Lucknow,2024-01-04,BR021,branch,46,107335,self_employed_business,845,0.4787,0,0,personal,1500000,36
LP002323,APP903443,Yash Hegde,Mysuru,2024-07-05,BR027,branch,30,115393,self_employed_professional,575,0.3072,0,1,home,3907000,240
LP002324,APP903575,Nandini Prasad,Bengaluru,2023-07-18,BR004,branch,32,48503,self_employed_professional,779,0.2437,0,1,vehicle,469000,48
LP002325,APP901142,Ritika Bose,Delhi,2024-03-04,BR030,branch,28,65350,salaried_private,578,0.4487,0,1,vehicle,1143000,48
LP002326,APP903965,Yash Hegde,Vadodara,2024-11-10,BR027,online,42,43337,self_employed_professional,706,0.4299,0,0,personal,783000,60
LP002327,APP903054,Ishaan Nair,Ahmedabad,2023-01-30,BR030,branch,43,79269,self_employed_business,575,0.524,1,1,vehicle,734000,24
LP002328,APP902263,Siddharth Bhat,Ludhiana ,2023-11-13,BR007,partner_referral,28,91867,self_employed_business,614,0.3099,0,1,gold,605000,24
LP002329,APP900547,Siddharth Banerjee, Ahmedabad,2023-02-13,BR024,branch,40,41384,contract,793,0.795,1,1,gold,180000,6
LP002330,APP901112,Bhavana Bose,Nashik,2025-02-22,BR015,branch,28,24574,salaried_private,761,0.48,0,0,personal,427000,48
LP002331,APP902760,Lakshmi Verma,Chennai,2025-02-03,BR008,branch,36,58821,self_employed_business,435,0.5957,0,6,home,4156000,360
LP002332,APP900096,Gayathri Hegde, Lucknow,2023-09-20,BR021,online,28,109413,contract,600,0.4979,2,2,personal,1293000,48
LP002333,APP901034,Priya Verma,Surat,2024-12-15,BR004,partner_referral,26,92935,salaried_private,630,0.4032,1,3,vehicle,1601000,60
LP002334,APP904085,Sneha Chauhan, Pune,2023-02-12,BR014,online,49,51806,self_employed_professional,633,0.486,0,2,personal,278000,12
LP002335,APP902088,Kavya Joshi,Visakhapatnam,2023-06-20,BR023,branch,25,103676,self_employed_business,696,0.4229,0,1,home,4883000,240
LP002336,APP903370,Meera Gowda,Ahmedabad,2023-10-04,BR011,branch,28,39695,self_employed_professional,300,0.4841,0,12,vehicle,1109000,84
LP002337,APP900688,Karthik Shah,Pune,2023-01-19,BR023,branch,51,106428,contract,503,0.3195,0,3,personal,689000,24
LP002338,APP903342,Lakshmi Verma,Vadodara ,2025-03-18,BR035,branch,27,66383,self_employed_professional,783,0.3209,1,0,personal,488000,48
LP002339,APP904075,Reyansh Patel,Kanpur,2023-05-06,BR039,online,48,72661,self_employed_professional,662,0.4707,1,1,vehicle,611000,24
LP002340,APP902524,Ishaan Kulkarni,Ludhiana,2023-09-05,BR004,direct_sales_agent,32,78707,self_employed_business,568,0.3139,0,1,home,2956000,300
LP002341,APP901494,Saanvi Mukherjee,Ahmedabad,2023-10-13,BR029,branch,34,47953,Salaried_Private,434,0.5655,2,7,home,2073000,300
LP002342,APP902997,Kavya Naidu, Rajkot,2023-07-11,BR012,online,41,72043,self_employed_business,517,0.5729,2,4,gold,413000,18
LP002343,APP900333,Krishna Banerjee,Vadodara,2023-03-06,BR022,online,33,71960,contract,751,0.2682,0,0,gold,218000,12
LP002344,APP900837,Ananya Banerjee,Nagpur,2023-04-02,BR017,branch,35,92170,salaried_government,724,0.4792,2,0,personal,1500000,60
LP002345,APP902678,Priya Varma,Visakhapatnam ,2023-10-02,BR024,branch,35,217695,self_employed_business,393,0.1993,0,6,personal,1500000,48
LP002346,APP902227,Manoj Rao,Nagpur,2023-09-30,BR006,branch,28,22426,self_employed_business,673,0.7011,1,1,gold,155000,12
LP002347,APP900114,Siddharth Pillai,Visakhapatnam,2025-04-16,BR015,online,28,33928,contract,716,0.4451,0,1,home,1759000,300
LP002348,APP900894,Swathi Kapoor,Rajkot,2025-05-10,BR021,online,42,99636,salaried_government,757,0.3552,0,0,personal,1500000,60
LP002349,APP900915,Aditya Verma,Chennai,2025-05-26,BR026,online,48,96889,salaried_government,646,0.4773,0,2,vehicle,2176000,60
LP002350,APP900425,Reyansh Pillai,Jaipur,2024-11-05,BR028,branch,36,15401,contract,371,0.42,0,9,personal,180000,36
LP002351,APP901441,Bhavana Chatterjee, Hyderabad,2023-05-30,BR033,branch,33,56126,salaried_private,547,0.6011,0,3,home,4017000,300
LP002352,APP903456,Anjali Subramanian,Vadodara,2023-08-31,BR036,branch,30,30205,self_employed_professional,632,0.6728,2,2,personal,450000,36
LP002353,APP903772,Ritika Desai,Tirunelveli,2023-03-25,BR017,online,36,51236,self_employed_professional,685,0.5452,0,1,vehicle,1316000,60
LP002354,APP900241,Priya Joshi,Tirunelveli,2025-03-14,BR024,branch,31,58203,contract,656,0.532,0,0,vehicle,953000,36
LP002355,APP902530,Aditya Kapoor,Hyderabad,2024-05-13,BR001,branch,32,88988,self_employed_business ,815,0.608,2,0,personal,1500000,60
LP002356,APP904143,Divya Shah,Pune,2025-04-24,BR021,online,60,283524,self_employed_professional,566,0.4092,0,4,vehicle,2500000,24
LP002357,APP902365,Nikhil Kulkarni,Bengaluru,2023-10-04,BR004,direct_sales_agent,30,44635,self_employed_business,548,0.6099,1,3,vehicle,1018000,60
LP002358,APP901002,Neha Ramesh,Chennai,2023-03-24,BR012,partner_referral,25,94193,salaried_private,639,0.6879,0,0,vehicle,1400000,24
LP002359,APP902995,Siddharth Varma,Coimbatore,2025-05-28,BR039,online,41,64996,self_employed_business,795,0.659,3,1,personal,1231000,60
LP002360,APP902886,Neha Iyer,Bengaluru,2025-06-09,BR036,partner_referral,39,186931,self_employed_business,596,0.2434,0,3,gold,969000,24
LP002361,APP903286,Sandeep Bose,Kanpur,2023-10-20,BR022,online,25,87484,self_employed_professional,700,0.211,2,0,gold,119000,12
LP002362,APP903662,Gayathri Pillai,Madurai,2025-06-25,BR025,direct_sales_agent,34,28654,self_employed_professional,442,0.5686,1,5,home,1500000,240
LP002363,APP900108,Divya Subramanian,Visakhapatnam,2024-08-20,BR032,branch,28,223803,contract,656,0.596,1,1,home,15000000,360
LP002364,APP902633,Aniket Naidu,Ludhiana,2023-01-06,BR018,branch,34,49429,self_employed_business,679,0.5004,0,1,personal,712000,36
LP002365,APP901901,Sandeep Varma,Mumbai,2024-05-17,BR006,partner_referral,44,84515,salaried_private,630,0.3469,0,0,home,3303000,240
LP002366,APP903940,Gayathri Rao,Kolkata,2025-04-21,BR029,branch,41,46866,self_employed_professional,546,0.5532,1,3,vehicle,1203000,84
LP002367,APP901522,Sandeep Joshi,Ludhiana,2024-05-15,BR019,branch,35,104652,salaried_private,660,0.3426,0,2,personal,1500000,60
LP002368,APP903605,Aditya Mukherjee,Nashik,2024-01-22,BR004,online,33,125952,self_employed_professional,686,0.354,0,0,home,4896000,240
LP002369,APP903778,Neha Reddy,Chennai,2025-06-07,BR019,branch,36,63772,self_employed_professional,787,0.3922,2,0,gold,176000,12
LP002370,APP903526,Divya Banerjee,Visakhapatnam,2023-11-23,BR013,branch,31,59288, SELF_EMPLOYED_PROFESSIONAL ,612,0.5102,2,4,personal,480000,24
LP002371,APP900107,Saanvi Mukherjee,Nashik,2024-08-31,BR011,branch,28,194652,contract,585,0.3543,2,1,personal,1500000,48
LP002372,APP900288,Nikhil Chatterjee,Indore,2023-11-23,BR031,direct_sales_agent,32,58410,contract,724,0.3878,0,1,gold,256000,12
LP002373,APP903469,Deepika Varma,Kochi,2024-04-10,BR033,direct_sales_agent,30,47871,Self_Employed_Professional,645,0.5415,1,2,personal,409000,24
LP002374,APP901219,Aarav Malhotra,Nagpur,2024-06-05,BR039,partner_referral,29,66579,salaried_private,617,0.537,0,1,home,4574000,360
LP002375,APP902090,Aadhya Chauhan,Delhi,2025-04-11,BR023,partner_referral,25,113366,self_employed_business,627,0.5645,2,2,home,5291000,240
LP002376,APP903273,Anjali Sinha,Indore,2024-10-16,BR016,branch,25,300843,self_employed_professional,614,0.5058,1,1,home,13672000,240
LP002377,APP901850,Meera Bhat,Delhi,2024-10-07,BR006,online,42,89608,salaried_private,782,0.4786,1,0,home,4267000,360
LP002378,APP901690,Ishaan Subramanian,Kochi,2025-05-07,BR021,direct_sales_agent,38,52043,salaried_private,300,0.527,1,12,vehicle,983000,60
LP002379,APP904021,Karthik Hegde,Coimbatore,2024-10-12,BR036,online,45,18346,self_employed_professional,601,0.6458,2,3,personal,340000,48
LP002380,APP900219,Kavya Mukherjee,Ahmedabad ,2023-04-20,BR026,online,31,154390,contract,674,0.5707,0,1,home,10951000,360
LP002381,APP900081,Swathi Kapoor,Nashik,2024-05-05,BR032,branch,27,29527,contract,707,0.4796,0,1,personal,157000,12
LP002382,APP903545,Ritika Krishnan,Indore,2023-03-27,BR016,branch,32,102185,self_employed_professional,592,0.4126,0,2,personal,1500000,48
LP002383,APP903941,Arjun Gowda,Jaipur,2025-06-28,BR017,branch,41,48686,self_employed_professional,722,0.435,1,2,gold,343000,24
LP002384,APP900471,Diya Banerjee,Delhi,2024-11-23,BR011,branch,37,52499,contract,507,0.5142,0,5,home,3132000,300
LP002385,APP902674,Aditya Banerjee,Mumbai,2024-04-26,BR028,direct_sales_agent,35,139963,self_employed_business ,457,0.5807,1,4,vehicle,2500000,48
LP002386,APP903204,Deepika Kapoor,Ludhiana,2023-02-06,BR029,branch,56,62864,self_employed_business,513,0.3936,0,5,home,3018000,360
LP002387,APP903309,Ritika Pillai,Mumbai ,2023-01-28,BR017,branch,26,55557,self_employed_professional,744,0.5676,1,0,home,3256000,360
LP002388,APP900785,Krishna Sharma,Kanpur,2023-02-14,BR006,branch,30,61496,salaried_government,529,0.5362,0,2,gold,540000,18
LP002389,APP903070,Vikram Ramesh,Mumbai,2023-03-05,BR002,partner_referral,44,73354,self_employed_business ,676,0.6989,2,0,personal,1107000,36
LP002390,APP901372,Manoj Bhat,Lucknow,2025-01-23,BR015,branch,32,46800,salaried_private,562,0.2271,1,2,gold,87000,12
LP002391,APP903353,Gayathri Ramesh,Kolkata,2023-11-12,BR037,partner_referral,28,102541,self_employed_professional,724,0.6304,0,0,gold,375000,6
LP002392,APP900347,Nikhil Kulkarni,Mumbai,2024-06-04,BR027,direct_sales_agent,34,237506,contract,566,0.3928,0,4,home,10422000,240
LP002393,APP901866,Nandini Sinha,Mumbai,2025-06-19,BR006,branch,43,48449,salaried_private,756,0.5708,1,1,home,2874000,360
LP002394,APP901688,Divya Gowda,Delhi,2024-08-31,BR022,partner_referral,38,44450,salaried_private,602,0.3548,1,0,gold,243000,24
LP002395,APP900882,Harsha Patel,Kochi,2024-09-26,BR027,online,41,71131,salaried_government,606,0.464,0,2,vehicle,1983000,84
LP002396,APP900103,Praveen Kulkarni,Chennai,2025-05-10,BR021,online,28,155394,contract,742,0.6243,1,1,vehicle,2500000,36
LP002397,APP901802,Aadhya Hegde,Nagpur,2023-03-24,BR028,branch,41,155691,salaried_private,502,0.5861,2,5,vehicle,2500000,48
LP002398,APP903133,Manoj Desai,Kolkata,2024-05-27,BR036,branch,48,177720,SELF_EMPLOYED_BUSINESS,570,0.614,1,3,home,11645000,360
LP002399,APP903390,Vivaan Patel,Madurai,2024-04-03,BR012,branch,28,79746,self_employed_professional,827,0.6219,1,1,personal,817000,24
LP002400,APP900725,Krishna Chauhan,Kanpur,2024-07-01,BR004,online,60,83637,contract,730,0.5457,0,1,personal,1318000,36
LP002401,APP900959,Karthik Desai,Nashik,2024-02-27,BR014,partner_referral,24,28372,salaried_private,370,0.5711,0,7,vehicle,620000,48
LP002402,APP901493,Gayathri Reddy,Nashik,2023-08-18,BR007,branch,34,44368,salaried_private,523,0.3076,0,5,gold,289000,24
LP002403,APP900561,Vikram Subramanian,Mysuru,2025-03-01,BR026,branch,41,117849,contract,770,0.3813,0,0,home,5571000,300
LP002404,APP903480,Saanvi Chatterjee,Hyderabad,2025-04-10,BR024,partner_referral,30,74322,self_employed_professional,718,0.3715,0,1,personal,1163000,60
LP002405,APP901825,Reyansh Varma,Lucknow,2025-01-29,BR007,direct_sales_agent,41,98907,salaried_private,694,0.3674,0,0,home,4080000,240
LP002406,APP901639,Kavya Subramanian,Vadodara,2023-05-21,BR022,branch,37,305731,salaried_private,804,0.5347,1,1,home,15000000,240
LP002407,APP901035,Ananya Sharma,Nashik,2023-09-12,BR012,branch,27,100525,salaried_private,519,0.4249,0,2,personal,1500000,48
LP002408,APP902154,Vinay Reddy,Surat,2024-06-23,BR004,online,26,58618,self_employed_business,654,0.3836,1,1,personal,832000,60
LP002409,APP900481,Aditya Patel,Kochi,2024-02-04,BR031,direct_sales_agent,37,85336,contract,484,0.6076,2,5,vehicle,1235000,36
LP002410,APP900749,Neha Rao,Kolkata,2024-11-27,BR010,online,26,66554,salaried_government,461,0.6392,1,6,home,3708000,180
LP002411,APP900437,Aniket Bose,Tirunelveli,2023-05-06,BR031,online,36,59931,contract,629,0.4486,1,1,vehicle,1048000,60
LP002412,APP902266,Pooja Ramesh,Mumbai,2024-09-01,BR040,online,28,98916,self_employed_business,590,0.2536,0,1,gold,282000,12
LP002413,APP903461,Praveen Nair,Kochi,2023-11-25,BR018,direct_sales_agent,30,38975,self_employed_professional,758,0.4722,1,0,gold,302000,24
LP002414,APP903722,Nikhil Naidu,Nagpur,2025-02-21,BR022,branch,35,38116,self_employed_professional,719,0.3723,0,1,personal,599000,60
LP002415,APP901686,Kavya Sinha,Jaipur,2023-06-22,BR040,branch,38,36549, salaried_private,597,0.2826,0,3,gold,311000,36
LP002416,APP904078,Karthik Varma,Bengaluru,2024-03-01,BR029,branch,48,99014,self_employed_professional,641,0.3951,1,2,home,3302000,240
LP002417,APP900039,Aarav Iyer,Bhopal,2023-11-10,BR015,online,25,57322,contract,550,0.3628,0,3,gold,441000,24
LP002418,APP901322,Manoj Chauhan,Bengaluru,2023-12-18,BR028,partner_referral,31,73176,salaried_private,627,0.3179,0,0,home,2745000,300
LP002419,APP903520,Neha Prasad,Delhi,2023-02-23,BR015,online,31,50332,self_employed_professional,596,0.4594,1,1,personal,420000,24
LP002420,APP900492,Ritika Ramesh,Visakhapatnam,2023-02-09,BR036,partner_referral,38,143493,contract,606,0.4694,0,1,personal,743000,12
LP002421,APP902489,Sandeep Bose,Indore,2024-06-30,BR007,online,32,25135,self_employed_business,646,0.4945,1,0,personal,357000,48
LP002422,APP902164,Nandini Kulkarni,Tirunelveli,2023-09-20,BR034,online,27,104338,self_employed_business,783,0.4512,0,0,vehicle,1459000,36
LP002423,APP903729,Rohan Varma,Vadodara,2024-03-21,BR002,online,35,43913,self_employed_professional,529,0.2729,1,4,gold,125000,18
LP002424,APP903240,Ritika Malhotra,Kochi,2025-04-04,BR027,online,23,87659,self_employed_professional,575,0.4338,0,2,vehicle,1770000,60
LP002425,APP900610,Kavya Menon,Coimbatore,2023-12-11,BR008,branch,44,37442,contract,717,0.2484,0,0,gold,105000,12
LP002426,APP900484,Bhavana Joshi,Nashik,2023-11-02,BR029,branch,37,90251,contract,678,0.6256,1,2,home,6361000,360
LP002427,APP903953,Deepika Reddy,Chennai,2025-03-17,BR038,partner_referral,42,111866, SELF_EMPLOYED_PROFESSIONAL ,538,0.5079,1,4,personal,1500000,48
LP002428,APP903725,Swathi Joshi,Tirunelveli,2024-07-20,BR015,online,35,40429,self_employed_professional,768,0.2194,1,1,gold,84000,18
LP002429,APP900329,Arjun Patel,Surat,2024-03-29,BR009,online,33,54152,contract,697,0.6709,2,2,gold,394000,18
LP002430,APP902594,Praveen Chauhan,Kolkata,2025-05-04,BR002,direct_sales_agent,33,91568,self_employed_business,610,0.6305,1,2,vehicle,1847000,48
LP002431,APP902149,Aniket Prasad,Rajkot,2023-10-01,BR019,branch,26,53894,self_employed_business,688,0.2729,1,1,gold,174000,18
LP002432,APP901212,Nikhil Hegde,Delhi,2024-07-26,BR031,direct_sales_agent,29,62679,salaried_private,545,0.1765,0,1,gold,181000,18
LP002433,APP903250,Vivaan Joshi,Kochi,2024-12-09,BR031,branch,24,47551,self_employed_professional,750,0.4617,0,1,personal,790000,48
LP002434,APP900809,Siddharth Joshi,Visakhapatnam,2023-06-08,BR023,online,33,203498,salaried_government,722,0.7091,1,1,home,10817000,120
LP002435,APP902989,Pooja Iyer,Kolkata,2023-08-29,BR007,direct_sales_agent,41,54778,self_employed_business,529,0.4183,1,5,home,1886000,300
LP002436,APP902247,Priya Krishnan,Visakhapatnam,2024-03-23,BR035,branch,28,54755,Self_Employed_Business,731,0.1718,0,3,gold,201000,24
LP002437,APP902290,Shreya Subramanian,Indore,2023-06-18,BR004,partner_referral,29,34843, self_employed_business,659,0.5272,0,1,personal,657000,48
LP002438,APP903630,Praveen Pillai,Hyderabad,2023-06-16,BR033,branch,33,61379,self_employed_professional,710,0.3994,0,1,personal,878000,48
LP002439,APP903912,Kavya Bhat,Nagpur ,2023-10-31,BR034,online,40,60912,self_employed_professional,495,0.3185,1,5,personal,552000,60
LP002440,APP900379,Priya Malhotra,Indore,2025-04-21,BR025,direct_sales_agent,35,126636,Contract,664,0.2828,0,1,personal,1500000,60
LP002441,APP900167,Bhavana Desai,Kanpur,2025-06-26,BR003,partner_referral,29,60396,contract,702,0.4442,1,0,personal,826000,48
LP002442,APP901376,Sneha Bhat,Kolkata,2024-11-16,BR029,direct_sales_agent,32,53768,salaried_private,603,0.5008,1,0,home,2702000,300
LP002443,APP901516,Sandeep Menon,Hyderabad,2023-11-23,BR027,online,34,79860, SALARIED_PRIVATE ,524,0.4202,1,6,vehicle,580000,24
LP002444,APP901159,Vikram Kulkarni,Indore,2024-12-23,BR007,branch,29,118711,salaried_private,675,0.5897,1,0,home,7195000,240
LP002445,APP902592,Anjali Subramanian, Rajkot,2024-09-08,BR036,direct_sales_agent,33,87718,self_employed_business,616,0.4757,1,0,home,3352000,180
LP002446,APP902250,Siddharth Iyer,Lucknow,2025-05-02,BR020,branch,28,63611,self_employed_business,531,0.2917,0,3,gold,559000,36
LP002447,APP901976,Lakshmi Sinha, Nagpur,2023-03-13,BR010,online,48,85851,salaried_private,482,0.5429,1,6,vehicle,827000,24
LP002448,APP903365,Arjun Chatterjee,Surat,2024-03-03,BR009,branch,28,32799,self_employed_professional,648,0.6111,2,2,personal,552000,48
LP002449,APP902200,Shreya Desai,Rajkot,2025-04-02,BR035,branch,27,65423,self_employed_business,629,0.355,0,2,vehicle,1404000,84
LP002450,APP902016,Yash Verma,Surat,2023-03-28,BR025,partner_referral,53,93637,salaried_private,473,0.3429,1,6,gold,735000,36
LP002451,APP903400,Pooja Subramanian,Tirunelveli,2024-05-12,BR005,online,29,154453,self_employed_professional,709,0.2818,0,1,gold,928000,24
LP002452,APP900860,Harsha Reddy,Rajkot,2024-08-16,BR023,branch,38,38028,salaried_government,607,0.5509,1,1,personal,699000,60
LP002453,APP902720,Praveen Bose,Mysuru,2024-03-26,BR009,partner_referral,36,103324,self_employed_business,694,0.4662,1,1,vehicle,1470000,48
LP002454,APP903857,Vivaan Malhotra,Hyderabad,2023-03-20,BR012,branch,38,66889,self_employed_professional,300,0.7008,0,10,personal,1297000,36
LP002455,APP900308,Sandeep Patel,Mumbai,2023-11-25,BR028,branch,33,124784,contract,657,0.4684,1,1,home,5711000,300
LP002456,APP903902,Meera Patel,Kochi,2023-09-09,BR020,branch,40,24503,self_employed_professional,763,0.2178,0,0,gold,31000,6
LP002457,APP900583,Saanvi Patel,Bengaluru,2024-06-07,BR029,branch,42,36656,contract,468,0.2418,0,5,personal,249000,36
LP002458,APP902195,Bhavana Bhat,Surat,2023-02-07,BR040,partner_referral,27,54402, self_employed_business,649,0.3624,1,2,gold,306000,24
LP002459,APP903669,Deepika Chatterjee,Kolkata,2023-11-19,BR014,online,34,41776,SELF_EMPLOYED_PROFESSIONAL,393,0.4883,0,6,vehicle,1191000,84
LP002460,APP902279,Kavya Sinha,Bhopal,2025-06-20,BR006,online,29,151443,SELF_EMPLOYED_BUSINESS,745,0.5169,0,1,home,9843000,360
LP002461,APP902915,Ritika Rao,Vadodara,2024-03-03,BR023,online,39,77261,self_employed_business,810,0.8218,0,0,personal,707000,12
LP002462,APP902570,Nikhil Iyer,Jaipur,2023-07-29,BR039,online,33,52008,self_employed_business,529,0.5473,1,3,gold,402000,18
LP002463,APP903749,Vivaan Malhotra,Tirunelveli,2023-12-15,BR003,direct_sales_agent,35,96122, self_employed_professional,666,0.4833,2,0,home,3676000,300
LP002464,APP901494,Saanvi Mukherjee,Ahmedabad,2024-02-25,BR029,branch,34,48588,salaried_private,567,0.427,0,2,personal,588000,36
LP002465,APP902749,Ritika Naidu,Vadodara,2025-01-30,BR012,online,36,44245,self_employed_business,600,0.2565,0,3,gold,128000,12
LP002466,APP902066,Aadhya Mukherjee,Ludhiana,2024-11-23,BR019,online,23,42767,self_employed_business,697,0.3981,1,2,personal,309000,24
LP002467,APP901060,Arjun Menon,Visakhapatnam,2024-10-30,BR027,online,27,35645,salaried_private,517,0.4898,0,5,vehicle,680000,48
LP002468,APP902092,Aadhya Ramesh,Kochi,2023-05-23,BR017,branch,25,125935,self_employed_business,826,0.5714,0,0,home,9005000,300
LP002469,APP903602,Lakshmi Banerjee,Chennai,2023-07-25,BR007,partner_referral,33,116398,self_employed_professional ,640,0.5823,2,3,personal,1500000,36
LP002470,APP900325,Divya Chauhan,Delhi,2025-05-10,BR034,partner_referral,33,47621,contract,697,0.7251,2,0,vehicle,796000,36
LP002471,APP900779,Meera Mukherjee,Chennai,2025-04-09,BR024,partner_referral,30,101367,salaried_government,611,0.6448,0,0,vehicle,2015000,36
LP002472,APP900418,Swathi Naidu,Ludhiana,2024-09-26,BR033,branch,36,116653,contract,570,0.6695,0,2,vehicle,886000,12
LP002473,APP902992,Siddharth Ramesh,Mumbai,2023-04-25,BR029,branch,41,58500,self_employed_business,715,0.561,0,0,home,4149000,360
LP002474,APP901906,Vinay Sinha,Lucknow,2025-03-27,BR004,online,45,148778,salaried_private,526,0.1793,0,4,personal,544000,24
LP002475,APP900972,Aditya Ramesh,Surat,2023-09-30,BR010,online,24,73411,salaried_private,734,0.5004,1,0,vehicle,621000,24
LP002476,APP902218,Vinay Mukherjee,Pune,2023-04-18,BR039,branch,28,116093,self_employed_business,366,0.5626,3,9,personal,763000,24
LP002477,APP900992,Rohan Hegde,Jaipur,2025-03-26,BR002,branch,25,71168,salaried_private,644,0.1785,0,2,gold,143000,12
LP002478,APP902496,Vivaan Sharma,Mumbai,2024-12-06,BR037,branch,32,31523,self_employed_business,300,0.5393,1,7,personal,394000,36
LP002479,APP900514,Aditya Chatterjee,Visakhapatnam,2025-05-28,BR036,online,38,96625,contract,581,0.6877,1,3,vehicle,2229000,48
LP002480,APP902253,Vinay Menon,Nashik ,2023-09-18,BR029,branch,28,64689,self_employed_business,600,0.506,1,2,vehicle,1172000,48
LP002481,APP903747,Nikhil Pillai,Madurai,2024-02-04,BR024,online,35,86274,self_employed_professional ,563,0.3443,0,3,personal,843000,36
LP002482,APP900420,Neha Naidu,Hyderabad,2025-03-12,BR024,branch,36,117566,contract,773,0.509,1,0,home,6210000,240
LP002483,APP903175,Neha Sinha, Nagpur,2025-06-23,BR019,online,53,12000,self_employed_business,682,0.4391,1,2,vehicle,100000,24
LP002484,APP900057,Vikram Pillai, Jaipur,2023-05-06,BR030,direct_sales_agent,26,41678,contract,723,0.3788,1,0,gold,302000,24
LP002485,APP902360,Manoj Nair,Coimbatore,2023-05-26,BR014,online,30,36634,self_employed_business,659,0.3969,0,0,personal,161000,12
LP002486,APP902245,Meera Malhotra,Mumbai,2025-02-24,BR017,online,28,53557,SELF_EMPLOYED_BUSINESS,686,0.2852,1,1,gold,135000,12
LP002487,APP903743,Ritika Kapoor,Bhopal,2025-03-27,BR010,online,35,67377,self_employed_professional,703,0.5277,1,2,personal,1162000,60
LP002488,APP901005,Ritika Kapoor,Coimbatore ,2024-03-10,BR011,direct_sales_agent,26,119629,salaried_private ,672,0.4623,2,0,gold,739000,24
LP002489,APP903755,Neha Gowda,Visakhapatnam,2024-06-21,BR036,branch,36,152105,self_employed_professional,603,0.5104,1,2,home,8276000,360
LP002490,APP900697,Krishna Mukherjee,Delhi,2023-07-12,BR018,online,52,79608,contract,389,0.3732,0,6,vehicle,1149000,48
LP002491,APP902971,Neha Verma,Bhopal,2023-05-28,BR023,branch,41,176115,self_employed_business,673,0.2445,1,0,personal,1500000,60
LP002492,APP902038,Priya Menon,Jaipur,2023-04-24,BR027,online,59,105440,salaried_private,634,0.488,1,1,personal,1500000,48
LP002493,APP902386,Deepika Sinha,Visakhapatnam ,2025-06-14,BR015,partner_referral,30,63391,self_employed_business,656,0.2822,0,0,vehicle,550000,36
LP002494,APP903488,Gayathri Kapoor,Ahmedabad,2023-03-03,BR002,partner_referral,30,94265,self_employed_professional,758,0.5488,0,1,personal,1500000,36
LP002495,APP903296,Reyansh Ramesh,Vadodara,2024-12-12,BR035,branch,26,255691,self_employed_professional,643,0.2859,0,2,personal,1500000,24
LP002496,APP901378,Karthik Kulkarni,Indore,2025-05-28,BR024,branch,32,56272,salaried_private,683,0.7721,2,0,personal,705000,24
LP002497,APP904101,Arjun Menon, Indore,2024-09-25,BR022,online,52,137922,self_employed_professional,602,0.522,0,2,home,8813000,360
LP002498,APP902004,Rahul Bhat,Mysuru,2023-07-14,BR012,partner_referral,53,116168,salaried_private,691,0.5902,2,0,vehicle,2500000,60
LP002499,APP901177,Neha Kapoor,Mysuru,2024-10-30,BR033,online,29,30013,salaried_private,513,0.3073,0,3,personal,188000,24
LP002500,APP902455,Arjun Joshi,Nagpur,2024-02-02,BR039,online,31,76534,self_employed_business,616,0.4366,0,0,home,4112000,360
LP002501,APP902091,Rahul Verma,Jaipur,2023-04-08,BR036,branch,25,120464,self_employed_business,760,0.663,2,0,gold,1000000,18
LP002502,APP903613,Priya Kulkarni,Kolkata,2023-07-21,BR025,branch,33,23382,self_employed_professional,552,0.2087,0,1,gold,80000,18
LP002503,APP901278,Sandeep Kapoor,Kochi,2023-09-13,BR021,partner_referral,30,84332,salaried_private,600,0.3852,0,2,home,3802000,300
LP002504,APP900493,Karthik Gowda,Ludhiana,2025-06-06,BR015,branch,38,146374,contract,683,0.3211,0,2,gold,774000,18
LP002505,APP900569,Neha Verma,Tirunelveli,2023-11-18,BR027,partner_referral,41,70573,contract,725,0.476,2,0,home,2713000,240
LP002506,APP902690,Ishaan Krishnan,Rajkot,2024-09-03,BR027,branch,35,44382,self_employed_business,618,0.4366,1,3,gold,194000,12
LP002507,APP903439,Anjali Shah,Ahmedabad,2023-02-16,BR033,online,30,104983,self_employed_professional,611,0.5465,0,0,home,6737000,300
LP002508,APP902384,Harsha Bhat, Ludhiana,2023-01-07,BR023,branch,30,61227,self_employed_business,868,0.4791,1,0,personal,972000,60
LP002509,APP903489,Sandeep Mukherjee,Ludhiana,2023-03-23,BR006,online,31,100028,self_employed_professional,601,0.3516,0,1,personal,388000,12
LP002510,APP901069,Karthik Sharma,Madurai,2023-03-20,BR012,branch,27,56338,salaried_private,688,0.5687,2,0,personal,655000,36
LP002511,APP903546,Aadhya Bhat,Coimbatore,2024-05-10,BR025,direct_sales_agent,32,105137,self_employed_professional,547,0.6368,1,1,vehicle,2500000,60
LP002512,APP903607,Vivaan Chauhan,Chennai,2023-02-04,BR010,online,33,154386,self_employed_professional,549,0.2383,0,1,personal,1500000,60
LP002513,APP900906,Sneha Iyer,Hyderabad,2024-07-20,BR022,online,46,146655,salaried_government ,776,0.736,2,0,home,9909000,300
LP002514,APP901440,Pooja Prasad,Ludhiana,2024-03-05,BR032,online,33,52118,salaried_private,461,0.466,0,6,personal,683000,36
LP002515,APP900418,Swathi Naidu,Ludhiana,2023-12-06,BR033,branch,36,116212,contract,660,0.4486,2,1,gold,507000,18
LP002516,APP903975,Lakshmi Rao,Kolkata,2025-01-26,BR027,branch,43,146473,self_employed_professional,660,0.3595,1,2,personal,1500000,60
LP002517,APP902529,Bhavana Iyer,Kanpur,2024-09-10,BR025,branch,32,85313,self_employed_business,691,0.4323,0,0,home,4359000,300
LP002518,APP901264,Nikhil Desai,Mysuru,2024-06-13,BR034,online,30,50664,salaried_private,626,0.4277,0,2,home,2681000,360
LP002519,APP903633,Pooja Kapoor,Bengaluru,2024-06-10,BR009,partner_referral,33,72987,Self_Employed_Professional,611,0.4333,1,0,home,2619000,300
LP002520,APP903775,Vinay Chatterjee,Lucknow,2024-10-14,BR032,partner_referral,36,57482,self_employed_professional,345,0.538,1,8,home,2355000,180
LP002521,APP903862,Yash Chauhan,Chennai,2023-04-16,BR002,partner_referral,38,85072, self_employed_professional,300,0.5114,2,10,vehicle,1180000,60
LP002522,APP902322,Reyansh Shah,Bengaluru,2024-04-17,BR006,partner_referral,29,72194,self_employed_business,696,0.5214,1,0,home,3107000,180
LP002523,APP902223,Aadhya Joshi,Coimbatore,2024-09-05,BR026,branch,28,140205,self_employed_business,620,0.2937,0,2,personal,843000,24
LP002524,APP902218,Vinay Mukherjee,Pune,2024-05-22,BR039,partner_referral,28,115602,self_employed_business,564,0.3136,0,5,personal,1500000,60
LP002525,APP903103,Deepika Shah,Visakhapatnam,2023-02-19,BR016,branch,46,26985,self_employed_business,693,0.3753,0,2,vehicle,601000,84
LP002526,APP903991,Ritika Chauhan,Rajkot,2023-12-28,BR029,online,43,70654,self_employed_professional,450,0.4988,2,4,gold,127000,6
LP002527,APP903609,Sneha Ramesh,Visakhapatnam,2025-04-03,BR005,online,33,170942,self_employed_professional,813,0.1754,0,0,personal,876000,36
LP002528,APP901258,Rohan Joshi,Vadodara,2025-03-17,BR028,online,30,39077,salaried_private,643,0.6624,1,2,home,2666000,240
LP002529,APP903409,Harsha Kulkarni,Rajkot,2025-04-19,BR034,branch,29,22737,self_employed_professional,551,0.5826,1,1,personal,460000,60
LP002530,APP904102,Manoj Iyer,Mumbai,2024-10-03,BR040,branch,52,39411, SELF_EMPLOYED_PROFESSIONAL ,650,0.3148,0,1,gold,204000,18
LP002531,APP901453,Karthik Mukherjee,Surat,2024-05-08,BR021,partner_referral,33,85130,salaried_private,589,0.4529,0,2,home,4783000,360
LP002532,APP902433,Krishna Naidu,Tirunelveli,2025-01-15,BR007,partner_referral,31,42811,self_employed_business,837,0.308,0,1,personal,275000,24
LP002533,APP902745,Bhavana Shah,Hyderabad ,2024-07-11,BR016,branch,36,41934,SELF_EMPLOYED_BUSINESS,530,0.5214,0,2,vehicle,1009000,60
LP002534,APP902102,Rahul Mukherjee,Indore,2023-12-28,BR006,branch,25,35794, SELF_EMPLOYED_BUSINESS ,448,0.535,1,6,vehicle,345000,24
LP002535,APP902375,Aarav Reddy,Kolkata,2024-12-14,BR024,partner_referral,30,53079,self_employed_business,586,0.6408,1,2,home,3456000,360
LP002536,APP901430,Neha Shah,Indore,2025-03-23,BR006,branch,33,37836,salaried_private,582,0.3134,0,2,gold,354000,36
LP002537,APP901166,Divya Joshi,Indore,2023-11-12,BR039,branch,29,169738,salaried_private ,598,0.6713,1,0,home,11986000,300
LP002538,APP900625,Diya Naidu,Jaipur,2025-05-15,BR039,direct_sales_agent,45,47933,CONTRACT,593,0.2659,0,1,gold,385000,36
LP002539,APP901677,Priya Banerjee,Nagpur,2024-12-01,BR038,direct_sales_agent,38,202135,salaried_private,725,0.5919,2,0,home,11661000,360
LP002540,APP901775,Aadhya Varma,Nashik,2023-09-20,BR004,branch,40,291211,salaried_private,645,0.1429,0,2,vehicle,2500000,84
LP002541,APP903208,Arjun Iyer,Bhopal,2025-04-04,BR034,branch,57,74080,self_employed_business,753,0.548,0,0,home,5236000,360
LP002542,APP903484,Aarav Patel,Ludhiana,2023-02-03,BR020,online,30,82083,self_employed_professional,678,0.3759,1,1,personal,1147000,60
LP002543,APP903781,Vivaan Nair,Surat,2024-11-24,BR017,branch,36,68010,self_employed_professional,700,0.2122,0,0,gold,309000,24
LP002544,APP901501,Yash Malhotra,Ludhiana,2024-08-26,BR035,online,34,57710, SALARIED_PRIVATE ,634,0.4129,0,2,gold,391000,18
LP002545,APP904048,Harsha Pillai,Kochi,2024-12-20,BR010,online,47,110400,self_employed_professional,574,0.7153,2,3,vehicle,2500000,60
LP002546,APP900097,Aditya Prasad,Nashik,2023-02-09,BR019,partner_referral,28,111484,contract,677,0.6242,3,0,gold,900000,24
LP002547,APP901860,Rahul Iyer,Mumbai,2024-01-14,BR009,direct_sales_agent,43,35181,salaried_private,611,0.4117,1,1,gold,332000,36
LP002548,APP901454,Bhavana Joshi,Lucknow,2024-11-21,BR016,branch,33,87742,salaried_private,627,0.6803,1,0,personal,1428000,36
LP002549,APP902472,Meera Ramesh,Bhopal,2024-07-05,BR027,partner_referral,32,128093,self_employed_business,348,0.424,0,11,personal,1089000,24
LP002550,APP904020,Arjun Verma,Chennai,2024-12-08,BR014,direct_sales_agent,45,172375,self_employed_professional,528,0.5282,2,6,home,7091000,300
LP002551,APP902062,Neha Krishnan,Jaipur,2024-11-08,BR011,branch,23,21449,self_employed_business,766,0.3204,0,0,gold,147000,24
LP002552,APP901730,Divya Bhat,Vadodara,2023-05-18,BR004,branch,39,42783,salaried_private,618,0.5647,1,1,personal,797000,48
LP002553,APP902791,Krishna Joshi,Bhopal,2024-04-30,BR022,online,37,185286,self_employed_business,637,0.7079,1,0,home,13170000,240
LP002554,APP900119,Priya Nair,Nagpur,2024-11-28,BR004,online,28,49735,contract,558,0.4388,1,2,gold,383000,24
LP002555,APP903881,Pooja Banerjee,Surat,2023-04-15,BR020,online,39,51143,self_employed_professional,659,0.5617,1,3,vehicle,1402000,84
LP002556,APP901855,Divya Kapoor,Kochi,2024-07-19,BR018,online,43,171683,salaried_private,398,0.2178,0,7,personal,1500000,60
LP002557,APP903128,Harsha Menon,Bengaluru,2025-01-01,BR032,direct_sales_agent,47,64797,self_employed_business,861,0.3717,0,0,home,3098000,360
LP002558,APP900330,Rohan Joshi,Chennai,2023-01-28,BR033,online,33,66982,contract,658,0.5449,0,1,home,4367000,300
LP002559,APP900358,Neha Krishnan,Vadodara,2025-04-15,BR002,online,34,46744,contract,735,0.3248,2,1,gold,94000,18
LP002560,APP903211,Karthik Hegde,Madurai,2023-07-26,BR036,branch,58,86956,self_employed_business,635,0.4437,0,0,personal,426000,12
LP002561,APP903342,Lakshmi Verma,Vadodara,2023-09-27,BR035,online,27,64882,self_employed_professional,523,0.6712,1,3,vehicle,1153000,36
LP002562,APP901491,Anjali Joshi, Visakhapatnam,2025-01-09,BR028,branch,34,44275,salaried_private,687,0.578,1,2,gold,123000,6
LP002563,APP902818,Diya Iyer,Hyderabad,2023-09-16,BR026,branch,37,57707,self_employed_business,629,0.6438,1,1,vehicle,1288000,48
LP002564,APP901470,Sneha Gowda,Jaipur,2023-12-08,BR010,branch,34,20914,salaried_private,710,0.4241,0,0,gold,189000,24
LP002565,APP902540,Rohan Bhat,Rajkot,2024-05-18,BR025,partner_referral,33,119119,self_employed_business,679,0.3364,0,0,home,4492000,240
LP002566,APP901340,Gayathri Bhat,Tirunelveli,2023-10-09,BR009,branch,32,112548,salaried_private,712,0.3822,0,2,home,5118000,300
LP002567,APP901734,Aditya Naidu,Rajkot,2024-10-25,BR033,online,39,44417,salaried_private,418,0.5577,0,4,vehicle,1137000,60
LP002568,APP901413,Sandeep Kulkarni,Bhopal,2024-07-13,BR002,online,33,19581,salaried_private,666,0.4544,1,0,vehicle,452000,84
LP002569,APP901754,Nandini Nair,Surat,2023-10-23,BR038,branch,39,87823,salaried_private,878,0.4837,1,0,vehicle,1160000,36
LP002570,APP902749,Ritika Naidu,Vadodara,2023-12-06,BR012,online,36,43479,self_employed_business,537,0.5079,1,3,vehicle,412000,24
LP002571,APP903323,Ananya Desai,Pune,2023-09-22,BR029,branch,27,166022,self_employed_professional,714,0.4748,0,0,home,8687000,240
LP002572,APP900360,Yash Iyer,Jaipur,2024-09-22,BR012,branch,34,58668,contract,638,0.3769,2,1,gold,205000,18
LP002573,APP902787,Kavya Malhotra,Lucknow,2023-11-06,BR032,online,37,139800,self_employed_business,636,0.2823,1,1,gold,1000000,36
LP002574,APP902215,Kavya Subramanian,Delhi,2023-02-25,BR023,branch,27,95823,self_employed_business,320,0.4941,0,7,gold,531000,12
LP002575,APP900734,Sandeep Subramanian,Rajkot,2023-04-19,BR037,branch,24,81437,salaried_government,648,0.5006,2,0,personal,961000,48
LP002576,APP901589,Rohan Kapoor,Hyderabad,2023-08-28,BR027,branch,36,37398,salaried_private,721,0.8193,3,1,personal,738000,48
LP002577,APP901384,Ishaan Naidu,Ahmedabad ,2024-11-08,BR010,online,32,68954,salaried_private,596,0.7308,2,2,personal,1143000,36
LP002578,APP903554,Yash Menon,Vadodara,2024-05-04,BR026,online,32,184324,self_employed_professional,672,0.4438,0,1,home,8969000,240
LP002579,APP901269,Priya Kapoor,Coimbatore ,2024-01-15,BR029,branch,30,60783,salaried_private,659,0.1082,0,0,gold,140000,24
LP002580,APP903148,Rohan Shah,Madurai,2023-06-10,BR032,online,50,102165,self_employed_business,845,0.6704,1,0,home,7232000,360
LP002581,APP903592,Praveen Varma,Ahmedabad,2024-02-18,BR034,online,32,82961,self_employed_professional,585,0.3216,0,0,home,2617000,180
LP002582,APP902844,Krishna Bose,Madurai,2023-03-20,BR005,partner_referral,38,125724,self_employed_business,775,0.3203,0,0,home,4834000,300
LP002583,APP904107,Karthik Pillai,Rajkot,2025-06-02,BR028,partner_referral,53,38815,self_employed_professional,825,0.3731,0,0,vehicle,451000,36
LP002584,APP903890,Vikram Subramanian,Delhi,2023-02-09,BR001,partner_referral,39,95553,self_employed_professional,737,0.3686,0,1,personal,1500000,60
LP002585,APP901721,Rohan Krishnan,Bengaluru,2025-05-24,BR038,online,39,37754,salaried_private,589,0.3842,2,1,gold,168000,18
LP002586,APP902211,Lakshmi Desai,Kanpur,2023-12-31,BR008,partner_referral,27,87393,self_employed_business,339,0.5247,1,2,home,4265000,300
LP002587,APP902930,Aarav Menon,Surat,2024-05-12,BR017,branch,40,131864,self_employed_business,552,0.557,0,5,personal,1500000,24
LP002588,APP901974,Diya Sharma,Delhi,2023-05-02,BR021,partner_referral,48,72207,salaried_private,489,0.2431,0,1,personal,613000,48
LP002589,APP901109,Nikhil Sinha,Kanpur,2024-05-14,BR006,branch,28,23408,salaried_private,537,0.6845,1,1,personal,151000,12
LP002590,APP903677,Ritika Prasad,Rajkot,2024-10-26,BR031,branch,34,57052,self_employed_professional,542,0.284,0,2,personal,567000,48
LP002591,APP903591,Rohan Chatterjee,Madurai,2024-11-24,BR033,online,32,76580,self_employed_professional,587,0.4232,1,1,gold,540000,24
LP002592,APP900452,Swathi Joshi,Bengaluru,2024-02-20,BR013,online,37,152109,contract,652,0.655,1,0,home,9547000,240
LP002593,APP903097,Diya Krishnan,Hyderabad,2024-08-30,BR026,online,46,129597,self_employed_business,604,0.4456,1,3,home,4664000,240
LP002594,APP900251,Neha Sharma,Nashik,2024-03-15,BR028,branch,31,74137,contract,478,0.2881,0,5,gold,240000,12
LP002595,APP903516,Rohan Krishnan,Visakhapatnam,2024-11-10,BR033,direct_sales_agent,31,49635,self_employed_professional,549,0.2675,1,5,gold,126000,12
LP002596,APP900916,Kavya Menon,Ludhiana,2025-06-01,BR032,partner_referral,49,47004,salaried_government,708,0.5243,2,3,personal,660000,48
LP002597,APP900374,Diya Nair,Lucknow,2023-08-15,BR013,branch,35,110785,contract,547,0.4584,2,1,home,3534000,240
LP002598,APP901795,Aditya Hegde,Nagpur,2025-01-05,BR004,branch,40,94326,Salaried_Private,869,0.5842,0,0,personal,1150000,24
LP002599,APP902244,Swathi Gowda,Ludhiana,2025-02-18,BR034,branch,28,53128,self_employed_business,589,0.3828,1,0,personal,352000,24
LP002600,APP901234,Lakshmi Patel,Tirunelveli,2024-07-22,BR007,direct_sales_agent,30,113470,salaried_private,717,0.609,1,0,home,7633000,360
LP002601,APP903735,Meera Shah,Coimbatore ,2024-07-08,BR010,online,35,57126,self_employed_professional,666,0.6492,1,1,home,3849000,300
LP002602,APP901042,Siddharth Chatterjee,Nagpur,2024-10-17,BR005,online,27,154917,salaried_private,602,0.3999,1,0,home,4788000,180
LP002603,APP903049,Reyansh Gowda,Kanpur,2023-10-15,BR035,branch,43,58911,self_employed_business,766,0.6628,1,0,personal,372000,12
LP002604,APP903682,Nikhil Banerjee,Pune,2024-11-03,BR019,branch,34,67296,Self_Employed_Professional,705,0.3447,1,1,personal,646000,48
LP002605,APP903080,Ananya Prasad,Indore ,2023-10-18,BR005,direct_sales_agent,45,33239,self_employed_business,762,0.5946,1,0,vehicle,988000,84
LP002606,APP901001,Manoj Bhat,Madurai,2024-07-01,BR012,branch,25,85686,salaried_private,644,0.4064,0,1,vehicle,1072000,36
LP002607,APP903807,Divya Mukherjee,Rajkot,2024-05-20,BR037,partner_referral,37,35727,self_employed_professional,516,0.5094,0,2,vehicle,1070000,84
LP002608,APP902276,Manoj Krishnan,Hyderabad,2025-06-12,BR020,branch,29,136992,self_employed_business,648,0.4376,1,2,personal,1500000,36
LP002609,APP902588,Praveen Banerjee,Mumbai,2023-11-26,BR023,branch,33,81393,self_employed_business,592,0.4832,0,2,personal,1120000,36
LP002610,APP901229,Harsha Reddy,Mysuru,2024-03-08,BR009,branch,29,88510,salaried_private,409,0.4212,0,7,vehicle,1141000,36
LP002611,APP903387,Manoj Banerjee,Ludhiana,2025-05-18,BR035,partner_referral,28,74470,self_employed_professional,576,0.3008,0,2,vehicle,1050000,60
LP002612,APP901230,Siddharth Subramanian,Surat,2025-01-10,BR010,branch,29,94228,salaried_private,527,0.5919,1,5,vehicle,2121000,60
LP002613,APP901431,Krishna Banerjee,Mysuru,2023-01-27,BR024,branch,33,41448,salaried_private,652,0.3601,0,2,vehicle,584000,48
LP002614,APP902050,Sneha Nair,Lucknow,2024-05-04,BR010,online,60,66330,salaried_private,740,0.5018,0,0,personal,1411000,60
LP002615,APP901276,Arjun Chatterjee,Nagpur,2024-02-09,BR024,online,30,79744,salaried_private,664,0.496,2,0,gold,526000,24
LP002616,APP901132,Ritika Kulkarni,Ludhiana,2024-11-01,BR006,branch,28,52586,salaried_private,570,0.3756,2,2,home,1647000,240
LP002617,APP900029,Shreya Sharma,Ahmedabad,2024-11-19,BR029,online,25,156519,contract,855,0.7351,1,0,personal,1189000,12
LP002618,APP903631,Sneha Malhotra,Bhopal,2023-11-03,BR015,branch,33,68690,self_employed_professional,546,0.1948,0,5,gold,284000,24
LP002619,APP903159,Bhavana Verma,Nashik,2023-03-31,BR037,partner_referral,50,72161,self_employed_business,658,0.4254,1,0,gold,504000,24
LP002620,APP901599,Sandeep Desai,Jaipur,2023-04-01,BR014,online,36,53602,salaried_private,801,0.4452,1,0,vehicle,676000,36
LP002621,APP904080,Kavya Malhotra,Kolkata,2024-06-19,BR008,online,49,125324, SELF_EMPLOYED_PROFESSIONAL ,597,0.3837,0,2,home,5744000,300
LP002622,APP903947,Rahul Ramesh,Lucknow,2023-05-10,BR015,online,41,73787,self_employed_professional,736,0.2255,1,0,gold,179000,18
LP002623,APP904061,Saanvi Joshi,Surat,2025-04-21,BR011,partner_referral,47,88654,self_employed_professional,513,0.2926,1,1,personal,676000,48
LP002624,APP901655,Harsha Joshi,Pune,2024-08-20,BR033,partner_referral,37,71900,salaried_private,725,0.5121,0,1,home,3609000,180
LP002625,APP900054,Rahul Sharma,Nashik,2025-02-25,BR015,partner_referral,26,38677,contract,681,0.5677,1,1,home,2278000,240
LP002626,APP902197,Rohan Gowda,Kanpur,2025-03-03,BR026,online,27,57219,self_employed_business,644,0.7398,0,4,personal,868000,24
LP002627,APP902810,Anjali Chatterjee,Delhi,2025-01-19,BR009,direct_sales_agent,37,43586,self_employed_business,479,0.4553,1,3,personal,599000,60
LP002628,APP900586,Nandini Bose,Surat,2023-10-15,BR016,partner_referral,42,54748,contract,631,0.4609,3,0,gold,339000,36
LP002629,APP901049,Ritika Kulkarni,Bhopal,2024-10-03,BR035,direct_sales_agent,27,206204,salaried_private,643,0.314,1,2,vehicle,1703000,36
LP002630,APP903873,Ananya Shah,Pune,2025-03-21,BR026,partner_referral,39,23605,Self_Employed_Professional,613,0.6405,1,3,home,1500000,300
LP002631,APP903656,Reyansh Sharma,Coimbatore,2023-02-10,BR007,partner_referral,34,19949,self_employed_professional,659,0.3082,0,0,gold,186000,36
LP002632,APP904040,Aadhya Varma,Jaipur,2023-10-31,BR020,online,46,42160,self_employed_professional,623,0.364,1,1,gold,197000,18
LP002633,APP903000,Kavya Krishnan,Tirunelveli,2023-03-10,BR021,branch,41,95837,self_employed_business,716,0.3757,0,1,vehicle,2183000,84
LP002634,APP902648,Krishna Iyer,Bengaluru,2024-04-09,BR005,branch,34,67325,self_employed_business,642,0.4516,0,0,personal,872000,36
LP002635,APP901224,Saanvi Banerjee,Madurai,2024-12-05,BR020,partner_referral,29,78330,salaried_private,651,0.4444,1,2,home,3795000,300
LP002636,APP900854,Aniket Reddy,Hyderabad,2023-04-08,BR038,online,37,73207,salaried_government,804,0.3242,0,0,home,2403000,180
LP002637,APP900785,Krishna Sharma,Kanpur,2023-06-14,BR006,branch,30,62440,salaried_government,629,0.95,1,1,vehicle,724000,12
LP002638,APP901246,Rohan Pillai,Jaipur,2023-11-15,BR001,direct_sales_agent,30,20203,salaried_private,655,0.7186,5,1,vehicle,282000,60
LP002639,APP903089,Karthik Verma,Ahmedabad,2023-03-26,BR029,branch,45,58562,self_employed_business,515,0.5075,1,3,personal,724000,36
LP002640,APP901481,Neha Joshi,Rajkot,2025-03-08,BR031,partner_referral,34,34752,salaried_private,514,0.5551,1,5,personal,649000,60
LP002641,APP902417,Rahul Kulkarni,Vadodara,2025-03-25,BR010,partner_referral,31,146191,self_employed_business,630,0.3242,0,4,gold,534000,12
LP002642,APP903777,Manoj Sinha,Kochi,2025-05-29,BR013,branch,36,61338,self_employed_professional,564,0.5765,1,0,home,3385000,360
LP002643,APP900017,Vikram Gowda,Ahmedabad,2024-09-04,BR025,direct_sales_agent,24,58744,contract,355,0.4033,2,8,personal,406000,36
LP002644,APP902639,Kavya Rao,Kochi,2023-04-03,BR022,branch,34,57197,self_employed_business,646,0.3092,0,3,vehicle,1068000,84
LP002645,APP901140,Vinay Nair,Chennai,2024-05-25,BR026,online,28,61657,salaried_private,469,0.2743,0,5,gold,507000,36
LP002646,APP900383,Nikhil Pillai,Nashik,2025-04-28,BR001,partner_referral,35,145907, CONTRACT ,608,0.3555,1,2,home,5361000,300
LP002647,APP900566,Pooja Naidu,Chennai,2023-10-19,BR038,partner_referral,41,33783,contract,804,0.2701,0,0,personal,189000,24
LP002648,APP900947,Krishna Kapoor,Visakhapatnam,2023-11-24,BR020,partner_referral,23,48745,salaried_private,702,0.3361,0,2,gold,185000,12
LP002649,APP902531,Pooja Shah,Rajkot,2023-11-26,BR040,online,32,90303, SELF_EMPLOYED_BUSINESS ,535,0.5716,2,3,personal,1092000,48
LP002650,APP900648,Aniket Malhotra,Tirunelveli,2023-10-21,BR031,partner_referral,46,91338,contract,820,0.7049,1,0,vehicle,1789000,36
LP002651,APP900414,Ishaan Krishnan,Nagpur,2025-06-06,BR026,branch,35,84546,contract,663,0.4797,1,1,vehicle,1825000,84
LP002652,APP901382,Vinay Patel,Ahmedabad,2023-04-15,BR016,branch,32,64097,salaried_private,686,0.3981,0,0,gold,148000,6
LP002653,APP901957,Rahul Rao,Kochi,2024-04-11,BR015,direct_sales_agent,47,23473,salaried_private,586,0.5541,2,1,gold,224000,36
LP002654,APP900662,Manoj Nair,Bengaluru,2025-05-05,BR039,partner_referral,48,54506,contract,869,0.4868,0,0,home,3489000,360
LP002655,APP900658,Manoj Kapoor,Mysuru,2023-11-04,BR036,branch,48,131166,contract,482,0.4552,2,3,personal,928000,36
LP002656,APP903048,Sneha Ramesh,Kolkata,2024-05-03,BR035,branch,43,57852,self_employed_business,576,0.5558,1,4,vehicle,1243000,60
LP002657,APP903231,Vivaan Gowda,Pune,2025-05-04,BR037,branch,23,43335,self_employed_professional,554,0.401,1,2,personal,517000,48
LP002658,APP901652,Aniket Mukherjee,Kanpur,2025-02-05,BR032,branch,37,64330,salaried_private,659,0.3613,0,1,home,2634000,240
LP002659,APP903637,Ishaan Subramanian,Hyderabad,2023-12-30,BR028,partner_referral,33,79570,self_employed_professional,671,0.5158,1,0,personal,1347000,60
LP002660,APP902562,Anjali Subramanian,Visakhapatnam,2024-01-10,BR040,partner_referral,33,42385,Self_Employed_Business,639,0.2327,1,0,gold,110000,18
LP002661,APP902153,Ritika Naidu,Kolkata,2023-10-03,BR030,online,26,57717,self_employed_business,487,0.5621,0,7,vehicle,1257000,48
LP002662,APP900862,Reyansh Prasad,Vadodara,2025-01-07,BR015,branch,38,58393,salaried_government,788,0.6196,1,0,home,3762000,360
LP002663,APP902383,Vikram Menon,Jaipur,2023-12-19,BR005,online,30,60298,self_employed_business,500,0.4999,0,5,personal,1220000,60
LP002664,APP902645,Anjali Menon,Mysuru,2025-03-09,BR001,partner_referral,34,64049,self_employed_business,583,0.5566,2,2,gold,481000,24
LP002665,APP900963,Lakshmi Verma,Coimbatore,2024-03-18,BR010,online,24,35216,salaried_private,465,0.8211,3,3,gold,303000,18
LP002666,APP903808,Priya Pillai,Rajkot,2023-08-03,BR016,online,37,37977,self_employed_professional,564,0.1402,0,0,personal,151000,36
LP002667,APP903389,Vikram Krishnan,Nagpur,2025-01-12,BR012,branch,28,77317,self_employed_professional,603,0.5042,0,2,home,5024000,360
LP002668,APP900519,Kavya Malhotra,Visakhapatnam,2025-04-28,BR004,branch,39,205884,contract,592,0.6201,1,2,home,12145000,300
LP002669,APP902155,Meera Kulkarni,Jaipur,2023-02-19,BR030,online,26,59278,self_employed_business,401,0.4135,0,8,gold,400000,18
LP002670,APP900433,Meera Gowda,Kolkata,2024-08-28,BR013,online,36,40302,contract,738,0.4058,0,1,personal,690000,60
LP002671,APP901930,Divya Bose,Mysuru,2023-03-22,BR014,online,46,24431,Salaried_Private,812,0.6436,3,0,gold,121000,12
LP002672,APP901598,Vinay Chauhan,Delhi,2023-06-21,BR031,online,36,52083,salaried_private ,530,0.4596,0,2,personal,980000,60
LP002673,APP903667,Karthik Kulkarni,Jaipur,2023-08-04,BR004,branch,34,36711,self_employed_professional,710,0.3615,0,1,gold,284000,24
LP002674,APP901696,Yash Gowda,Kochi,2024-08-07,BR016,partner_referral,38,73527,salaried_private,583,0.3095,0,4,gold,256000,12
LP002675,APP903600,Swathi Mukherjee,Kochi,2023-01-20,BR035,branch,33,100287,self_employed_professional,814,0.5898,1,1,home,6587000,300
LP002676,APP900879,Nandini Naidu,Lucknow,2024-05-26,BR013,partner_referral,41,46355,salaried_government,707,0.5472,0,2,personal,914000,48
LP002677,APP902635,Shreya Subramanian,Indore,2023-04-03,BR025,branch,34,51086,self_employed_business,689,0.3793,1,0,gold,217000,18
LP002678,APP902334,Ishaan Sharma,Surat,2023-08-22,BR014,online,29,97969,self_employed_business,790,0.4416,0,0,home,5350000,300
LP002679,APP902242,Priya Naidu,Nagpur,2023-03-15,BR016,branch,28,50309, SELF_EMPLOYED_BUSINESS ,725,0.7309,1,2,vehicle,737000,24
LP002680,APP903529,Aarav Hegde,Bengaluru,2025-03-30,BR039,online,31,64264,self_employed_professional,837,0.7696,2,1,vehicle,1832000,60
LP002681,APP901986,Aditya Shah,Visakhapatnam,2024-06-29,BR015,online,50,143755,salaried_private,599,0.3732,0,1,home,6362000,300
LP002682,APP902805,Harsha Ramesh,Kanpur,2025-03-05,BR028,online,37,39266, self_employed_business,478,0.6258,1,4,vehicle,892000,48
LP002683,APP902421,Meera Nair,Pune,2023-07-13,BR037,partner_referral,31,19749,self_employed_business,558,0.5288,3,4,gold,187000,36
LP002684,APP900953,Ritika Joshi,Kanpur,2023-09-16,BR039,online,24,104435,salaried_private,646,0.535,1,2,vehicle,1587000,36
LP002685,APP902964,Divya Joshi,Bengaluru,2024-12-22,BR028,direct_sales_agent,40,85331,Self_Employed_Business,554,0.3561,1,3,personal,774000,36
LP002686,APP903830,Krishna Varma,Kanpur,2023-04-12,BR025,branch,37,93755,self_employed_professional,581,0.4687,1,1,vehicle,1461000,48
LP002687,APP903754,Diya Prasad,Bengaluru,2023-10-17,BR025,partner_referral,36,151859,self_employed_professional,530,0.8254,4,3,personal,1500000,24
LP002688,APP902398,Sneha Joshi,Ludhiana,2023-04-19,BR032,online,30,73461,self_employed_business,512,0.5986,2,4,personal,867000,36
LP002689,APP903924,Swathi Varma,Jaipur,2024-07-02,BR018,partner_referral,40,98749,self_employed_professional,560,0.4038,0,3,personal,1134000,36
LP002690,APP902382,Deepika Pillai,Bhopal,2023-06-17,BR010,online,30,59200,self_employed_business,653,0.4533,1,0,gold,253000,12
LP002691,APP900611,Siddharth Malhotra,Kolkata,2024-06-30,BR003,online,44,43580,contract,580,0.6502,2,2,personal,792000,48
LP002692,APP901169,Sneha Chauhan,Delhi,2024-07-20,BR004,partner_referral,29,17762,salaried_private,609,0.1843,0,2,personal,67000,24
LP002693,APP900845,Diya Malhotra,Mumbai,2023-05-17,BR020,online,36,62862,salaried_government,835,0.564,0,0,personal,738000,24
LP002694,APP901295,Ananya Mukherjee,Lucknow,2024-05-02,BR003,branch,31,22478,salaried_private,578,0.6114,1,1,personal,423000,48
LP002695,APP903486,Ritika Iyer,Nashik,2024-09-21,BR035,partner_referral,30,85641,self_employed_professional,545,0.5123,1,2,personal,1500000,60
LP002696,APP900136,Vikram Iyer,Nashik,2023-05-09,BR035,online,28,89399,CONTRACT,630,0.822,2,1,vehicle,1308000,24
LP002697,APP903434,Divya Kapoor,Kochi,2024-01-25,BR030,direct_sales_agent,29,86394,self_employed_professional,543,0.3239,0,3,personal,568000,24
LP002698,APP901329,Praveen Prasad,Vadodara,2024-08-05,BR014,branch,31,80519,salaried_private,692,0.3302,0,0,home,3255000,300
LP002699,APP903322,Neha Chatterjee,Ludhiana,2024-09-22,BR014,online,27,156366,self_employed_professional,585,0.511,0,1,home,8818000,240
LP002700,APP901887,Meera Malhotra,Chennai,2024-07-03,BR038,branch,44,142840,salaried_private,697,0.5603,1,1,home,7531000,300
LP002701,APP901100,Sneha Sinha,Rajkot,2024-01-19,BR005,branch,28,145504,salaried_private,675,0.3358,1,0,vehicle,2500000,84
LP002702,APP902352,Nandini Gowda,Surat,2024-04-13,BR031,partner_referral,30,231459,self_employed_business,580,0.5105,0,1,home,9171000,120
LP002703,APP901321,Divya Prasad,Kolkata,2023-06-08,BR039,direct_sales_agent,31,70607,SALARIED_PRIVATE,797,0.4428,0,0,personal,913000,36
LP002704,APP900554,Praveen Gowda,Madurai,2023-01-14,BR029,partner_referral,40,73075, contract,518,0.3771,1,4,gold,655000,36
LP002705,APP900579,Vivaan Shah,Ludhiana ,2024-09-14,BR007,partner_referral,42,208881,contract,555,0.2007,0,3,vehicle,1290000,36
LP002706,APP900574,Pooja Reddy,Mumbai,2024-09-13,BR022,online,41,77728,contract,574,0.3723,0,1,home,2850000,180
LP002707,APP901738,Kavya Krishnan,Coimbatore,2024-12-08,BR013,branch,39,54078,salaried_private,809,0.4673,0,0,vehicle,1548000,84
LP002708,APP902386,Deepika Sinha,Visakhapatnam,2023-07-29,BR015,online,30,63196,self_employed_business,604,0.4275,1,3,gold,515000,24
LP002709,APP903363,Meera Menon,Tirunelveli,2025-06-27,BR013,partner_referral,28,27854,self_employed_professional,358,0.6534,2,6,personal,471000,60
LP002710,APP902385,Harsha Menon,Lucknow,2024-03-23,BR003,online,30,62896,self_employed_business,709,0.466,1,0,home,2812000,240
LP002711,APP904047,Neha Subramanian,Nashik,2024-03-08,BR023,online,46,92215, self_employed_professional,749,0.3073,2,0,gold,210000,18
LP002712,APP903413,Siddharth Kulkarni,Kochi,2025-02-22,BR039,branch,29,34706,self_employed_professional,573,0.2747,1,2,gold,84000,18
LP002713,APP900105,Lakshmi Subramanian, Vadodara,2024-11-11,BR001,branch,28,167940,contract,761,0.6539,1,1,home,10958000,300
LP002714,APP902881,Nikhil Rao,Kolkata,2024-08-01,BR028,branch,39,132432,self_employed_business,670,0.434,1,0,vehicle,2500000,84
LP002715,APP901571,Sneha Ramesh,Kochi,2023-09-22,BR020,online,35,85369,salaried_private ,835,0.6434,1,0,vehicle,1544000,36
LP002716,APP900507,Vikram Nair,Indore,2023-11-21,BR024,branch,38,43763,contract,516,0.5489,4,2,personal,232000,24
LP002717,APP900005,Aadhya Menon,Madurai,2024-03-27,BR024,online,23,141660, CONTRACT ,795,0.4275,0,0,gold,1000000,18
LP002718,APP902630,Aadhya Bose,Surat,2025-06-06,BR005,online,34,44462,self_employed_business,466,0.2779,0,3,gold,139000,12
LP002719,APP903202,Vivaan Gowda, Delhi,2023-12-19,BR019,partner_referral,56,24289,self_employed_business,537,0.4247,0,2,gold,219000,24
LP002720,APP900666,Diya Iyer,Bengaluru,2023-11-05,BR004,branch,48,93415,contract,367,0.4041,1,9,home,2997000,180
LP002721,APP902267,Kavya Chatterjee,Madurai,2023-10-23,BR002,online,29,100194,self_employed_business,310,0.6505,0,12,vehicle,2500000,48
LP002722,APP901809,Saanvi Hegde,Delhi,2025-03-28,BR035,partner_referral,41,36461,salaried_private,542,0.4197,1,5,gold,344000,36
LP002723,APP901101,Aarav Pillai,Delhi,2023-07-28,BR037,online,28,160662,salaried_private,705,0.4211,1,0,personal,1500000,36
LP002724,APP903859,Neha Krishnan,Mumbai,2023-08-12,BR010,branch,38,68550,self_employed_professional,806,0.3071,1,0,personal,484000,36
LP002725,APP903145,Aniket Joshi,Rajkot,2025-04-24,BR016,direct_sales_agent,49,56434,self_employed_business,523,0.461,1,1,home,1845000,180
LP002726,APP901517,Nikhil Naidu,Vadodara,2025-04-05,BR006,branch,34,81243,SALARIED_PRIVATE,708,0.4711,0,0,home,4591000,300
LP002727,APP901415,Ishaan Pillai,Vadodara,2024-12-11,BR009,branch,33,21160,salaried_private,610,0.2758,1,2,gold,45000,12
LP002728,APP901205,Shreya Prasad,Hyderabad,2023-08-23,BR018,online,29,50838,salaried_private,604,0.2652,0,1,personal,478000,48
LP002729,APP900634,Swathi Mukherjee,Vadodara,2025-01-18,BR028,branch,46,113235,contract,597,0.4725,0,0,vehicle,2500000,60
LP002730,APP902434,Priya Gowda,Nashik,2024-07-21,BR018,branch,31,43077,self_employed_business,764,0.3143,0,0,vehicle,294000,24
LP002731,APP903530,Manoj Menon,Nashik,2025-05-21,BR006,branch,31,64546,self_employed_professional,647,0.6662,1,1,home,4386000,360
LP002732,APP903155,Diya Pillai,Nashik,2023-06-18,BR040,online,50,50432,self_employed_business,774,0.2012,0,1,personal,295000,36
LP002733,APP902936,Aarav Sharma,Bhopal,2024-03-25,BR038,partner_referral,40,31041,self_employed_business,607,0.7875,2,0,personal,504000,36
LP002734,APP902023,Reyansh Sharma,Vadodara,2024-11-11,BR037,online,55,103657,salaried_private ,514,0.4101,0,5,personal,1500000,48
LP002735,APP901764,Nandini Nair,Kochi,2024-11-28,BR014,branch,40,115256,salaried_private,473,0.6395,0,3,personal,1500000,24
LP002736,APP902391,Arjun Naidu,Vadodara,2023-06-22,BR038,online,30,66789,self_employed_business,744,0.3185,1,0,personal,271000,24
LP002737,APP902955,Shreya Reddy, Bengaluru,2024-10-27,BR009,branch,40,57120,self_employed_business,647,0.4043,0,0,personal,956000,60
LP002738,APP900582,Nikhil Kapoor,Lucknow,2023-12-21,BR005,online,42,36108,contract,685,0.4422,2,1,gold,166000,18
LP002739,APP903378,Rohan Gowda,Mysuru,2024-06-08,BR032,partner_referral,28,57407,self_employed_professional,354,0.3133,0,6,personal,618000,48
LP002740,APP901550,Nikhil Nair,Bhopal,2024-11-05,BR039,partner_referral,35,48983,salaried_private,791,0.3911,0,0,vehicle,593000,36
LP002741,APP902482,Arjun Reddy,Vadodara,2025-01-04,BR038,branch,32,167115,self_employed_business,347,0.1607,1,8,gold,210000,12
LP002742,APP904060,Gayathri Bose,Indore,2024-10-20,BR011,branch,47,72443,self_employed_professional,795,0.2571,1,0,gold,481000,36
LP002743,APP903797,Diya Naidu,Coimbatore,2025-01-23,BR026,branch,37,25006,self_employed_professional,486,0.501,1,7,personal,190000,24
LP002744,APP900027,Ananya Kulkarni,Kolkata,2025-04-25,BR035,branch,25,128381,contract,656,0.4668,2,0,gold,1000000,24
LP002745,APP900498,Neha Shah,Rajkot,2023-09-15,BR006,branch,38,20440, CONTRACT ,570,0.6051,1,3,personal,409000,60
LP002746,APP902587,Lakshmi Krishnan,Kolkata,2024-07-31,BR024,partner_referral,33,80604,self_employed_business,703,0.628,1,0,gold,459000,12
LP002747,APP902472,Meera Ramesh,Bhopal,2025-02-20,BR027,online,32,125348,self_employed_business,809,0.332,0,0,home,4795000,240
LP002748,APP901750,Divya Kulkarni,Surat,2024-09-07,BR007,partner_referral,39,82157,salaried_private,669,0.5939,0,0,personal,1003000,24
LP002749,APP903314,Deepika Krishnan,Jaipur ,2025-01-27,BR014,partner_referral,26,79977,self_employed_professional,568,0.4296,0,3,vehicle,2038000,84
LP002750,APP902203,Saanvi Bhat,Visakhapatnam,2023-12-11,BR017,partner_referral,27,72670,self_employed_business,723,0.742,1,1,personal,531000,12
LP002751,APP900534,Vinay Prasad,Lucknow,2024-06-24,BR024,online,39,71875,contract,696,0.4749,1,2,home,3136000,240
LP002752,APP902068,Bhavana Gowda,Tirunelveli,2024-01-01,BR025,partner_referral,23,69950,self_employed_business,806,0.2668,1,0,gold,91000,6
LP002753,APP903627,Rahul Shah,Mysuru,2023-04-12,BR031,online,33,48097,self_employed_professional,637,0.6266,2,0,personal,431000,24
LP002754,APP903071,Karthik Ramesh,Hyderabad,2024-12-02,BR040,online,44,84349,Self_Employed_Business,900,0.2715,1,0,personal,471000,48
LP002755,APP900305,Aarav Krishnan,Hyderabad,2024-05-25,BR010,branch,33,100814,contract,673,0.5573,1,0,personal,1500000,36
LP002756,APP901996,Vinay Subramanian,Mysuru,2024-11-05,BR024,branch,51,29685,salaried_private,691,0.882,2,2,personal,409000,24
LP002757,APP903596,Vikram Pillai,Kochi,2024-08-07,BR019,branch,32,91097,self_employed_professional,759,0.567,0,0,personal,1500000,36
LP002758,APP900712,Divya Joshi,Hyderabad ,2023-01-26,BR026,direct_sales_agent,57,63684,contract,601,0.4288,0,1,home,3412000,360
LP002759,APP901929,Vivaan Sinha,Mumbai,2025-01-19,BR020,partner_referral,46,140163,Salaried_Private,680,0.5859,2,0,home,6389000,360
LP002760,APP900339,Meera Mukherjee,Lucknow,2024-04-23,BR005,branch,34,121623,contract,508,0.5751,3,4,personal,1500000,60
LP002761,APP903836,Ishaan Hegde,Vadodara,2023-09-02,BR034,online,38,14473,self_employed_professional,383,0.7141,3,5,personal,308000,60
LP002762,APP902110,Meera Desai,Visakhapatnam,2024-01-11,BR009,branch,25,48682,self_employed_business,380,0.502,1,8,home,2363000,300
LP002763,APP903016,Krishna Kapoor,Indore,2024-02-16,BR035,online,42,44039,self_employed_business,669,0.3468,0,1,personal,169000,12
LP002764,APP903726,Yash Malhotra,Tirunelveli,2023-06-30,BR020,branch,35,41990,self_employed_professional,718,0.4275,0,2,vehicle,557000,36
LP002765,APP901059,Praveen Prasad,Nashik,2025-02-12,BR016,branch,27,34005,salaried_private,539,0.6502,3,3,personal,496000,48
LP002766,APP902278,Meera Malhotra,Hyderabad,2024-11-10,BR015,online,29,142820,self_employed_business,711,0.3384,0,1,vehicle,2269000,60
LP002767,APP903112,Aarav Ramesh,Hyderabad,2024-10-07,BR026,branch,46,74498,self_employed_business,703,0.3262,1,1,gold,242000,18
LP002768,APP903200,Ananya Bhat,Kanpur,2025-03-05,BR040,online,56,124304,self_employed_business,598,0.2722,0,0,vehicle,1045000,36
LP002769,APP901723,Rahul Chauhan,Kochi,2023-10-02,BR035,branch,39,38037,salaried_private,745,0.6339,0,1,gold,272000,12
LP002770,APP903790,Rahul Kulkarni,Nagpur,2023-09-28,BR031,partner_referral,37,119041,self_employed_professional,691,0.586,1,0,home,8094000,360
LP002771,APP902166,Harsha Banerjee,Nashik,2023-12-28,BR036,branch,27,111954,self_employed_business,615,0.6935,2,0,home,7602000,360
LP002772,APP903012,Rohan Subramanian,Lucknow,2023-07-02,BR009,online,42,30099,SELF_EMPLOYED_BUSINESS,741,0.3697,0,2,personal,323000,36
LP002773,APP902474,Karthik Menon,Hyderabad,2025-03-08,BR002,online,32,13442,self_employed_business,549,0.4998,0,4,vehicle,398000,84
LP002774,APP902876,Aarav Chauhan,Hyderabad,2024-04-17,BR017,branch,38,87485,self_employed_business,459,0.3884,1,6,personal,572000,24
LP002775,APP900603,Divya Rao,Bengaluru,2023-05-05,BR009,branch,43,91471,contract,638,0.6338,0,0,vehicle,1796000,36
LP002776,APP901336,Yash Shah,Lucknow,2023-03-01,BR016,direct_sales_agent,31,97088,salaried_private,535,0.4653,0,3,personal,1284000,36
LP002777,APP901523,Anjali Sharma,Visakhapatnam,2023-03-22,BR010,online,35,126282,salaried_private,508,0.3229,1,7,vehicle,1133000,48
LP002778,APP902171,Vikram Reddy,Kanpur,2023-07-13,BR021,online,27,141876,self_employed_business,724,0.3775,1,1,home,4799000,300
LP002779,APP904126,Ananya Kapoor,Bhopal,2024-11-26,BR030,branch,57,129028,self_employed_professional,629,0.4454,0,1,home,6434000,240
LP002780,APP902312,Praveen Sinha,Surat,2024-08-06,BR024,branch,29,57861,self_employed_business,552,0.4736,0,2,personal,970000,48
LP002781,APP901847,Harsha Patel,Tirunelveli,2024-03-09,BR006,branch,42,75922,salaried_private,491,0.1982,1,5,gold,205000,24
LP002782,APP901962,Sandeep Malhotra,Kolkata,2024-06-04,BR029,direct_sales_agent,47,88524,salaried_private,660,0.4694,0,1,personal,1500000,48
LP002783,APP903715,Ritika Krishnan,Lucknow,2023-05-03,BR005,branch,35,34077,self_employed_professional,596,0.1858,0,2,gold,104000,18
LP002784,APP901195,Gayathri Gowda,Jaipur,2024-07-24,BR013,branch,29,40520,salaried_private,849,0.4005,1,1,personal,609000,60
LP002785,APP904016,Saanvi Bhat,Surat,2023-07-06,BR008,direct_sales_agent,44,80882, SELF_EMPLOYED_PROFESSIONAL ,513,0.3514,0,7,gold,465000,18
LP002786,APP901702,Neha Rao,Jaipur,2024-09-06,BR007,online,38,95631,salaried_private,728,0.3612,2,1,personal,655000,36
LP002787,APP901667,Shreya Shah,Ahmedabad,2023-01-19,BR024,branch,38,110853,salaried_private,703,0.6325,2,0,home,6218000,360
LP002788,APP901590,Meera Gowda,Hyderabad,2025-01-30,BR013,branch,36,38362,salaried_private,676,0.2245,0,1,personal,247000,36
LP002789,APP900538,Reyansh Iyer,Rajkot,2023-02-23,BR003,branch,40,105766,contract,733,0.3895,0,1,personal,1500000,48
LP002790,APP902606,Siddharth Hegde,Bengaluru,2023-04-29,BR027,branch,34,127055,self_employed_business,816,0.4357,0,1,home,7160000,360
LP002791,APP904006,Aniket Mukherjee,Delhi ,2023-08-31,BR011,online,44,41284,self_employed_professional,699,0.9258,0,0,personal,423000,12
LP002792,APP903685,Priya Shah,Madurai,2023-01-02,BR016,partner_referral,34,73605,self_employed_professional,610,0.469,0,3,personal,1436000,60
LP002793,APP901366,Gayathri Sinha,Indore,2023-03-17,BR001,online,32,41312,salaried_private,776,0.4505,1,0,personal,661000,60
LP002794,APP902572,Krishna Menon,Rajkot,2024-06-16,BR008,branch,33,54714, SELF_EMPLOYED_BUSINESS ,586,0.6045,1,3,home,3291000,360
LP002795,APP903103,Deepika Shah,Visakhapatnam,2023-01-30,BR016,partner_referral,46,24075,self_employed_business,628,0.3546,1,0,personal,197000,36
LP002796,APP900214,Ishaan Malhotra,Vadodara,2023-10-17,BR017,branch,31,102066,contract,734,0.5666,0,0,home,7344000,360
LP002797,APP901938,Swathi Kulkarni, Madurai,2023-03-13,BR006,branch,46,58478,salaried_private,513,0.3543,0,4,home,2262000,240
LP002798,APP903853,Aadhya Kulkarni,Visakhapatnam ,2023-05-10,BR033,partner_referral,38,56657,self_employed_professional,541,0.5523,0,3,home,3651000,300
LP002799,APP903328,Lakshmi Pillai,Kolkata,2023-10-06,BR026,partner_referral,27,25385,self_employed_professional,476,0.5509,0,7,vehicle,649000,60
LP002800,APP902043,Krishna Chatterjee,Rajkot ,2025-03-17,BR032,direct_sales_agent,60,104476,salaried_private,630,0.3439,0,1,personal,1500000,60
LP002801,APP900293,Gayathri Naidu,Mysuru,2025-04-06,BR004,online,32,66513,contract ,300,0.3485,1,10,gold,585000,36
LP002802,APP903098,Meera Hegde,Rajkot,2024-03-02,BR030,branch,46,178667,self_employed_business,696,0.6316,3,1,home,6760000,240
LP002803,APP901108,Diya Pillai,Delhi,2023-01-14,BR039,branch,28,217604,salaried_private,668,0.5188,2,2,home,7327000,240
LP002804,APP904031,Nandini Gowda,Jaipur,2023-05-10,BR014,branch,45,67852,self_employed_professional,647,0.4239,0,1,vehicle,621000,24
LP002805,APP901819,Lakshmi Chatterjee,Ahmedabad,2025-02-06,BR030,online,41,78259,salaried_private,616,0.8244,3,3,personal,1500000,48
LP002806,APP900569,Neha Verma,Tirunelveli,2024-06-17,BR027,branch,41,68263,contract,795,0.6852,2,0,personal,1406000,60
LP002807,APP903233,Aarav Patel,Chennai,2023-04-22,BR039,partner_referral,23,49678,self_employed_professional,675,0.3007,0,1,gold,451000,36
LP002808,APP901228,Bhavana Joshi,Jaipur,2024-05-30,BR035,branch,29,87751,salaried_private,672,0.3966,1,1,personal,326000,12
LP002809,APP903504,Ananya Menon,Visakhapatnam,2024-05-25,BR030,branch,31,264423,self_employed_professional,505,0.5575,1,3,home,14958000,300
LP002810,APP901058,Nikhil Hegde, Pune,2024-06-15,BR036,branch,27,30609,salaried_private ,641,0.2351,0,2,gold,81000,12
LP002811,APP901356,Aditya Nair,Nagpur,2023-12-05,BR040,branch,32,29970,salaried_private,644,0.4097,2,0,personal,204000,48
LP002812,APP901173,Diya Malhotra,Indore,2025-02-01,BR021,branch,29,226475,salaried_private,598,0.1607,0,1,personal,1500000,60
LP002813,APP902714,Priya Ramesh,Delhi,2024-12-01,BR001,direct_sales_agent,35,83806,self_employed_business,742,0.6353,1,0,vehicle,1363000,36
LP002814,APP902802,Aadhya Banerjee,Chennai,2023-09-15,BR004,branch,37,35648,self_employed_business,751,0.2733,1,0,gold,243000,36
LP002815,APP901063,Arjun Chauhan,Visakhapatnam,2023-06-12,BR024,branch,27,46128,salaried_private,785,0.4871,2,0,personal,335000,36
LP002816,APP900223,Ishaan Varma,Hyderabad,2024-06-04,BR027,branch,31,26956,contract,740,0.5772,2,0,personal,298000,36
LP002817,APP902649,Karthik Desai,Pune,2023-02-19,BR001,branch,34,70688,Self_Employed_Business,687,0.4185,1,1,gold,275000,12
LP002818,APP902107,Vinay Krishnan,Kanpur,2024-04-25,BR002,partner_referral,25,44446,self_employed_business,664,0.2871,0,0,gold,74000,6
LP002819,APP902533,Vinay Nair,Chennai,2025-04-12,BR018,direct_sales_agent,32,92594,self_employed_business,528,0.5085,0,4,home,5769000,360
LP002820,APP902406,Aditya Nair,Nagpur,2025-02-08,BR031,online,30,95888,self_employed_business,592,0.5732,0,3,vehicle,624000,12
LP002821,APP903891,Vinay Shah,Coimbatore,2023-10-26,BR031,online,40,102278,self_employed_professional,669,0.4524,1,2,vehicle,1288000,36
LP002822,APP900290,Ananya Patel,Coimbatore,2023-07-28,BR040,partner_referral,32,63986,contract,550,0.6303,1,1,personal,1025000,36
LP002823,APP901454,Bhavana Joshi,Lucknow,2025-06-05,BR016,online,33,87997,salaried_private,645,0.4542,2,1,gold,454000,24
LP002824,APP903257,Saanvi Hegde,Bhopal,2023-02-28,BR004,branch,24,88314,self_employed_professional,620,0.4988,1,2,home,5126000,360
LP002825,APP902302,Sandeep Gowda,Jaipur,2024-10-11,BR001,branch,29,46894,self_employed_business,464,0.6399,2,3,personal,458000,24
LP002826,APP900272,Rahul Naidu,Chennai,2024-05-29,BR027,online,32,185137,contract,577,0.1795,0,1,gold,1000000,36
LP002827,APP901299,Vinay Sharma, Kolkata,2025-06-18,BR001,online,31,29179,salaried_private,688,0.5387,2,0,vehicle,208000,24
LP002828,APP902113,Praveen Gowda,Madurai ,2023-03-22,BR004,branch,25,54667,Self_Employed_Business,634,0.3701,0,1,personal,719000,48
LP002829,APP901146,Shreya Banerjee,Pune,2023-06-21,BR024,branch,28,71106,salaried_private,634,0.2515,0,0,personal,511000,36
LP002830,APP900518,Diya Verma,Nagpur,2024-10-23,BR008,branch,39,18666,contract,522,0.2042,1,5,gold,59000,24
LP002831,APP902628,Diya Varma,Jaipur,2025-05-18,BR029,branch,34,43548,Self_Employed_Business,526,0.5585,2,4,vehicle,1083000,84
LP002832,APP900451,Nikhil Chatterjee,Hyderabad,2025-01-20,BR038,online,37,128304,contract,642,0.5712,2,3,personal,1463000,36
LP002833,APP901249,Gayathri Bhat, Visakhapatnam,2024-06-11,BR026,partner_referral,30,24486, SALARIED_PRIVATE ,600,0.5223,1,3,personal,461000,60
LP002834,APP901008,Lakshmi Menon, Kolkata,2023-02-12,BR040,branch,26,26036,salaried_private,600,0.6023,2,0,vehicle,483000,60
LP002835,APP900163,Nikhil Patel,Kolkata,2023-10-23,BR009,online,29,50457,contract,552,0.2915,1,3,vehicle,370000,36
LP002836,APP901327,Nandini Bose,Bengaluru,2024-09-02,BR030,branch,31,80190,salaried_private,578,0.7369,0,0,personal,1207000,24
LP002837,APP902401,Ananya Prasad,Bengaluru,2025-03-09,BR013,branch,30,83654,self_employed_business,505,0.4479,0,6,personal,762000,24
LP002838,APP903397,Gayathri Hegde,Madurai,2023-10-12,BR004,partner_referral,29,104397,self_employed_professional,311,0.6697,1,10,home,6856000,360
LP002839,APP902529,Bhavana Iyer,Kanpur,2025-04-30,BR025,partner_referral,32,88927,self_employed_business,783,0.3921,0,0,personal,725000,24
LP002840,APP903579,Rohan Iyer,Hyderabad,2025-02-12,BR015,online,32,54393,self_employed_professional,477,0.4195,2,3,vehicle,518000,36
LP002841,APP903909,Ananya Hegde,Tirunelveli,2025-03-21,BR039,branch,40,43727,self_employed_professional,595,0.2437,0,3,vehicle,417000,48
LP002842,APP903926,Divya Bhat,Nashik,2023-10-18,BR023,partner_referral,41,106145,self_employed_professional,594,0.1483,0,2,personal,448000,36
LP002843,APP903417,Divya Naidu,Nashik,2023-11-07,BR034,online,29,47189,self_employed_professional,552,0.4915,0,1,home,2875000,360
LP002844,APP902465,Anjali Nair,Nashik,2023-09-23,BR013,online,31,98289,self_employed_business,383,0.6022,1,7,personal,1500000,36
LP002845,APP903834,Neha Gowda,Bengaluru,2023-01-15,BR004,partner_referral,38,105770,self_employed_professional,673,0.2984,1,0,gold,835000,36
LP002846,APP900129,Praveen Hegde,Nashik,2024-05-07,BR035,branch,28,74891,contract,797,0.2108,0,0,gold,260000,18
LP002847,APP900885,Sneha Sharma, Hyderabad,2025-01-05,BR005,online,42,138473,salaried_government,504,0.476,2,5,vehicle,1146000,36
LP002848,APP900284,Vikram Iyer,Vadodara,2025-06-09,BR002,partner_referral,32,55871,contract,765,0.9488,0,0,vehicle,1149000,24
LP002849,APP901182,Aditya Hegde,Coimbatore,2024-12-10,BR010,online,29,32376, SALARIED_PRIVATE ,553,0.6656,1,1,personal,620000,48
LP002850,APP900190,Harsha Naidu,Jaipur,2023-12-26,BR033,branch,30,44658,contract,636,0.4363,0,1,personal,560000,36
LP002851,APP901643,Nikhil Prasad,Kochi,2023-07-01,BR013,online,37,42126,salaried_private,420,0.4721,2,7,gold,91000,6
LP002852,APP902592,Anjali Subramanian,Rajkot,2025-05-15,BR036,direct_sales_agent,33,89387,Self_Employed_Business,696,0.5093,0,0,home,5333000,300
LP002853,APP902478,Gayathri Subramanian,Surat,2024-04-21,BR001,branch,32,14700,self_employed_business,759,0.5039,1,0,personal,229000,48
LP002854,APP902206,Karthik Kapoor,Jaipur,2024-11-23,BR034,branch,27,79458,self_employed_business,631,0.4706,1,3,gold,310000,12
LP002855,APP903433,Vikram Varma,Hyderabad,2025-05-19,BR032,partner_referral,29,83216,self_employed_professional,604,0.5176,0,2,home,4736000,240
LP002856,APP904089,Karthik Prasad,Visakhapatnam,2024-02-27,BR009,partner_referral,50,20775,self_employed_professional,834,0.294,1,0,gold,57000,12
LP002857,APP902362,Bhavana Subramanian,Jaipur,2023-02-11,BR011,branch,30,39449,self_employed_business,551,0.2654,0,0,vehicle,409000,48
LP002858,APP901260,Siddharth Iyer,Rajkot,2023-10-27,BR040,branch,30,47068,SALARIED_PRIVATE,401,0.3551,1,6,gold,196000,18
LP002859,APP900770,Diya Menon,Delhi,2023-03-31,BR028,branch,29,161089,salaried_government,516,0.4839,0,5,gold,451000,6
LP002860,APP901977,Deepika Verma,Chennai,2024-10-25,BR026,online,49,104095,salaried_private,790,0.5457,1,0,gold,958000,24
LP002861,APP900135,Deepika Prasad,Bhopal,2023-08-26,BR024,branch,28,89336,contract,750,0.4489,1,1,personal,1186000,48
LP002862,APP901257,Divya Banerjee,Lucknow,2024-10-24,BR003,branch,30,38245,salaried_private,497,0.7813,5,1,vehicle,375000,24
LP002863,APP902969,Bhavana Shah,Kolkata,2025-02-22,BR019,direct_sales_agent,41,117752,self_employed_business,610,0.4035,1,1,personal,1500000,48
LP002864,APP903350,Divya Ramesh,Bengaluru,2024-10-23,BR029,branch,27,85873,self_employed_professional,830,0.5359,1,0,vehicle,2462000,84
LP002865,APP900841,Kavya Sinha,Ahmedabad,2024-09-18,BR019,branch,36,35311,salaried_government,591,0.5221,0,3,personal,526000,36
LP002866,APP901473,Neha Menon,Nagpur,2024-03-01,BR038,branch,34,24066,salaried_private,642,0.3655,1,3,personal,265000,48
LP002867,APP903610,Deepika Sinha,Bhopal,2024-01-07,BR003,online,33,176972,self_employed_professional,746,0.8078,4,2,home,10818000,300
LP002868,APP900669,Meera Verma,Visakhapatnam,2025-04-05,BR009,online,49,18140,contract,504,0.3139,0,3,gold,64000,12
LP002869,APP903173,Meera Kulkarni,Coimbatore ,2024-01-21,BR002,online,52,66621,self_employed_business ,505,0.3965,0,3,personal,536000,24
LP002870,APP903748,Saanvi Desai,Rajkot,2024-04-02,BR007,online,35,91235,self_employed_professional,547,0.5394,0,2,home,6089000,360
LP002871,APP903462,Ishaan Reddy,Indore,2024-10-04,BR016,online,30,39339,self_employed_professional,821,0.4943,2,0,personal,451000,36
LP002872,APP900233,Vikram Nair,Bengaluru,2023-08-28,BR031,branch,31,46459,contract,654,0.3089,0,1,gold,435000,36
LP002873,APP904071,Harsha Mukherjee,Lucknow,2025-02-27,BR040,direct_sales_agent,48,57690,self_employed_professional,445,0.6617,1,8,vehicle,1547000,60
LP002874,APP903194,Bhavana Desai,Tirunelveli,2024-02-11,BR030,branch,55,44095,self_employed_business,729,0.2468,1,1,gold,99000,12
LP002875,APP900132,Lakshmi Joshi,Bengaluru,2023-03-19,BR029,branch,28,81464,contract,795,0.468,1,2,personal,1275000,48
LP002876,APP900412,Sneha Desai,Rajkot,2024-04-12,BR024,online,35,78148,contract,480,0.37,0,2,personal,587000,24
LP002877,APP901279,Siddharth Shah,Delhi,2025-02-18,BR009,online,30,85270,salaried_private,712,0.1722,1,0,gold,104000,12
LP002878,APP900519,Kavya Malhotra,Visakhapatnam,2025-01-21,BR004,branch,39,193401,Contract,522,0.5426,3,5,gold,1000000,24
LP002879,APP900712,Divya Joshi,Hyderabad,2023-02-10,BR026,branch,57,76315,contract,693,0.2351,0,1,personal,369000,24
LP002880,APP901681,Rahul Prasad,Ludhiana,2025-03-09,BR032,online,38,26043,salaried_private,565,0.5794,0,2,vehicle,702000,60
LP002881,APP903732,Swathi Chauhan,Pune,2023-01-29,BR039,branch,35,50872,self_employed_professional,406,0.6848,2,9,vehicle,865000,36
LP002882,APP901027,Arjun Joshi,Madurai,2024-01-06,BR014,branch,26,61746,salaried_private,739,0.3058,0,2,gold,311000,18
LP002883,APP901480,Saanvi Verma,Visakhapatnam,2023-07-10,BR024,branch,34,34166,salaried_private,811,0.6211,0,0,vehicle,1008000,60
LP002884,APP903197,Aniket Prasad,Chennai,2024-03-06,BR007,online,55,77542,self_employed_business,888,0.326,1,0,gold,121000,6
LP002885,APP901755,Ritika Verma,Madurai,2024-06-03,BR001,online,39,91911,salaried_private,648,0.4618,0,0,gold,698000,18
LP002886,APP902989,Pooja Iyer,Kolkata,2023-06-04,BR007,online,41,54728,self_employed_business,683,0.3703,2,1,gold,356000,36
LP002887,APP903069,Diya Bhat,Bhopal,2023-08-26,BR027,partner_referral,44,68914,self_employed_business,630,0.5007,0,0,gold,200000,6
LP002888,APP902867,Kavya Reddy,Indore,2024-07-31,BR023,online,38,60020,self_employed_business,509,0.3033,0,5,personal,515000,36
LP002889,APP900250,Diya Kulkarni,Pune,2025-02-10,BR014,branch,31,72165,contract,667,0.5023,2,3,home,2290000,180
LP002890,APP902318,Rohan Sinha,Tirunelveli,2025-01-04,BR029,branch,29,65167,self_employed_business,527,0.1993,0,4,gold,146000,12
LP002891,APP900944,Deepika Varma,Coimbatore,2024-10-08,BR005,online,23,24728,salaried_private,612,0.7693,3,1,home,1500000,180
LP002892,APP902982,Praveen Prasad,Nagpur,2024-07-28,BR018,partner_referral,41,39263,self_employed_business,529,0.5134,1,4,personal,681000,60
LP002893,APP903297,Manoj Naidu,Ludhiana,2025-06-14,BR003,branch,26,29164,self_employed_professional,608,0.4746,0,1,personal,490000,48
LP002894,APP900341,Swathi Joshi,Nagpur,2025-01-23,BR012,partner_referral,34,123715,contract,588,0.6529,0,4,vehicle,2489000,36
LP002895,APP901810,Vinay Patel,Vadodara,2024-01-07,BR003,branch,41,38510,salaried_private,324,0.5912,1,10,vehicle,1140000,84
LP002896,APP902331,Aniket Gowda,Tirunelveli,2025-04-08,BR026,online,29,93876,self_employed_business ,352,0.5876,1,7,personal,1203000,36
LP002897,APP902711,Sandeep Banerjee,Kochi,2024-09-29,BR014,online,35,81103,self_employed_business,611,0.4337,0,0,vehicle,1087000,36
LP002898,APP900990,Divya Iyer,Indore,2024-12-03,BR002,direct_sales_agent,25,61301,salaried_private,592,0.3253,1,3,gold,459000,36
LP002899,APP902382,Deepika Pillai,Bhopal,2023-07-25,BR010,branch,30,59995,self_employed_business,775,0.8065,0,0,gold,281000,6
LP002900,APP901972,Bhavana Joshi, Kochi,2025-06-26,BR008,direct_sales_agent,48,381967,salaried_private,593,0.1791,1,1,gold,1000000,24
LP002901,APP902899,Nikhil Malhotra,Delhi,2025-01-02,BR036,partner_referral,39,49210,self_employed_business,611,0.5553,2,1,home,1812000,240
LP002902,APP903999,Sandeep Shah,Hyderabad,2023-05-24,BR035,branch,43,99278,self_employed_professional,655,0.4242,0,4,personal,1500000,48
LP002903,APP902087,Anjali Kapoor,Kanpur,2024-06-23,BR030,branch,24,96585,self_employed_business,664,0.5461,0,1,home,6372000,360
LP002904,APP901753,Sneha Prasad,Mumbai,2024-12-09,BR038,partner_referral,39,86871,salaried_private,515,0.4399,0,1,home,4499000,300
LP002905,APP900405,Neha Rao,Ahmedabad,2023-06-21,BR018,online,35,55666,contract,623,0.3638,0,1,gold,430000,24
LP002906,APP902027,Yash Pillai, Pune,2024-12-14,BR024,direct_sales_agent,56,120939,salaried_private,644,0.4451,0,1,vehicle,1665000,36
LP002907,APP900107,Saanvi Mukherjee,Nashik,2023-09-15,BR011,branch,28,212446,contract,761,0.514,0,0,gold,634000,6
LP002908,APP903481,Aarav Mukherjee,Surat,2025-04-19,BR020,direct_sales_agent,30,76718,self_employed_professional,651,0.4184,1,1,home,2787000,240
LP002909,APP901348,Manoj Pillai,Kochi,2025-03-31,BR005,branch,32,183840,salaried_private,774,0.1793,0,0,gold,1000000,36
LP002910,APP902230,Arjun Hegde,Pune,2023-12-09,BR010,partner_referral,28,27185,self_employed_business,714,0.3934,1,0,gold,248000,36
LP002911,APP903022,Vinay Rao,Mysuru,2023-11-11,BR005,branch,42,58087,self_employed_business,635,0.2862,0,3,home,1853000,240
LP002912,APP903686,Ishaan Hegde,Lucknow,2023-08-15,BR001,direct_sales_agent,34,73686,self_employed_professional,693,0.3191,1,0,vehicle,1131000,84
LP002913,APP902108,Ishaan Kulkarni,Coimbatore,2025-02-23,BR006,branch,25,46531,self_employed_business,643,0.3147,1,1,gold,99000,12
LP002914,APP902212,Ritika Rao,Vadodara,2025-05-04,BR020,online,27,87798,self_employed_business,653,0.8877,4,1,home,4582000,240
LP002915,APP900329,Arjun Patel,Surat,2023-09-11,BR009,branch,33,51278,contract,677,0.291,0,2,personal,430000,36
LP002916,APP900520,Karthik Verma,Mumbai,2024-10-12,BR028,branch,39,206452,Contract,824,0.3746,0,0,home,8801000,240
LP002917,APP903515,Ritika Naidu,Indore,2023-04-26,BR034,branch,31,48306,self_employed_professional,625,0.3693,0,2,gold,292000,18
LP002918,APP903954,Diya Chatterjee,Kolkata,2024-01-14,BR019,branch,42,118420, self_employed_professional,736,0.5709,1,1,home,7359000,300
LP002919,APP901129,Aditya Chauhan,Visakhapatnam,2024-02-17,BR021,online,28,47849,salaried_private,636,0.4473,1,3,gold,342000,24
LP002920,APP900828,Divya Bhat,Ludhiana,2024-10-20,BR009,online,35,266452,salaried_government,624,0.1729,1,2,personal,1500000,60
LP002921,APP902397,Meera Verma,Mumbai,2025-04-19,BR026,partner_referral,30,72632,self_employed_business,659,0.3673,1,2,home,2244000,240
LP002922,APP903199,Meera Iyer,Mysuru,2023-08-13,BR038,branch,55,91865,SELF_EMPLOYED_BUSINESS,637,0.4495,2,1,gold,343000,12
LP002923,APP900814,Nikhil Subramanian,Coimbatore,2025-02-04,BR006,online,33,46754,salaried_government,408,0.3511,0,8,home,1829000,300
LP002924,APP903862,Yash Chauhan, Chennai,2025-03-12,BR002,branch,38,78887,self_employed_professional,699,0.3096,0,1,gold,520000,24
LP002925,APP902728,Bhavana Krishnan,Vadodara,2023-07-21,BR006,online,36,151278,self_employed_business,409,0.6303,1,4,home,10231000,360
LP002926,APP903390,Vivaan Patel,Madurai,2023-08-19,BR012,branch,28,77813,self_employed_professional,658,0.3119,0,0,home,2659000,240
LP002927,APP903584,Kavya Patel, Nagpur,2025-02-03,BR029,branch,32,61932,self_employed_professional,678,0.6379,2,3,vehicle,815000,36
LP002928,APP902492,Diya Naidu,Kochi,2024-06-05,BR022,partner_referral,32,27849,self_employed_business,475,0.4844,1,6,personal,395000,48
LP002929,APP903891,Vinay Shah,Coimbatore,2024-10-05,BR031,direct_sales_agent,40,102004,self_employed_professional ,673,0.7265,1,2,vehicle,2011000,36
LP002930,APP902965,Krishna Bhat, Kanpur,2024-05-02,BR024,branch,40,90422,self_employed_business,733,0.348,1,0,vehicle,723000,36
LP002931,APP900090,Aditya Ramesh,Kolkata,2023-08-19,BR006,online,27,63055,contract,654,0.3559,0,0,vehicle,1339000,84
LP002932,APP901377,Priya Sharma,Indore,2025-03-01,BR040,branch,32,54966,salaried_private,343,0.4337,0,7,gold,502000,24
LP002933,APP903824,Gayathri Malhotra,Mysuru,2023-04-29,BR012,partner_referral,37,69505,self_employed_professional,815,0.4206,0,0,home,3603000,300
LP002934,APP901769,Diya Chatterjee,Tirunelveli,2023-04-23,BR024,branch,40,21962,salaried_private,788,0.6972,3,0,home,1500000,360
LP002935,APP901319,Vivaan Naidu,Delhi,2023-08-07,BR017,online,31,67961,salaried_private,746,0.3961,0,0,personal,782000,36
LP002936,APP903222,Meera Sinha,Coimbatore,2024-04-05,BR011,branch,60,51796,self_employed_business,524,0.6187,2,4,vehicle,782000,36
LP002937,APP901146,Shreya Banerjee,Pune,2023-10-18,BR024,partner_referral,28,71141,salaried_private,570,0.7259,1,4,vehicle,2082000,60
LP002938,APP901245,Lakshmi Sinha,Bengaluru,2023-07-22,BR035,online,30,191615,salaried_private,645,0.4396,0,0,home,8194000,180
LP002939,APP900255,Aniket Sharma,Pune,2024-09-29,BR006,online,31,99357,contract,650,0.5273,2,1,home,4452000,240
LP002940,APP901552,Deepika Chatterjee,Mumbai,2023-01-27,BR005,branch,35,50576,salaried_private,760,0.4173,1,0,gold,382000,24
LP002941,APP900313,Praveen Kulkarni,Ahmedabad,2024-12-26,BR016,online,33,168400,contract,587,0.2054,0,0,vehicle,1066000,36
LP002942,APP903086,Praveen Bose,Bengaluru,2024-05-01,BR030,partner_referral,45,52431,self_employed_business,585,0.7535,0,1,gold,229000,6
LP002943,APP903180,Aditya Krishnan,Surat,2024-10-31,BR008,branch,53,33981,self_employed_business,703,0.2001,0,0,gold,145000,24
LP002944,APP903728,Pooja Subramanian,Chennai,2024-10-03,BR039,branch,35,43878,self_employed_professional,756,0.7232,0,1,vehicle,986000,36
LP002945,APP903374,Meera Sharma,Kanpur,2023-06-15,BR006,branch,28,44104, SELF_EMPLOYED_PROFESSIONAL ,533,0.4869,1,4,vehicle,1032000,84
LP002946,APP903094,Karthik Rao,Rajkot,2024-05-05,BR012,branch,45,93263,self_employed_business,578,0.438,1,2,personal,1500000,60
LP002947,APP903239,Nandini Subramanian,Hyderabad,2023-06-11,BR005,branch,23,85664,self_employed_professional,377,0.3657,1,10,vehicle,691000,36
LP002948,APP903702,Lakshmi Mukherjee, Kanpur,2023-01-31,BR014,branch,35,131020,self_employed_professional,732,0.3954,0,2,home,5189000,180
LP002949,APP902591,Rahul Patel,Hyderabad,2024-11-02,BR016,online,33,86340,self_employed_business,559,0.4465,0,3,vehicle,1789000,60
LP002950,APP901920,Aadhya Hegde,Jaipur,2024-10-12,BR028,partner_referral,45,67586,salaried_private,707,0.5741,1,0,home,3831000,300
LP002951,APP902768,Aadhya Mukherjee,Madurai,2025-05-15,BR030,online,36,71731,self_employed_business,648,0.3813,0,1,vehicle,848000,36
LP002952,APP900127,Vivaan Banerjee,Chennai,2024-09-07,BR021,online,28,73011,contract,728,0.5141,0,0,home,4642000,300
LP002953,APP903093,Ananya Menon,Bhopal,2024-06-30,BR037,online,45,89044,self_employed_business,592,0.5594,1,3,vehicle,1749000,48
LP002954,APP903109,Sandeep Joshi,Bhopal,2023-07-22,BR001,partner_referral,46,67826,self_employed_business,413,0.3675,0,6,gold,524000,24
LP002955,APP901442,Siddharth Patel,Mysuru,2023-05-11,BR027,online,33,57177, salaried_private,597,0.3156,2,2,gold,104000,18
LP002956,APP902466,Kavya Nair,Coimbatore,2023-02-12,BR024,branch,31,98642,self_employed_business,703,0.3009,1,1,gold,777000,36
LP002957,APP903082,Nikhil Iyer,Ahmedabad,2024-06-11,BR003,branch,45,41798,self_employed_business,707,0.4263,3,0,gold,179000,24
LP002958,APP902634,Sneha Nair,Surat,2024-09-14,BR004,branch,34,51012,self_employed_business,694,0.7655,0,1,personal,803000,24
LP002959,APP901483,Rohan Menon,Jaipur,2023-08-19,BR039,branch,34,36262,salaried_private,718,0.3793,0,0,personal,284000,24
LP002960,APP902107,Vinay Krishnan,Kanpur,2023-06-20,BR002,branch,25,44408,self_employed_business,783,0.6573,1,0,personal,896000,48
LP002961,APP902684,Vinay Verma,Chennai,2023-06-17,BR023,online,35,33118, SELF_EMPLOYED_BUSINESS ,373,0.3318,0,12,gold,179000,18
LP002962,APP901971,Neha Sharma,Kanpur,2024-10-27,BR032,direct_sales_agent,48,30888,salaried_private,445,0.5619,0,5,vehicle,801000,60
LP002963,APP901196,Aniket Gowda,Ahmedabad,2023-02-13,BR034,branch,29,41508,salaried_private,666,0.2375,0,1,personal,203000,24
LP002964,APP903650,Saanvi Iyer,Jaipur,2025-04-19,BR033,branch,34,124517,self_employed_professional,557,0.6212,3,6,home,6111000,240
LP002965,APP903238,Aniket Verma, Ahmedabad,2025-06-23,BR019,branch,23,76795,self_employed_professional,624,0.5741,0,1,vehicle,1729000,48
LP002966,APP901870,Aniket Chatterjee, Ludhiana,2023-01-25,BR015,partner_referral,43,56595,salaried_private,756,0.3946,1,1,gold,500000,36
LP002967,APP901546,Sandeep Kapoor,Coimbatore,2023-12-06,BR032,online,35,45623,salaried_private,475,0.5882,2,6,personal,853000,60
LP002968,APP900985,Vivaan Ramesh,Tirunelveli,2023-05-02,BR029,direct_sales_agent,25,30939,salaried_private,626,0.3266,0,3,gold,166000,18
LP002969,APP901568,Karthik Bose,Mysuru,2024-04-16,BR002,partner_referral,35,82381,salaried_private,494,0.4143,1,1,home,2670000,240
LP002970,APP901798,Yash Kulkarni,Pune,2025-01-03,BR026,online,41,112903,salaried_private,631,0.4404,1,0,personal,1500000,48
LP002971,APP902022,Lakshmi Mukherjee,Visakhapatnam,2024-06-13,BR002,partner_referral,54,97403,salaried_private,651,0.301,0,0,vehicle,1149000,48
LP002972,APP902535,Manoj Mukherjee,Vadodara,2024-07-01,BR028,branch,32,98286,self_employed_business,641,0.376,0,0,home,4411000,300
LP002973,APP903672,Kavya Malhotra,Bengaluru,2024-02-17,BR035,branch,34,47797,SELF_EMPLOYED_PROFESSIONAL,568,0.4508,1,6,home,1979000,300
LP002974,APP900814,Nikhil Subramanian,Coimbatore,2023-02-07,BR006,direct_sales_agent,33,47023,salaried_government,840,0.3147,1,1,gold,362000,36
LP002975,APP902812,Manoj Gowda,Mysuru,2025-01-25,BR002,partner_referral,37,45495,self_employed_business,597,0.2222,0,1,gold,114000,12
LP002976,APP902363,Manoj Kapoor,Kochi,2024-02-06,BR025,online,30,43127,self_employed_business,647,0.4393,0,0,home,2225000,300
LP002977,APP901474,Gayathri Menon,Kochi,2024-09-23,BR034,branch,34,25982,salaried_private,630,0.5485,0,3,home,1555000,240
LP002978,APP900600,Aarav Mukherjee,Tirunelveli,2023-04-26,BR001,online,43,73617,contract,706,0.4156,0,0,home,3673000,300
LP002979,APP900866,Nikhil Menon,Delhi,2024-09-29,BR034,branch,39,156646,salaried_government,691,0.4037,0,0,vehicle,2500000,48
LP002980,APP901312,Anjali Banerjee,Kolkata,2023-07-28,BR021,branch,31,51609,salaried_private,641,0.5105,1,2,vehicle,1326000,84
LP002981,APP901752,Reyansh Verma,Kolkata,2024-04-03,BR036,branch,39,82997,salaried_private,633,0.4591,2,4,gold,790000,36
LP002982,APP900169,Vikram Bhat,Mumbai,2024-08-01,BR009,online,29,83030,contract,552,0.4021,0,2,vehicle,1987000,84
LP002983,APP903855,Vinay Mukherjee,Bhopal,2024-02-15,BR016,online,38,60465,self_employed_professional,604,0.5615,1,0,home,3387000,300
LP002984,APP901504,Nandini Naidu,Ahmedabad,2023-02-18,BR018,online,34,61251,salaried_private,634,0.3277,0,1,personal,412000,24
LP002985,APP901553,Aditya Iyer,Mysuru,2024-06-08,BR013,online,35,51761,salaried_private,542,0.5367,0,0,vehicle,315000,12
LP002986,APP900831,Shreya Naidu,Jaipur,2025-04-16,BR005,direct_sales_agent,35,33208,salaried_government,791,0.3376,1,0,gold,193000,24
LP002987,APP902493,Vinay Mukherjee,Surat,2023-06-18,BR023,online,32,28666,self_employed_business,678,0.4382,2,0,personal,164000,24
LP002988,APP902318,Rohan Sinha,Tirunelveli,2025-02-14,BR029,branch,29,65244,self_employed_business,719,0.5754,1,0,personal,1333000,60
LP002989,APP902554,Divya Prasad,Madurai,2023-07-07,BR001,partner_referral,33,34155,self_employed_business,529,0.6812,3,0,personal,698000,60
LP002990,APP903437,Vinay Kapoor,Mumbai,2024-10-30,BR014,partner_referral,29,96499,self_employed_professional ,755,0.3138,0,1,home,2996000,180
LP002991,APP903963,Divya Verma,Jaipur,2025-04-26,BR030,online,42,342937,self_employed_professional,703,0.4087,1,0,home,15000000,360
LP002992,APP903025,Arjun Sharma, Coimbatore,2023-07-23,BR006,branch,42,87143,self_employed_business,552,0.6556,0,3,vehicle,1229000,24
LP002993,APP903274,Karthik Rao,Kanpur,2024-06-30,BR025,partner_referral,25,35495,self_employed_professional,556,0.4997,0,1,vehicle,695000,48
LP002994,APP901363,Shreya Ramesh,Visakhapatnam ,2023-11-23,BR037,partner_referral,32,35726,salaried_private,564,0.7771,3,3,vehicle,774000,48
LP002995,APP903681,Shreya Bhat,Surat,2023-11-16,BR020,partner_referral,34,63500,self_employed_professional,726,0.5218,0,0,vehicle,1313000,48
LP002996,APP901639,Kavya Subramanian,Vadodara,2023-12-06,BR022,branch,37,307405,salaried_private,710,0.2471,2,0,personal,1500000,48
LP002997,APP903701,Aniket Sharma,Mysuru,2025-03-17,BR038,branch,35,127522,self_employed_professional,622,0.4939,3,1,vehicle,1102000,60
LP002998,APP902177,Swathi Banerjee,Vadodara,2025-04-12,BR030,online,27,27427,self_employed_business,579,0.5409,0,2,personal,523000,48
LP002999,APP903696,Vikram Bhat,Surat,2025-02-13,BR031,direct_sales_agent,34,95753,self_employed_professional,688,0.3444,0,2,vehicle,1027000,36
LP003000,APP901467,Swathi Pillai,Nagpur,2023-07-11,BR034,branch,34,148750,salaried_private,625,0.4711,1,1,vehicle,2500000,60
LP003001,APP901128,Sandeep Bose,Mumbai,2023-04-24,BR011,branch,28,45915,salaried_private,598,0.2016,0,1,gold,104000,12
LP003002,APP901029,Vikram Naidu,Kochi,2025-03-16,BR038,online,26,72831,salaried_private,611,0.5533,1,2,personal,701000,24
LP003003,APP900883,Aarav Banerjee,Pune,2025-04-28,BR004,branch,41,76749,salaried_government,611,0.7161,0,1,vehicle,624000,12
LP003004,APP903756,Harsha Joshi,Nagpur ,2023-04-10,BR002,online,36,179831,self_employed_professional,755,0.4017,0,0,personal,801000,12
LP003005,APP902952,Diya Verma,Vadodara,2025-04-15,BR029,branch,40,53919,SELF_EMPLOYED_BUSINESS,631,0.6478,3,0,personal,795000,60
LP003006,APP900375,Meera Reddy,Lucknow,2023-07-18,BR019,online,35,113008,contract,453,0.5135,1,8,vehicle,2109000,60
LP003007,APP903071,Karthik Ramesh,Hyderabad,2023-07-31,BR040,online,44,91370,self_employed_business,598,0.4748,1,1,vehicle,2344000,84
LP003008,APP901864,Vivaan Chauhan,Delhi,2023-11-28,BR027,online,43,45215,salaried_private,816,0.7151,2,0,personal,970000,48
LP003009,APP901597,Kavya Iyer,Mysuru,2024-04-10,BR013,branch,36,49112,salaried_private,601,0.1952,0,2,gold,108000,12
LP003010,APP902687,Vikram Bhat,Coimbatore,2024-09-24,BR038,online,35,38814,SELF_EMPLOYED_BUSINESS,721,0.4646,0,0,personal,763000,60
LP003011,APP902655,Bhavana Malhotra,Mumbai,2025-02-08,BR020,branch,34,79642, self_employed_business,753,0.5246,0,0,home,5454000,360
LP003012,APP902891,Meera Ramesh,Ludhiana,2024-06-19,BR005,online,39,27096,self_employed_business,816,0.1674,0,1,gold,75000,18
LP003013,APP902652,Saanvi Varma,Kanpur,2024-12-03,BR022,direct_sales_agent,34,76728,self_employed_business,677,0.4047,0,1,gold,180000,6
LP003014,APP901422,Ananya Kapoor,Delhi,2023-06-24,BR024,online,33,33177,SALARIED_PRIVATE,574,0.5198,1,1,personal,532000,60
LP003015,APP901623,Ishaan Shah,Indore,2024-09-24,BR027,branch,37,118218,salaried_private,448,0.1783,0,6,personal,427000,24
LP003016,APP902775,Arjun Mukherjee,Lucknow,2025-03-18,BR023,partner_referral,36,85315,SELF_EMPLOYED_BUSINESS,531,0.5442,1,3,personal,1500000,48
LP003017,APP901760,Siddharth Bose,Coimbatore,2024-02-25,BR012,branch,39,98725,salaried_private,633,0.5021,0,0,home,6307000,360
LP003018,APP903122,Vinay Verma,Nashik,2024-02-27,BR019,branch,47,30611,self_employed_business,521,0.1896,0,2,personal,118000,24
LP003019,APP900430,Pooja Ramesh,Nagpur,2023-07-25,BR021,branch,36,34349,contract,668,0.3151,0,0,gold,328000,36
LP003020,APP904026,Deepika Ramesh,Coimbatore,2024-08-15,BR003,branch,45,41433,self_employed_professional,645,0.2926,1,1,gold,58000,6
LP003021,APP903806,Lakshmi Patel,Chennai,2025-05-09,BR009,branch,37,34157,self_employed_professional,580,0.5948,0,2,home,2431000,360
LP003022,APP900282,Deepika Varma,Ahmedabad,2024-06-30,BR028,partner_referral,32,47738,contract,690,0.7381,1,1,vehicle,1021000,36
LP003023,APP901774,Yash Naidu,Delhi,2023-07-19,BR031,branch,40,28502,salaried_private,534,0.3121,1,4,personal,182000,36
LP003024,APP901093,Swathi Nair,Rajkot ,2025-06-11,BR023,online,28,122550,salaried_private,685,0.4274,0,0,personal,1500000,36
LP003025,APP900310,Ritika Verma,Surat,2023-11-10,BR003,direct_sales_agent,33,132681,contract,460,0.3938,1,4,vehicle,1363000,48
LP003026,APP900002,Pooja Malhotra,Visakhapatnam,2024-01-15,BR014,direct_sales_agent,22,31942, CONTRACT ,698,0.3609,1,0,personal,365000,48
LP003027,APP903247,Diya Kulkarni,Bengaluru,2024-09-25,BR026,online,24,21272,self_employed_professional,853,0.3949,0,0,personal,175000,24
LP003028,APP900277,Ritika Malhotra,Nashik,2023-10-13,BR002,branch,32,32317,contract,683,0.3819,1,1,gold,292000,36
LP003029,APP903056,Kavya Varma,Coimbatore,2025-05-14,BR005,branch,44,113389,self_employed_business,695,0.4098,1,0,vehicle,1098000,36
LP003030,APP900342,Harsha Varma,Bengaluru ,2024-05-17,BR018,online,34,151471,contract,858,0.5884,2,0,home,7983000,300
LP003031,APP900440,Praveen Chatterjee,Jaipur,2025-01-15,BR025,branch,36,78434,contract,531,0.6772,2,3,vehicle,1683000,60
LP003032,APP903406,Vinay Sinha, Ahmedabad,2023-09-20,BR032,branch,29,20452,self_employed_professional,583,0.7634,3,2,vehicle,548000,84
LP003033,APP903436,Nandini Kapoor,Lucknow,2025-04-12,BR001,branch,29,93323,self_employed_professional,754,0.3972,1,0,gold,666000,24
LP003034,APP903609,Sneha Ramesh,Visakhapatnam,2023-07-27,BR005,online,33,172577,self_employed_professional,637,0.359,1,1,personal,1500000,48
LP003035,APP901640,Deepika Verma,Hyderabad,2023-12-16,BR036,branch,37,33084,salaried_private,709,0.4352,0,0,vehicle,444000,36
LP003036,APP900686,Rohan Varma,Mumbai ,2023-05-29,BR024,partner_referral,50,74601,CONTRACT,764,0.4325,0,0,personal,1371000,60
LP003037,APP901929,Vivaan Sinha,Mumbai,2024-01-17,BR020,online,46,120022,Salaried_Private,639,0.3395,1,1,personal,1500000,60
LP003038,APP903620,Sandeep Nair,Visakhapatnam,2024-08-17,BR035,partner_referral,33,35728,self_employed_professional,502,0.5654,3,6,gold,155000,18
LP003039,APP900617,Aditya Chatterjee,Surat,2025-05-11,BR008,branch,44,91354,contract,626,0.4058,1,0,home,2820000,240
LP003040,APP903806,Lakshmi Patel,Chennai,2023-12-12,BR009,direct_sales_agent,37,35415,self_employed_professional,850,0.2404,0,0,vehicle,267000,36
LP003041,APP901948,Anjali Shah,Bengaluru,2024-09-08,BR002,online,46,97642,salaried_private,452,0.5787,0,5,home,6702000,360
LP003042,APP902416,Harsha Chatterjee,Bengaluru,2023-09-04,BR030,online,31,132728,self_employed_business,633,0.7205,2,2,home,7965000,300
LP003043,APP902383,Vikram Menon,Jaipur,2024-10-27,BR005,branch,30,60822,self_employed_business,691,0.3261,0,2,home,2238000,240
LP003044,APP904135,Harsha Patel,Rajkot,2023-11-09,BR002,direct_sales_agent,58,73441,self_employed_professional,599,0.3219,1,3,gold,297000,18
LP003045,APP902320,Gayathri Ramesh,Visakhapatnam,2023-11-08,BR037,branch,29,67733,self_employed_business,406,0.4633,1,3,vehicle,896000,48
LP003046,APP901992,Krishna Chatterjee,Jaipur,2024-06-25,BR032,partner_referral,50,77423,salaried_private,713,0.5277,0,0,vehicle,1266000,36
LP003047,APP902450,Saanvi Naidu,Delhi,2023-06-23,BR002,online,31,66207,self_employed_business,524,0.3763,1,4,gold,360000,24
LP003048,APP901554,Vikram Kulkarni, Coimbatore,2023-08-01,BR011,direct_sales_agent,35,52457,salaried_private,537,0.4286,0,2,home,2402000,240
LP003049,APP902515,Reyansh Malhotra,Mumbai,2024-05-15,BR009,branch,32,66677,Self_Employed_Business,900,0.6728,1,1,personal,1195000,36
LP003050,APP901270,Vivaan Prasad,Kolkata,2023-10-02,BR019,branch,30,63630,salaried_private ,338,0.1905,0,6,personal,244000,24
LP003051,APP903104,Gayathri Malhotra,Surat,2024-11-19,BR016,branch,46,33101,Self_Employed_Business,733,0.7535,1,1,personal,608000,36
LP003052,APP901887,Meera Malhotra,Chennai,2024-12-17,BR038,branch,44,147019,salaried_private,686,0.3527,0,1,personal,1500000,36
LP003053,APP903534,Karthik Naidu,Delhi,2024-02-24,BR015,branch,31,69402,self_employed_professional,648,0.3492,0,1,vehicle,1445000,84
LP003054,APP903033,Praveen Reddy,Nagpur,2024-08-28,BR001,branch,43,20933,self_employed_business,662,0.8008,1,0,personal,322000,24
LP003055,APP903499,Ananya Bhat, Coimbatore,2025-06-20,BR010,branch,31,134124,self_employed_professional,420,0.6399,3,7,personal,1500000,36
LP003056,APP900922,Gayathri Mukherjee,Indore,2024-04-16,BR004,online,52,121916,salaried_government,452,0.3644,2,5,gold,622000,24
LP003057,APP903884,Pooja Joshi,Bengaluru,2023-11-11,BR012,online,39,66448,self_employed_professional,597,0.3982,0,0,vehicle,1580000,84
LP003058,APP901783,Bhavana Desai,Surat,2025-03-01,BR002,branch,40,43389,salaried_private,633,0.3243,0,0,gold,300000,24
LP003059,APP900172,Vivaan Desai,Jaipur,2024-04-16,BR007,branch,29,95035,contract,779,0.3172,0,0,home,3885000,360
LP003060,APP900774,Aadhya Kulkarni,Pune,2025-02-10,BR038,partner_referral,29,38264,salaried_government,670,0.6155,3,0,home,1760000,240
LP003061,APP901323,Deepika Joshi,Visakhapatnam,2023-08-12,BR036,partner_referral,31,74825,salaried_private,425,0.5776,0,5,personal,1500000,48
LP003062,APP903051,Praveen Chauhan,Bhopal,2024-02-09,BR022,branch,43,60574,self_employed_business,620,0.7408,2,0,personal,422000,12
LP003063,APP903746,Sandeep Sharma, Pune,2023-11-18,BR020,partner_referral,35,80296,self_employed_professional,572,0.2872,0,2,personal,472000,24
LP003064,APP900888,Krishna Shah,Ahmedabad,2024-09-06,BR040,online,42,48737,salaried_government,755,0.3382,0,1,personal,479000,36
LP003065,APP901988,Yash Malhotra,Bengaluru,2024-10-11,BR018,online,50,200060,salaried_private,655,0.1787,0,0,personal,1283000,48
LP003066,APP900364,Ishaan Kapoor,Vadodara,2025-02-25,BR010,online,34,63534,contract,638,0.578,1,2,vehicle,1368000,60
LP003067,APP900599,Arjun Hegde,Ludhiana,2023-01-25,BR039,online,43,71873,contract,339,0.5625,0,12,home,3838000,180
LP003068,APP900148,Manoj Sinha,Jaipur,2024-03-17,BR027,branch,29,132772,contract,608,0.4251,2,1,personal,692000,24
LP003069,APP900792,Aniket Pillai,Pune,2024-11-16,BR040,branch,31,33112,salaried_government,702,0.4056,1,1,vehicle,329000,36
LP003070,APP904064,Rahul Nair, Rajkot,2023-02-04,BR026,branch,48,45157,self_employed_professional,716,0.7215,3,3,vehicle,1352000,84
LP003071,APP901618,Deepika Bose,Vadodara,2024-07-03,BR010,branch,36,96928,salaried_private ,853,0.3598,0,0,personal,1500000,60
LP003072,APP900452,Swathi Joshi,Bengaluru,2023-02-14,BR013,branch,37,130080,contract,638,0.388,1,1,gold,430000,12
LP003073,APP903452,Vikram Pillai,Indore,2023-09-08,BR023,branch,30,191021,self_employed_professional,563,0.5237,0,2,home,11853000,300
LP003074,APP902857,Saanvi Verma,Ludhiana,2025-01-23,BR019,direct_sales_agent,38,31571,self_employed_business,686,0.7889,2,0,personal,562000,36
LP003075,APP903858,Neha Iyer,Bengaluru,2024-11-01,BR010,online,38,67298,self_employed_professional,535,0.1437,0,2,gold,109000,12
LP003076,APP901960,Neha Chauhan,Mumbai,2025-06-02,BR010,partner_referral,47,47577,salaried_private,785,0.5023,0,0,personal,1017000,60
LP003077,APP900529,Aditya Sharma,Lucknow,2024-05-11,BR024,direct_sales_agent,39,59515,contract,810,0.146,0,0,personal,319000,48
LP003078,APP900282,Deepika Varma,Ahmedabad,2023-07-21,BR028,direct_sales_agent,32,51120,contract,709,0.4536,2,2,personal,736000,60
LP003079,APP901305,Sandeep Pillai,Jaipur,2024-01-04,BR028,online,31,41995,salaried_private,448,0.7098,3,7,personal,824000,48
LP003080,APP903679,Karthik Bose,Hyderabad,2025-01-29,BR010,online,34,62656,self_employed_professional,774,0.3187,1,0,gold,537000,36
LP003081,APP900679,Ritika Shah,Bengaluru,2023-10-09,BR030,online,50,20237,contract,612,0.5314,1,1,personal,172000,24
LP003082,APP900607,Diya Bose,Ludhiana,2024-09-08,BR024,branch,44,158939,contract,673,0.4582,0,2,personal,1500000,24
LP003083,APP902921,Siddharth Kulkarni,Nagpur,2023-01-18,BR022,online,39,89606,self_employed_business,465,0.3284,1,7,gold,358000,18
LP003084,APP900612,Divya Gowda,Ludhiana,2024-05-26,BR009,partner_referral,44,44756,contract,529,0.3332,1,2,personal,233000,24
LP003085,APP902459,Shreya Sharma,Vadodara,2023-03-19,BR017,branch,31,85806,self_employed_business,534,0.7166,4,5,home,3845000,300
LP003086,APP901534,Diya Verma,Nagpur,2023-11-13,BR033,branch,35,19186,salaried_private,421,0.2496,0,7,personal,134000,36
LP003087,APP901275,Deepika Kapoor,Hyderabad,2024-07-07,BR007,online,30,77299,salaried_private,788,0.5431,0,0,home,5192000,300
LP003088,APP901757,Harsha Verma,Pune,2024-12-11,BR029,branch,39,93885,salaried_private,728,0.692,2,0,home,5528000,300
LP003089,APP900064,Sandeep Bose,Visakhapatnam,2024-11-12,BR029,branch,26,63046,contract,678,0.264,1,0,personal,410000,36
LP003090,APP900161,Aadhya Iyer,Pune,2024-08-06,BR039,partner_referral,29,48171,contract,836,0.4044,0,0,personal,217000,12
LP003091,APP903629,Vivaan Verma,Nashik,2023-08-06,BR014,online,33,48759,self_employed_professional,556,0.6075,1,3,personal,259000,12
LP003092,APP903321,Vivaan Rao,Lucknow,2024-12-09,BR013,direct_sales_agent,27,152820,self_employed_professional,475,0.765,2,2,vehicle,2500000,36
LP003093,APP903580,Rohan Varma,Vadodara ,2024-09-14,BR003,branch,32,58865,self_employed_professional,543,0.4247,2,5,gold,503000,36
LP003094,APP901011,Swathi Sharma,Tirunelveli,2023-07-10,BR036,branch,26,31024,salaried_private,570,0.3872,1,2,vehicle,212000,24
LP003095,APP903698,Krishna Verma,Ahmedabad,2023-07-27,BR037,online,35,106524,self_employed_professional,692,0.3861,1,1,personal,1018000,36
LP003096,APP903309,Ritika Pillai,Mumbai,2023-02-26,BR017,branch,26,56131,self_employed_professional,313,0.5976,2,10,personal,974000,48
LP003097,APP901478,Divya Ramesh,Mumbai,2024-10-11,BR019,partner_referral,34,32639,salaried_private,794,0.893,2,0,gold,146000,6
LP003098,APP901525,Siddharth Menon,Madurai,2023-12-19,BR038,branch,35,129456,salaried_private,601,0.6877,2,2,home,8416000,360
LP003099,APP903252,Meera Sharma,Jaipur,2025-01-28,BR029,online,24,52204,self_employed_professional,718,0.5342,1,0,vehicle,969000,48
LP003100,APP903626,Rohan Varma, Jaipur,2024-05-25,BR026,branch,33,46817,self_employed_professional,706,0.658,0,0,vehicle,1216000,48
LP003101,APP902235,Gayathri Sharma,Chennai,2024-02-02,BR013,branch,28,32229,self_employed_business,445,0.4059,2,8,gold,202000,36
LP003102,APP903720,Neha Chatterjee,Pune,2025-06-11,BR020,branch,35,37009,self_employed_professional,608,0.5576,0,3,personal,733000,48
LP003103,APP901499,Ananya Sharma,Vadodara,2023-01-03,BR020,direct_sales_agent,34,54770,salaried_private,801,0.4733,2,1,home,1711000,240
LP003104,APP901143,Nandini Shah,Ludhiana,2025-01-21,BR003,partner_referral,28,65863,salaried_private,767,0.5905,2,0,personal,1072000,60
LP003105,APP902178,Manoj Kapoor, Chennai,2025-05-06,BR029,online,27,28679,self_employed_business,862,0.5418,2,0,personal,458000,60
LP003106,APP901947,Ritika Kulkarni,Nagpur,2024-07-28,BR002,direct_sales_agent,46,95906,salaried_private ,709,0.95,0,1,personal,1093000,12
LP003107,APP902861,Karthik Verma,Hyderabad,2025-04-02,BR025,direct_sales_agent,38,37291,self_employed_business,639,0.3517,0,0,vehicle,612000,60
LP003108,APP901964,Saanvi Bhat,Ahmedabad,2024-07-12,BR029,branch,48,109200,salaried_private,497,0.5429,1,2,vehicle,2290000,60
LP003109,APP901521,Reyansh Desai,Bengaluru,2024-11-11,BR014,partner_referral,35,102802,salaried_private,529,0.6104,1,7,vehicle,1106000,24
LP003110,APP901540,Siddharth Subramanian,Ahmedabad,2025-02-28,BR023,branch,35,35699, SALARIED_PRIVATE ,554,0.3646,1,2,gold,214000,24
LP003111,APP900821,Siddharth Joshi,Jaipur,2023-03-15,BR028,branch,34,48817,salaried_government,460,0.886,1,7,vehicle,1461000,48
LP003112,APP900540,Arjun Verma,Hyderabad,2023-03-13,BR038,branch,40,112289,contract,592,0.4627,1,1,gold,856000,24
LP003113,APP903538,Swathi Verma,Madurai,2024-05-30,BR039,online,31,76688,self_employed_professional,618,0.395,0,2,gold,342000,12
LP003114,APP901886,Anjali Iyer,Visakhapatnam,2025-02-02,BR004,branch,44,116808, salaried_private,637,0.2858,0,1,personal,1385000,60
LP003115,APP901211,Shreya Rao,Kanpur,2024-06-17,BR017,branch,29,61133,salaried_private,692,0.5596,1,1,home,3242000,300
LP003116,APP902525,Rahul Gowda,Nashik,2024-04-28,BR001,online,32,80837,self_employed_business,683,0.4854,3,0,home,2626000,300
LP003117,APP901817,Nikhil Kapoor,Indore ,2025-05-20,BR030,online,41,65819,salaried_private,467,0.3802,0,4,home,2698000,240
LP003118,APP903690,Siddharth Mukherjee,Coimbatore,2025-03-03,BR036,direct_sales_agent,34,78419,SELF_EMPLOYED_PROFESSIONAL,548,0.3639,0,3,vehicle,617000,24
LP003119,APP902462,Gayathri Chatterjee,Hyderabad,2023-01-17,BR015,online,31,89100,Self_Employed_Business,840,0.4682,0,1,personal,871000,24
LP003120,APP902922,Nikhil Krishnan,Lucknow,2025-04-05,BR037,online,39,94418,self_employed_business,431,0.5748,0,4,vehicle,2492000,60
LP003121,APP900752,Aadhya Iyer,Rajkot,2024-11-24,BR016,online,27,178942,salaried_government,575,0.3474,0,3,home,6851000,240
LP003122,APP902424,Reyansh Mukherjee,Chennai,2023-10-28,BR030,branch,31,32587,self_employed_business,795,0.3308,1,0,gold,106000,12
LP003123,APP903937,Priya Rao,Bhopal,2025-03-09,BR010,partner_referral,41,36865,self_employed_professional,647,0.6318,2,1,gold,272000,18
LP003124,APP900780,Meera Krishnan,Mumbai,2023-03-26,BR009,online,30,179084,salaried_government,664,0.3505,1,2,personal,1376000,36
LP003125,APP903476,Kavya Sharma, Delhi,2025-05-16,BR040,online,30,66928,self_employed_professional,460,0.7436,2,6,home,4353000,360
LP003126,APP902871,Bhavana Naidu,Mysuru,2023-02-10,BR019,branch,38,74028,self_employed_business,300,0.5991,3,6,gold,476000,18
LP003127,APP901126,Saanvi Joshi,Nashik,2025-04-22,BR002,branch,28,41279,salaried_private,817,0.6178,2,0,home,2264000,300
LP003128,APP900228,Manoj Rao,Kochi,2024-11-29,BR020,branch,31,41040,contract,787,0.5429,0,0,personal,652000,36
LP003129,APP900194,Arjun Pillai,Kochi,2025-05-17,BR035,direct_sales_agent,30,50184,contract,717,0.7144,2,0,gold,429000,18
LP003130,APP902632,Rohan Kapoor,Mysuru,2023-11-27,BR032,online,34,46623,self_employed_business,446,0.3598,1,7,gold,419000,36
LP003131,APP901055,Divya Malhotra,Delhi,2023-04-08,BR028,branch,27,26887,salaried_private,665,0.4389,0,0,personal,422000,48
LP003132,APP901619,Priya Rao,Bengaluru,2023-01-03,BR029,branch,36,99588,salaried_private,667,0.2978,1,0,gold,497000,24
LP003133,APP901789,Harsha Joshi,Kolkata,2023-12-17,BR026,branch,40,62446,salaried_private,730,0.4025,1,1,gold,463000,24
LP003134,APP902527,Yash Prasad,Madurai,2024-06-17,BR005,branch,32,84851,self_employed_business,410,0.126,0,7,gold,120000,12
LP003135,APP904059,Aarav Joshi,Lucknow,2024-03-05,BR032,online,47,51068,self_employed_professional,618,0.4121,0,0,home,2301000,240
LP003136,APP902614,Krishna Reddy,Ahmedabad,2025-04-12,BR028,direct_sales_agent,34,245627,self_employed_business,672,0.4979,0,1,home,15000000,300
LP003137,APP904024,Sandeep Naidu,Coimbatore,2025-01-09,BR006,partner_referral,45,32397,self_employed_professional,594,0.6554,3,1,personal,390000,36
LP003138,APP900242,Kavya Malhotra,Kanpur,2024-07-01,BR026,partner_referral,31,59622,contract,635,0.2915,0,0,home,1903000,240
LP003139,APP903749,Vivaan Malhotra,Tirunelveli,2024-05-31,BR003,online,36,108845,self_employed_professional,463,0.4416,1,3,vehicle,2500000,84
LP003140,APP903152,Manoj Shah, Tirunelveli,2024-03-11,BR022,branch,50,40021,self_employed_business,728,0.4127,1,2,personal,629000,60
LP003141,APP903196,Arjun Banerjee,Indore,2024-02-02,BR040,branch,55,75719,self_employed_business,827,0.4032,0,0,personal,637000,24
LP003142,APP901548,Vikram Patel,Lucknow,2024-02-23,BR019,online,35,47232,salaried_private,678,0.2057,0,2,gold,160000,18
LP003143,APP904002,Lakshmi Menon,Jaipur,2024-11-19,BR012,branch,44,124317,self_employed_professional,624,0.4092,0,5,personal,1043000,24
LP003144,APP903811,Swathi Bose,Vadodara,2023-01-07,BR025,branch,37,46596,self_employed_professional,547,0.4704,0,4,personal,241000,12
LP003145,APP903291,Anjali Iyer,Ludhiana,2025-01-14,BR004,branch,26,147715,self_employed_professional,516,0.3738,1,2,personal,1500000,48
LP003146,APP903318,Divya Subramanian,Pune,2023-11-11,BR008,branch,27,100868,self_employed_professional,585,0.4691,1,2,home,4451000,300
LP003147,APP904147,Aadhya Krishnan,Mysuru,2024-09-02,BR015,partner_referral,60,32965,self_employed_professional,742,0.2078,0,0,vehicle,270000,48
LP003148,APP901528,Karthik Subramanian,Kolkata,2024-05-16,BR018,direct_sales_agent,35,145079,salaried_private,300,0.7618,2,9,home,8754000,240
LP003149,APP902312,Praveen Sinha,Surat,2025-06-17,BR024,branch,29,55947, self_employed_business,671,0.7303,2,0,vehicle,701000,24
LP003150,APP903677,Ritika Prasad,Rajkot,2023-06-04,BR031,online,34,55533,self_employed_professional,516,0.4751,0,4,vehicle,1229000,60
LP003151,APP900431,Lakshmi Sharma,Pune,2024-03-05,BR029,direct_sales_agent,36,36452,contract,680,0.6373,1,0,home,2275000,360
LP003152,APP903484,Aarav Patel,Ludhiana,2023-12-21,BR020,online,30,84935,self_employed_professional,575,0.2933,0,4,home,2956000,300
LP003153,APP903347,Kavya Mukherjee,Bengaluru,2023-03-12,BR005,branch,27,73768,self_employed_professional,431,0.3835,2,5,gold,213000,18
LP003154,APP903294,Rohan Kulkarni,Surat,2024-08-21,BR008,online,26,24249,SELF_EMPLOYED_PROFESSIONAL,665,0.6221,0,1,vehicle,707000,60
LP003155,APP903998,Sandeep Sinha,Visakhapatnam,2023-05-30,BR037,direct_sales_agent,43,97463,self_employed_professional,626,0.4851,3,1,gold,657000,24
LP003156,APP901560,Vivaan Varma,Delhi,2024-05-04,BR024,online,35,59817,salaried_private,707,0.5343,1,0,home,3592000,360
LP003157,APP901081,Aniket Bhat,Nagpur,2024-01-31,BR023,branch,27,76810,salaried_private,630,0.5217,1,1,gold,355000,12
LP003158,APP903325,Manoj Menon,Ahmedabad,2025-06-07,BR037,online,27,194018,self_employed_professional,716,0.5283,1,0,home,9836000,300
LP003159,APP903946,Anjali Menon,Chennai,2025-01-04,BR003,online,41,70720,self_employed_professional,655,0.5854,0,0,personal,1475000,48
LP003160,APP900084,Reyansh Ramesh,Jaipur,2023-07-17,BR001,online,27,43968,contract,764,0.2478,0,0,vehicle,663000,84
LP003161,APP903685,Priya Shah,Madurai,2025-06-03,BR016,branch,34,72884,self_employed_professional,689,0.6258,1,0,vehicle,1977000,60
LP003162,APP901829,Karthik Rao,Nagpur,2025-02-20,BR008,branch,42,149106,salaried_private,724,0.393,1,0,personal,1500000,36
LP003163,APP903092,Neha Malhotra,Ludhiana,2023-01-15,BR006,branch,45,88523,self_employed_business,759,0.5074,1,0,vehicle,2229000,84
LP003164,APP903100,Vivaan Sinha,Bengaluru,2023-01-23,BR030,partner_referral,46,185674,self_employed_business,579,0.3059,1,2,personal,1500000,48
LP003165,APP901125,Sneha Chatterjee,Tirunelveli,2024-09-11,BR027,partner_referral,28,40409,salaried_private,713,0.5088,0,0,personal,228000,12
LP003166,APP903933,Diya Patel,Chennai,2024-02-25,BR008,online,41,172326,self_employed_professional,444,0.5161,0,7,home,10335000,300
LP003167,APP900378,Nikhil Varma,Ahmedabad,2023-05-29,BR035,branch,35,124295,contract,639,0.3992,1,1,personal,1500000,60
LP003168,APP901407,Aarav Joshi,Mumbai,2023-12-03,BR011,branch,33,124226,salaried_private,498,0.3046,0,2,personal,770000,24
LP003169,APP900643,Yash Patel,Pune ,2024-01-26,BR020,branch,46,79369,contract,719,0.4981,1,1,personal,374000,12
LP003170,APP901689,Rohan Menon,Rajkot,2024-07-17,BR007,branch,38,47634,salaried_private,717,0.3236,0,2,home,1753000,240
LP003171,APP901807,Rahul Verma,Tirunelveli,2025-04-02,BR034,branch,41,28653,salaried_private,802,0.5955,1,0,personal,612000,60
LP003172,APP900608,Aarav Shah,Ludhiana,2024-07-25,BR018,online,44,169528,contract,698,0.4025,0,0,home,7492000,240
LP003173,APP900103,Praveen Kulkarni,Chennai,2023-09-20,BR021,direct_sales_agent,28,156377,contract,418,0.587,0,8,home,10767000,360
LP003174,APP903822,Neha Krishnan,Jaipur,2024-12-09,BR031,branch,37,64897,self_employed_professional,333,0.7693,2,12,home,4290000,360
LP003175,APP900460,Pooja Chatterjee,Ludhiana,2023-10-02,BR021,partner_referral,37,28178,contract,497,0.5665,2,4,vehicle,304000,36
LP003176,APP902800,Ritika Naidu,Vadodara,2023-01-05,BR030,online,37,31193,self_employed_business,652,0.4746,0,0,personal,529000,48
LP003177,APP903362,Swathi Sinha,Surat,2024-04-02,BR020,branch,28,25582,self_employed_professional,733,0.2059,0,0,personal,189000,48
LP003178,APP902835,Vinay Sinha,Hyderabad,2024-02-02,BR023,online,37,99203,self_employed_business,564,0.6154,2,4,personal,1500000,36
LP003179,APP900085,Aarav Rao,Nashik,2023-08-15,BR025,branch,27,45571,contract,694,0.5877,0,2,vehicle,1063000,48
LP003180,APP902118,Manoj Prasad,Delhi,2025-03-15,BR026,online,25,71410,self_employed_business,780,0.4684,0,0,personal,1215000,48
LP003181,APP901314,Vivaan Ramesh,Mumbai,2023-05-15,BR040,online,31,56666,salaried_private,665,0.3471,0,0,personal,404000,24
LP003182,APP901039,Priya Reddy,Bhopal,2025-05-06,BR025,online,27,136855,salaried_private,620,0.3483,1,3,personal,1500000,48
LP003183,APP904091,Ananya Hegde,Delhi,2024-11-11,BR035,branch,50,34374,self_employed_professional,541,0.7103,1,3,vehicle,976000,60
LP003184,APP904000,Vinay Rao,Nagpur,2025-03-25,BR023,partner_referral,44,113142,self_employed_professional,593,0.3726,0,3,home,4652000,240
LP003185,APP900205,Gayathri Menon,Chennai,2024-01-13,BR012,branch,30,82714,contract,483,0.5738,1,4,personal,1500000,60
LP003186,APP902269,Meera Prasad,Pune,2023-01-29,BR003,direct_sales_agent,29,107208,self_employed_business,451,0.4142,0,5,home,4744000,240
LP003187,APP903285,Priya Kulkarni,Kochi,2023-08-25,BR017,branch,25,71217,self_employed_professional,576,0.5765,0,0,gold,462000,12
LP003188,APP902464,Anjali Sinha,Kochi,2025-05-26,BR020,branch,31,94144,self_employed_business,610,0.6287,2,1,personal,1500000,60
LP003189,APP901032,Diya Verma,Nagpur,2023-01-04,BR040,online,26,82232,salaried_private,627,0.5771,2,1,home,3690000,300
LP003190,APP903189,Vikram Ramesh,Vadodara,2025-05-02,BR038,branch,54,56975,self_employed_business,752,0.5615,1,0,personal,1035000,48
LP003191,APP900932,Shreya Malhotra,Ahmedabad,2024-11-06,BR017,branch,60,62403,salaried_government,598,0.6492,0,1,vehicle,1250000,36
LP003192,APP900078,Harsha Kapoor,Bengaluru,2024-09-06,BR016,branch,27,252509,contract,694,0.4185,1,2,home,10733000,240
LP003193,APP903348,Karthik Krishnan,Ludhiana ,2024-11-04,BR005,direct_sales_agent,27,75923, self_employed_professional,520,0.4828,0,4,personal,1500000,60
LP003194,APP902421,Meera Nair,Pune,2023-06-05,BR037,branch,31,23091,self_employed_business,423,0.3892,1,6,gold,202000,36
LP003195,APP900829,Karthik Shah,Rajkot,2025-04-14,BR006,partner_referral,35,28565,salaried_government,775,0.2344,0,1,gold,143000,24
LP003196,APP902921,Siddharth Kulkarni,Nagpur,2023-01-03,BR022,online,39,85259,self_employed_business,300,0.4048,1,9,gold,396000,18
LP003197,APP904049,Yash Krishnan,Ludhiana,2024-04-18,BR017,partner_referral,47,114383,self_employed_professional,465,0.466,0,4,personal,1500000,36
LP003198,APP901012,Bhavana Shah,Visakhapatnam,2023-12-01,BR004,branch,26,32571,salaried_private,567,0.5278,1,2,home,1500000,180
LP003199,APP900731,Nikhil Kapoor,Nashik,2023-09-28,BR002,branch,24,116271,salaried_government,659,0.1495,0,2,gold,286000,18
LP003200,APP902855,Aadhya Nair,Madurai,2023-02-09,BR029,branch,38,268732,self_employed_business,544,0.2557,1,2,gold,568000,18
LP003201,APP902920,Pooja Patel,Hyderabad,2023-09-14,BR018,online,39,84757,self_employed_business,414,0.4925,0,9,home,4453000,240
LP003202,APP900034,Anjali Patel,Rajkot,2023-02-10,BR001,partner_referral,25,36977,contract,618,0.6929,1,4,personal,750000,48
LP003203,APP902438,Krishna Menon,Coimbatore,2025-01-02,BR009,branch,31,47739,self_employed_business,595,0.41,3,2,gold,207000,24
LP003204,APP902325,Ritika Shah,Jaipur,2023-05-15,BR021,branch,29,77528,self_employed_business,743,0.3179,0,1,home,2436000,180
LP003205,APP900073,Harsha Gowda,Madurai,2023-07-09,BR002,direct_sales_agent,27,112155,contract,569,0.3776,0,2,personal,1500000,48
LP003206,APP901520,Deepika Gowda,Ahmedabad,2024-02-29,BR039,online,34,96263,salaried_private,492,0.3835,0,6,personal,1500000,60
LP003207,APP902550,Rohan Reddy,Bengaluru,2023-03-23,BR010,online,33,255167,self_employed_business,766,0.2803,1,0,vehicle,2500000,84
LP003208,APP902449,Ishaan Kulkarni, Bhopal,2023-10-04,BR015,branch,31,65644,self_employed_business,670,0.95,0,0,personal,694000,12
LP003209,APP900121,Shreya Prasad,Hyderabad,2025-04-15,BR014,partner_referral,28,55222,CONTRACT,337,0.3785,0,9,gold,440000,24
LP003210,APP903689,Reyansh Varma,Vadodara,2024-05-09,BR001,online,34,76170,self_employed_professional,613,0.4053,1,2,gold,463000,18
LP003211,APP903360,Rohan Patel,Delhi,2023-12-28,BR021,direct_sales_agent,28,20716,self_employed_professional,510,0.4742,0,3,personal,344000,48
LP003212,APP902717,Ananya Varma,Kanpur,2024-07-15,BR003,branch,35,89812, SELF_EMPLOYED_BUSINESS ,703,0.1796,0,2,personal,333000,24
LP003213,APP900542,Vikram Varma,Kochi,2023-11-17,BR008,partner_referral,40,146789,contract ,358,0.2296,0,10,gold,1000000,36
LP003214,APP900638,Gayathri Naidu,Pune,2024-03-06,BR028,branch,46,62929,contract,755,0.4524,0,0,gold,322000,12
LP003215,APP900224,Harsha Ramesh,Ludhiana,2023-03-17,BR010,branch,31,33907,contract,502,0.4594,2,5,personal,180000,24
LP003216,APP903560,Shreya Hegde,Ahmedabad,2023-09-28,BR026,partner_referral,32,30487,self_employed_professional ,871,0.5949,2,0,personal,532000,60
LP003217,APP901858,Rohan Bhat,Kolkata,2024-03-10,BR030,partner_referral,43,29851,salaried_private,617,0.3621,0,3,gold,230000,24
LP003218,APP900765,Neha Ramesh,Rajkot,2025-04-09,BR003,online,28,49329,salaried_government,867,0.4317,3,0,gold,253000,24
LP003219,APP903893,Vivaan Bhat,Nagpur,2024-10-03,BR010,branch,40,127648,self_employed_professional,587,0.4112,0,2,personal,1500000,36
LP003220,APP903241,Lakshmi Subramanian,Bhopal,2023-06-28,BR015,branch,24,100777,self_employed_professional,568,0.2985,0,3,home,3273000,240
LP003221,APP902447,Neha Menon,Madurai,2024-10-07,BR007,partner_referral,31,64290, self_employed_business,338,0.5758,3,6,personal,250000,12
LP003222,APP902773,Praveen Reddy,Chennai,2024-11-20,BR024,partner_referral,36,82182,self_employed_business,573,0.3592,0,1,vehicle,1150000,48
LP003223,APP902673,Nikhil Joshi,Coimbatore,2023-05-12,BR013,partner_referral,35,125746,self_employed_business,656,0.4105,0,2,personal,1065000,24
LP003224,APP903290,Nikhil Rao,Madurai,2024-12-17,BR018,online,26,142411,self_employed_professional,760,0.2309,0,0,gold,1000000,36
LP003225,APP900387,Ishaan Patel,Kolkata ,2023-01-19,BR005,branch,35,204462,contract,527,0.5305,1,3,home,10562000,300
LP003226,APP901692,Praveen Hegde,Visakhapatnam,2024-04-14,BR018,branch,38,57539,salaried_private,559,0.3048,1,2,gold,453000,36
LP003227,APP901121,Ritika Banerjee,Mysuru,2024-07-26,BR017,branch,28,35309,salaried_private,690,0.7135,1,0,vehicle,654000,36
LP003228,APP900316,Karthik Pillai,Madurai,2025-05-21,BR024,branch,33,25977,contract,547,0.4986,2,3,gold,171000,24
LP003229,APP901817,Nikhil Kapoor,Indore,2024-03-20,BR030,partner_referral,41,65761,salaried_private,625,0.4072,0,2,home,2934000,240
LP003230,APP901044,Harsha Nair,Coimbatore ,2024-05-24,BR009,branch,27,176156,salaried_private,711,0.4859,1,2,home,8823000,300
LP003231,APP902448,Saanvi Ramesh,Visakhapatnam,2024-11-06,BR021,branch,31,65522,self_employed_business,648,0.2829,0,1,gold,394000,24
LP003232,APP903055,Vikram Pillai,Kolkata,2024-03-28,BR009,branch,43,85616,self_employed_business,461,0.5773,0,3,personal,999000,24
LP003233,APP903948,Gayathri Banerjee,Surat,2024-08-06,BR026,online,41,82002,self_employed_professional,655,0.6049,1,0,home,5528000,300
LP003234,APP900998,Vikram Malhotra,Ludhiana,2023-08-11,BR004,branch,25,80162,salaried_private,684,0.6735,1,1,vehicle,997000,24
LP003235,APP900157,Ananya Kulkarni,Mumbai,2024-02-23,BR012,direct_sales_agent,29,32520,contract,566,0.5017,0,4,personal,577000,48
LP003236,APP903973,Ishaan Reddy,Mumbai,2025-04-17,BR036,branch,43,105625,self_employed_professional,542,0.4221,0,3,gold,731000,18
LP003237,APP902873,Harsha Subramanian,Jaipur,2024-05-22,BR033,partner_referral,38,80943,self_employed_business,652,0.4226,1,2,vehicle,1178000,60
LP003238,APP903568,Saanvi Kapoor,Nagpur,2024-09-13,BR005,branch,32,35647,self_employed_professional,405,0.3958,0,9,home,1500000,240
LP003239,APP901298,Ishaan Malhotra,Coimbatore,2023-07-21,BR005,branch,31,28310,salaried_private,554,0.4418,0,4,personal,514000,60
LP003240,APP900844,Vivaan Patel,Kanpur,2023-05-20,BR001,direct_sales_agent,36,62771,salaried_government,799,0.3943,0,0,vehicle,1175000,60
LP003241,APP902791,Krishna Joshi,Bhopal,2025-02-23,BR022,branch,37,163283,self_employed_business,642,0.4873,1,0,home,5892000,180
LP003242,APP903457,Divya Shah,Tirunelveli,2025-04-23,BR029,branch,30,33726,self_employed_professional,582,0.7832,1,1,personal,651000,36
LP003243,APP902790,Manoj Pillai,Coimbatore,2023-06-07,BR014,online,37,161316, SELF_EMPLOYED_BUSINESS ,327,0.3354,0,10,personal,1500000,36
LP003244,APP900516,Praveen Subramanian,Surat,2025-06-09,BR014,online,39,106433,contract,512,0.4601,2,4,vehicle,1166000,48
LP003245,APP900171,Nandini Desai,Jaipur,2023-12-03,BR026,online,29,92971,contract,522,0.3478,0,5,vehicle,694000,24
LP003246,APP902679,Meera Bhat,Madurai,2023-08-14,BR018,branch,35,22355, self_employed_business,776,0.4362,0,0,personal,415000,60
LP003247,APP903934,Nikhil Gowda,Nagpur,2023-03-18,BR036,online,41,245871,self_employed_professional,608,0.3998,0,3,vehicle,2124000,24
LP003248,APP902044,Sandeep Shah,Mysuru,2024-04-09,BR003,partner_referral,60,179789,salaried_private,728,0.3741,2,0,personal,1500000,60
LP003249,APP904052,Saanvi Hegde,Ahmedabad,2024-01-09,BR005,branch,47,26070,self_employed_professional,857,0.4104,0,0,gold,177000,18
LP003250,APP901609,Vivaan Varma,Kanpur,2023-02-01,BR016,branch,36,65075,salaried_private,545,0.2551,1,2,gold,226000,18
LP003251,APP901130,Swathi Gowda,Jaipur,2023-04-11,BR029,partner_referral,28,49247,salaried_private,552,0.722,1,3,vehicle,1288000,48
LP003252,APP900063,Sandeep Naidu,Delhi,2024-04-05,BR026,branch,26,54655,contract,681,0.5134,3,1,personal,604000,48
LP003253,APP900068,Vinay Sinha,Hyderabad,2023-10-23,BR008,branch,26,77706,contract,553,0.479,1,2,home,3305000,240
LP003254,APP901724,Ananya Desai,Nagpur,2024-12-21,BR006,branch,39,39003,salaried_private,396,0.6275,2,6,personal,608000,48
LP003255,APP900501,Karthik Prasad, Nashik,2023-05-26,BR028,online,38,25762,contract,611,0.738,1,0,vehicle,696000,48
LP003256,APP901397,Priya Bose,Coimbatore,2023-08-19,BR029,online,32,92575,salaried_private ,355,0.1653,0,9,vehicle,587000,48
LP003257,APP903919,Ritika Verma,Kochi,2023-06-12,BR038,branch,40,84172,self_employed_professional,665,0.372,0,1,home,3515000,240
LP003258,APP901578,Meera Bose,Kolkata,2023-04-22,BR029,branch,36,130166,salaried_private,711,0.6704,0,1,gold,507000,6
LP003259,APP904036,Ritika Rao,Lucknow,2024-09-28,BR010,online,46,107337,self_employed_professional,607,0.6465,1,2,home,7359000,300
LP003260,APP902354,Bhavana Bhat,Rajkot,2025-04-06,BR039,direct_sales_agent,30,31150,self_employed_business,814,0.715,0,0,vehicle,696000,36
LP003261,APP902333,Nandini Bose,Surat,2023-06-25,BR026,branch,29,95571,self_employed_business,703,0.6056,3,0,gold,901000,24
LP003262,APP903061,Aniket Kapoor,Pune,2025-01-27,BR011,online,44,29393,self_employed_business,447,0.6641,1,4,home,2074000,360
LP003263,APP902917,Rohan Menon,Kanpur ,2024-04-24,BR006,online,39,81730,self_employed_business ,716,0.2092,0,2,gold,193000,12
LP003264,APP902765,Ritika Verma,Nagpur,2024-05-12,BR014,online,36,64793,self_employed_business,557,0.4527,0,3,home,2793000,180
LP003265,APP901575,Aarav Gowda,Ahmedabad,2025-03-24,BR008,branch,36,123203,Salaried_Private,680,0.6048,1,1,home,8379000,360
LP003266,APP901361,Ritika Krishnan,Kolkata,2025-01-28,BR002,direct_sales_agent,32,35061,Salaried_Private,810,0.4226,0,0,home,1500000,180
LP003267,APP901399,Swathi Mukherjee,Pune,2024-06-27,BR036,branch,33,100816,salaried_private,852,0.4927,1,0,home,5376000,300
LP003268,APP903616,Aarav Rao,Indore,2023-05-11,BR004,online,33,28730,self_employed_professional,676,0.7063,2,0,home,1768000,300
LP003269,APP902515,Reyansh Malhotra, Mumbai,2023-04-16,BR009,partner_referral,32,65758,self_employed_business ,586,0.3039,0,1,personal,569000,36
LP003270,APP902621,Anjali Reddy,Kolkata,2024-03-21,BR027,partner_referral,34,31847,self_employed_business,548,0.4849,2,4,gold,231000,36
LP003271,APP901075,Anjali Reddy,Jaipur,2023-08-30,BR030,partner_referral,27,67579,salaried_private,849,0.5477,0,1,home,4701000,360
LP003272,APP903285,Priya Kulkarni,Kochi,2024-04-09,BR017,branch,25,78639,self_employed_professional,556,0.5768,2,3,personal,782000,36
LP003273,APP902840,Deepika Prasad,Kochi,2023-03-17,BR005,branch,38,117036,self_employed_business,628,0.6033,1,3,vehicle,2301000,48
LP003274,APP903030,Vivaan Verma,Pune,2024-11-03,BR023,branch,43,159258,self_employed_business,641,0.4031,1,2,vehicle,1921000,48
LP003275,APP900628,Aarav Banerjee,Delhi,2025-02-08,BR023,branch,45,66474,contract,697,0.4555,0,0,personal,1276000,60
LP003276,APP900024,Ananya Gowda,Mumbai,2023-05-05,BR032,branch,24,92634,contract,558,0.3451,0,1,home,3112000,180
LP003277,APP900179,Sandeep Chauhan,Coimbatore,2025-05-20,BR013,direct_sales_agent,30,13184,contract,423,0.5617,2,9,personal,109000,24
LP003278,APP900964,Karthik Desai,Vadodara,2023-06-14,BR027,partner_referral,24,38060,salaried_private,679,0.6233,1,0,personal,544000,36
LP003279,APP902480,Vinay Subramanian,Bhopal,2024-10-02,BR015,branch,32,160372,self_employed_business,489,0.5578,1,5,home,8317000,240
LP003280,APP900178,Rohan Verma,Indore,2024-07-20,BR036,direct_sales_agent,30,121206,contract,757,0.3988,1,0,home,4528000,240
LP003281,APP900094,Rohan Bose,Jaipur,2025-03-31,BR024,branch,27,97319,contract,760,0.2651,0,0,gold,783000,36
LP003282,APP900695,Priya Bose,Madurai,2024-07-07,BR038,branch,52,54451,CONTRACT,591,0.4291,0,2,home,2744000,300
LP003283,APP902809,Ishaan Nair,Vadodara,2024-12-05,BR038,branch,37,43565,self_employed_business,475,0.4294,1,5,home,1819000,240
LP003284,APP901493,Gayathri Reddy,Nashik,2025-04-23,BR007,online,34,45914,salaried_private,501,0.4415,2,3,gold,206000,18
LP003285,APP903027,Priya Naidu,Pune,2024-07-11,BR005,online,42,91674,Self_Employed_Business,347,0.5971,1,7,gold,268000,6
LP003286,APP902011,Aarav Malhotra,Nagpur,2023-06-06,BR011,branch,53,43950,salaried_private,646,0.6611,1,1,gold,395000,18
LP003287,APP900008,Ananya Chauhan,Coimbatore,2024-08-26,BR016,branch,23,60279,contract,464,0.7593,0,2,gold,265000,6
LP003288,APP901838,Rohan Reddy,Indore,2025-04-24,BR032,branch,42,40820,salaried_private,720,0.4306,1,0,vehicle,732000,60
LP003289,APP900497,Lakshmi Sinha,Ahmedabad,2025-05-18,BR025,direct_sales_agent,38,187649,contract,841,0.3316,0,0,home,7879000,300
LP003290,APP903241,Lakshmi Subramanian,Bhopal,2023-08-03,BR015,branch,23,94795,self_employed_professional,506,0.4401,0,0,personal,458000,12
LP003291,APP900789,Krishna Ramesh,Ludhiana,2025-06-21,BR036,branch,31,154331,salaried_government,685,0.4712,0,1,personal,1500000,24
LP003292,APP900698,Karthik Sinha,Delhi,2024-04-03,BR003,branch,52,80517,contract,499,0.58,0,2,home,5752000,360
LP003293,APP901668,Diya Kulkarni,Lucknow,2023-12-13,BR040,branch,38,118193,salaried_private,628,0.95,2,1,vehicle,1165000,12
LP003294,APP903327,Praveen Iyer,Lucknow,2025-04-21,BR015,branch,27,225630,self_employed_professional,698,0.6238,2,2,home,14009000,300
LP003295,APP901289,Diya Varma,Vadodara,2024-06-25,BR003,direct_sales_agent,31,133218,salaried_private,791,0.4971,1,1,home,6460000,300
LP003296,APP901736,Harsha Bhat,Visakhapatnam,2023-04-29,BR039,online,39,50943, SALARIED_PRIVATE ,477,0.57,1,7,vehicle,1012000,48
LP003297,APP903624,Manoj Iyer,Visakhapatnam,2023-08-25,BR005,direct_sales_agent,33,41360,self_employed_professional,579,0.35,0,2,home,1595000,240
LP003298,APP903961,Swathi Bhat,Rajkot,2023-09-04,BR004,online,42,25041,self_employed_professional,604,0.7355,0,2,vehicle,565000,36
LP003299,APP901905,Kavya Chauhan,Bengaluru,2025-05-05,BR007,branch,45,138194,salaried_private,714,0.3766,1,1,home,4293000,240
LP003300,APP903771,Meera Sharma,Nashik ,2023-02-06,BR027,online,36,50013, self_employed_professional,737,0.3446,0,1,gold,367000,24
LP003301,APP904055,Aadhya Joshi,Kochi,2025-03-03,BR033,branch,47,35501,self_employed_professional,422,0.3897,0,2,home,1500000,240
LP003302,APP901877,Nikhil Menon,Madurai,2024-07-14,BR039,online,43,80985,salaried_private,762,0.4969,0,2,vehicle,1912000,60
LP003303,APP903723,Bhavana Ramesh,Madurai,2025-02-16,BR030,branch,35,38313,self_employed_professional,553,0.2915,1,1,gold,168000,24
LP003304,APP903599,Aadhya Verma,Pune,2023-01-27,BR034,online,32,95536,self_employed_professional,795,0.8696,1,0,personal,1500000,24
LP003305,APP900257,Praveen Chauhan,Kolkata,2024-04-09,BR025,online,32,100731,contract,699,0.179,0,2,gold,297000,18
LP003306,APP902950,Pooja Chauhan, Rajkot,2023-12-28,BR026,branch,40,53311,self_employed_business,469,0.643,1,9,vehicle,845000,36
LP003307,APP902547,Ritika Krishnan,Rajkot,2025-01-03,BR004,online,33,189911,self_employed_business,490,0.5129,1,3,home,10050000,300
LP003308,APP903746,Sandeep Sharma,Pune,2023-09-21,BR020,direct_sales_agent,35,73901,self_employed_professional,481,0.3169,0,4,vehicle,718000,36
LP003309,APP901647,Aadhya Sharma,Mumbai,2023-06-22,BR027,branch,37,54670,salaried_private,375,0.3763,0,10,personal,709000,48
LP003310,APP902344,Pooja Prasad,Bhopal,2023-05-07,BR013,branch,30,150926,self_employed_business,697,0.4472,1,3,personal,1500000,36
LP003311,APP900630,Sneha Subramanian, Lucknow,2025-03-20,BR033,online,45,70660,contract,617,0.3303,0,1,personal,478000,24
LP003312,APP903985,Nikhil Iyer,Mysuru,2024-08-02,BR036,direct_sales_agent,43,46500,self_employed_professional,630,0.4387,1,0,home,2279000,360
LP003313,APP900454,Bhavana Kulkarni,Surat,2024-10-21,BR010,partner_referral,37,161466,contract ,560,0.3258,0,4,personal,1500000,36
LP003314,APP901317,Divya Ramesh,Rajkot,2024-08-26,BR026,online,31,64382,salaried_private,574,0.5974,1,4,personal,858000,36
LP003315,APP902369,Vivaan Iyer,Indore,2024-06-27,BR015,online,30,49340,self_employed_business,604,0.4701,0,1,gold,261000,12
LP003316,APP900328,Nikhil Bose,Hyderabad,2023-02-14,BR040,direct_sales_agent,33,51069,contract,701,0.4664,1,2,personal,752000,48
LP003317,APP901447,Ritika Patel,Hyderabad,2023-07-26,BR030,branch,33,69093,salaried_private,535,0.6122,1,1,personal,1080000,36
LP003318,APP902539,Krishna Patel,Coimbatore,2024-10-18,BR037,branch,33,116579,self_employed_business,487,0.2624,0,5,gold,177000,6
LP003319,APP903398,Shreya Patel,Nashik,2023-11-06,BR029,online,29,123045, self_employed_professional,698,0.5606,3,3,personal,1500000,48
LP003320,APP902710,Neha Hegde, Nagpur,2024-03-26,BR032,direct_sales_agent,35,75450,Self_Employed_Business,749,0.2383,0,1,personal,521000,36
LP003321,APP900522,Divya Naidu,Jaipur,2025-06-02,BR019,branch,39,21331,contract,603,0.6715,2,2,vehicle,422000,48
LP003322,APP902938,Arjun Shah,Mysuru,2023-07-30,BR021,direct_sales_agent,40,35704,self_employed_business,545,0.3732,0,3,personal,468000,48
LP003323,APP902617,Vivaan Nair,Kochi,2024-06-30,BR025,partner_referral,34,26090,Self_Employed_Business,605,0.5223,0,4,gold,79000,6
LP003324,APP902413,Nikhil Chauhan,Kanpur,2025-02-19,BR030,online,31,115455,self_employed_business,691,0.3655,1,3,home,3853000,240
LP003325,APP900246,Lakshmi Patel,Madurai,2025-05-14,BR016,branch,31,67173,contract,697,0.4822,0,1,vehicle,1944000,84
LP003326,APP901707,Aniket Mukherjee,Coimbatore,2023-07-01,BR032,online,39,115343,SALARIED_PRIVATE,609,0.4666,2,1,gold,1000000,36
LP003327,APP901532,Nikhil Sinha,Coimbatore,2024-09-19,BR006,branch,35,167896,salaried_private,656,0.3942,1,1,home,5641000,180
LP003328,APP901981,Pooja Pillai,Visakhapatnam,2024-12-20,BR032,branch,49,28683,salaried_private,638,0.4689,0,0,vehicle,414000,36
LP003329,APP903951,Sandeep Patel,Vadodara,2024-08-23,BR039,online,41,90112,self_employed_professional,696,0.3779,0,1,vehicle,1602000,60
LP003330,APP902806,Vinay Banerjee,Kolkata ,2024-08-13,BR021,branch,37,41662,self_employed_business,647,0.4995,0,2,home,2272000,240
LP003331,APP902426,Nikhil Joshi,Bhopal,2024-09-09,BR005,online,31,39691,self_employed_business,455,0.5513,0,5,personal,762000,48
LP003332,APP901238,Kavya Krishnan,Mysuru,2023-02-04,BR020,online,30,146345,salaried_private,559,0.6758,1,3,home,9829000,360
LP003333,APP901373,Pooja Subramanian,Mumbai,2023-10-25,BR026,online,32,50185,salaried_private,794,0.6184,1,1,vehicle,324000,12
LP003334,APP902254,Bhavana Bhat,Nagpur,2025-01-06,BR011,branch,28,65774,self_employed_business,652,0.4125,1,2,home,2028000,240
LP003335,APP903543,Nandini Sinha,Mysuru,2025-02-14,BR032,branch,31,90089,self_employed_professional,793,0.4849,1,0,vehicle,1885000,60
LP003336,APP901620,Manoj Reddy,Vadodara,2024-02-01,BR017,direct_sales_agent,37,107047,salaried_private,451,0.395,0,3,gold,475000,12
LP003337,APP903045,Praveen Iyer,Kolkata,2025-02-27,BR025,direct_sales_agent,43,48810,self_employed_business,737,0.4027,1,0,personal,457000,36
LP003338,APP902219,Deepika Chatterjee, Lucknow,2024-01-19,BR031,online,28,120092,self_employed_business,642,0.308,0,1,home,4047000,240
LP003339,APP902339,Karthik Chatterjee,Bengaluru,2025-04-19,BR031,branch,30,125476,self_employed_business,435,0.3456,0,5,personal,1500000,48
LP003340,APP902532,Krishna Patel,Madurai,2023-09-09,BR022,branch,32,90318,self_employed_business,558,0.7879,3,3,home,5579000,300
LP003341,APP902303,Rohan Subramanian,Mysuru,2024-12-14,BR004,branch,29,48151,self_employed_business,500,0.3049,0,2,gold,440000,36
LP003342,APP904072,Rohan Verma,Mysuru,2023-11-30,BR028,branch,48,61816,self_employed_professional,627,0.7648,3,0,home,3163000,300
LP003343,APP901352,Aniket Reddy, Nagpur,2025-02-25,BR013,online,32,22479,salaried_private,724,0.2798,0,1,gold,191000,36
LP003344,APP901469,Vinay Chatterjee,Lucknow,2024-10-20,BR031,branch,34,187697,salaried_private,785,0.8142,3,0,home,12125000,300
LP003345,APP901731,Krishna Menon,Jaipur,2024-04-08,BR028,branch,39,42803,salaried_private ,781,0.2408,0,0,vehicle,411000,48
LP003346,APP903813,Rohan Kulkarni,Lucknow,2023-07-20,BR007,online,37,48692, self_employed_professional,706,0.7526,4,0,vehicle,963000,60
LP003347,APP900200,Ishaan Bose,Kanpur,2023-08-17,BR018,direct_sales_agent,30,69539,contract,650,0.6134,1,0,personal,970000,36
LP003348,APP902327,Praveen Sharma,Rajkot,2023-06-09,BR032,branch,29,83160,self_employed_business,651,0.1985,0,1,personal,588000,48
LP003349,APP902374,Aniket Varma,Ahmedabad,2025-02-01,BR005,branch,30,52010,self_employed_business,710,0.618,1,0,vehicle,890000,36
LP003350,APP901465,Neha Hegde,Vadodara,2024-01-23,BR014,online,34,130023,salaried_private,617,0.4536,1,1,home,4764000,180
LP003351,APP903792,Ananya Prasad,Hyderabad,2023-08-26,BR023,branch,37,158737,self_employed_professional,630,0.7186,2,2,home,10342000,360
LP003352,APP901673,Siddharth Hegde,Pune,2023-06-16,BR015,partner_referral,38,135652,salaried_private,738,0.2718,0,0,home,4160000,240
LP003353,APP900353,Vivaan Patel,Lucknow,2023-04-03,BR012,online,34,36098,contract,519,0.603,2,4,gold,332000,24
LP003354,APP901237,Rohan Rao,Pune,2023-04-03,BR033,online,30,145490,salaried_private,646,0.5463,3,0,personal,1500000,36
LP003355,APP902928,Vikram Hegde,Lucknow,2025-01-07,BR011,online,40,120514,self_employed_business,443,0.3576,0,3,personal,1500000,48
LP003356,APP900766,Reyansh Chatterjee,Ahmedabad,2025-05-10,BR031,online,28,57193,salaried_government ,565,0.2821,0,2,vehicle,496000,36
LP003357,APP900882,Harsha Patel,Kochi,2023-11-02,BR027,online,41,70305,salaried_government,748,0.642,2,0,personal,1223000,60
LP003358,APP900180,Aarav Sharma,Nashik,2024-09-13,BR018,direct_sales_agent,30,133788,contract,643,0.5937,1,3,personal,745000,12
LP003359,APP904028,Vinay Krishnan,Rajkot,2023-06-12,BR036,partner_referral,45,59944,self_employed_professional,660,0.4215,0,2,personal,902000,48
LP003360,APP900696,Lakshmi Reddy,Visakhapatnam,2023-12-12,BR008,branch,52,66224,contract,705,0.5379,1,2,personal,1098000,48
LP003361,APP901983,Gayathri Malhotra,Bhopal,2024-04-10,BR003,branch,49,37294,salaried_private,783,0.5839,2,1,gold,271000,18
LP003362,APP902305,Kavya Sinha,Nashik,2025-06-08,BR040,online,29,48514,self_employed_business,803,0.607,1,0,personal,774000,36
LP003363,APP900623,Karthik Malhotra,Surat,2024-08-05,BR029,partner_referral,45,42583,contract,683,0.5939,1,0,vehicle,1219000,84
LP003364,APP900526,Meera Krishnan,Pune,2023-11-28,BR008,online,39,47324,contract,592,0.3352,0,1,home,1817000,300
LP003365,APP901119,Deepika Hegde, Tirunelveli,2024-05-15,BR005,branch,28,33696,salaried_private,666,0.3865,0,0,vehicle,512000,48
LP003366,APP903448,Diya Chauhan,Kochi,2024-05-24,BR033,direct_sales_agent,30,143865,self_employed_professional,655,0.372,0,1,vehicle,2500000,60
LP003367,APP902229,Yash Chauhan,Jaipur,2023-09-24,BR031,branch,28,26602,SELF_EMPLOYED_BUSINESS,300,0.5649,0,12,personal,413000,36
LP003368,APP901186,Anjali Nair,Kochi,2025-05-20,BR040,direct_sales_agent,29,33429,salaried_private,705,0.5749,2,0,gold,232000,24
LP003369,APP901782,Gayathri Hegde,Delhi,2025-02-05,BR021,online,40,42772,salaried_private,571,0.3939,1,2,personal,352000,36
LP003370,APP903404,Ananya Chatterjee,Ahmedabad,2024-11-11,BR016,branch,29,17075,self_employed_professional,736,0.892,0,0,home,1500000,180
LP003371,APP902999,Meera Hegde,Kochi,2025-05-12,BR020,online,41,89047,self_employed_business,577,0.3212,1,2,gold,691000,36
LP003372,APP902157,Sneha Prasad,Mumbai,2023-03-04,BR002,branch,26,68317,self_employed_business,572,0.6058,0,3,vehicle,1943000,60
LP003373,APP901259,Vinay Kapoor,Bengaluru,2024-09-24,BR011,direct_sales_agent,30,45682,salaried_private,664,0.398,1,0,gold,206000,18
LP003374,APP902095,Nikhil Banerjee,Vadodara,2024-01-25,BR036,branch,25,158449,self_employed_business,690,0.3282,0,1,personal,1500000,36
LP003375,APP900044,Rahul Naidu,Rajkot,2023-04-29,BR028,online,25,67585,contract,612,0.4711,0,1,personal,1140000,48
LP003376,APP901224,Saanvi Banerjee,Madurai,2024-07-13,BR020,branch,29,81080,salaried_private,730,0.4888,2,0,gold,685000,24
LP003377,APP900106,Sandeep Nair,Coimbatore,2025-04-14,BR022,branch,28,170851, contract,421,0.2356,0,8,gold,657000,18
LP003378,APP903967,Sandeep Mukherjee,Bhopal,2024-08-18,BR003,branch,42,55552,self_employed_professional,592,0.5483,1,2,vehicle,815000,36
LP003379,APP901240,Nikhil Varma,Hyderabad,2024-05-11,BR003,online,30,151710,salaried_private,652,0.512,2,4,vehicle,2500000,48
LP003380,APP903739,Aadhya Ramesh,Bengaluru,2024-02-20,BR039,branch,35,62301,self_employed_professional,671,0.4453,0,1,home,3495000,360
LP003381,APP901882,Priya Sinha,Kanpur,2023-12-15,BR029,branch,43,97214,salaried_private ,586,0.6289,2,2,home,5874000,360
LP003382,APP901302,Lakshmi Shah,Kochi,2024-08-16,BR010,online,31,37845,salaried_private,491,0.3878,1,5,personal,205000,24
LP003383,APP900071,Reyansh Prasad,Hyderabad,2023-11-14,BR015,direct_sales_agent,26,99635,contract,528,0.3647,0,5,personal,400000,12
LP003384,APP902516,Vivaan Menon,Vadodara,2024-11-18,BR035,partner_referral,32,67370,self_employed_business,823,0.4877,1,0,vehicle,645000,24
LP003385,APP900726,Anjali Bose,Kanpur,2025-01-17,BR023,branch,23,105336,salaried_government,810,0.661,0,0,vehicle,2180000,36
LP003386,APP901094,Anjali Mukherjee,Visakhapatnam,2024-12-15,BR020,online,28,123251,salaried_private,883,0.6171,1,0,home,8582000,360
LP003387,APP900993,Manoj Shah, Bengaluru,2023-05-06,BR001,online,25,73250,salaried_private,515,0.5192,1,2,home,3723000,300
LP003388,APP900509,Meera Shah,Ahmedabad,2023-06-16,BR034,online,38,50693,contract,300,0.3574,0,10,vehicle,695000,48
LP003389,APP901778,Vikram Banerjee,Madurai,2024-05-23,BR025,branch,40,35254,salaried_private,715,0.373,1,1,gold,199000,24
LP003390,APP901184,Karthik Patel,Lucknow,2023-03-26,BR020,online,29,32871,salaried_private,648,0.289,1,2,gold,106000,18
LP003391,APP903787,Vinay Shah,Ahmedabad,2025-05-04,BR029,direct_sales_agent,36,87028,self_employed_professional,738,0.228,0,0,gold,603000,36
LP003392,APP902942,Pooja Chauhan,Mumbai,2024-09-28,BR015,branch,40,45064,SELF_EMPLOYED_BUSINESS,900,0.5276,1,0,personal,573000,36
LP003393,APP903153,Ritika Kulkarni,Kanpur,2023-10-11,BR018,branch,50,42973,self_employed_business,766,0.577,0,1,home,3036000,300
LP003394,APP903516,Rohan Krishnan,Visakhapatnam,2025-01-09,BR033,branch,31,48645,self_employed_professional,562,0.1676,0,2,personal,232000,36
LP003395,APP902338,Harsha Menon,Mumbai,2025-03-19,BR030,online,30,107587,self_employed_business,580,0.4404,1,2,home,3942000,240
LP003396,APP900955,Sandeep Banerjee,Kanpur,2025-01-14,BR040,branch,24,133256,salaried_private,688,0.5465,2,1,personal,1500000,36
LP003397,APP900535,Nandini Prasad,Madurai,2024-07-15,BR003,branch,39,72235,contract,596,0.7177,2,2,home,5050000,360
LP003398,APP902083,Priya Kulkarni,Nashik,2023-06-10,BR029,partner_referral,24,67620,self_employed_business,772,0.5376,1,0,home,4227000,360
LP003399,APP904139,Lakshmi Desai,Chennai,2025-02-06,BR025,direct_sales_agent,59,82931,SELF_EMPLOYED_PROFESSIONAL,678,0.6676,2,0,home,4253000,240
LP003400,APP903809,Rahul Patel,Madurai,2024-11-15,BR040,branch,37,39669,self_employed_professional,614,0.2512,0,2,gold,301000,36
LP003401,APP904087,Deepika Rao,Mysuru,2024-04-01,BR013,branch,49,81934,self_employed_professional,679,0.2755,0,0,home,2755000,300
LP003402,APP901912,Deepika Chatterjee,Chennai,2023-10-10,BR029,direct_sales_agent,45,35374,salaried_private,699,0.5238,3,2,gold,69000,6
LP003403,APP901806,Siddharth Malhotra,Hyderabad,2023-12-26,BR025,online,41,263208,salaried_private,540,0.2447,0,2,vehicle,2500000,48
LP003404,APP903979,Gayathri Sinha,Jaipur,2024-07-16,BR039,branch,43,37006,self_employed_professional,445,0.5361,0,7,vehicle,608000,36
LP003405,APP902892,Reyansh Bose,Nashik,2023-03-09,BR001,direct_sales_agent,39,30345,self_employed_business,602,0.4303,1,0,gold,247000,24
LP003406,APP901871,Ritika Bhat,Kanpur,2025-05-19,BR004,online,43,59192,salaried_private,524,0.3592,1,3,personal,413000,36
LP003407,APP900271,Harsha Ramesh,Hyderabad,2024-10-18,BR040,partner_referral,32,181934,contract,652,0.2794,1,2,personal,1500000,48
LP003408,APP902706,Aadhya Kapoor,Chennai,2024-06-11,BR022,branch,35,71001, SELF_EMPLOYED_BUSINESS ,740,0.4499,1,2,home,2537000,180
LP003409,APP900113,Saanvi Joshi,Chennai,2023-01-03,BR002,branch,28,33756,contract,583,0.3995,1,3,gold,257000,24
LP003410,APP902461,Harsha Nair,Kanpur,2024-11-02,BR027,branch,31,86901,self_employed_business,488,0.2452,0,3,gold,452000,24
LP003411,APP902611,Arjun Subramanian,Ahmedabad,2023-02-04,BR028,online,34,21472,self_employed_business,592,0.95,0,1,personal,249000,12
LP003412,APP902961,Aarav Hegde,Surat,2024-07-08,BR021,online,40,68532,self_employed_business,595,0.4364,0,3,home,3312000,240
LP003413,APP903231,Vivaan Gowda,Pune,2025-06-05,BR037,online,23,46196,self_employed_professional,467,0.5172,2,4,gold,277000,18
LP003414,APP901736,Harsha Bhat,Visakhapatnam,2023-11-18,BR039,online,39,49226,salaried_private,667,0.356,0,0,vehicle,690000,48
LP003415,APP900977,Vinay Reddy,Tirunelveli,2024-11-26,BR033,branch,25,146695,salaried_private,881,0.2773,0,0,vehicle,2500000,84
LP003416,APP902460,Nandini Patel,Coimbatore,2024-07-01,BR031,online,31,86775,self_employed_business,738,0.6861,2,3,gold,529000,12
LP003417,APP903032,Krishna Subramanian,Ahmedabad,2024-01-30,BR020,direct_sales_agent,43,208182,self_employed_business,628,0.3304,1,0,gold,1000000,18
LP003418,APP903411,Ishaan Malhotra,Coimbatore,2024-12-15,BR011,direct_sales_agent,29,30992,self_employed_professional,680,0.3982,0,2,personal,356000,36
LP003419,APP903783,Meera Patel,Delhi,2024-07-18,BR009,direct_sales_agent,36,76721,self_employed_professional,694,0.4766,0,2,home,4361000,300
LP003420,APP900262,Ritika Chatterjee,Bengaluru,2023-10-15,BR033,branch,32,118371,contract,564,0.4551,0,4,vehicle,2500000,60
LP003421,APP901359,Nikhil Bose,Bengaluru,2024-11-29,BR012,branch,32,33430,salaried_private,555,0.2201,1,3,gold,77000,18
LP003422,APP902963,Bhavana Naidu,Kochi,2024-03-28,BR004,online,40,78571,self_employed_business,729,0.7157,2,1,home,5608000,360
LP003423,APP900838,Gayathri Ramesh,Ludhiana,2025-06-25,BR013,online,36,201828,salaried_government,525,0.4781,0,4,home,11427000,360
LP003424,APP901693,Ishaan Menon,Bhopal,2023-09-22,BR005,online,38,59642,salaried_private,589,0.6982,3,1,personal,261000,12
LP003425,APP900834,Vikram Ramesh,Nagpur,2025-04-28,BR009,online,35,69532,salaried_government,500,0.5546,1,3,home,3548000,360
LP003426,APP902807,Aarav Naidu,Ludhiana,2023-12-12,BR011,direct_sales_agent,37,41677,self_employed_business,540,0.5943,3,3,gold,243000,18
LP003427,APP902972,Siddharth Iyer,Kochi,2023-03-19,BR020,partner_referral,41,17849,self_employed_business,616,0.6154,1,0,personal,208000,24
LP003428,APP903661,Saanvi Verma,Ludhiana,2025-06-24,BR018,branch,34,280078,self_employed_professional,547,0.4918,1,3,home,12662000,240
LP003429,APP900213,Deepika Rao,Ahmedabad,2023-04-21,BR027,online,30,99070,contract,525,0.5503,1,4,personal,467000,12
LP003430,APP900438,Vinay Kulkarni,Surat,2024-06-24,BR025,online,36,60602,contract,608,0.5637,1,1,home,3147000,240
LP003431,APP903280,Lakshmi Banerjee,Hyderabad,2025-05-12,BR017,direct_sales_agent,25,53067,self_employed_professional,696,0.4847,1,0,vehicle,884000,48
LP003432,APP902446,Praveen Verma,Jaipur,2023-03-09,BR036,partner_referral,31,62616,self_employed_business,687,0.3834,1,1,vehicle,921000,60
LP003433,APP901664,Ananya Menon,Chennai,2023-12-23,BR005,online,38,108268,salaried_private,640,0.3812,0,1,personal,1463000,48
LP003434,APP900041,Bhavana Desai,Coimbatore,2025-03-29,BR034,branch,25,62461,contract,808,0.4514,1,0,home,2724000,360
LP003435,APP900637,Nandini Menon,Madurai,2023-11-12,BR018,branch,46,29715,contract,668,0.3295,1,1,vehicle,315000,48
LP003436,APP901324,Sandeep Ramesh,Mumbai,2024-12-07,BR014,branch,31,77440,salaried_private,661,0.86,2,1,vehicle,590000,12
LP003437,APP903571,Manoj Reddy, Hyderabad,2025-01-04,BR007,partner_referral,32,39774,self_employed_professional ,625,0.5913,0,1,personal,671000,36
LP003438,APP901659,Divya Joshi,Nagpur,2025-02-27,BR034,partner_referral,37,78521,salaried_private,635,0.4933,2,2,gold,462000,24
LP003439,APP900914,Arjun Joshi,Tirunelveli,2023-01-16,BR025,partner_referral,48,76126,salaried_government,754,0.3673,1,1,vehicle,687000,36
LP003440,APP902213,Manoj Hegde, Indore,2024-05-04,BR039,online,27,88354,self_employed_business,727,0.4746,2,0,home,3052000,180
LP003441,APP900042,Aniket Prasad,Bengaluru,2023-10-26,BR036,branch,25,62583,contract,584,0.2852,1,1,personal,251000,24
LP003442,APP900090,Aditya Ramesh,Kolkata ,2024-02-24,BR006,online,27,65653,contract,821,0.6285,3,1,personal,660000,36
LP003443,APP903014,Nandini Pillai,Mysuru,2024-10-19,BR037,online,42,37578,self_employed_business,827,0.6304,0,0,personal,694000,36
LP003444,APP902963,Bhavana Naidu,Kochi,2024-03-06,BR004,branch,40,77373,self_employed_business,442,0.3028,0,6,home,2767000,360
LP003445,APP902620,Ananya Nair,Visakhapatnam,2025-01-09,BR024,branch,34,29681,self_employed_business,403,0.7059,1,6,vehicle,555000,36
LP003446,APP901394,Swathi Mukherjee,Visakhapatnam,2025-01-24,BR030,direct_sales_agent,32,88498,salaried_private,606,0.3538,0,2,home,3443000,240
LP003447,APP900318,Praveen Bose,Indore,2025-01-30,BR023,online,33,29622,contract,474,0.3116,0,4,personal,259000,36
LP003448,APP903541,Divya Iyer,Nashik,2023-11-28,BR006,partner_referral,31,80787,self_employed_professional,591,0.4864,1,1,vehicle,966000,36
LP003449,APP902037,Ritika Gowda,Kanpur,2024-07-27,BR031,branch,58,94654,salaried_private,529,0.6117,2,3,personal,1074000,36
LP003450,APP902389,Rahul Joshi,Tirunelveli,2023-04-03,BR020,branch,30,64409,self_employed_business,630,0.2663,0,0,gold,193000,12
LP003451,APP902911,Swathi Subramanian,Surat,2024-03-03,BR033,online,39,66311, self_employed_business,579,0.5068,2,1,personal,1035000,60
LP003452,APP900301,Arjun Kapoor,Ludhiana,2024-05-13,BR035,branch,32,84372, CONTRACT ,760,0.5365,2,0,home,2637000,180
LP003453,APP903275,Ishaan Ramesh,Coimbatore,2024-11-08,BR017,online,25,37711,self_employed_professional,667,0.5536,1,1,gold,359000,24
LP003454,APP902738,Shreya Iyer,Pune,2025-02-03,BR031,online,36,30447,self_employed_business,690,0.6286,1,0,vehicle,838000,60
LP003455,APP901495,Ananya Kapoor,Tirunelveli,2024-11-30,BR034,online,34,48859,salaried_private,540,0.1328,0,4,gold,73000,12
LP003456,APP900665,Swathi Gowda,Kolkata,2025-05-12,BR039,online,48,70769,contract,641,0.4689,0,2,vehicle,718000,24
LP003457,APP902034,Harsha Gowda,Bhopal ,2024-02-03,BR012,branch,57,84887,salaried_private ,673,0.1316,0,0,gold,126000,12
LP003458,APP902660,Arjun Shah,Mysuru,2024-07-15,BR003,direct_sales_agent,34,85714,self_employed_business,672,0.3458,1,1,home,2842000,240
LP003459,APP900545,Rohan Verma,Surat,2024-03-17,BR015,branch,40,39200,contract,624,0.3998,1,1,personal,149000,12
LP003460,APP900185,Gayathri Joshi,Vadodara,2024-03-25,BR011,partner_referral,30,28724,contract,604,0.3237,1,2,personal,282000,48
LP003461,APP900052,Priya Reddy,Indore,2025-01-15,BR022,online,26,23823, CONTRACT ,448,0.5866,1,5,personal,224000,24
LP003462,APP901068,Pooja Kulkarni,Kolkata,2024-06-07,BR024,partner_referral,27,53776,salaried_private,319,0.4766,2,12,home,1645000,180
LP003463,APP901232,Vivaan Verma,Indore,2024-05-24,BR016,partner_referral,30,102661,salaried_private,606,0.3522,0,0,personal,1500000,60
LP003464,APP902888,Nandini Chatterjee,Chennai,2023-04-30,BR010,branch,39,24916,self_employed_business,677,0.571,1,3,personal,433000,48
LP003465,APP901565,Meera Pillai,Coimbatore,2023-04-18,BR038,direct_sales_agent,35,74908,salaried_private,693,0.4686,1,1,personal,352000,12
LP003466,APP901488,Ishaan Iyer,Kolkata,2025-03-21,BR031,online,34,41165,salaried_private,751,0.3312,1,0,vehicle,330000,48
LP003467,APP902832,Arjun Hegde,Chennai,2025-04-12,BR040,direct_sales_agent,37,89405,self_employed_business,581,0.2707,1,2,personal,375000,24
LP003468,APP900446,Diya Nair,Coimbatore,2023-07-02,BR024,partner_referral,36,98120,contract,825,0.2327,0,0,personal,476000,24
LP003469,APP901705,Aadhya Chauhan,Kolkata,2025-03-30,BR005,branch,39,101085,salaried_private,483,0.3639,0,2,personal,1500000,60
LP003470,APP903586,Manoj Joshi,Kochi,2025-01-18,BR012,online,32,63882,self_employed_professional,624,0.2541,0,0,gold,267000,18
LP003471,APP902500,Neha Kulkarni,Jaipur,2024-07-18,BR039,online,32,36880,self_employed_business,664,0.4421,1,1,gold,261000,24
LP003472,APP901354,Lakshmi Reddy, Lucknow,2025-05-25,BR011,partner_referral,32,26797,salaried_private,584,0.3116,0,3,gold,250000,36
LP003473,APP902831,Krishna Rao,Mumbai,2024-10-07,BR034,partner_referral,37,85136,self_employed_business,536,0.5744,1,2,home,3898000,180
LP003474,APP901567,Priya Chauhan,Kochi,2025-04-26,BR007,direct_sales_agent,35,78950,salaried_private,491,0.3117,1,3,gold,318000,18
LP003475,APP901390,Divya Chauhan,Ludhiana,2025-03-12,BR039,direct_sales_agent,32,74190,salaried_private,804,0.4042,0,1,gold,339000,12
LP003476,APP903277,Vinay Chauhan,Kochi,2023-10-18,BR025,branch,25,49466,self_employed_professional,618,0.689,1,0,vehicle,621000,24
LP003477,APP903994,Gayathri Ramesh,Nagpur,2025-01-23,BR002,online,43,85825,self_employed_professional,664,0.5837,1,0,personal,1199000,36
LP003478,APP901350,Aditya Sinha,Lucknow,2024-12-18,BR026,branch,32,203056,salaried_private,670,0.4016,1,0,vehicle,2500000,48
LP003479,APP900245,Ritika Subramanian,Rajkot,2024-12-21,BR011,direct_sales_agent,31,66886,Contract,777,0.3542,1,0,home,2118000,240
LP003480,APP900524,Praveen Joshi,Madurai,2023-12-26,BR014,branch,39,34764,contract,724,0.2494,1,0,vehicle,219000,36
LP003481,APP902142,Diya Bhat,Lucknow,2023-02-12,BR037,branch,26,41007,self_employed_business,567,0.2669,1,0,gold,203000,36
LP003482,APP900730,Divya Kulkarni,Mysuru,2023-06-15,BR022,online,23,50470, SALARIED_GOVERNMENT ,712,0.379,0,1,vehicle,755000,48
LP003483,APP902877,Praveen Sharma,Ludhiana,2023-07-16,BR027,online,38,88418,self_employed_business,629,0.3368,0,1,home,3375000,240
LP003484,APP900762,Saanvi Mukherjee,Nashik,2025-06-01,BR029,branch,28,131117,salaried_government,432,0.3009,0,6,home,4221000,240
LP003485,APP901863,Sneha Kapoor,Hyderabad,2024-10-12,BR009,branch,43,42289,salaried_private,549,0.4193,1,3,home,1500000,180
LP003486,APP903673,Nikhil Prasad,Mumbai,2025-01-19,BR021,branch,34,49371,self_employed_professional,510,0.3025,1,4,gold,337000,36
LP003487,APP902880,Siddharth Patel,Bhopal,2024-10-04,BR007,branch,39,102100,SELF_EMPLOYED_BUSINESS,802,0.3447,0,0,personal,1500000,60
LP003488,APP902470,Rohan Krishnan,Tirunelveli,2024-01-12,BR011,online,32,114555,self_employed_business,788,0.4421,1,0,vehicle,1842000,48
LP003489,APP903066,Lakshmi Bhat,Nagpur,2024-02-17,BR024,online,44,53898,self_employed_business ,568,0.7701,3,5,personal,1143000,60
LP003490,APP902813,Aarav Malhotra,Ahmedabad,2024-08-06,BR031,partner_referral,37,47856,self_employed_business,598,0.558,0,0,personal,761000,36
LP003491,APP901098,Anjali Kulkarni, Lucknow,2024-06-22,BR038,online,28,138326,salaried_private,598,0.283,0,2,vehicle,1212000,36
LP003492,APP902227,Manoj Rao,Nagpur,2024-06-09,BR006,online,28,23977,SELF_EMPLOYED_BUSINESS,611,0.6186,3,1,gold,157000,18
LP003493,APP901489,Ananya Patel,Kolkata,2024-12-07,BR004,branch,34,41744,salaried_private,487,0.3096,0,3,vehicle,278000,24
LP003494,APP900722,Lakshmi Mukherjee,Kolkata,2024-04-25,BR027,online,60,43789,contract,607,0.3783,1,1,gold,357000,36
LP003495,APP900807,Karthik Nair,Surat,2024-02-26,BR027,branch,33,112824,Salaried_Government,748,0.4384,0,0,home,5654000,240
LP003496,APP902200,Shreya Desai,Rajkot,2025-03-27,BR035,branch,27,67501,self_employed_business,816,0.4119,0,0,home,3338000,300
LP003497,APP902822,Ritika Iyer,Jaipur,2023-10-28,BR037,online,37,71318,self_employed_business,613,0.3891,1,2,personal,960000,60
LP003498,APP903028,Diya Patel,Bhopal,2024-04-17,BR005,partner_referral,42,93390,self_employed_business,676,0.59,0,0,home,6713000,300
LP003499,APP901467,Swathi Pillai,Nagpur,2024-07-28,BR034,branch,34,158347,salaried_private,512,0.2694,0,4,personal,1500000,48
LP003500,APP901393,Vinay Chatterjee,Rajkot ,2023-10-13,BR025,online,32,82730,salaried_private,660,0.4077,1,1,vehicle,1300000,60
LP003501,APP903068,Harsha Chatterjee,Ahmedabad,2025-03-27,BR030,direct_sales_agent,44,67703,self_employed_business,719,0.403,2,0,gold,144000,12
LP003502,APP901300,Vivaan Reddy,Ahmedabad,2025-06-11,BR011,direct_sales_agent,31,32149,salaried_private,696,0.1371,0,0,personal,185000,60
LP003503,APP902151,Aditya Joshi, Visakhapatnam,2024-06-26,BR009,online,26,54536,self_employed_business,607,0.3717,1,0,personal,478000,48
LP003504,APP902367,Aditya Mukherjee,Delhi,2023-02-09,BR031,branch,30,46139,self_employed_business,693,0.2284,0,0,gold,119000,12
LP003505,APP900401,Aadhya Varma,Kanpur,2025-02-19,BR004,branch,35,46163,contract,733,0.3233,1,0,gold,182000,18
LP003506,APP901622,Reyansh Reddy,Kochi,2024-11-25,BR027,branch,37,116809, salaried_private,613,0.3115,0,1,personal,1500000,60
LP003507,APP904120,Aarav Pillai,Visakhapatnam,2023-12-25,BR032,online,56,34594,self_employed_professional,699,0.3238,0,1,personal,323000,36
LP003508,APP900149,Priya Naidu,Kanpur,2024-10-23,BR037,partner_referral,29,137164,contract,791,0.6723,1,0,home,9526000,360
LP003509,APP902180,Ananya Reddy,Bengaluru,2024-07-29,BR005,branch,27,28864,self_employed_business,637,0.4303,1,1,personal,327000,36
LP003510,APP901911,Aarav Bhat, Surat,2024-09-03,BR019,partner_referral,45,34290,salaried_private,683,0.4979,0,2,vehicle,802000,60
LP003511,APP903102,Meera Malhotra,Ahmedabad,2025-03-07,BR028,partner_referral,46,207029,self_employed_business,730,0.1992,0,1,vehicle,2500000,84
LP003512,APP901675,Meera Rao,Nagpur,2023-06-10,BR003,branch,38,147742,salaried_private,565,0.4126,1,2,personal,1500000,36
LP003513,APP901194,Ritika Bhat,Bhopal,2023-07-05,BR036,partner_referral,29,39828,salaried_private,663,0.4356,1,1,vehicle,660000,60
LP003514,APP900972,Aditya Ramesh,Surat,2023-01-05,BR010,online,24,78473,salaried_private,765,0.333,0,0,home,2985000,240
LP003515,APP903664,Sneha Kapoor,Chennai,2024-02-17,BR008,branch,34,29791,self_employed_professional,745,0.4633,1,1,home,1500000,300
LP003516,APP901997,Pooja Subramanian,Delhi,2025-03-22,BR037,online,51,41904,salaried_private,604,0.9397,0,1,vehicle,446000,12
LP003517,APP901022,Bhavana Prasad,Hyderabad,2024-05-27,BR020,branch,26,52682,salaried_private,761,0.516,3,0,personal,264000,24
LP003518,APP902689,Diya Desai,Lucknow,2025-03-01,BR018,branch,35,44350,self_employed_business,680,0.7991,1,0,personal,335000,12
LP003519,APP903119,Swathi Bhat,Pune,2025-02-02,BR010,online,47,130556,self_employed_business,636,0.4656,1,0,home,5234000,300
LP003520,APP903526,Divya Banerjee,Visakhapatnam,2024-12-23,BR013,branch,31,58391,self_employed_professional,760,0.5382,0,0,vehicle,1485000,60
LP003521,APP900360,Yash Iyer,Jaipur,2024-09-11,BR012,partner_referral,34,59566,contract ,714,0.3059,0,2,gold,389000,24
LP003522,APP900653,Lakshmi Kulkarni,Kanpur,2024-02-22,BR009,partner_referral,47,46083,contract,767,0.3498,0,2,personal,585000,48
LP003523,APP900590,Arjun Banerjee,Indore,2024-08-21,BR005,online,42,64987,contract,750,0.5919,2,0,personal,984000,48
LP003524,APP902520,Saanvi Sharma,Lucknow,2025-03-13,BR021,branch,32,73736,self_employed_business,739,0.5845,2,2,gold,693000,24
LP003525,APP902213,Manoj Hegde,Indore,2025-06-22,BR039,direct_sales_agent,27,89172,self_employed_business,612,0.408,1,0,home,3130000,180
LP003526,APP901953,Vinay Nair,Hyderabad,2024-09-09,BR008,branch,47,145832,salaried_private,441,0.3068,1,5,personal,768000,36
LP003527,APP901784,Nandini Gowda,Nashik,2024-08-23,BR028,online,40,50709,salaried_private,680,0.5406,1,0,personal,719000,36
LP003528,APP901347,Praveen Reddy,Chennai,2023-10-15,BR023,partner_referral,32,175144,salaried_private,815,0.5723,3,0,home,8766000,360
LP003529,APP903960,Divya Kapoor,Vadodara,2023-01-24,BR009,online,42,23231,self_employed_professional,607,0.3887,1,1,vehicle,244000,36
LP003530,APP901990,Sneha Banerjee,Ahmedabad,2025-03-11,BR021,online,50,52889,salaried_private,679,0.8059,0,0,personal,472000,12
LP003531,APP901603,Krishna Hegde,Pune,2024-02-18,BR002,branch,36,58214,salaried_private,440,0.2741,1,4,vehicle,512000,48
LP003532,APP901331,Rohan Sharma,Mumbai,2023-06-03,BR016,direct_sales_agent,31,82703,salaried_private,634,0.426,0,0,vehicle,1087000,36
LP003533,APP902919,Sneha Subramanian,Vadodara,2024-02-17,BR016,online,39,81939,self_employed_business,604,0.4673,1,2,personal,635000,24
LP003534,APP901435,Vikram Pillai,Pune,2025-05-19,BR016,online,33,47152,salaried_private,719,0.5633,1,0,personal,803000,48
LP003535,APP902097,Siddharth Iyer,Surat,2023-07-26,BR028,partner_referral,25,277791, SELF_EMPLOYED_BUSINESS ,522,0.4182,1,1,home,9364000,300
LP003536,APP901259,Vinay Kapoor,Bengaluru,2023-12-25,BR011,direct_sales_agent,30,46278,salaried_private,757,0.3389,1,0,gold,353000,36
LP003537,APP903513,Praveen Rao,Bhopal,2023-12-16,BR005,branch,31,42217,self_employed_professional,696,0.4647,1,0,personal,349000,24
LP003538,APP903703,Divya Ramesh,Tirunelveli,2023-08-19,BR033,branch,35,14555,self_employed_professional,804,0.4572,1,1,vehicle,278000,60
LP003539,APP901013,Meera Gowda,Indore,2024-11-25,BR031,branch,26,33892,salaried_private,739,0.4363,0,0,home,1500000,180
LP003540,APP902337,Yash Desai,Visakhapatnam,2024-09-30,BR002,direct_sales_agent,30,104344,self_employed_business,640,0.3116,0,0,gold,536000,18
LP003541,APP900559,Priya Mukherjee,Bengaluru,2023-03-31,BR007,branch,40,99340,contract,669,0.496,1,1,home,4897000,300
LP003542,APP902661,Rohan Patel,Jaipur,2024-06-20,BR016,online,34,90928,self_employed_business,602,0.3915,1,4,home,3199000,300
LP003543,APP901280,Anjali Banerjee,Lucknow,2024-10-24,BR032,online,30,89665,salaried_private,687,0.2928,0,0,personal,540000,24
LP003544,APP900118,Vinay Hegde,Chennai,2024-02-26,BR025,partner_referral,28,41797,contract,710,0.3905,0,2,personal,472000,36
LP003545,APP902379,Swathi Chatterjee,Delhi,2025-05-10,BR004,direct_sales_agent,30,56676,self_employed_business,663,0.4069,0,1,gold,491000,24
LP003546,APP901764,Nandini Nair,Kochi,2023-04-14,BR014,branch,40,129376,salaried_private,848,0.3169,0,0,personal,1500000,48
LP003547,APP903824,Gayathri Malhotra,Mysuru,2023-09-26,BR012,partner_referral,37,76925,self_employed_professional,561,0.3252,0,3,gold,145000,6
LP003548,APP900986,Reyansh Malhotra,Ludhiana,2023-08-06,BR017,branch,25,31217,salaried_private,671,0.6482,0,1,vehicle,627000,36
LP003549,APP901362,Ananya Mukherjee,Pune,2023-08-12,BR023,branch,32,35553,salaried_private,740,0.6155,1,0,personal,759000,60
LP003550,APP904151,Siddharth Ramesh,Delhi,2025-01-01,BR004,branch,60,77502,self_employed_professional,463,0.4774,0,5,personal,1500000,60
LP003551,APP903106,Lakshmi Subramanian,Delhi,2025-06-18,BR024,online,46,57693,self_employed_business,811,0.3666,2,0,gold,495000,36
LP003552,APP903414,Aadhya Ramesh,Surat,2025-05-08,BR038,branch,29,37236,self_employed_professional,795,0.2041,0,0,vehicle,237000,36
LP003553,APP901053,Reyansh Naidu,Tirunelveli,2024-10-07,BR034,branch,27,26380,salaried_private,737,0.6565,1,1,gold,84000,6
LP003554,APP903691,Yash Shah,Indore,2023-07-30,BR009,branch,34,88367, self_employed_professional,796,0.5302,0,1,vehicle,2215000,60
LP003555,APP903430,Deepika Bhat,Nagpur,2023-03-01,BR021,direct_sales_agent,29,72792,self_employed_professional,900,0.3812,0,0,home,3455000,300
LP003556,APP901065,Lakshmi Desai,Ahmedabad,2024-07-20,BR024,branch,27,51125, SALARIED_PRIVATE ,771,0.6502,1,1,home,3159000,240
LP003557,APP902106,Ishaan Bhat,Delhi,2025-01-23,BR010,branch,25,42447,self_employed_business,730,0.6465,2,3,vehicle,762000,48
LP003558,APP902708,Neha Chatterjee,Delhi,2025-04-12,BR013,branch,35,74920,self_employed_business,733,0.5568,2,0,vehicle,1515000,60
LP003559,APP901697,Ananya Verma,Mysuru,2025-06-17,BR001,branch,38,73838,salaried_private,782,0.5643,1,0,personal,957000,36
LP003560,APP904142,Arjun Sharma,Lucknow,2023-06-15,BR029,partner_referral,60,224514,SELF_EMPLOYED_PROFESSIONAL,650,0.4768,2,0,personal,1500000,24
LP003561,APP901204,Sneha Hegde,Surat,2024-06-20,BR008,online,29,50049,salaried_private,693,0.281,0,1,vehicle,305000,24
LP003562,APP903134,Siddharth Hegde,Hyderabad,2023-12-18,BR001,online,48,22468,self_employed_business,815,0.3639,1,0,gold,169000,36
LP003563,APP902073,Aniket Malhotra,Ahmedabad,2025-05-12,BR039,partner_referral,24,37472,self_employed_business,664,0.5195,1,0,gold,189000,12
LP003564,APP903283,Yash Banerjee,Kochi,2024-05-10,BR011,branch,25,67784,self_employed_professional,771,0.8623,4,0,personal,704000,24
LP003565,APP900865,Divya Rao,Rajkot,2024-10-22,BR021,direct_sales_agent,39,104335,salaried_government,675,0.5767,0,0,home,7392000,360
LP003566,APP901808,Divya Iyer,Tirunelveli,2025-04-09,BR033,branch,41,30697,salaried_private,854,0.2155,1,0,gold,47000,12
LP003567,APP901831,Meera Mukherjee, Coimbatore,2024-02-24,BR032,branch,42,204429,salaried_private,811,0.4681,0,1,home,11973000,300
LP003568,APP903563,Aniket Chauhan,Bengaluru,2023-03-25,BR014,direct_sales_agent,32,33621,self_employed_professional,838,0.4897,0,0,personal,706000,60
LP003569,APP900239,Deepika Nair,Bhopal,2025-04-18,BR040,branch,31,53556,contract,744,0.3122,0,0,personal,488000,36
LP003570,APP900295,Aditya Naidu,Bengaluru,2023-07-12,BR026,branch,32,74932,Contract,643,0.4534,2,2,vehicle,720000,36
LP003571,APP902646,Aditya Patel,Jaipur,2024-11-28,BR032,branch,34,66763,self_employed_business,792,0.5934,4,0,home,2253000,300
LP003572,APP900942,Ritika Subramanian,Bhopal,2024-11-11,BR005,branch,23,154719,salaried_private,506,0.4739,0,4,home,8452000,300
LP003573,APP903475,Vikram Menon,Chennai,2024-05-07,BR040,branch,30,65140,self_employed_professional,554,0.852,1,1,personal,543000,12
LP003574,APP902057,Karthik Prasad,Kochi,2023-02-08,BR013,branch,22,33561,self_employed_business,569,0.6315,2,0,vehicle,321000,24
LP003575,APP902472,Meera Ramesh,Bhopal,2024-08-29,BR027,branch,32,126266,self_employed_business,393,0.5139,0,4,vehicle,2500000,48
LP003576,APP902868,Praveen Kulkarni,Jaipur,2024-06-14,BR007,online,38,63043,self_employed_business,407,0.6815,2,6,personal,937000,48
LP003577,APP904098,Meera Joshi,Rajkot,2024-04-11,BR013,online,51,57882,self_employed_professional,661,0.4703,1,1,home,2726000,300
LP003578,APP902089,Praveen Sharma,Coimbatore,2023-09-04,BR003,partner_referral,25,109574,Self_Employed_Business,646,0.402,0,0,home,5168000,300
LP003579,APP900237,Lakshmi Prasad,Madurai,2023-06-06,BR035,online,31,50512,contract,631,0.3999,0,1,home,2334000,300
LP003580,APP901085,Ritika Prasad,Rajkot,2024-05-17,BR010,branch,27,90615,salaried_private,622,0.5715,1,3,home,5909000,360
LP003581,APP901072,Reyansh Desai,Madurai,2024-03-09,BR021,online,27,60822,salaried_private,599,0.3032,1,5,gold,341000,24
LP003582,APP903337,Aditya Chatterjee,Vadodara,2023-10-04,BR021,branch,27,54551,self_employed_professional,660,0.4773,1,0,vehicle,1100000,60
LP003583,APP903524,Lakshmi Bhat,Nagpur,2023-04-29,BR013,online,31,56560,self_employed_professional,621,0.4891,0,2,personal,1153000,60
LP003584,APP901165,Rahul Naidu,Jaipur,2023-04-17,BR019,online,29,151665,salaried_private,695,0.4675,2,0,gold,905000,18
LP003585,APP900981,Yash Malhotra,Surat,2024-06-02,BR005,branch,25,24093,salaried_private,831,0.457,0,0,gold,182000,18
LP003586,APP903832,Meera Kapoor,Surat,2024-08-05,BR035,branch,37,98897,self_employed_professional,730,0.5453,1,0,vehicle,1302000,36
LP003587,APP901256,Shreya Pillai, Delhi,2023-02-06,BR025,branch,30,37752,salaried_private,615,0.5843,2,3,vehicle,1072000,84
LP003588,APP901720,Nikhil Shah,Pune,2025-02-24,BR034,online,39,35012,salaried_private,657,0.3362,1,2,gold,305000,36
LP003589,APP900504,Aarav Malhotra,Surat,2024-01-28,BR007,branch,38,33702,contract ,647,0.2205,1,1,gold,79000,18
LP003590,APP900618,Rohan Menon,Kanpur,2025-01-27,BR020,branch,45,103719, CONTRACT ,720,0.3843,2,1,personal,659000,36
LP003591,APP902931,Deepika Chatterjee,Coimbatore,2023-11-05,BR037,branch,40,152411,self_employed_business,772,0.5973,2,0,vehicle,2091000,36
LP003592,APP900901,Saanvi Bose,Nashik,2023-05-10,BR030,branch,44,53242,salaried_government,623,0.4527,1,2,vehicle,639000,36
LP003593,APP903174,Bhavana Krishnan,Indore,2024-06-19,BR011,branch,52,87592,self_employed_business,681,0.4479,1,0,personal,736000,24
LP003594,APP901950,Pooja Malhotra,Delhi,2024-09-29,BR039,branch,47,106621,salaried_private,736,0.1794,1,2,gold,147000,12
LP003595,APP900046,Aarav Kapoor,Madurai,2024-06-03,BR016,partner_referral,25,79037,contract,770,0.6465,2,0,personal,1462000,60
LP003596,APP902002,Sandeep Sinha,Nagpur,2025-04-15,BR029,online,52,51048,salaried_private,615,0.1601,0,0,gold,174000,24
LP003597,APP900084,Reyansh Ramesh,Jaipur,2023-05-19,BR001,partner_referral,27,41714,contract,827,0.2594,0,0,gold,179000,18
LP003598,APP900747,Bhavana Verma,Mumbai,2024-08-15,BR029,online,26,61646,salaried_government,476,0.3708,0,3,personal,462000,24
LP003599,APP903936,Bhavana Pillai,Mysuru,2024-12-28,BR017,online,41,28856,self_employed_professional,630,0.559,0,2,vehicle,751000,60
LP003600,APP902032,Aarav Chauhan,Jaipur,2025-04-17,BR030,branch,57,34289,salaried_private,672,0.4029,1,0,personal,312000,36
LP003601,APP900348,Nandini Prasad,Hyderabad,2025-03-15,BR004,online,34,26099,contract,695,0.5991,1,1,home,1500000,300
LP003602,APP900606,Karthik Patel,Ahmedabad,2025-06-02,BR021,online,44,138445, CONTRACT ,519,0.4613,1,2,home,6453000,240
LP003603,APP900513,Shreya Shah, Delhi,2024-04-20,BR013,online,38,71358,contract,827,0.3076,0,0,personal,643000,36
LP003604,APP902702,Aniket Varma,Bhopal,2024-07-04,BR014,online,35,65762,self_employed_business,545,0.6246,2,2,personal,1352000,60
LP003605,APP901812,Neha Pillai,Kanpur,2024-03-28,BR040,direct_sales_agent,41,47801,salaried_private,608,0.3021,0,2,vehicle,312000,24
LP003606,APP901234,Lakshmi Patel,Tirunelveli,2023-10-10,BR007,online,30,113724,salaried_private,775,0.5312,1,0,gold,269000,6
LP003607,APP904112,Sneha Nair,Pune,2025-04-19,BR014,branch,54,178217,self_employed_professional,846,0.5876,0,0,personal,1168000,12
LP003608,APP901809,Saanvi Hegde,Delhi,2023-07-27,BR035,online,41,37294,salaried_private,686,0.4297,1,1,personal,613000,60
LP003609,APP902987,Swathi Gowda,Lucknow,2024-10-08,BR006,direct_sales_agent,41,53772,self_employed_business,614,0.5153,0,2,vehicle,1085000,48
LP003610,APP900208,Aarav Patel,Surat,2024-04-21,BR035,online,30,87836,contract,702,0.43,1,1,home,3432000,240
LP003611,APP903901,Ritika Bose,Ludhiana,2023-10-02,BR023,online,40,231634,self_employed_professional,759,0.2288,0,1,vehicle,2500000,60
LP003612,APP900337,Lakshmi Verma,Kochi,2024-09-11,BR027,branch,33,86968,contract,514,0.569,1,2,personal,1500000,48
LP003613,APP900632,Neha Malhotra,Visakhapatnam,2023-10-11,BR007,online,45,82804,contract,677,0.6415,2,1,personal,1500000,60
LP003614,APP902285,Ananya Pillai,Bengaluru,2023-09-01,BR022,online,29,20540,self_employed_business,490,0.882,2,4,vehicle,522000,48
LP003615,APP903973,Ishaan Reddy,Mumbai,2023-06-24,BR036,online,43,114925,self_employed_professional,631,0.4864,1,0,vehicle,1068000,24
LP003616,APP902241,Arjun Desai,Lucknow,2023-11-19,BR003,branch,28,49606,self_employed_business,706,0.4893,1,1,personal,557000,36
LP003617,APP900631,Deepika Hegde,Rajkot,2025-01-25,BR040,online,45,76714,contract,706,0.585,1,0,personal,1089000,36
LP003618,APP903333,Harsha Iyer,Jaipur,2023-09-25,BR015,branch,27,34299,self_employed_professional,625,0.454,0,3,gold,256000,18
LP003619,APP903601,Saanvi Subramanian,Indore,2024-06-30,BR025,branch,33,111885,self_employed_professional,631,0.43,0,1,home,5386000,240
LP003620,APP901168,Sneha Varma,Hyderabad,2025-06-20,BR034,online,29,177400,salaried_private,804,0.5989,1,0,home,12535000,360
LP003621,APP900755,Reyansh Patel,Ludhiana,2024-08-17,BR011,branch,27,25860,salaried_government,684,0.4916,0,2,personal,532000,60
LP003622,APP901360,Gayathri Iyer,Surat,2023-06-21,BR029,online,32,33636,salaried_private,621,0.3962,0,1,personal,381000,36
LP003623,APP900265,Bhavana Pillai,Nagpur,2023-03-09,BR003,partner_referral,32,124012,contract,670,0.3319,1,2,personal,852000,36
LP003624,APP902845,Aarav Patel,Surat,2025-03-20,BR031,partner_referral,38,12882,self_employed_business,558,0.6035,1,2,personal,180000,36
LP003625,APP902534,Rahul Mukherjee,Hyderabad,2024-10-01,BR014,online,32,97871,self_employed_business,618,0.6626,3,1,home,3528000,240
LP003626,APP902909,Sandeep Reddy,Lucknow,2025-04-30,BR012,partner_referral,39,62068,self_employed_business,485,0.332,1,4,gold,436000,36
LP003627,APP902159,Ananya Banerjee,Tirunelveli,2023-06-16,BR026,branch,26,70916,self_employed_business,688,0.4331,3,0,vehicle,450000,36
LP003628,APP903243,Kavya Banerjee,Rajkot,2023-11-22,BR012,branch,24,110037,self_employed_professional,597,0.1916,0,1,personal,748000,48
LP003629,APP901260,Siddharth Iyer,Rajkot,2023-04-14,BR040,partner_referral,30,46947,salaried_private,706,0.59,1,0,vehicle,562000,24
LP003630,APP900553,Krishna Kapoor, Ludhiana,2024-06-25,BR008,branch,40,65598,contract,633,0.2514,0,3,gold,271000,18
LP003631,APP901429,Ritika Mukherjee,Chennai,2023-11-23,BR002,partner_referral,33,37375,salaried_private,775,0.4351,1,0,gold,132000,12
LP003632,APP903997,Aadhya Kapoor,Nashik,2023-09-04,BR031,online,43,94791,self_employed_professional,523,0.6085,3,4,personal,1500000,60
LP003633,APP901919,Aadhya Pillai,Kolkata,2024-09-19,BR005,branch,45,60302,salaried_private,539,0.4903,2,3,gold,559000,36
LP003634,APP902995,Siddharth Varma,Coimbatore,2023-07-14,BR039,branch,41,65854,self_employed_business,636,0.4323,1,0,vehicle,800000,48
LP003635,APP901684,Saanvi Subramanian,Nashik,2024-02-25,BR038,branch,38,31730,Salaried_Private,509,0.4689,1,4,vehicle,342000,36
LP003636,APP903618,Deepika Mukherjee,Mysuru,2023-07-08,BR015,branch,33,30989,self_employed_professional,617,0.6068,1,1,vehicle,670000,48
LP003637,APP900362,Aadhya Malhotra,Kolkata,2024-10-25,BR011,partner_referral,34,62739,contract,677,0.4012,0,0,vehicle,998000,48
LP003638,APP901286,Pooja Pillai,Vadodara,2023-02-17,BR015,online,31,126023,salaried_private,647,0.4164,1,1,home,4527000,300
LP003639,APP902467,Bhavana Mukherjee,Nagpur,2024-11-13,BR020,branch,31,99078,self_employed_business,773,0.3369,0,0,personal,969000,36
LP003640,APP902098,Meera Ramesh,Ludhiana,2023-08-11,BR018,partner_referral,25,32134, self_employed_business,600,0.4889,2,2,vehicle,379000,36
LP003641,APP902836,Aarav Kulkarni,Mumbai,2023-05-01,BR040,branch,37,99235,self_employed_business,481,0.1698,0,3,gold,189000,12
LP003642,APP904083,Sandeep Joshi,Mysuru,2025-03-06,BR022,online,49,42015,self_employed_professional,300,0.7967,1,9,personal,331000,12
LP003643,APP904119,Yash Rao,Mysuru,2023-04-28,BR011,online,55,80864,self_employed_professional,611,0.7329,2,1,home,5545000,360
LP003644,APP900499,Neha Varma,Bengaluru,2023-05-06,BR021,online,38,208332,contract,740,0.3625,0,1,home,8429000,240
LP003645,APP902445,Krishna Banerjee,Indore,2025-01-14,BR003,partner_referral,31,59244,self_employed_business,641,0.46,1,0,home,2047000,180
LP003646,APP901641,Vinay Mukherjee,Hyderabad,2025-04-22,BR003,online,37,35703,salaried_private,620,0.5798,1,1,personal,702000,60
LP003647,APP900950,Neha Sharma,Delhi,2023-02-14,BR020,branch,23,87826, SALARIED_PRIVATE ,754,0.5445,2,1,personal,1500000,60
LP003648,APP900007,Kavya Prasad,Hyderabad,2023-07-29,BR003,online,23,49290,CONTRACT,423,0.4715,1,9,personal,798000,60
LP003649,APP903882,Vivaan Bose,Tirunelveli,2023-04-02,BR025,online,39,54930,self_employed_professional,677,0.5984,2,1,vehicle,1182000,60
LP003650,APP903826,Sandeep Nair,Hyderabad,2025-01-02,BR016,partner_referral,37,86388,self_employed_professional,607,0.3824,0,1,personal,1366000,60
LP003651,APP900335,Aniket Menon,Nashik,2023-10-21,BR036,branch,33,75276,contract,515,0.3448,1,4,vehicle,657000,36
LP003652,APP901904,Ritika Bhat,Chennai,2023-01-31,BR034,online,45,123353,salaried_private,598,0.4766,3,2,home,3901000,300
LP003653,APP901845,Ritika Prasad,Bengaluru,2024-07-28,BR013,branch,42,65295,salaried_private,372,0.586,2,12,personal,1161000,60
LP003654,APP903918,Sandeep Chauhan,Ahmedabad,2023-03-18,BR007,branch,40,83504,self_employed_professional,652,0.2892,0,2,personal,693000,36
LP003655,APP900006,Aniket Bhat,Vadodara,2024-05-06,BR037,online,23,243760, contract,695,0.3349,1,0,gold,1000000,18
LP003656,APP901418,Kavya Bose, Indore,2024-07-25,BR010,branch,33,239561,salaried_private,652,0.1495,0,1,personal,1500000,60
LP003657,APP900469,Siddharth Sinha,Madurai,2023-09-29,BR015,branch,37,51522, CONTRACT ,604,0.3035,1,2,vehicle,755000,84
LP003658,APP900832,Pooja Bose,Madurai,2025-05-23,BR027,online,35,60214,salaried_government,675,0.5477,2,0,personal,441000,24
LP003659,APP902021,Sandeep Joshi,Indore,2024-04-24,BR027,branch,54,85029,salaried_private,715,0.474,0,0,vehicle,1251000,36
LP003660,APP903842,Meera Joshi,Chennai,2023-11-12,BR017,online,38,295643,self_employed_professional,641,0.2271,1,2,personal,1500000,60
LP003661,APP900714,Deepika Banerjee,Chennai ,2024-06-16,BR034,online,59,17898,contract,623,0.7755,3,2,personal,351000,60
LP003662,APP903402,Gayathri Malhotra,Kolkata,2024-01-14,BR016,partner_referral,29,168636,self_employed_professional,514,0.3656,1,6,gold,1000000,24
LP003663,APP903838,Neha Hegde,Nagpur,2024-11-05,BR006,online,38,15805,self_employed_professional,703,0.3878,0,1,gold,131000,24
LP003664,APP903730,Ishaan Reddy,Bengaluru,2023-12-25,BR033,partner_referral,35,45895,self_employed_professional,538,0.6562,4,7,home,1536000,300
LP003665,APP901776,Gayathri Kulkarni,Delhi,2024-07-31,BR038,branch,40,30318,salaried_private,566,0.3982,1,2,personal,284000,36
LP003666,APP900593,Deepika Chauhan,Lucknow,2024-10-16,BR011,online,43,116113,contract,617,0.4356,1,1,personal,1500000,60
LP003667,APP900594,Kavya Patel, Bhopal,2024-07-09,BR028,online,43,129657,contract,638,0.4866,2,1,home,4869000,240
LP003668,APP903186,Arjun Gowda,Nashik,2023-08-16,BR003,partner_referral,54,143028,self_employed_business,651,0.6598,1,0,home,9307000,300
LP003669,APP901116,Vinay Shah,Kolkata,2024-10-16,BR040,online,28,30593,salaried_private,757,0.5241,0,0,personal,178000,12
LP003670,APP903663,Saanvi Gowda,Surat,2024-11-27,BR033,branch,34,296613,self_employed_professional,719,0.3975,0,1,home,15000000,360
LP003671,APP902427,Sneha Banerjee,Visakhapatnam ,2024-06-01,BR012,branch,31,40256,self_employed_business,590,0.3774,0,3,vehicle,706000,60
LP003672,APP903782,Bhavana Malhotra,Bhopal,2024-01-08,BR004,branch,36,68921,self_employed_professional,630,0.5344,0,3,home,4446000,360
LP003673,APP902329,Anjali Mukherjee,Vadodara,2023-09-24,BR028,online,29,91453,self_employed_business,736,0.2793,0,1,personal,923000,48
LP003674,APP902328,Ishaan Rao,Delhi ,2025-03-28,BR019,partner_referral,29,85797,self_employed_business,839,0.4738,1,0,home,2801000,120
LP003675,APP903376,Vinay Chauhan, Bengaluru,2024-09-18,BR039,branch,28,46551,self_employed_professional,657,0.454,0,0,vehicle,658000,36
LP003676,APP901271,Lakshmi Patel,Ludhiana,2025-06-14,BR025,online,30,66451,salaried_private,712,0.376,0,0,gold,533000,24
LP003677,APP903212,Reyansh Pillai,Visakhapatnam,2023-03-14,BR031,branch,59,33674,self_employed_business,444,0.6441,1,6,vehicle,844000,60
LP003678,APP901958,Rahul Patel,Delhi,2023-09-05,BR001,branch,47,33177,salaried_private,673,0.3701,1,2,personal,200000,24
LP003679,APP902446,Praveen Verma,Jaipur,2023-03-07,BR036,partner_referral,31,63847, self_employed_business,673,0.4332,0,1,personal,1159000,60
LP003680,APP901421,Shreya Sharma,Surat,2025-04-30,BR033,branch,33,28988,salaried_private,599,0.5176,2,3,personal,293000,48
LP003681,APP900015,Yash Subramanian,Kochi,2023-03-02,BR009,branch,24,44760,contract,839,0.6209,1,1,gold,386000,18
LP003682,APP902329,Anjali Mukherjee,Vadodara,2024-09-06,BR028,branch,29,91217,self_employed_business,314,0.4004,0,12,vehicle,2105000,84
LP003683,APP900526,Meera Krishnan,Pune,2024-06-11,BR008,online,39,43726,contract,621,0.2535,0,2,gold,335000,36
LP003684,APP902457,Diya Subramanian,Visakhapatnam ,2023-12-06,BR019,online,31,79044,self_employed_business,718,0.3999,0,0,vehicle,984000,36
LP003685,APP903779,Nandini Bose,Bhopal,2024-11-15,BR023,branch,36,64535, self_employed_professional,485,0.7598,1,7,personal,1318000,36
LP003686,APP903179,Aniket Kulkarni,Bengaluru,2023-08-22,BR009,partner_referral,53,30596,self_employed_business,612,0.5006,1,1,home,1500000,240
LP003687,APP900907,Bhavana Prasad,Madurai,2025-05-02,BR008,direct_sales_agent,46,197808,salaried_government,695,0.4513,1,1,home,7667000,180
LP003688,APP900043,Sneha Krishnan,Coimbatore,2024-08-19,BR038,branch,25,63399,contract,792,0.698,2,0,home,4132000,300
LP003689,APP901446,Shreya Verma,Lucknow,2025-04-15,BR011,direct_sales_agent,33,64738,salaried_private,611,0.2849,0,2,gold,107000,6
LP003690,APP901496,Neha Bhat,Nagpur,2024-05-04,BR011,online,34,49130,salaried_private,700,0.4451,2,1,gold,284000,24
LP003691,APP902475,Vikram Pillai,Nashik,2024-09-01,BR029,online,32,135140,self_employed_business,838,0.3222,1,0,vehicle,1826000,60
LP003692,APP901973,Diya Pillai,Surat,2023-02-28,BR040,online,48,44339,salaried_private ,681,0.3768,0,0,gold,274000,18
LP003693,APP903170,Diya Hegde,Delhi,2024-01-16,BR009,partner_referral,51,88210,self_employed_business,663,0.3305,1,1,gold,688000,36
LP003694,APP902411,Rahul Chatterjee,Tirunelveli,2024-08-26,BR006,online,31,113263,self_employed_business,794,0.5016,1,0,vehicle,2500000,60
LP003695,APP902819,Nandini Naidu,Ahmedabad,2023-01-04,BR013,online,37,58464,self_employed_business,688,0.4436,1,1,personal,403000,24
LP003696,APP900878,Siddharth Bose,Surat,2024-01-07,BR011,online,41,40564,salaried_government,664,0.1443,0,2,gold,125000,24
LP003697,APP903740,Neha Verma,Rajkot,2024-06-12,BR015,branch,35,63850,self_employed_professional,747,0.4873,1,0,personal,585000,24
LP003698,APP903121,Neha Hegde,Chennai,2025-05-02,BR033,partner_referral,47,27928,self_employed_business,677,0.3047,0,2,gold,258000,36
LP003699,APP901309,Rahul Prasad, Kolkata,2023-12-21,BR018,online,31,43980,salaried_private,752,0.5064,0,0,gold,367000,18
LP003700,APP900693,Aarav Kapoor,Hyderabad,2023-09-30,BR037,partner_referral,52,112704,Contract,506,0.5938,1,3,home,6974000,360
LP003701,APP903459,Ritika Hegde,Lucknow,2025-06-25,BR028,branch,30,37031,self_employed_professional,712,0.4821,1,1,vehicle,567000,48
LP003702,APP902429,Aditya Subramanian,Madurai,2023-04-28,BR011,online,31,40835,self_employed_business,472,0.6195,1,3,gold,128000,6
LP003703,APP903584,Kavya Patel,Nagpur,2025-05-01,BR029,branch,32,62019, SELF_EMPLOYED_PROFESSIONAL ,709,0.5659,1,0,home,3302000,300
LP003704,APP902014,Lakshmi Gowda,Mysuru,2025-01-13,BR029,online,53,75658,salaried_private,696,0.3063,0,0,gold,494000,24
LP003705,APP902589,Diya Gowda,Chennai,2024-01-08,BR006,branch,33,83645,self_employed_business,485,0.6747,2,6,personal,1364000,48
LP003706,APP901244,Bhavana Reddy,Madurai,2023-03-24,BR035,branch,30,17415,salaried_private,559,0.489,1,5,vehicle,154000,24
LP003707,APP902336,Meera Menon,Ludhiana,2023-02-04,BR040,online,29,99526,self_employed_business,481,0.4846,1,2,personal,1207000,36
LP003708,APP901286,Pooja Pillai,Vadodara,2023-02-09,BR015,online,31,126334,salaried_private,549,0.5604,0,1,home,8123000,300
LP003709,APP901291,Kavya Kapoor,Rajkot,2024-07-29,BR036,branch,31,160766, SALARIED_PRIVATE ,629,0.6163,3,0,gold,1000000,18
LP003710,APP900517,Siddharth Verma,Rajkot,2024-12-26,BR039,online,39,124519,contract,679,0.6352,3,1,vehicle,1829000,48
LP003711,APP903219,Priya Patel,Kolkata,2024-11-21,BR015,online,60,26385,self_employed_business,529,0.8302,2,2,personal,498000,36
LP003712,APP901205,Shreya Prasad,Hyderabad,2024-07-28,BR018,branch,29,50900,SALARIED_PRIVATE,798,0.3365,1,0,gold,427000,36
LP003713,APP903539,Vivaan Hegde,Pune,2024-10-29,BR024,branch,31,783343,self_employed_professional,628,0.2256,2,1,personal,1500000,36
LP003714,APP900261,Aniket Subramanian,Tirunelveli,2023-01-15,BR021,branch,32,118072,contract,762,0.5509,0,1,home,7435000,240
LP003715,APP902099,Sneha Kulkarni,Mumbai,2023-04-07,BR038,partner_referral,25,33066,Self_Employed_Business,639,0.6571,2,1,personal,631000,60
LP003716,APP903494,Pooja Varma,Tirunelveli,2023-02-06,BR039,branch,31,124069,self_employed_professional,675,0.5134,0,3,home,7818000,360
LP003717,APP901449,Arjun Nair,Pune,2025-05-18,BR006,branch,33,71516,salaried_private,738,0.8761,2,0,vehicle,1889000,48
LP003718,APP903192,Yash Gowda,Surat,2023-01-28,BR007,online,54,93389,self_employed_business,473,0.6039,2,3,personal,1500000,60
LP003719,APP903408,Yash Kulkarni,Lucknow,2024-01-03,BR026,branch,29,22003,Self_Employed_Professional,767,0.95,1,0,personal,366000,12
LP003720,APP903562,Swathi Ramesh,Chennai,2024-11-02,BR034,online,32,33093,self_employed_professional,807,0.5158,1,0,vehicle,298000,24
LP003721,APP902461,Harsha Nair,Kanpur,2025-03-18,BR027,branch,31,88616,self_employed_business,664,0.4977,1,1,vehicle,2437000,84
LP003722,APP900043,Sneha Krishnan,Coimbatore,2023-08-31,BR038,online,25,66613,contract,673,0.2779,0,0,personal,532000,36
LP003723,APP903786,Saanvi Pillai,Rajkot,2024-02-17,BR014,online,36,82790,self_employed_professional,717,0.5031,0,0,personal,1500000,48
LP003724,APP902161,Shreya Prasad,Ludhiana,2023-06-30,BR027,branch,26,76423,self_employed_business,619,0.4583,1,3,home,2768000,240
LP003725,APP903685,Priya Shah,Madurai,2024-07-16,BR016,online,34,72981,self_employed_professional,803,0.3881,2,0,gold,330000,18
LP003726,APP900748,Nikhil Iyer,Kanpur,2025-04-23,BR032,branch,26,63023,salaried_government,404,0.3764,1,7,gold,343000,24
LP003727,APP900589,Shreya Banerjee,Delhi,2024-10-04,BR011,branch,42,63393,contract,681,0.4715,0,1,vehicle,1814000,84
LP003728,APP902064,Aditya Menon,Rajkot,2025-02-26,BR018,partner_referral,23,37103,self_employed_business,703,0.6259,2,1,vehicle,575000,36
LP003729,APP903428,Bhavana Kulkarni,Delhi,2025-05-10,BR039,branch,29,68528,self_employed_professional,743,0.4431,0,0,home,3040000,180
LP003730,APP904081,Krishna Pillai,Indore,2025-03-03,BR002,branch,49,16846,self_employed_professional,710,0.3432,1,3,gold,152000,36
LP003731,APP901149,Aarav Menon,Pune,2023-03-29,BR021,branch,28,84434,salaried_private,552,0.5577,0,3,personal,961000,24
LP003732,APP900092,Anjali Banerjee,Bhopal,2024-04-25,BR022,partner_referral,27,81027,contract,682,0.5394,1,1,personal,716000,24
LP003733,APP903738,Priya Kapoor,Coimbatore,2025-04-13,BR033,partner_referral,35,60154,self_employed_professional,744,0.4715,1,1,gold,273000,12
LP003734,APP900087,Vivaan Patel,Ludhiana,2024-11-11,BR004,partner_referral,27,51866,contract,781,0.2624,1,0,personal,333000,48
LP003735,APP902003,Saanvi Sharma,Ahmedabad,2023-04-17,BR019,branch,52,67255,salaried_private,603,0.5696,2,2,home,3257000,240
LP003736,APP903589,Rahul Patel,Kochi,2024-02-23,BR029,online,32,69183, SELF_EMPLOYED_PROFESSIONAL ,610,0.5484,1,1,home,4077000,300
LP003737,APP902444,Siddharth Kapoor,Kanpur,2024-04-07,BR020,direct_sales_agent,31,58142,self_employed_business,645,0.2515,1,2,gold,157000,18
LP003738,APP901729,Aarav Sharma,Indore,2023-09-19,BR022,partner_referral,39,41493,salaried_private,820,0.3209,0,0,gold,286000,24
LP003739,APP901175,Rohan Rao,Ludhiana,2025-03-07,BR016,online,29,240555, salaried_private,387,0.5149,1,5,gold,585000,6
LP003740,APP901710,Yash Shah,Vadodara,2024-08-15,BR033,branch,39,123494,salaried_private,548,0.726,2,2,home,8262000,360
LP003741,APP901243,Deepika Malhotra,Pune,2023-04-17,BR001,online,30,168128,salaried_private,401,0.3268,0,6,home,5887000,240
LP003742,APP903496,Gayathri Reddy,Bhopal,2023-03-21,BR038,branch,31,129828,self_employed_professional,532,0.4998,1,4,home,6667000,300
LP003743,APP900177,Priya Joshi,Vadodara,2024-09-13,BR034,online,30,113110,contract,728,0.4948,0,2,home,6819000,300
LP003744,APP902307,Arjun Joshi,Bengaluru,2025-06-03,BR020,branch,29,50779,self_employed_business,622,0.4097,1,0,personal,714000,60
LP003745,APP902651,Vikram Gowda,Surat,2025-01-23,BR032,online,34,74585,self_employed_business,714,0.8072,1,3,vehicle,1585000,36
LP003746,APP900640,Rohan Malhotra,Nagpur,2024-07-20,BR001,branch,46,72409,contract,356,0.4806,1,6,personal,898000,36
LP003747,APP902607,Diya Shah,Vadodara,2024-05-02,BR005,online,34,12957,self_employed_business,508,0.95,1,5,home,1500000,240
LP003748,APP902291,Swathi Varma,Jaipur,2023-10-29,BR021,branch,29,36370,self_employed_business,623,0.4279,2,3,gold,54000,6
LP003749,APP901695,Meera Shah,Bengaluru,2025-01-25,BR018,online,38,65878,salaried_private,695,0.5011,0,0,personal,1390000,60
LP003750,APP901406,Rahul Verma,Bhopal,2023-05-14,BR023,online,33,114820,salaried_private,550,0.5437,1,3,home,6438000,360
LP003751,APP900013,Sneha Patel,Bengaluru,2025-04-11,BR020,partner_referral,24,20900,contract,632,0.3601,1,2,gold,162000,36
LP003752,APP902577,Gayathri Prasad,Coimbatore,2023-07-06,BR014,branch,33,60996,self_employed_business,691,0.4693,3,0,personal,552000,48
LP003753,APP900523,Bhavana Kulkarni,Kolkata,2024-08-30,BR032,branch,39,26975,contract,743,0.7674,3,0,vehicle,649000,60
LP003754,APP903812,Aniket Ramesh,Kanpur,2023-04-30,BR001,online,37,48207,self_employed_professional,575,0.4733,3,3,home,1602000,240
LP003755,APP902234,Diya Patel,Surat,2023-12-21,BR009,online,28,31858,self_employed_business,552,0.7153,2,1,vehicle,869000,60
LP003756,APP903923,Sneha Malhotra,Mumbai,2024-09-17,BR002,branch,40,96315,self_employed_professional,662,0.4633,2,2,home,3266000,300
LP003757,APP902782,Aditya Nair,Chennai,2023-09-30,BR031,partner_referral,37,112746,self_employed_business,471,0.2849,0,5,gold,186000,6
LP003758,APP900082,Aadhya Gowda,Delhi,2024-06-14,BR005,direct_sales_agent,27,31418,contract,615,0.6896,2,5,vehicle,327000,24
LP003759,APP904001,Karthik Chauhan,Nashik,2024-11-01,BR002,online,44,113939,self_employed_professional,841,0.55,0,0,personal,698000,12
LP003760,APP900031,Vikram Menon,Ludhiana,2025-01-03,BR026,online,25,167300,contract,554,0.3854,1,3,personal,1500000,36
LP003761,APP901010,Kavya Chatterjee,Visakhapatnam,2024-09-04,BR006,branch,26,27344,salaried_private,578,0.4589,2,2,gold,228000,36
LP003762,APP902864,Rahul Pillai,Mysuru,2024-02-09,BR018,branch,38,44885,self_employed_business,704,0.4079,1,1,personal,418000,36
LP003763,APP901444,Diya Shah,Vadodara,2023-11-01,BR012,partner_referral,33,59862,salaried_private,585,0.5818,1,5,personal,1016000,48
LP003764,APP900321,Reyansh Chatterjee,Nagpur,2024-06-16,BR031,direct_sales_agent,33,36324,contract,671,0.4664,2,0,gold,318000,36
LP003765,APP902946,Kavya Kapoor,Nashik,2023-08-20,BR003,online,40,47461,self_employed_business,463,0.8779,0,2,vehicle,896000,24
LP003766,APP900602,Lakshmi Shah,Mumbai,2025-06-20,BR025,branch,43,82383,contract,585,0.4249,0,0,home,3910000,240
LP003767,APP902355,Diya Patel,Kanpur,2023-10-18,BR018,partner_referral,30,31216,self_employed_business,826,0.4976,0,1,personal,665000,60
LP003768,APP902856,Neha Naidu,Vadodara,2023-10-26,BR026,online,38,27315,self_employed_business,639,0.6002,1,2,personal,568000,60
LP003769,APP901006,Rahul Gowda,Lucknow,2024-03-05,BR009,branch,26,145262,salaried_private,363,0.6717,5,7,personal,1500000,60
LP003770,APP900144,Diya Verma,Kolkata,2024-08-23,BR021,branch,29,110341,contract,591,0.5773,1,2,home,5323000,240
LP003771,APP900832,Pooja Bose,Madurai,2023-08-22,BR027,branch,35,57515,salaried_government,671,0.4232,0,0,gold,518000,24
LP003772,APP901695,Meera Shah,Bengaluru,2024-03-14,BR018,online,38,72751,salaried_private,523,0.9383,1,5,vehicle,669000,12
LP003773,APP902372,Aadhya Bose,Delhi,2023-01-05,BR001,branch,30,50585,self_employed_business,594,0.4045,2,1,gold,240000,24
LP003774,APP902359,Nandini Sinha,Nashik,2024-04-24,BR001,online,30,35475,self_employed_business,625,0.6936,2,1,home,1945000,240
LP003775,APP902868,Praveen Kulkarni,Jaipur,2023-11-11,BR007,partner_referral,38,64030,self_employed_business,535,0.6796,3,2,vehicle,1855000,84
LP003776,APP901448,Praveen Bose,Jaipur,2024-04-07,BR001,online,33,70544,salaried_private,803,0.5087,1,0,vehicle,898000,36
LP003777,APP901158,Bhavana Joshi,Surat,2023-08-11,BR015,online,29,114482, salaried_private,607,0.6919,0,0,home,6174000,120
LP003778,APP900124,Priya Ramesh,Ahmedabad ,2024-10-19,BR006,branch,28,63607,contract,727,0.5228,2,0,vehicle,426000,24
LP003779,APP903920,Harsha Kulkarni,Ludhiana,2025-03-14,BR021,partner_referral,40,87956,Self_Employed_Professional,623,0.4232,1,0,vehicle,1161000,48
LP003780,APP903178,Ishaan Mukherjee,Delhi,2025-06-23,BR017,branch,53,29188,self_employed_business,808,0.6338,1,1,personal,340000,24
LP003781,APP903619,Swathi Malhotra,Madurai,2024-05-01,BR028,branch,33,32441,self_employed_professional,789,0.4817,1,0,gold,247000,24
LP003782,APP903914,Vikram Shah,Surat,2023-01-23,BR023,branch,40,65934,self_employed_professional,707,0.5207,1,1,personal,1149000,60
LP003783,APP900999,Vivaan Kapoor,Mumbai ,2025-06-29,BR007,branch,25,81796, SALARIED_PRIVATE ,649,0.5874,1,2,home,4895000,360
LP003784,APP900147,Yash Hegde,Visakhapatnam,2025-03-04,BR001,branch,29,130045,contract,703,0.3529,1,0,vehicle,1131000,36
LP003785,APP902538,Arjun Joshi,Visakhapatnam,2024-11-13,BR008,branch,33,114320,self_employed_business,521,0.3214,0,2,personal,1500000,60
LP003786,APP902353,Shreya Mukherjee,Rajkot,2024-06-24,BR006,direct_sales_agent,30,27967,self_employed_business,594,0.5295,3,2,personal,259000,36
LP003787,APP903131,Yash Naidu,Chennai,2023-11-25,BR040,branch,47,86215,self_employed_business,683,0.5522,0,2,home,5819000,300
LP003788,APP901464,Manoj Sinha,Vadodara,2024-06-08,BR013,online,34,123682,salaried_private ,495,0.2519,0,6,home,3810000,360
LP003789,APP904111,Rahul Banerjee,Bengaluru,2023-04-21,BR023,branch,53,84731,self_employed_professional,685,0.7206,2,1,vehicle,2294000,60
LP003790,APP903607,Vivaan Chauhan,Chennai,2023-11-06,BR010,branch,33,160824,self_employed_professional,577,0.3493,0,3,home,6754000,300
LP003791,APP900605,Nikhil Mukherjee,Kochi,2025-05-06,BR027,branch,44,112857,contract,527,0.6459,2,2,vehicle,2144000,48
LP003792,APP901814,Harsha Sinha,Ahmedabad,2024-09-17,BR002,branch,41,53485,salaried_private,698,0.4143,0,2,personal,636000,36
LP003793,APP900189,Bhavana Kulkarni,Bhopal ,2024-10-20,BR018,partner_referral,30,38323,contract,575,0.3795,1,3,personal,220000,24
LP003794,APP901820,Vikram Naidu,Delhi,2025-02-10,BR040,partner_referral,41,79027,salaried_private,568,0.3235,1,3,gold,502000,36
LP003795,APP901922,Ritika Krishnan,Delhi,2024-10-20,BR015,branch,45,78019,salaried_private,631,0.6456,1,3,vehicle,1770000,48
LP003796,APP901627,Manoj Prasad,Coimbatore,2024-10-08,BR021,partner_referral,37,151678,salaried_private,557,0.4014,0,2,gold,1000000,18
LP003797,APP903611,Swathi Subramanian,Kanpur,2025-04-16,BR005,branch,33,21359,self_employed_professional,743,0.5869,1,0,personal,426000,60
LP003798,APP900336,Aadhya Shah,Nashik,2024-05-25,BR036,online,33,79117,contract,641,0.5357,0,1,vehicle,1980000,60
LP003799,APP900397,Sandeep Bose,Indore,2023-01-03,BR021,branch,35,42004,contract,641,0.6023,1,1,gold,245000,12
LP003800,APP901805,Aadhya Mukherjee,Mysuru,2024-02-16,BR032,partner_referral,41,22866,salaried_private,804,0.5845,2,0,personal,446000,60
LP003801,APP900505,Reyansh Bose,Lucknow,2023-09-05,BR034,branch,38,38594,contract ,792,0.2008,0,0,gold,166000,24
LP003802,APP904062,Vikram Hegde,Bengaluru,2024-11-28,BR023,online,48,104927,self_employed_professional,604,0.5015,0,2,personal,1500000,36
LP003803,APP900565,Nandini Kulkarni,Madurai,2024-07-13,BR025,branch,41,30913,contract,300,0.1299,0,9,gold,45000,12
LP003804,APP903550,Rohan Prasad,Visakhapatnam,2024-02-08,BR007,online,32,124331,self_employed_professional,667,0.6052,0,1,home,8916000,300
LP003805,APP901615,Ritika Banerjee,Kolkata ,2024-02-28,BR008,branch,36,85396,salaried_private,563,0.4617,1,4,home,3352000,300
LP003806,APP900891,Neha Patel,Tirunelveli,2024-09-17,BR006,online,42,53836,salaried_government,655,0.4338,1,3,gold,122000,6
LP003807,APP903412,Harsha Joshi, Visakhapatnam,2024-10-19,BR038,branch,29,32393,self_employed_professional,734,0.4509,1,0,gold,119000,12
LP003808,APP902280,Ananya Kapoor,Nashik,2023-03-21,BR034,direct_sales_agent,29,159893,self_employed_business,583,0.5315,1,2,personal,1500000,24
LP003809,APP900847,Ishaan Kapoor,Chennai,2023-12-10,BR023,partner_referral,36,73642,salaried_government,664,0.2984,0,1,gold,662000,36
LP003810,APP903698,Krishna Verma,Ahmedabad,2023-11-17,BR037,branch,35,108155,self_employed_professional,615,0.6796,1,0,home,7643000,300
LP003811,APP900086,Aniket Kapoor,Visakhapatnam,2024-03-16,BR023,branch,27,50233,contract,609,0.44,0,0,home,2187000,180
LP003812,APP901106,Vinay Shah,Nagpur,2025-05-28,BR030,partner_referral,28,209165,salaried_private,646,0.433,1,2,vehicle,2184000,36
LP003813,APP902883,Nandini Iyer,Kolkata,2023-09-19,BR016,branch,39,177327,self_employed_business,705,0.4204,0,2,home,9105000,300
LP003814,APP903432,Pooja Gowda,Coimbatore,2024-10-16,BR002,branch,29,81510,self_employed_professional,300,0.505,0,12,home,4292000,240
LP003815,APP901197,Lakshmi Varma,Indore,2024-06-19,BR010,branch,29,41848, salaried_private,723,0.5035,0,0,gold,238000,12
LP003816,APP902682,Vinay Krishnan,Vadodara,2023-03-05,BR037,online,35,26980,self_employed_business,522,0.3168,0,1,gold,140000,18
LP003817,APP903629,Vivaan Verma,Nashik,2025-05-27,BR014,online,33,51435,self_employed_professional,726,0.5425,1,0,vehicle,1206000,60
LP003818,APP903906,Aditya Bose,Surat,2024-10-13,BR037,branch,40,35282,self_employed_professional,667,0.5737,0,0,home,2489000,360
LP003819,APP902930,Aarav Menon,Surat,2024-01-19,BR017,online,40,152211,self_employed_business,670,0.5375,0,2,home,9962000,360
LP003820,APP902112,Divya Iyer,Nashik,2024-09-29,BR005,online,25,52722,Self_Employed_Business,729,0.4642,2,0,personal,376000,36
LP003821,APP900253,Siddharth Chatterjee,Lucknow,2024-03-17,BR031,partner_referral,31,85169,contract,685,0.5961,1,1,personal,1500000,48
LP003822,APP903258,Lakshmi Patel,Bhopal,2023-12-12,BR035,direct_sales_agent,24,89651,self_employed_professional,663,0.4822,1,1,home,4232000,300
LP003823,APP903544,Siddharth Iyer,Nagpur,2023-09-15,BR031,branch,31,96405,self_employed_professional,700,0.3494,0,2,gold,381000,12
LP003824,APP900477,Ritika Nair,Kolkata,2023-01-28,BR015,partner_referral,37,69474,contract,450,0.3636,0,5,home,2754000,240
LP003825,APP902962,Anjali Shah,Kolkata,2024-01-04,BR018,branch,40,74624,self_employed_business,625,0.4387,1,1,home,2875000,240
LP003826,APP903503,Ananya Krishnan,Hyderabad,2023-07-29,BR019,partner_referral,31,20450,self_employed_professional,436,0.5341,1,6,personal,325000,48
LP003827,APP900823,Swathi Subramanian,Visakhapatnam ,2023-04-06,BR028,online,34,60344,SALARIED_GOVERNMENT,526,0.2095,0,4,gold,268000,24
LP003828,APP902207,Vivaan Menon, Ahmedabad,2023-05-17,BR009,branch,27,79707,self_employed_business,700,0.6603,2,1,personal,1500000,48
LP003829,APP902589,Diya Gowda,Chennai,2024-11-20,BR006,online,33,81929,self_employed_business,730,0.4055,0,1,home,4200000,360
LP003830,APP900287,Gayathri Chauhan,Madurai,2024-06-20,BR010,branch,32,57648,contract,734,0.4134,1,0,home,2374000,300
LP003831,APP900170,Gayathri Kulkarni,Kolkata,2024-01-03,BR024,direct_sales_agent,29,90265,contract,672,0.4762,1,0,vehicle,2358000,84
LP003832,APP901925,Saanvi Varma,Chennai,2025-04-22,BR013,branch,45,82156,salaried_private,628,0.9244,0,1,personal,839000,12
LP003833,APP902692,Vinay Bose,Kanpur,2025-01-12,BR017,partner_referral,35,46126,self_employed_business,669,0.5285,2,0,personal,321000,24
LP003834,APP901582,Nikhil Bose,Nashik,2024-07-19,BR017,branch,36,18200,salaried_private,300,0.4298,0,12,vehicle,298000,48
LP003835,APP902009,Sneha Hegde,Mumbai,2024-08-15,BR032,partner_referral,53,313579,Salaried_Private,648,0.5419,2,0,personal,1244000,12
LP003836,APP902074,Siddharth Sinha,Visakhapatnam,2023-05-03,BR034,partner_referral,24,45685,self_employed_business,709,0.6459,2,0,vehicle,1112000,84
LP003837,APP901500,Harsha Desai,Pune,2024-08-14,BR011,partner_referral,34,55745,salaried_private,718,0.5045,1,1,vehicle,767000,36
LP003838,APP902701,Divya Subramanian,Jaipur,2024-02-19,BR040,online,35,56370,self_employed_business,507,0.3612,2,7,personal,275000,36
LP003839,APP900059,Lakshmi Krishnan,Mysuru ,2023-06-30,BR008,online,26,44695,contract,792,0.4581,2,0,personal,535000,48
LP003840,APP900227,Meera Bhat,Nashik,2024-10-19,BR021,branch,31,41017,contract,785,0.306,0,0,gold,73000,6
LP003841,APP900475,Sneha Patel,Ludhiana,2023-11-25,BR020,direct_sales_agent,37,63518,contract,673,0.5563,1,0,personal,1145000,60
LP003842,APP903574,Yash Patel,Madurai,2025-04-02,BR002,online,32,44583,self_employed_professional,607,0.6313,2,4,personal,872000,60
LP003843,APP900756,Shreya Gowda,Visakhapatnam,2025-06-20,BR026,partner_referral,27,44612,salaried_government,649,0.4468,0,1,personal,410000,24
LP003844,APP900247,Ritika Iyer,Kochi,2023-07-03,BR023,branch,31,69925,contract,561,0.5756,2,4,personal,506000,24
LP003845,APP902513,Sneha Chatterjee,Jaipur,2024-05-15,BR002,branch,32,62219,self_employed_business,549,0.3179,2,3,gold,111000,12
LP003846,APP902851,Rohan Reddy,Bengaluru ,2025-03-21,BR002,branch,38,21512,self_employed_business,377,0.4174,0,9,personal,309000,48
LP003847,APP902387,Reyansh Gowda,Visakhapatnam,2023-06-09,BR026,branch,30,63502,self_employed_business,566,0.5961,0,2,vehicle,1477000,48
LP003848,APP900781,Pooja Shah,Kolkata,2024-05-10,BR013,branch,30,180788,salaried_government,673,0.3004,1,0,personal,1500000,48
LP003849,APP901608,Reyansh Patel,Hyderabad,2024-12-31,BR038,online,36,60087,Salaried_Private,605,0.5073,0,3,home,3670000,360
LP003850,APP903893,Vivaan Bhat,Nagpur,2025-02-18,BR010,partner_referral,40,118035,self_employed_professional,652,0.3185,1,2,home,3552000,300
LP003851,APP902248,Aadhya Chauhan,Visakhapatnam,2023-07-20,BR009,direct_sales_agent,28,57807,SELF_EMPLOYED_BUSINESS,546,0.5445,0,4,personal,1110000,48
LP003852,APP903768,Aditya Prasad,Nagpur,2025-01-25,BR024,online,36,42050,self_employed_professional,536,0.3509,0,2,personal,521000,48
LP003853,APP901144,Harsha Banerjee,Kolkata,2023-11-01,BR028,partner_referral,28,66798,salaried_private,608,0.4239,1,1,gold,368000,18
LP003854,APP903331,Swathi Reddy,Ahmedabad,2024-06-13,BR026,partner_referral,27,32202,self_employed_professional,614,0.3795,1,2,personal,202000,24
LP003855,APP901791,Deepika Shah,Kolkata,2023-04-08,BR014,online,40,64919,salaried_private,612,0.4569,0,1,vehicle,1388000,60
LP003856,APP903029,Diya Reddy,Rajkot,2024-12-27,BR004,branch,43,141101,self_employed_business,693,0.3647,1,1,personal,1500000,60
LP003857,APP900874,Harsha Varma,Visakhapatnam,2023-07-17,BR037,branch,40,59824,salaried_government,525,0.3866,0,3,vehicle,1364000,84
LP003858,APP902671,Pooja Menon,Mysuru,2023-02-02,BR012,direct_sales_agent,35,115005,self_employed_business,581,0.4703,1,2,gold,242000,6
LP003859,APP900738,Yash Joshi,Bhopal,2024-05-23,BR012,direct_sales_agent,25,55286,salaried_government,794,0.593,1,0,home,3540000,300
LP003860,APP902451,Arjun Desai,Ahmedabad,2023-04-01,BR030,online,31,67246,self_employed_business,761,0.5494,1,1,vehicle,1061000,36
LP003861,APP902603,Gayathri Chatterjee,Coimbatore,2023-02-25,BR022,partner_referral,34,111141,SELF_EMPLOYED_BUSINESS,341,0.3132,1,10,gold,528000,24
LP003862,APP900275,Divya Rao,Nashik,2023-11-19,BR030,direct_sales_agent,32,27589,Contract,560,0.4049,0,3,personal,393000,48
LP003863,APP903477,Ishaan Hegde,Vadodara,2024-04-17,BR040,branch,30,69979,self_employed_professional,536,0.4608,3,6,gold,97000,6
LP003864,APP901250,Karthik Kapoor,Coimbatore,2024-01-26,BR010,branch,30,28878,SALARIED_PRIVATE,754,0.7358,2,0,personal,166000,12
LP003865,APP901253,Diya Bhat,Mumbai,2023-05-13,BR040,branch,30,31594,salaried_private,535,0.6143,1,1,home,1934000,360
LP003866,APP900429,Nikhil Desai,Chennai,2025-04-07,BR009,online,36,26990,contract,721,0.3832,0,1,personal,373000,48
LP003867,APP902072,Sneha Krishnan,Madurai,2024-08-12,BR007,online,24,368783,self_employed_business,646,0.3291,0,1,home,13215000,240
LP003868,APP900957,Vivaan Chauhan,Pune,2023-01-29,BR010,branch,24,172738,salaried_private,811,0.3873,0,0,vehicle,2081000,36
LP003869,APP903821,Swathi Menon,Coimbatore,2025-05-29,BR002,online,37,64867,self_employed_professional,770,0.3339,1,2,gold,101000,6
LP003870,APP902187,Harsha Patel,Nagpur,2023-04-18,BR036,online,27,46976,self_employed_business,746,0.1868,0,0,gold,267000,36
LP003871,APP903425,Nikhil Kapoor,Mysuru ,2023-07-07,BR017,branch,29,63484,self_employed_professional,512,0.6785,0,4,vehicle,489000,12
LP003872,APP903990,Swathi Verma, Visakhapatnam,2024-06-06,BR016,branch,43,62840,self_employed_professional,661,0.4461,1,0,personal,278000,12
LP003873,APP900817,Rohan Rao,Nagpur,2024-05-08,BR019,branch,33,70827,salaried_government,739,0.3802,0,1,personal,1148000,60
LP003874,APP902380,Ritika Sharma,Chennai,2024-11-17,BR038,partner_referral,30,57671,self_employed_business,589,0.4277,0,2,home,2699000,240
LP003875,APP903606,Ananya Pillai,Rajkot,2025-02-16,BR013,branch,33,152278,self_employed_professional,581,0.6062,1,2,personal,1500000,24
LP003876,APP901583,Deepika Malhotra, Kolkata,2023-01-12,BR038,direct_sales_agent,36,224834,salaried_private,730,0.3762,1,1,vehicle,2500000,48
LP003877,APP902071,Vinay Prasad,Bengaluru,2025-01-03,BR036,branch,24,144389,self_employed_business,570,0.3652,0,1,personal,1500000,36
LP003878,APP900929,Vinay Kapoor,Jaipur,2023-08-10,BR004,online,60,132350,salaried_government,767,0.4894,2,0,personal,1500000,48
LP003879,APP900365,Meera Naidu,Surat,2023-05-04,BR001,branch,34,66448,contract,509,0.5496,1,5,home,3697000,360
LP003880,APP900743,Reyansh Bhat,Nagpur,2024-03-03,BR007,online,25,77042,salaried_government,532,0.5621,1,0,personal,1500000,60
LP003881,APP902849,Deepika Menon,Chennai,2025-01-07,BR030,online,38,19549,self_employed_business,789,0.2938,1,0,gold,81000,24
LP003882,APP903907,Pooja Nair,Vadodara,2025-02-07,BR026,branch,40,38894,self_employed_professional,504,0.4418,0,7,personal,598000,48
LP003883,APP900564,Karthik Desai,Kolkata,2023-02-14,BR022,branch,41,21294,contract,658,0.4673,1,1,vehicle,467000,84
LP003884,APP904019,Deepika Shah,Tirunelveli,2024-12-29,BR018,branch,45,118139,self_employed_professional,569,0.3583,0,4,personal,1500000,48
LP003885,APP903363,Meera Menon,Tirunelveli,2024-04-16,BR013,direct_sales_agent,28,25806,self_employed_professional,593,0.6579,0,1,personal,486000,36
LP003886,APP903281,Gayathri Kapoor,Surat,2023-05-15,BR025,online,25,54158, SELF_EMPLOYED_PROFESSIONAL ,744,0.4251,2,0,home,1752000,300
LP003887,APP900284,Vikram Iyer,Vadodara,2025-06-25,BR002,partner_referral,32,55031,contract,493,0.5536,0,3,home,3232000,240
LP003888,APP902424,Reyansh Mukherjee,Chennai,2024-11-05,BR030,partner_referral,31,31445,self_employed_business,531,0.6195,1,2,home,2253000,360
LP003889,APP902051,Aarav Bose,Coimbatore,2023-12-07,BR006,direct_sales_agent,60,71218,salaried_private,735,0.2365,0,2,personal,487000,36
LP003890,APP903010,Krishna Hegde,Mysuru,2024-08-29,BR009,partner_referral,42,269103, self_employed_business,558,0.4161,0,3,home,13529000,360
LP003891,APP901368,Ishaan Bose,Nashik,2023-05-15,BR015,online,32,41532,salaried_private,643,0.6582,1,0,home,2968000,360
LP003892,APP902935,Diya Chauhan,Kolkata,2023-03-03,BR026,branch,40,26610,self_employed_business,506,0.3405,0,5,personal,316000,48
LP003893,APP901719,Nandini Sinha,Hyderabad,2024-07-18,BR007,online,39,34098,salaried_private,490,0.4392,0,4,gold,245000,18
LP003894,APP900848,Gayathri Mukherjee,Mysuru,2023-05-01,BR004,branch,36,81220,salaried_government,591,0.4667,2,1,vehicle,1192000,60
LP003895,APP903372,Praveen Bose,Nagpur,2023-11-09,BR008,branch,28,40701,self_employed_professional,514,0.3634,0,5,personal,163000,12
LP003896,APP902801,Gayathri Menon,Chennai,2023-07-03,BR024,branch,37,340965,self_employed_business,694,0.2585,1,1,gold,1000000,18
LP003897,APP903419,Praveen Reddy,Lucknow,2023-03-12,BR011,branch,29,49983,self_employed_professional,318,0.8441,1,5,personal,409000,12
LP003898,APP902817,Pooja Kulkarni,Delhi,2023-01-21,BR010,partner_referral,37,56731,self_employed_business,467,0.2531,1,5,personal,346000,36
LP003899,APP900855,Divya Krishnan, Ludhiana,2023-12-05,BR015,partner_referral,37,73474,salaried_government,644,0.1882,0,1,gold,227000,18
LP003900,APP900236,Sandeep Malhotra,Madurai,2024-01-22,BR021,branch,31,50282,contract,590,0.5316,0,1,vehicle,1046000,48
LP003901,APP901206,Nikhil Shah,Kochi,2024-09-10,BR010,online,29,52511,salaried_private,775,0.3912,1,1,home,1756000,180
LP003902,APP902163,Aadhya Menon,Indore,2024-03-24,BR015,branch,27,100781,self_employed_business,526,0.6098,0,2,personal,1252000,24
LP003903,APP903776,Priya Verma,Nashik,2025-03-26,BR021,partner_referral,36,60659,self_employed_professional,646,0.4746,0,3,personal,1031000,48
LP003904,APP900382,Meera Verma,Pune,2023-06-28,BR009,branch,35,144992,contract,532,0.6034,1,2,personal,816000,12
LP003905,APP901512,Manoj Mukherjee,Mysuru,2023-05-16,BR016,branch,34,74797,salaried_private,636,0.5495,0,0,vehicle,1621000,48
LP003906,APP901574,Swathi Chatterjee,Mumbai,2025-05-02,BR010,branch,36,117673,salaried_private,777,0.3984,0,0,vehicle,2224000,60
LP003907,APP900480,Anjali Nair,Pune,2024-09-16,BR020,branch,37,85329,contract,772,0.4833,0,1,personal,1500000,48
LP003908,APP902249,Priya Desai,Hyderabad,2024-03-30,BR011,branch,28,58490,self_employed_business,590,0.1882,0,4,gold,331000,36
LP003909,APP900775,Saanvi Verma,Jaipur,2023-09-01,BR029,online,29,42836,salaried_government ,719,0.95,3,0,vehicle,801000,24
LP003910,APP900710,Sandeep Sharma,Mysuru,2023-06-03,BR008,branch,57,53014,contract,380,0.6283,1,8,home,3397000,300
LP003911,APP900076,Manoj Ramesh,Lucknow,2023-07-28,BR004,partner_referral,27,209996,contract,511,0.4063,2,5,personal,1500000,48
LP003912,APP903796,Rahul Shah,Chennai,2025-05-11,BR018,branch,37,204272,self_employed_professional,719,0.4007,1,1,vehicle,2404000,48
LP003913,APP902846,Yash Sinha,Ludhiana,2023-03-24,BR009,branch,38,135321,self_employed_business,732,0.4472,1,0,home,5659000,300
LP003914,APP902184,Vikram Chatterjee, Lucknow,2023-11-10,BR013,direct_sales_agent,27,38484,self_employed_business,600,0.5286,1,2,personal,643000,60
LP003915,APP903078,Praveen Mukherjee,Kochi,2023-11-20,BR029,online,45,227356,self_employed_business,571,0.5709,0,2,home,15000000,300
LP003916,APP902580,Swathi Pillai,Kochi,2023-03-31,BR008,branch,33,65199,self_employed_business,740,0.3903,0,1,home,3282000,360
LP003917,APP902158,Ritika Krishnan,Surat,2024-01-21,BR033,online,26,68494,self_employed_business,500,0.8115,0,4,vehicle,1198000,24
LP003918,APP900255,Aniket Sharma,Pune,2023-11-27,BR006,online,31,98380,contract,572,0.3675,0,1,personal,1500000,60
LP003919,APP900167,Bhavana Desai,Kanpur,2025-06-09,BR003,online,29,61578,contract,471,0.4127,2,3,gold,349000,24
LP003920,APP904068,Meera Gowda,Coimbatore,2025-03-19,BR030,branch,48,53071,self_employed_professional,791,0.2915,0,0,gold,472000,36
LP003921,APP904015,Kavya Banerjee,Kolkata,2023-12-29,BR039,partner_referral,44,80715,self_employed_professional,663,0.2418,0,1,gold,220000,12
LP003922,APP903310,Siddharth Bose,Pune,2024-03-18,BR035,partner_referral,26,56284,SELF_EMPLOYED_PROFESSIONAL,690,0.5097,2,0,gold,275000,18
LP003923,APP901995,Krishna Bhat,Surat,2025-01-22,BR022,online,51,137278,salaried_private,578,0.4271,2,1,personal,1500000,48
LP003924,APP902654,Karthik Mukherjee,Rajkot,2023-04-15,BR007,partner_referral,34,77719,self_employed_business,317,0.3949,1,11,gold,651000,36
LP003925,APP903780,Kavya Naidu,Mumbai,2025-04-13,BR032,online,36,67957,self_employed_professional,843,0.2714,0,0,gold,566000,36
LP003926,APP902726,Neha Joshi,Madurai,2024-07-13,BR021,branch,36,131722,self_employed_business,713,0.2793,0,1,home,4193000,240
LP003927,APP900432,Rahul Menon,Visakhapatnam,2025-06-28,BR030,online,36,39862,contract,681,0.3159,2,0,personal,154000,24
LP003928,APP900234,Bhavana Desai,Ludhiana,2024-05-19,BR030,branch,31,49389,contract,521,0.6684,1,6,vehicle,1197000,48
LP003929,APP904082,Aadhya Kulkarni,Lucknow,2023-04-07,BR017,online,49,31835,self_employed_professional ,769,0.2035,0,1,personal,188000,36
LP003930,APP901811,Manoj Menon,Pune,2025-06-14,BR020,online,41,42929,salaried_private,651,0.2181,1,2,gold,111000,18
LP003931,APP901595,Gayathri Ramesh,Ahmedabad,2024-04-09,BR025,branch,36,47530,salaried_private,589,0.5473,1,3,vehicle,1002000,60
LP003932,APP903260,Nikhil Chatterjee,Lucknow,2023-03-06,BR030,branch,25,118704,self_employed_professional,578,0.4489,0,3,home,6713000,360
LP003933,APP903928,Ishaan Krishnan,Ahmedabad,2023-09-11,BR001,branch,41,107453,self_employed_professional,573,0.4296,1,5,personal,1500000,60
LP003934,APP900047,Pooja Nair,Bengaluru,2023-03-16,BR036,partner_referral,26,104079,contract,533,0.4713,1,6,personal,1500000,48
LP003935,APP902101,Kavya Nair,Bhopal,2024-03-21,BR026,direct_sales_agent,25,33942,self_employed_business,493,0.4666,1,5,home,1535000,240
LP003936,APP903744,Harsha Krishnan,Ahmedabad,2023-09-19,BR024,partner_referral,35,71422,self_employed_professional,699,0.6473,1,0,personal,1326000,48
LP003937,APP903531,Priya Mukherjee,Tirunelveli,2025-05-28,BR037,online,31,65071,self_employed_professional,533,0.5856,1,2,home,3820000,360
LP003938,APP903857,Vivaan Malhotra,Hyderabad,2023-10-30,BR012,online,38,65756,self_employed_professional,623,0.3255,1,1,gold,220000,18
LP003939,APP901937,Lakshmi Kulkarni,Surat,2023-08-07,BR040,partner_referral,46,56245,salaried_private,533,0.526,1,3,personal,1080000,60
LP003940,APP900309,Siddharth Verma,Ahmedabad,2024-04-07,BR004,branch,33,126260,contract,733,0.4382,1,0,personal,1404000,36
LP003941,APP901367,Nandini Prasad,Tirunelveli,2023-07-07,BR012,branch,32,41313, SALARIED_PRIVATE ,655,0.4716,0,1,gold,113000,6
LP003942,APP900461,Divya Banerjee,Nashik,2025-05-28,BR034,branch,37,28379,contract,589,0.4206,1,1,gold,100000,12
LP003943,APP900408,Arjun Chatterjee,Visakhapatnam,2025-04-29,BR040,branch,35,66323,CONTRACT,535,0.3516,1,5,gold,203000,12
LP003944,APP902338,Harsha Menon,Mumbai,2023-01-15,BR030,branch,30,106176,self_employed_business,565,0.3762,0,0,vehicle,1861000,60
LP003945,APP902395,Arjun Rao,Rajkot,2023-10-15,BR010,online,30,71200,self_employed_business,644,0.3594,1,0,gold,543000,36
LP003946,APP901174,Kavya Bose,Mumbai,2024-11-12,BR036,branch,29,23036,salaried_private,598,0.6233,1,2,personal,407000,48
LP003947,APP903059,Anjali Chauhan,Pune,2023-04-30,BR039,partner_referral,44,147401,self_employed_business,793,0.3923,2,0,vehicle,2500000,84
LP003948,APP904034,Vinay Mukherjee,Bengaluru,2023-08-01,BR037,direct_sales_agent,45,88348,self_employed_professional,685,0.6527,1,0,vehicle,1579000,36
LP003949,APP901644,Saanvi Pillai,Vadodara,2023-06-13,BR019,online,37,43338,salaried_private,628,0.6128,1,1,home,3025000,360
LP003950,APP902013,Saanvi Mukherjee,Ludhiana,2025-03-12,BR013,branch,53,67919,salaried_private,719,0.3217,1,0,gold,200000,12
LP003951,APP902949,Lakshmi Pillai,Vadodara,2024-08-26,BR001,partner_referral,40,50357,self_employed_business,459,0.094,0,6,gold,100000,24
LP003952,APP901899,Vivaan Chauhan,Lucknow,2024-08-16,BR030,branch,44,76378,salaried_private,543,0.52,1,4,vehicle,2121000,84
LP003953,APP902217,Saanvi Bose,Hyderabad,2024-09-21,BR039,partner_referral,28,108113,self_employed_business,491,0.6529,2,3,personal,1500000,48
LP003954,APP904137,Diya Subramanian,Lucknow,2024-04-25,BR033,direct_sales_agent,59,34108,self_employed_professional,793,0.356,0,0,personal,355000,36
LP003955,APP902979,Sneha Varma,Vadodara,2024-02-02,BR037,partner_referral,41,35445,Self_Employed_Business,590,0.6719,3,1,personal,496000,48
LP003956,APP900654,Aniket Chatterjee,Tirunelveli,2025-01-05,BR022,online,47,51817, contract,789,0.4909,2,0,vehicle,597000,36
LP003957,APP900767,Bhavana Desai,Visakhapatnam,2024-11-09,BR013,online,28,66126,salaried_government,600,0.7452,1,4,personal,489000,12
LP003958,APP901049,Ritika Kulkarni, Bhopal,2023-03-05,BR035,direct_sales_agent,27,218528,salaried_private,740,0.1612,0,1,personal,1500000,60
LP003959,APP901147,Praveen Krishnan,Pune,2023-04-13,BR004,online,28,76755,salaried_private,726,0.3532,0,0,home,2668000,180
LP003960,APP902674,Aditya Banerjee,Mumbai,2024-05-30,BR028,partner_referral,35,153011,self_employed_business,576,0.3328,0,2,personal,1454000,36
LP003961,APP902371,Yash Malhotra,Tirunelveli,2024-06-13,BR017,partner_referral,30,50419,self_employed_business,525,0.5964,1,2,home,2955000,300
LP003962,APP901913,Karthik Menon,Surat,2024-12-31,BR036,online,45,35477, salaried_private,723,0.4975,2,0,vehicle,542000,60
LP003963,APP900093,Saanvi Varma,Kanpur,2023-05-05,BR035,branch,27,96101,contract,528,0.4866,1,4,personal,1434000,48
LP003964,APP901061,Rohan Krishnan,Hyderabad,2023-08-01,BR006,online,27,38645,salaried_private,591,0.161,0,2,gold,102000,18
LP003965,APP901191,Pooja Rao,Bhopal,2023-06-26,BR002,online,29,39348,salaried_private,535,0.7265,3,3,personal,415000,24
LP003966,APP903658,Ritika Pillai,Kolkata,2024-07-09,BR022,branch,34,21337,self_employed_professional,418,0.151,0,5,gold,68000,24
LP003967,APP903123,Sneha Patel,Coimbatore ,2024-03-25,BR025,online,47,41082,self_employed_business,593,0.6821,0,1,vehicle,1102000,48
LP003968,APP903101,Aarav Desai,Ludhiana,2023-03-15,BR008,branch,46,19260,self_employed_business,671,0.2149,1,0,personal,88000,36
LP003969,APP900164,Ishaan Malhotra,Jaipur,2024-10-13,BR037,branch,29,53784,contract,726,0.4266,0,1,personal,974000,60
LP003970,APP901384,Ishaan Naidu,Ahmedabad,2023-10-22,BR010,online,32,69550,salaried_private,602,0.5941,4,2,gold,322000,24
LP003971,APP900553,Krishna Kapoor,Ludhiana,2023-10-25,BR008,online,40,66493,contract,432,0.4529,1,6,vehicle,1468000,84
LP003972,APP903841,Aarav Subramanian,Pune,2023-03-09,BR012,direct_sales_agent,38,207173, SELF_EMPLOYED_PROFESSIONAL ,543,0.2065,0,2,personal,1500000,48
LP003973,APP900515,Diya Mukherjee,Madurai,2024-07-27,BR031,branch,39,105582,contract,781,0.129,0,0,gold,154000,12
LP003974,APP904134,Sandeep Reddy,Pune ,2024-07-11,BR014,branch,58,70933,self_employed_professional,541,0.3614,0,3,home,2984000,300
LP003975,APP900164,Ishaan Malhotra,Jaipur,2025-05-28,BR037,branch,29,53529,contract,539,0.2138,1,1,personal,272000,48
LP003976,APP903522,Nikhil Prasad,Delhi,2024-09-25,BR005,branch,31,55359,self_employed_professional,584,0.5603,0,2,home,3747000,360
LP003977,APP902963,Bhavana Naidu,Kochi,2025-04-11,BR004,online,40,74653,Self_Employed_Business,492,0.2543,0,5,gold,110000,6
LP003978,APP900528,Anjali Chauhan,Ahmedabad,2023-09-14,BR014,partner_referral,39,53614, CONTRACT ,864,0.2562,0,0,personal,403000,36
LP003979,APP900410,Krishna Menon,Madurai,2024-01-08,BR026,direct_sales_agent,35,75081,contract,769,0.2829,1,1,personal,323000,24
LP003980,APP903473,Vivaan Bhat,Rajkot,2025-01-13,BR012,direct_sales_agent,30,55551,self_employed_professional,389,0.4402,1,6,home,1890000,240
LP003981,APP901110,Nandini Prasad,Mysuru ,2023-09-07,BR008,online,28,236099,salaried_private,583,0.5436,0,3,home,15000000,300
LP003982,APP901612,Vivaan Banerjee,Visakhapatnam,2024-08-06,BR024,online,36,74417,salaried_private,723,0.4436,1,1,gold,494000,18
LP003983,APP902150,Deepika Sharma,Ahmedabad,2024-08-23,BR025,direct_sales_agent,26,54157,self_employed_business,625,0.4307,1,2,gold,186000,12
LP003984,APP903458,Vinay Krishnan,Ludhiana,2023-11-14,BR005,partner_referral,30,36520,self_employed_professional,592,0.5831,2,0,home,1810000,300
LP003985,APP901936,Saanvi Joshi,Mumbai,2023-01-19,BR008,branch,46,54890,salaried_private,540,0.3591,2,1,gold,118000,12
LP003986,APP900634,Swathi Mukherjee,Vadodara,2023-10-15,BR028,online,46,111227,contract,655,0.2958,0,1,personal,1183000,48
LP003987,APP903540,Pooja Shah,Mysuru,2024-09-13,BR016,partner_referral,31,78514,self_employed_professional,518,0.39,1,2,gold,702000,36
LP003988,APP903665,Krishna Bose,Mysuru,2024-05-13,BR031,branch,34,33831,self_employed_professional,569,0.5003,0,4,personal,482000,36
LP003989,APP901837,Aditya Naidu,Hyderabad ,2024-12-19,BR036,online,42,37152,salaried_private,706,0.3543,0,2,vehicle,408000,36
LP003990,APP901511,Nandini Bhat,Ahmedabad,2025-04-16,BR033,branch,34,74713,salaried_private,476,0.5012,2,3,home,2410000,180
LP003991,APP903121,Neha Hegde,Chennai,2023-09-04,BR033,partner_referral,47,28546,self_employed_business,560,0.5426,1,1,personal,440000,48
LP003992,APP902582,Reyansh Hegde,Coimbatore,2025-06-24,BR008,direct_sales_agent,33,69319, self_employed_business,682,0.4653,0,0,home,4085000,360
LP003993,APP902653,Diya Mukherjee,Coimbatore,2024-09-21,BR034,online,34,77290,self_employed_business,737,0.5068,0,1,personal,1416000,48
LP003994,APP903898,Yash Subramanian,Mumbai,2025-04-25,BR027,branch,40,169718,self_employed_professional,715,0.3272,1,0,personal,1500000,48
LP003995,APP901393,Vinay Chatterjee,Rajkot,2024-11-01,BR025,branch,32,78705,salaried_private,692,0.4426,0,1,personal,1253000,48
LP003996,APP900088,Ritika Kulkarni,Nashik,2023-09-08,BR029,online,27,52902, CONTRACT ,682,0.3678,1,0,home,1680000,180
LP003997,APP903278,Pooja Shah,Coimbatore,2024-02-02,BR038,online,25,49863,self_employed_professional,502,0.1125,0,2,gold,63000,12
LP003998,APP900076,Manoj Ramesh,Lucknow,2023-06-22,BR004,direct_sales_agent,27,241220,contract,544,0.4154,1,6,home,9437000,240
LP003999,APP902117,Divya Kapoor,Kolkata,2023-06-26,BR027,branch,25,70789,self_employed_business,749,0.6341,2,0,personal,642000,24
LP004000,APP903643,Aadhya Menon,Bhopal,2023-02-24,BR010,partner_referral,33,99794,self_employed_professional,630,0.6853,2,2,vehicle,2500000,60
LP004001,APP903420,Siddharth Prasad,Bhopal,2023-02-14,BR023,branch,29,54091, SELF_EMPLOYED_PROFESSIONAL ,831,0.4261,0,0,home,2808000,300
LP004002,APP903083,Diya Sharma,Bengaluru,2023-09-27,BR009,partner_referral,45,42494,self_employed_business,597,0.2164,1,1,gold,84000,12
LP004003,APP901503,Rahul Ramesh,Coimbatore ,2023-10-14,BR039,online,34,59549,salaried_private,732,0.4236,1,0,gold,350000,18
LP004004,APP900209,Priya Patel, Kochi,2025-06-01,BR035,branch,30,88620,contract ,669,0.4777,1,1,home,4465000,300
LP004005,APP902830,Manoj Bose,Mysuru,2023-02-28,BR018,branch,37,84106,self_employed_business,668,0.7172,3,0,personal,750000,24
LP004006,APP900667,Nikhil Desai,Chennai,2023-02-10,BR012,online,49,105062,contract,728,0.95,1,0,vehicle,1052000,12
LP004007,APP901651,Priya Kapoor,Coimbatore,2024-11-08,BR003,partner_referral,37,61368,SALARIED_PRIVATE,703,0.5393,2,1,home,2312000,240
LP004008,APP901088,Aadhya Kulkarni,Lucknow,2024-07-27,BR004,online,27,94806,salaried_private,517,0.4102,0,4,vehicle,838000,24
LP004009,APP902944,Anjali Hegde,Coimbatore,2024-08-23,BR040,partner_referral,40,45925,self_employed_business,535,0.2326,0,5,vehicle,329000,36
LP004010,APP901529,Pooja Bose,Coimbatore,2023-08-28,BR028,branch,35,145536,salaried_private,659,0.3908,0,2,home,6646000,300
LP004011,APP900920,Sneha Nair,Delhi,2023-12-15,BR030,branch,50,66371,salaried_government,746,0.5156,2,1,personal,984000,60
LP004012,APP901765,Anjali Chatterjee,Indore,2024-06-26,BR017,online,40,129487,salaried_private,700,0.6612,1,0,home,8945000,360
LP004013,APP901518,Meera Iyer,Kolkata,2025-06-29,BR036,direct_sales_agent,34,82271,salaried_private,643,0.4841,0,1,home,4889000,360
LP004014,APP900319,Saanvi Patel,Pune,2023-05-11,BR014,branch,33,32667,Contract,642,0.2597,0,2,vehicle,333000,48
LP004015,APP902173,Aditya Kulkarni,Visakhapatnam,2024-07-10,BR012,branch,27,166328,self_employed_business,655,0.5112,0,2,home,10682000,360
LP004016,APP900716,Praveen Kapoor,Jaipur,2023-04-14,BR016,partner_referral,60,118123,contract,626,0.3566,0,3,personal,1210000,36
LP004017,APP902422,Vikram Nair,Madurai,2024-01-01,BR019,branch,31,26333,self_employed_business,806,0.3047,0,0,gold,245000,36
LP004018,APP901782,Gayathri Hegde,Delhi,2023-10-25,BR021,branch,40,40222, SALARIED_PRIVATE ,690,0.3059,2,3,personal,284000,48
LP004019,APP901506,Vinay Prasad,Vadodara,2024-10-14,BR021,branch,34,63870,salaried_private,769,0.6873,1,0,personal,784000,24
LP004020,APP903605,Aditya Mukherjee,Nashik,2023-03-16,BR004,branch,33,133355,self_employed_professional,786,0.4555,1,0,vehicle,2067000,48
LP004021,APP903495,Meera Kapoor,Nagpur,2023-06-20,BR002,direct_sales_agent,31,127150,self_employed_professional,598,0.6471,2,3,home,6030000,300
LP004022,APP900668,Ishaan Bhat,Chennai,2024-01-13,BR040,direct_sales_agent,49,172389,contract,750,0.3861,0,1,home,7346000,240
LP004023,APP902863,Rahul Rao,Ahmedabad,2025-04-16,BR030,branch,38,43186,self_employed_business,549,0.4254,0,4,personal,202000,12
LP004024,APP902821,Aadhya Naidu,Pune,2023-10-05,BR036,branch,37,68214,self_employed_business,524,0.3666,1,2,home,2322000,240
LP004025,APP904132,Arjun Kapoor,Pune,2024-10-08,BR030,branch,57,83800,self_employed_professional,546,0.7927,2,1,gold,313000,6
LP004026,APP901636,Ishaan Chauhan,Lucknow,2023-07-08,BR009,branch,37,28128,Salaried_Private,733,0.3794,0,1,gold,62000,6
LP004027,APP901019,Aditya Menon,Indore,2023-04-19,BR030,online,26,422224,salaried_private,496,0.4342,1,2,personal,1500000,12
LP004028,APP903111,Ritika Rao,Lucknow,2025-01-21,BR013,branch,46,73142,self_employed_business,728,0.4945,0,0,personal,1309000,48
LP004029,APP904004,Nandini Varma,Vadodara,2023-01-06,BR037,online,44,32620,SELF_EMPLOYED_PROFESSIONAL,569,0.4559,1,3,personal,515000,60
LP004030,APP902498,Vivaan Naidu,Kolkata,2025-04-22,BR017,branch,32,36094,self_employed_business,543,0.4674,0,3,personal,186000,12
LP004031,APP902348,Manoj Hegde,Nagpur,2024-09-24,BR019,branch,30,175196,self_employed_business,334,0.3465,1,7,personal,1500000,36
LP004032,APP902767,Krishna Shah,Vadodara,2024-01-26,BR014,partner_referral,36,69505,self_employed_business,519,0.6638,3,4,vehicle,1864000,84
LP004033,APP902365,Nikhil Kulkarni,Bengaluru,2023-06-21,BR004,partner_referral,30,44471,self_employed_business,557,0.364,0,3,vehicle,628000,48
LP004034,APP901860,Rahul Iyer,Mumbai,2024-03-30,BR009,branch,43,32673, SALARIED_PRIVATE ,691,0.8011,0,2,personal,290000,12
LP004035,APP903856,Vivaan Bhat,Delhi,2023-05-14,BR023,branch,38,61934,self_employed_professional,601,0.95,2,0,personal,738000,12
LP004036,APP901152,Manoj Menon,Bhopal,2024-11-05,BR020,online,28,98962,salaried_private,595,0.5736,3,1,vehicle,1783000,60
LP004037,APP900545,Rohan Verma,Surat,2025-03-09,BR015,branch,40,34020,contract,754,0.2922,2,1,gold,75000,12
LP004038,APP900649,Harsha Sinha,Nashik,2023-09-12,BR024,branch,47,113814,contract,669,0.2647,1,1,gold,408000,18
LP004039,APP902650,Krishna Sharma,Bhopal ,2024-03-17,BR004,partner_referral,34,74560,SELF_EMPLOYED_BUSINESS,646,0.3714,0,2,personal,796000,36
LP004040,APP901220,Aarav Joshi,Lucknow,2024-11-25,BR019,partner_referral,29,67577,salaried_private,626,0.3419,1,1,gold,615000,36
LP004041,APP903391,Diya Menon,Visakhapatnam,2023-10-17,BR019,online,28,83381,self_employed_professional,501,0.4959,1,4,personal,1391000,60
LP004042,APP902045,Aarav Bhat,Nashik,2023-07-18,BR012,online,60,27966,salaried_private,683,0.295,0,1,personal,238000,36
LP004043,APP901567,Priya Chauhan,Kochi,2024-04-19,BR007,branch,35,77148,salaried_private,721,0.7019,1,0,vehicle,2264000,60
LP004044,APP902913,Sandeep Mukherjee,Ludhiana,2024-02-10,BR028,branch,39,72385,self_employed_business,690,0.3381,1,1,gold,345000,18
LP004045,APP903302,Deepika Patel,Mysuru,2023-04-27,BR011,branch,26,45571,self_employed_professional,752,0.5344,2,0,personal,612000,60
LP004046,APP900888,Krishna Shah,Ahmedabad,2023-03-15,BR040,branch,42,44817,salaried_government,608,0.5353,1,0,home,2734000,360
LP004047,APP900048,Reyansh Prasad,Kochi,2024-01-24,BR026,partner_referral,26,142347,contract,610,0.3328,0,1,gold,533000,12
LP004048,APP903820,Meera Krishnan,Jaipur ,2023-11-20,BR003,partner_referral,37,63975,self_employed_professional,636,0.5887,1,1,personal,1291000,60
LP004049,APP901310,Priya Chatterjee,Madurai,2025-01-05,BR030,partner_referral,31,45119, salaried_private,311,0.638,1,8,home,2597000,300
LP004050,APP902399,Divya Sinha,Mysuru,2025-03-14,BR003,online,30,77384,self_employed_business,672,0.2379,0,0,gold,302000,18
LP004051,APP901117,Nandini Rao,Kolkata,2025-06-15,BR008,partner_referral,28,30705,salaried_private,304,0.4701,2,9,personal,180000,24
LP004052,APP902776,Siddharth Chatterjee,Kanpur,2024-07-08,BR039,online,36,90242,self_employed_business,561,0.4283,1,1,home,2814000,180
LP004053,APP900324,Nandini Sharma,Indore,2024-11-30,BR016,branch,33,40724, contract,564,0.6644,2,3,vehicle,1193000,84
LP004054,APP902615,Kavya Menon,Rajkot,2025-03-31,BR038,branch,34,251999,self_employed_business,575,0.7692,3,1,home,15000000,360
LP004055,APP900994,Shreya Krishnan,Kochi,2023-11-14,BR005,branch,25,75376,salaried_private,521,0.2679,0,2,personal,706000,48
LP004056,APP904065,Reyansh Iyer,Mumbai,2025-03-19,BR006,branch,48,49303,Self_Employed_Professional,790,0.7531,2,0,personal,768000,36
LP004057,APP901136,Neha Gowda,Chennai,2023-06-29,BR001,direct_sales_agent,28,57575,salaried_private,697,0.3266,1,2,gold,470000,36
LP004058,APP903897,Krishna Subramanian,Nagpur,2024-04-26,BR027,online,40,133483,self_employed_professional,689,0.4998,0,1,vehicle,2071000,36
LP004059,APP901124,Rohan Subramanian,Bhopal,2023-05-28,BR037,branch,28,38130,salaried_private,733,0.5527,2,0,gold,289000,24
LP004060,APP902829,Arjun Nair,Mysuru,2023-10-03,BR003,branch,37,82339,Self_Employed_Business,631,0.4901,0,3,home,4754000,300
LP004061,APP900484,Bhavana Joshi,Nashik,2023-01-18,BR029,branch,37,89621,contract,514,0.5056,1,4,home,3715000,240
LP004062,APP900562,Meera Sharma,Surat,2023-12-27,BR012,direct_sales_agent,41,123950,contract,440,0.5288,2,8,vehicle,1951000,48
LP004063,APP902578,Krishna Gowda,Nashik,2024-08-29,BR026,branch,33,61591,self_employed_business,611,0.4153,2,2,gold,449000,36
LP004064,APP902352,Nandini Gowda, Surat,2024-10-31,BR031,online,30,239590, self_employed_business,820,0.6487,1,0,personal,1500000,12
LP004065,APP900102,Vinay Hegde,Nagpur,2024-12-12,BR007,online,28,14266,contract,632,0.3498,0,1,personal,143000,36
LP004066,APP900476,Anjali Patel,Tirunelveli,2024-09-09,BR029,partner_referral,37,65503,contract,392,0.4888,2,9,gold,454000,24
LP004067,APP901116,Vinay Shah,Kolkata,2023-05-13,BR040,partner_referral,28,30285,salaried_private,522,0.4159,1,4,gold,184000,18
LP004068,APP901171,Shreya Pillai,Kolkata,2023-06-03,BR034,partner_referral,29,213121,salaried_private ,594,0.4134,0,1,home,10569000,360
LP004069,APP902190,Rohan Verma,Ludhiana,2025-03-05,BR003,branch,27,51195,self_employed_business ,524,0.5029,1,2,personal,237000,12
LP004070,APP902335,Aarav Reddy,Mysuru ,2023-11-16,BR007,branch,29,98604,self_employed_business,421,0.5668,3,7,gold,597000,18
LP004071,APP901881,Reyansh Kulkarni,Chennai,2024-03-15,BR026,direct_sales_agent,43,90102,salaried_private,630,0.4863,0,1,home,5221000,300
LP004072,APP903127,Arjun Varma,Madurai,2023-01-09,BR039,branch,47,57982,self_employed_business,617,0.3006,0,2,gold,526000,36
LP004073,APP902061,Sneha Banerjee,Rajkot,2023-07-02,BR038,branch,23,108522,self_employed_business,671,0.3846,1,1,personal,1500000,60
LP004074,APP900317,Meera Krishnan,Tirunelveli,2024-08-06,BR024,branch,33,26536,contract,621,0.7194,1,3,vehicle,499000,36
LP004075,APP900620,Rahul Joshi,Lucknow,2023-04-26,BR011,branch,45,165212,contract,479,0.3881,2,4,gold,890000,36
LP004076,APP903020,Aniket Shah,Visakhapatnam,2025-02-19,BR032,branch,42,54641,self_employed_business,539,0.6527,1,3,home,3903000,300
LP004077,APP903718,Shreya Menon,Delhi,2024-11-01,BR037,online,35,36793,self_employed_professional,400,0.6849,1,9,personal,770000,48
LP004078,APP900334,Deepika Gowda,Tirunelveli,2023-09-22,BR009,direct_sales_agent,33,73774, contract,609,0.5452,1,0,personal,1317000,48
LP004079,APP900962,Nikhil Varma,Madurai,2024-11-28,BR011,partner_referral,24,34739,salaried_private,519,0.3591,2,4,gold,121000,24
LP004080,APP903697,Neha Pillai,Kolkata,2023-06-10,BR039,branch,34,97715,self_employed_professional,795,0.3798,1,0,gold,812000,36
LP004081,APP900051,Vikram Chauhan,Kochi,2024-01-26,BR001,partner_referral,26,197001,contract,492,0.3227,1,4,personal,1500000,36
LP004082,APP902269,Meera Prasad,Pune,2024-05-06,BR003,branch,29,106363,self_employed_business ,527,0.3458,0,3,personal,1500000,60
LP004083,APP902939,Deepika Bhat,Nashik,2024-11-25,BR004,partner_referral,40,35975,self_employed_business,636,0.6723,1,0,personal,710000,48
LP004084,APP903966,Aditya Sharma,Vadodara,2023-06-16,BR032,direct_sales_agent,42,54809,SELF_EMPLOYED_PROFESSIONAL,592,0.3074,1,0,vehicle,502000,48
LP004085,APP902407,Ishaan Mukherjee,Vadodara,2024-12-30,BR033,partner_referral,31,102758,SELF_EMPLOYED_BUSINESS,703,0.3482,0,1,personal,1500000,60
LP004086,APP902557,Neha Gowda,Ludhiana,2024-03-17,BR031,branch,33,36635,Self_Employed_Business,528,0.7149,2,3,home,2469000,360
LP004087,APP904152,Meera Hegde,Kanpur,2025-02-27,BR007,online,60,82389,self_employed_professional,619,0.4592,0,0,personal,776000,24
LP004088,APP903006,Siddharth Sinha,Tirunelveli,2025-01-31,BR024,branch,42,196799,self_employed_business,594,0.372,1,2,vehicle,2500000,60
LP004089,APP901745,Vikram Hegde,Bhopal,2024-02-25,BR004,partner_referral,39,69283,salaried_private,806,0.357,2,0,personal,392000,36
LP004090,APP903730,Ishaan Reddy,Bengaluru,2025-01-30,BR033,partner_referral,35,44273,self_employed_professional,641,0.6167,1,3,home,2767000,360
LP004091,APP901832,Pooja Kulkarni,Tirunelveli,2023-12-31,BR020,online,42,23427,Salaried_Private,823,0.5316,0,0,vehicle,496000,48
LP004092,APP900351,Meera Iyer,Chennai,2024-10-14,BR032,branch,34,33940,contract,615,0.2666,0,2,gold,102000,12
LP004093,APP902613,Pooja Reddy,Bhopal,2024-11-06,BR030,online,34,22520,self_employed_business,734,0.4512,0,0,personal,294000,36
LP004094,APP900226,Kavya Menon,Kanpur,2025-01-20,BR006,branch,31,39620,contract,519,0.6284,0,6,home,2852000,300
LP004095,APP902601,Vinay Chatterjee,Vadodara,2024-02-24,BR034,online,34,110974,self_employed_business,866,0.3508,0,0,home,4831000,300
LP004096,APP902282,Manoj Pillai,Ahmedabad,2023-11-13,BR016,online,29,186791,self_employed_business,721,0.3608,1,0,vehicle,2500000,60
LP004097,APP903450,Deepika Kapoor,Mumbai,2024-06-07,BR004,online,30,164588,self_employed_professional,562,0.4935,0,2,home,9409000,300
LP004098,APP900388,Divya Chatterjee,Chennai,2023-03-06,BR030,online,35,249917,contract,637,0.4357,3,1,personal,1500000,60
LP004099,APP901412,Meera Desai,Kanpur,2024-10-28,BR016,online,33,18175,salaried_private,749,0.6028,1,1,personal,287000,36
LP004100,APP903978,Deepika Desai,Rajkot,2023-05-24,BR007,branch,43,32584,self_employed_professional,579,0.4346,2,1,personal,203000,24
LP004101,APP903536,Nikhil Mukherjee,Kochi,2023-08-13,BR006,branch,31,71978,self_employed_professional,574,0.4472,2,2,personal,1008000,60
LP004102,APP903188,Aadhya Ramesh,Mysuru ,2023-09-19,BR023,partner_referral,54,51583,self_employed_business ,606,0.5534,0,3,home,3507000,360
LP004103,APP902664,Bhavana Kapoor,Surat,2024-04-30,BR025,branch,34,94907,self_employed_business,479,0.3534,0,6,personal,682000,24
LP004104,APP900155,Diya Hegde,Jaipur,2023-10-02,BR008,branch,29,30250,contract,656,0.95,1,1,vehicle,797000,36
LP004105,APP902109,Karthik Patel,Jaipur,2025-02-04,BR017,partner_referral,25,47626,self_employed_business,414,0.6387,0,5,home,3314000,240
LP004106,APP901900,Divya Krishnan,Chennai,2025-02-24,BR004,direct_sales_agent,44,78029,salaried_private,651,0.8757,4,0,home,5237000,300
LP004107,APP900970,Meera Menon,Jaipur,2024-02-07,BR025,online,24,65858,salaried_private,639,0.5914,1,2,vehicle,968000,36
LP004108,APP903905,Ananya Chatterjee,Rajkot,2023-06-27,BR004,branch,40,30057,self_employed_professional,669,0.4473,0,0,home,1706000,360
LP004109,APP901577,Vinay Patel,Bengaluru,2024-03-09,BR009,branch,36,126580,salaried_private,741,0.8358,2,1,personal,1013000,12
LP004110,APP901545,Neha Malhotra,Tirunelveli,2023-03-09,BR004,branch,35,44316,salaried_private,623,0.4931,2,1,gold,352000,24
LP004111,APP900091,Neha Bhat,Jaipur,2023-06-22,BR036,partner_referral,27,75827,contract,705,0.8745,2,0,gold,332000,6
LP004112,APP902728,Bhavana Krishnan,Vadodara,2024-05-20,BR006,partner_referral,36,148049,self_employed_business,587,0.527,0,2,home,9132000,300
LP004113,APP901494,Saanvi Mukherjee,Ahmedabad,2023-08-07,BR029,branch,34,48597,salaried_private,603,0.4472,0,3,personal,445000,24
LP004114,APP902528,Praveen Chauhan,Mysuru,2024-04-19,BR026,online,32,85019,self_employed_business,709,0.6295,2,0,home,4025000,240
LP004115,APP903099,Deepika Chauhan,Pune,2023-10-27,BR019,online,46,17889,self_employed_business,509,0.5351,2,6,gold,99000,18
LP004116,APP901501,Yash Malhotra,Ludhiana,2025-01-14,BR035,branch,34,57704,salaried_private,705,0.4906,0,0,home,3213000,240
LP004117,APP903952,Lakshmi Nair,Nagpur ,2025-06-05,BR020,branch,41,97754,self_employed_professional,467,0.5186,0,5,home,6201000,360
LP004118,APP903410,Divya Pillai,Chennai,2024-03-25,BR012,online,29,28057,self_employed_professional,580,0.5807,0,1,home,1991000,360
LP004119,APP900459,Aniket Chauhan,Madurai,2023-02-28,BR010,online,37,26545,contract,763,0.344,2,1,personal,123000,24
LP004120,APP900174,Priya Reddy,Kolkata,2024-04-29,BR011,online,29,99684,contract,547,0.6106,0,3,vehicle,2362000,48
LP004121,APP901816,Aniket Kulkarni,Vadodara,2023-09-21,BR037,branch,41,57588,SALARIED_PRIVATE,639,0.435,1,1,vehicle,1174000,84
LP004122,APP902727,Rahul Sinha,Hyderabad,2023-12-28,BR011,branch,36,137440,self_employed_business,519,0.4228,2,4,personal,1148000,36
LP004123,APP902780,Kavya Reddy,Ludhiana,2025-06-18,BR016,branch,36,95519, self_employed_business,638,0.639,1,1,vehicle,2462000,60
LP004124,APP903925,Nikhil Kulkarni,Madurai,2023-04-12,BR007,branch,41,104485,self_employed_professional,615,0.3413,0,2,home,4035000,240
LP004125,APP902425,Ishaan Malhotra,Ahmedabad,2025-01-09,BR020,online,31,38134,self_employed_business,497,0.3156,0,2,vehicle,468000,48
LP004126,APP902216,Ishaan Bose,Ahmedabad,2023-03-02,BR033,branch,28,100505,self_employed_business,441,0.6181,3,4,vehicle,1044000,36
LP004127,APP901611,Rahul Shah,Lucknow,2023-04-25,BR016,online,36,67210,salaried_private,652,0.6193,0,0,personal,1195000,36
LP004128,APP901414,Karthik Mukherjee,Visakhapatnam,2023-10-21,BR038,partner_referral,33,203099,salaried_private,649,0.3503,0,1,home,6985000,180
LP004129,APP900945,Lakshmi Krishnan,Kochi,2024-04-18,BR009,branch,23,43543,salaried_private,609,0.4595,1,3,home,1902000,300
LP004130,APP900274,Swathi Naidu,Rajkot,2023-07-18,BR009,branch,32,231114,contract,692,0.7463,0,0,gold,1000000,6
LP004131,APP901785,Arjun Menon,Jaipur,2024-07-24,BR027,branch,40,51979,salaried_private,581,0.7442,0,2,gold,224000,6
LP004132,APP901079,Kavya Kapoor,Mumbai,2024-12-28,BR012,online,27,72269,salaried_private,479,0.593,2,5,vehicle,959000,36
LP004133,APP903442,Kavya Subramanian,Kanpur,2024-12-30,BR004,partner_referral,30,113816,self_employed_professional,710,0.3144,0,1,personal,1500000,60
LP004134,APP903009,Aarav Chatterjee,Indore,2023-02-09,BR004,online,42,23641,self_employed_business,705,0.4887,0,1,personal,333000,36
LP004135,APP901401,Divya Mukherjee,Kanpur,2025-01-24,BR023,online,33,103408,salaried_private,620,0.485,0,2,home,5749000,300
LP004136,APP901709,Praveen Kapoor,Bhopal,2023-07-04,BR023,branch,39,123042,Salaried_Private,706,0.4315,0,0,home,5961000,240
LP004137,APP904121,Rahul Verma,Ludhiana,2024-03-14,BR004,direct_sales_agent,56,39522,self_employed_professional,740,0.6398,2,0,gold,305000,18
LP004138,APP901838,Rohan Reddy,Indore,2024-10-01,BR032,partner_referral,42,40186,salaried_private,621,0.5009,2,2,gold,258000,18
LP004139,APP901201,Aditya Chatterjee,Mumbai,2023-08-23,BR033,branch,29,48939,salaried_private,823,0.3562,0,0,gold,197000,12
LP004140,APP903533,Anjali Bose,Mysuru,2025-02-05,BR026,branch,31,67344,self_employed_professional,875,0.376,0,0,home,2909000,240
LP004141,APP903299,Meera Shah,Bhopal,2023-10-08,BR033,branch,26,32302,self_employed_professional,564,0.752,2,3,vehicle,678000,48
LP004142,APP901486,Harsha Iyer,Kanpur,2023-01-04,BR022,online,34,40545,salaried_private,589,0.5183,0,2,home,2498000,300
LP004143,APP900435,Lakshmi Shah,Bengaluru,2025-02-24,BR034,online,36,46693, contract,646,0.2186,0,2,gold,115000,12
LP004144,APP903888,Meera Prasad,Hyderabad,2023-04-16,BR037,direct_sales_agent,39,86048,self_employed_professional,388,0.5769,2,8,home,2944000,120
LP004145,APP903465,Karthik Nair,Nagpur,2023-11-23,BR028,branch,30,41534,self_employed_professional,667,0.5352,0,0,vehicle,1050000,60
LP004146,APP900939,Aniket Ramesh,Kolkata,2024-03-14,BR040,branch,23,111391,salaried_private,321,0.3811,2,12,gold,336000,18
LP004147,APP902314,Praveen Kapoor,Coimbatore,2025-05-28,BR008,branch,29,59238,self_employed_business,736,0.5071,1,0,personal,1170000,60
LP004148,APP903237,Yash Pillai,Bhopal,2024-07-16,BR007,branch,23,76715,self_employed_professional,798,0.4232,0,0,home,4005000,300
LP004149,APP900195,Nandini Malhotra,Indore,2024-12-21,BR013,online,30,51839,contract,476,0.3826,1,5,gold,443000,36
LP004150,APP904147,Aadhya Krishnan,Mysuru,2023-04-29,BR015,partner_referral,60,39774,self_employed_professional,630,0.4984,0,3,vehicle,776000,48
LP004151,APP903424,Nikhil Bose,Visakhapatnam,2023-10-19,BR025,branch,29,61305,self_employed_professional,591,0.5342,0,2,personal,931000,36
LP004152,APP901328,Reyansh Chatterjee,Madurai,2025-03-30,BR023,branch,31,80342,salaried_private,556,0.2522,0,1,gold,332000,18
LP004153,APP902702,Aniket Varma,Bhopal,2023-01-27,BR014,branch,35,65670,self_employed_business,300,0.2834,0,12,gold,551000,36
LP004154,APP900069,Arjun Bhat,Visakhapatnam,2023-09-09,BR016,online,26,87949,contract,712,0.4588,1,2,home,3545000,240
LP004155,APP900380,Arjun Banerjee,Lucknow,2024-07-18,BR014,online,35,127272,contract,811,0.4411,1,0,personal,1500000,48
LP004156,APP900150,Manoj Chauhan,Chennai,2023-08-07,BR017,partner_referral,29,142675,contract,416,0.5402,1,9,home,7722000,300
LP004157,APP903206,Vikram Bose,Madurai,2024-10-14,BR005,branch,57,34845,self_employed_business,709,0.4324,0,0,vehicle,468000,36
LP004158,APP902585,Rahul Joshi,Kochi,2024-02-07,BR012,branch,33,76552,self_employed_business,695,0.4338,1,2,personal,481000,24
LP004159,APP903876,Anjali Prasad,Nashik,2023-07-30,BR009,branch,39,32315,self_employed_professional,592,0.3091,1,3,personal,238000,48
LP004160,APP900721,Siddharth Ramesh,Kolkata,2023-05-21,BR009,direct_sales_agent,60,35629,contract,571,0.2976,1,3,vehicle,299000,48
LP004161,APP902501,Priya Iyer,Pune,2025-03-07,BR020,partner_referral,32,43163,self_employed_business,680,0.5141,2,2,gold,197000,18
LP004162,APP901482,Aarav Bhat,Bengaluru,2025-03-06,BR017,direct_sales_agent,34,34890,salaried_private,405,0.4469,1,7,gold,83000,6
LP004163,APP904105,Aniket Chatterjee,Visakhapatnam,2025-05-25,BR033,online,53,164917,self_employed_professional,821,0.3755,1,0,vehicle,2192000,60
LP004164,APP902127,Aditya Verma,Pune,2024-08-27,BR013,branch,26,146222,self_employed_business,734,0.4916,2,1,personal,1500000,60
LP004165,APP902561,Pooja Nair,Ludhiana,2023-06-11,BR028,online,33,42128,self_employed_business,593,0.147,1,5,gold,91000,24
LP004166,APP902860,Harsha Kulkarni,Mumbai,2023-09-10,BR034,online,38,36744,self_employed_business,480,0.6372,3,9,home,1500000,180
LP004167,APP900120,Ananya Naidu,Kanpur,2024-07-24,BR003,branch,28,52418,contract,675,0.6199,1,0,home,3117000,300
LP004168,APP902925,Aarav Kulkarni,Kanpur,2025-04-04,BR032,online,40,111173,self_employed_business,756,0.8061,3,0,home,7522000,360
LP004169,APP900591,Saanvi Desai,Bengaluru,2024-07-16,BR033,online,42,80246,contract,623,0.3881,1,2,personal,479000,24
LP004170,APP901940,Swathi Chauhan,Surat,2023-04-07,BR022,partner_referral,46,62910,salaried_private,680,0.3501,0,1,personal,244000,12
LP004171,APP902913,Sandeep Mukherjee,Ludhiana,2025-01-09,BR028,branch,39,72295,self_employed_business,633,0.5936,2,1,personal,1015000,36
LP004172,APP901023,Reyansh Pillai,Rajkot,2024-08-28,BR005,partner_referral,26,56174,salaried_private,675,0.3697,0,0,personal,597000,36
LP004173,APP900206,Kavya Kulkarni,Lucknow,2024-12-22,BR026,online,30,82978,contract,612,0.2478,2,1,gold,163000,18
LP004174,APP900254,Yash Desai,Ahmedabad,2024-03-12,BR033,branch,31,90114,contract,702,0.572,1,0,vehicle,2500000,84
LP004175,APP900001,Sneha Joshi,Coimbatore,2023-11-24,BR006,branch,21,33921,contract,518,0.4917,2,5,gold,74000,6
LP004176,APP902638,Bhavana Nair,Vadodara,2023-12-25,BR038,branch,34,53166,self_employed_business,625,0.3706,1,3,gold,375000,24
LP004177,APP903983,Pooja Iyer,Surat,2024-08-28,BR020,online,43,44944,self_employed_professional,619,0.4485,0,1,personal,715000,48
LP004178,APP902121,Krishna Patel,Rajkot,2024-10-21,BR005,branch,25,84667,self_employed_business,648,0.35,1,0,home,3027000,300
LP004179,APP902031,Nikhil Nair,Pune,2025-06-11,BR025,branch,56,93954,salaried_private,578,0.4607,1,0,personal,1500000,60
LP004180,APP902309,Siddharth Joshi,Indore,2023-11-02,BR006,branch,29,51731,self_employed_business,564,0.2151,1,3,personal,189000,36
LP004181,APP901530,Swathi Kulkarni,Jaipur,2023-03-01,BR012,partner_referral,35,150002,salaried_private,610,0.6491,1,2,home,7843000,180
LP004182,APP900584,Yash Reddy,Mumbai,2024-04-30,BR032,branch,42,43000,contract,734,0.3079,0,0,gold,401000,36
LP004183,APP902735,Siddharth Sharma,Coimbatore,2024-07-03,BR033,partner_referral,36,25063,self_employed_business,512,0.5586,1,3,vehicle,435000,48
LP004184,APP901751,Yash Pillai,Vadodara,2024-04-20,BR025,partner_referral,39,82717,salaried_private,680,0.5478,1,1,vehicle,1952000,60
LP004185,APP901669,Vikram Pillai,Bhopal,2025-04-23,BR010,branch,38,121659,salaried_private,628,0.3777,0,1,home,5493000,300
LP004186,APP900454,Bhavana Kulkarni,Surat,2023-10-06,BR010,branch,37,167532,contract,666,0.3182,0,2,home,5912000,240
LP004187,APP901542,Divya Iyer,Surat,2023-03-31,BR012,direct_sales_agent,35,36864, salaried_private,494,0.5207,1,3,gold,261000,18
LP004188,APP902479,Vivaan Subramanian,Hyderabad,2024-02-13,BR003,direct_sales_agent,32,152314,self_employed_business,675,0.3515,0,1,home,5981000,240
LP004189,APP902186,Vinay Nair,Delhi,2024-11-18,BR032,online,27,46452,self_employed_business,683,0.7162,1,1,personal,802000,36
LP004190,APP902924,Sandeep Malhotra,Vadodara,2023-01-09,BR026,direct_sales_agent,40,100650,self_employed_business,832,0.5467,1,0,home,4868000,240
LP004191,APP900348,Nandini Prasad,Hyderabad,2024-09-20,BR004,branch,34,25310,contract,618,0.4159,0,1,vehicle,489000,60
LP004192,APP901467,Swathi Pillai,Nagpur,2023-06-28,BR034,online,34,155344,Salaried_Private,683,0.6561,2,0,home,10039000,360
LP004193,APP903117,Divya Krishnan,Mysuru,2023-04-04,BR019,branch,47,106843,self_employed_business ,386,0.5347,1,9,personal,1500000,48
LP004194,APP901385,Vivaan Desai,Visakhapatnam,2025-03-04,BR007,online,32,69600,salaried_private,588,0.3872,2,4,gold,87000,6
LP004195,APP903942,Meera Sinha,Chennai,2023-07-05,BR002,online,41,54721,self_employed_professional,530,0.6177,0,3,gold,380000,12
LP004196,APP901931,Aditya Patel,Ahmedabad,2024-05-13,BR013,branch,46,24515,salaried_private,499,0.4445,0,4,personal,444000,60
LP004197,APP902301,Diya Iyer,Ahmedabad,2023-01-13,BR031,branch,29,46004,self_employed_business,633,0.4381,1,0,vehicle,560000,36
LP004198,APP900183,Aditya Banerjee,Ahmedabad,2023-05-07,BR010,branch,30,197702,Contract,305,0.5912,0,11,home,13229000,300
LP004199,APP903110,Nandini Banerjee,Bengaluru,2024-07-26,BR019,branch,46,69980,self_employed_business,764,0.5436,1,0,vehicle,1766000,84
LP004200,APP900389,Sneha Kapoor,Indore,2024-06-06,BR016,branch,35,263158,contract,663,0.2397,1,1,personal,1500000,48
LP004201,APP900199,Praveen Bose,Mysuru,2024-05-20,BR023,branch,30,68990,contract,717,0.2307,1,1,personal,294000,36
LP004202,APP900267,Aadhya Banerjee,Mumbai,2025-02-28,BR006,branch,32,152783,contract,638,0.4902,1,1,home,8210000,360
LP004203,APP902298,Vivaan Verma,Hyderabad,2024-09-01,BR019,branch,29,44194,self_employed_business,776,0.3542,0,1,gold,336000,24
LP004204,APP903059,Anjali Chauhan,Pune,2023-01-07,BR039,branch,44,156788,self_employed_business,588,0.2115,0,3,gold,1000000,36
LP004205,APP900989,Manoj Nair,Bengaluru,2023-07-08,BR037,partner_referral,25,42148,salaried_private,620,0.3935,0,1,home,1825000,240
LP004206,APP902555,Pooja Menon,Visakhapatnam,2024-12-21,BR010,branch,33,35443,self_employed_business,536,0.4392,1,1,personal,264000,24
LP004207,APP900946,Nandini Subramanian,Surat,2023-09-15,BR028,online,23,45289,salaried_private,711,0.3103,0,1,personal,290000,24
LP004208,APP903306,Saanvi Gowda,Tirunelveli,2023-03-17,BR004,branch,26,51038, SELF_EMPLOYED_PROFESSIONAL ,589,0.6201,1,2,personal,284000,12
LP004209,APP900876,Deepika Joshi,Jaipur,2024-10-26,BR022,branch,41,179689,salaried_government,769,0.4854,1,0,home,8412000,300
LP004210,APP901869,Meera Prasad,Jaipur,2023-10-28,BR030,direct_sales_agent,43,54926,salaried_private,715,0.3566,1,0,gold,298000,24
LP004211,APP903424,Nikhil Bose,Visakhapatnam,2024-07-24,BR025,online,29,61601,self_employed_professional ,599,0.5555,1,1,vehicle,1033000,48
LP004212,APP900430,Pooja Ramesh, Nagpur,2024-06-17,BR021,branch,36,31388,contract,699,0.5058,1,0,gold,147000,12
LP004213,APP903844,Vinay Menon,Coimbatore,2025-04-02,BR026,online,38,33309,self_employed_professional,583,0.5888,1,2,personal,376000,24
LP004214,APP903948,Gayathri Banerjee,Surat,2024-04-13,BR026,direct_sales_agent,41,76205,self_employed_professional,511,0.3436,0,6,gold,556000,24
LP004215,APP901684,Saanvi Subramanian,Nashik,2023-10-13,BR038,online,38,34511,salaried_private,603,0.8633,3,1,vehicle,584000,36
LP004216,APP903610,Deepika Sinha,Bhopal,2024-03-13,BR003,direct_sales_agent,33,211151,self_employed_professional,587,0.6578,1,2,home,12432000,240
LP004217,APP901740,Arjun Hegde,Mumbai,2024-06-18,BR004,online,39,59366,salaried_private,397,0.4433,0,8,personal,909000,48
LP004218,APP901468,Deepika Kapoor,Jaipur ,2024-01-22,BR019,online,34,16587,salaried_private,604,0.6063,0,0,personal,357000,48
LP004219,APP902583,Aadhya Chatterjee,Kochi,2023-10-03,BR011,branch,33,74686,self_employed_business,627,0.95,1,1,personal,913000,12
LP004220,APP903371,Vikram Banerjee,Nagpur,2023-08-17,BR010,online,28,39778,self_employed_professional,826,0.4557,1,0,home,1650000,300
LP004221,APP903103,Deepika Shah,Visakhapatnam,2024-07-26,BR016,branch,46,22602,self_employed_business,709,0.7715,1,1,vehicle,498000,36
LP004222,APP903379,Vikram Pillai,Delhi,2024-05-07,BR009,branch,28,57476,self_employed_professional,549,0.2069,0,2,personal,487000,60
LP004223,APP901373,Pooja Subramanian,Mumbai,2024-06-22,BR026,branch,32,49827,salaried_private,703,0.5793,2,1,vehicle,894000,48
LP004224,APP902643,Ishaan Bhat,Delhi,2025-06-12,BR005,branch,34,59767,self_employed_business,611,0.5361,0,1,home,4073000,360
LP004225,APP901271,Lakshmi Patel,Ludhiana,2024-03-23,BR025,online,30,68309,salaried_private,588,0.5791,0,0,personal,1403000,48
LP004226,APP903509,Rohan Sinha,Surat,2023-08-19,BR019,branch,31,37808,self_employed_professional,583,0.5113,0,2,personal,795000,60
LP004227,APP903500,Priya Shah,Kanpur,2024-10-28,BR012,branch,31,136004,self_employed_professional,622,0.5423,3,0,personal,1056000,36
LP004228,APP903451,Sandeep Hegde,Delhi,2024-08-25,BR030,branch,30,16498,self_employed_professional,649,0.4847,2,2,gold,97000,18
LP004229,APP903557,Rohan Desai,Tirunelveli,2024-05-25,BR038,partner_referral,32,247666,self_employed_professional,482,0.1721,0,5,personal,1500000,48
LP004230,APP903146,Nikhil Mukherjee,Mysuru,2023-11-14,BR031,online,49,57349,self_employed_business,550,0.3512,0,3,home,2199000,240
LP004231,APP900544,Saanvi Chatterjee,Chennai,2023-02-22,BR024,branch,40,32979,contract,752,0.1873,0,0,personal,180000,36
LP004232,APP900974,Vivaan Naidu,Visakhapatnam,2023-10-23,BR024,branch,25,134438,salaried_private,469,0.5057,2,4,vehicle,2500000,84
LP004233,APP901637,Reyansh Naidu,Jaipur,2025-04-15,BR033,online,37,28456,salaried_private,779,0.4796,0,0,personal,580000,60
LP004234,APP904079,Vivaan Sinha,Nashik,2023-08-18,BR011,branch,49,120847,Self_Employed_Professional,661,0.3878,0,0,gold,1000000,24
LP004235,APP903028,Diya Patel,Bhopal ,2023-05-16,BR005,online,42,95084,self_employed_business,611,0.5254,0,2,vehicle,2322000,60
LP004236,APP902905,Reyansh Sinha,Kolkata,2023-01-25,BR033,online,39,56038,self_employed_business,540,0.6088,1,4,home,2966000,240
LP004237,APP902722,Manoj Subramanian,Visakhapatnam,2025-06-03,BR014,branch,36,106918,self_employed_business,555,0.95,2,3,personal,1002000,12
LP004238,APP900737,Ananya Kapoor,Delhi,2024-03-23,BR015,online,25,39943, salaried_government,746,0.2838,0,1,personal,329000,36
LP004239,APP903971,Rohan Gowda,Vadodara,2023-06-23,BR017,partner_referral,42,79574,self_employed_professional,656,0.2428,0,1,vehicle,596000,36
LP004240,APP903992,Reyansh Mukherjee,Nagpur,2023-09-18,BR035,partner_referral,43,83215,self_employed_professional,560,0.7051,0,2,gold,340000,6
LP004241,APP901244,Bhavana Reddy,Madurai,2024-03-30,BR035,online,30,17004,salaried_private,659,0.4758,1,1,gold,41000,6
LP004242,APP903388,Ishaan Sinha,Ahmedabad,2024-04-11,BR009,branch,28,76627,self_employed_professional,331,0.6053,0,12,vehicle,2112000,60
LP004243,APP902510,Aniket Malhotra,Madurai,2024-06-19,BR018,partner_referral,32,58842,self_employed_business,727,0.5638,2,1,personal,515000,24
LP004244,APP904096,Priya Pillai,Ahmedabad,2023-08-13,BR010,online,51,44461,self_employed_professional,543,0.3265,0,2,gold,308000,24
LP004245,APP901139,Aadhya Joshi, Madurai,2024-01-11,BR001,partner_referral,28,60259,salaried_private,743,0.6453,0,0,vehicle,843000,24
LP004246,APP901610,Vivaan Desai,Hyderabad ,2023-01-17,BR039,partner_referral,36,65885,salaried_private,683,0.4053,3,2,personal,467000,48
LP004247,APP903094,Karthik Rao,Rajkot,2024-05-25,BR012,online,45,96780,Self_Employed_Business,740,0.2612,0,1,gold,540000,24
LP004248,APP901588,Priya Prasad,Madurai,2024-06-03,BR039,direct_sales_agent,36,36782,salaried_private ,626,0.5737,0,2,vehicle,828000,48
LP004249,APP901088,Aadhya Kulkarni,Lucknow,2023-09-30,BR004,partner_referral,27,94507,salaried_private,744,0.3441,1,0,home,3396000,300
LP004250,APP901389,Praveen Verma,Nagpur,2024-01-31,BR034,branch,32,72934,salaried_private,511,0.5863,1,5,personal,1177000,48
LP004251,APP903425,Nikhil Kapoor,Mysuru,2023-11-14,BR017,online,29,62530,self_employed_professional,543,0.4566,2,5,gold,510000,36
LP004252,APP901047,Bhavana Iyer,Ludhiana,2023-10-05,BR005,branch,27,20044,salaried_private,349,0.518,2,10,gold,40000,6
LP004253,APP903173,Meera Kulkarni,Coimbatore,2025-02-10,BR002,online,52,59337,self_employed_business,731,0.5261,0,1,vehicle,969000,36
LP004254,APP901273,Karthik Rao,Indore,2024-04-02,BR001,branch,30,70397,salaried_private,833,0.3411,0,0,home,2955000,300
LP004255,APP900407,Vivaan Ramesh,Lucknow ,2024-01-22,BR038,branch,35,65022,contract,598,0.383,0,1,personal,882000,48
LP004256,APP901214,Neha Banerjee,Kochi,2023-07-17,BR024,online,29,63624,salaried_private,583,0.5959,0,0,personal,1348000,48
LP004257,APP902716,Priya Hegde,Ludhiana,2024-02-12,BR039,direct_sales_agent,35,88566,self_employed_business,757,0.2489,0,0,gold,128000,6
LP004258,APP900038,Vikram Chauhan,Kochi,2025-06-24,BR018,branch,25,57040,contract,625,0.4518,2,2,personal,345000,24
LP004259,APP900575,Swathi Patel,Nagpur,2024-10-09,BR038,branch,41,79462,contract,833,0.6046,0,0,personal,1001000,24
LP004260,APP901738,Kavya Krishnan,Coimbatore,2023-12-04,BR013,branch,39,56932,salaried_private,382,0.4743,0,6,vehicle,1246000,60
LP004261,APP902435,Nandini Iyer,Surat,2023-06-25,BR036,partner_referral,31,44627,self_employed_business,687,0.4467,0,1,personal,835000,60
LP004262,APP901459,Reyansh Chatterjee,Rajkot,2025-06-03,BR020,direct_sales_agent,34,103378,salaried_private,811,0.4694,0,0,vehicle,2312000,60
LP004263,APP900950,Neha Sharma,Delhi,2023-06-02,BR020,online,23,83062,salaried_private,862,0.5311,1,0,home,4402000,300
LP004264,APP902828,Sneha Desai,Vadodara,2024-03-21,BR005,partner_referral,37,81809,self_employed_business,740,0.3604,1,0,personal,574000,36
LP004265,APP901828,Vinay Prasad,Nagpur,2024-03-21,BR014,partner_referral,42,144695,salaried_private,848,0.3361,1,0,personal,1402000,48
LP004266,APP900200,Ishaan Bose,Kanpur,2025-04-28,BR018,branch,30,74511,contract,376,0.4876,1,7,vehicle,1264000,48
LP004267,APP902188,Swathi Bhat,Pune,2025-06-23,BR028,direct_sales_agent,27,49603,self_employed_business,608,0.7265,0,1,vehicle,778000,24
LP004268,APP901933,Manoj Hegde,Jaipur,2025-05-10,BR014,online,46,37409,salaried_private,837,0.3084,0,0,personal,491000,60
LP004269,APP903840,Aadhya Verma,Lucknow,2024-05-18,BR004,online,38,19886, self_employed_professional,629,0.7841,1,2,home,1500000,240
LP004270,APP902349,Siddharth Banerjee,Nashik,2024-04-05,BR025,branch,30,178243,self_employed_business,653,0.5792,1,1,home,10997000,300
LP004271,APP903639,Neha Hegde,Coimbatore,2024-10-17,BR027,branch,33,84847,self_employed_professional,704,0.3304,0,1,home,3551000,360
LP004272,APP903011,Gayathri Sinha,Bhopal,2025-05-20,BR020,branch,42,27891,self_employed_business,710,0.5534,3,1,gold,140000,18
LP004273,APP900376,Rohan Patel,Jaipur,2023-06-24,BR035,partner_referral,35,115828,contract,602,0.4876,1,3,personal,1348000,36
LP004274,APP904113,Pooja Bose,Bengaluru,2023-04-16,BR035,branch,54,43171,self_employed_professional,620,0.5207,0,2,home,2894000,360
LP004275,APP903970,Nandini Chatterjee,Hyderabad,2025-06-26,BR031,branch,42,75666,self_employed_professional,790,0.64,1,1,home,4935000,360
LP004276,APP900050,Gayathri Reddy,Nagpur,2025-02-11,BR027,online,26,178718,contract,586,0.5505,1,1,vehicle,2500000,36
LP004277,APP903915,Lakshmi Malhotra,Rajkot,2024-02-11,BR024,branch,40,74354,self_employed_professional,540,0.4702,1,1,gold,478000,18
LP004278,APP902159,Ananya Banerjee,Tirunelveli ,2025-06-14,BR026,partner_referral,26,75215,self_employed_business,649,0.5071,0,0,home,4523000,300
LP004279,APP900897,Meera Pillai,Hyderabad,2023-10-12,BR030,branch,43,79031,salaried_government,513,0.3374,1,4,personal,426000,24
LP004280,APP903590,Arjun Rao,Coimbatore,2023-03-17,BR003,partner_referral,32,70992,self_employed_professional,619,0.5498,1,2,personal,999000,36
LP004281,APP902456,Vikram Pillai,Tirunelveli,2024-01-09,BR028,online,31,77307,self_employed_business,626,0.3416,1,3,gold,414000,24
LP004282,APP903039,Yash Banerjee,Rajkot,2024-04-20,BR022,branch,43,37508,self_employed_business,529,0.6555,2,2,vehicle,889000,60
LP004283,APP900549,Sandeep Ramesh,Mumbai,2024-07-12,BR027,online,40,45910,contract,578,0.389,1,3,home,1560000,240
LP004284,APP901045,Rohan Reddy,Bengaluru,2025-03-16,BR033,partner_referral,27,181572,salaried_private,760,0.3798,0,0,home,7759000,240
LP004285,APP900170,Gayathri Kulkarni,Kolkata ,2024-11-11,BR024,partner_referral,29,90119,contract,659,0.1388,0,1,gold,141000,12
LP004286,APP901314,Vivaan Ramesh,Mumbai,2024-12-25,BR040,online,31,58741,salaried_private,537,0.638,0,2,home,3695000,180
LP004287,APP901185,Arjun Rao,Surat,2023-02-27,BR027,branch,29,33235,salaried_private,468,0.6893,3,6,personal,267000,24
LP004288,APP902764,Vinay Gowda,Chennai,2023-08-25,BR012,partner_referral,36,61982,self_employed_business,438,0.2698,0,4,vehicle,970000,84
LP004289,APP902440,Siddharth Krishnan,Ahmedabad,2024-02-27,BR018,branch,31,50497,self_employed_business ,691,0.3865,0,2,home,2333000,300
LP004290,APP900632,Neha Malhotra,Visakhapatnam,2023-07-10,BR007,direct_sales_agent,45,93700,contract,689,0.3139,0,1,personal,603000,24
LP004291,APP901145,Kavya Shah,Chennai,2024-02-12,BR010,branch,28,67955,SALARIED_PRIVATE,535,0.4407,0,3,personal,330000,12
LP004292,APP903407,Shreya Naidu,Visakhapatnam,2024-04-28,BR002,branch,29,206952,self_employed_professional,718,0.3502,1,0,home,7136000,240
LP004293,APP903158,Anjali Nair,Delhi,2023-01-07,BR013,partner_referral,50,65960,self_employed_business,541,0.5095,0,3,home,3943000,300
LP004294,APP903699,Bhavana Hegde,Madurai,2023-05-05,BR004,online,35,111997,Self_Employed_Professional,755,0.6549,1,0,vehicle,2500000,48
LP004295,APP901593,Shreya Bose,Jaipur,2023-07-25,BR012,branch,36,45395,salaried_private,675,0.4793,0,2,vehicle,1320000,84
LP004296,APP903129,Anjali Rao,Indore,2024-01-07,BR032,branch,47,74198,self_employed_business,782,0.3415,0,0,vehicle,1201000,60
LP004297,APP900315,Praveen Sinha,Rajkot,2023-04-07,BR032,branch,33,184752,contract,523,0.3487,0,4,vehicle,2500000,48
LP004298,APP900359,Aadhya Bose,Lucknow,2024-08-19,BR040,branch,34,54492,contract,640,0.4616,2,2,home,1744000,300
LP004299,APP902751,Meera Varma,Bengaluru,2023-09-15,BR007,branch,36,49248,self_employed_business,805,0.4298,1,0,gold,403000,24
LP004300,APP903399,Bhavana Menon,Ahmedabad,2024-03-16,BR026,online,29,151875, self_employed_professional,770,0.5122,1,0,personal,1500000,24
LP004301,APP902596,Priya Varma,Indore,2023-01-04,BR033,partner_referral,33,94611, SELF_EMPLOYED_BUSINESS ,813,0.6828,2,0,home,6022000,360
LP004302,APP900930,Aditya Kapoor,Nagpur,2024-06-02,BR038,direct_sales_agent,60,163092, salaried_government,787,0.536,1,0,home,6934000,180
LP004303,APP901461,Lakshmi Varma, Nagpur,2023-08-22,BR002,branch,34,111477,salaried_private,821,0.2016,0,0,gold,482000,24
LP004304,APP903024,Siddharth Kapoor,Hyderabad,2025-02-01,BR015,online,42,68087,self_employed_business,432,0.5295,0,9,home,4173000,300
LP004305,APP902960,Lakshmi Chauhan,Pune,2024-01-18,BR004,partner_referral,40,68248,self_employed_business,871,0.4191,2,0,personal,556000,36
LP004306,APP900037,Aditya Desai,Nashik,2023-06-15,BR014,branch,25,44507,contract,698,0.4207,0,0,vehicle,405000,24
LP004307,APP902054,Harsha Patel,Ahmedabad,2023-06-01,BR027,online,60,77750,salaried_private,406,0.5876,1,7,vehicle,1872000,60
LP004308,APP903075,Neha Banerjee,Delhi ,2024-01-24,BR001,online,44,98717,self_employed_business,737,0.4236,0,0,personal,1500000,48
LP004309,APP901653,Divya Kapoor,Kanpur,2024-08-09,BR005,direct_sales_agent,37,65961,salaried_private,588,0.5498,1,5,home,3906000,360
LP004310,APP902874,Reyansh Sinha,Coimbatore,2023-09-03,BR030,branch,38,81229,self_employed_business,700,0.6377,2,1,vehicle,1894000,60
LP004311,APP903592,Praveen Varma,Ahmedabad,2023-04-14,BR034,online,32,76637,self_employed_professional,700,0.3806,0,4,gold,622000,24
LP004312,APP901252,Sandeep Pillai,Mumbai,2025-05-09,BR029,online,30,30857,salaried_private,586,0.404,0,0,vehicle,581000,60
LP004313,APP903224,Swathi Desai,Vadodara,2024-05-12,BR014,branch,60,72402,self_employed_business,716,0.7125,2,0,personal,1456000,60
LP004314,APP901426,Reyansh Krishnan,Kochi,2023-07-22,BR002,branch,33,36288,salaried_private,564,0.4375,1,1,vehicle,672000,60
LP004315,APP902316,Swathi Ramesh,Jaipur,2025-05-13,BR032,partner_referral,29,60472,self_employed_business,560,0.3049,2,5,personal,247000,36
LP004316,APP901346,Ritika Joshi,Rajkot,2025-01-10,BR021,online,32,130321,salaried_private,594,0.3994,1,1,gold,835000,24
LP004317,APP901749,Harsha Mukherjee, Indore,2025-02-21,BR005,partner_referral,39,81927,salaried_private,743,0.4963,1,0,gold,547000,18
LP004318,APP901020,Sneha Chauhan,Indore,2024-05-19,BR011,branch,26,44866,salaried_private,515,0.5308,3,6,gold,247000,24
LP004319,APP900276,Aadhya Verma,Madurai,2024-07-23,BR034,direct_sales_agent,32,32141,contract,659,0.7974,3,1,personal,166000,12
LP004320,APP901151,Aadhya Bhat,Mysuru,2024-12-18,BR011,partner_referral,28,98857,salaried_private,603,0.408,2,0,gold,325000,18
LP004321,APP901790,Vikram Bose,Chennai,2025-04-10,BR038,branch,40,64863,salaried_private,624,0.3107,0,0,home,2527000,360
LP004322,APP901554,Vikram Kulkarni,Coimbatore,2024-11-19,BR011,branch,35,53749,salaried_private,598,0.6504,1,1,personal,580000,24
LP004323,APP901952,Meera Banerjee,Nashik,2023-08-19,BR024,branch,47,139958,salaried_private,659,0.6461,2,0,vehicle,1596000,24
LP004324,APP900835,Shreya Varma,Ludhiana,2025-04-04,BR006,partner_referral,35,82514,salaried_government,671,0.3624,0,0,vehicle,1796000,84
LP004325,APP902985,Rohan Joshi,Visakhapatnam,2024-02-27,BR014,online,41,46893,self_employed_business,659,0.5629,1,1,vehicle,672000,36
LP004326,APP903416,Aarav Iyer,Rajkot ,2024-12-14,BR002,branch,29,45703,self_employed_professional,694,0.4366,0,0,gold,426000,24
LP004327,APP903911,Bhavana Joshi,Visakhapatnam,2023-01-27,BR030,online,40,51624,self_employed_professional,719,0.3883,1,0,personal,356000,24
LP004328,APP903330,Aadhya Banerjee,Ahmedabad,2023-11-10,BR006,direct_sales_agent,27,31180,self_employed_professional,768,0.95,1,0,personal,292000,12
LP004329,APP901028,Vivaan Sinha,Mumbai,2024-03-16,BR037,branch,26,69953,salaried_private,628,0.2793,0,2,home,2208000,240
LP004330,APP900892,Reyansh Desai,Kanpur,2025-05-25,BR003,online,42,58740,salaried_government,599,0.6062,1,1,gold,189000,6
LP004331,APP900338,Sneha Bhat,Nagpur,2024-06-07,BR006,online,34,103038,contract,559,0.3274,0,3,home,3285000,180
LP004332,APP902558,Rahul Krishnan,Jaipur,2023-10-02,BR033,partner_referral,33,38146,Self_Employed_Business,494,0.4021,1,5,personal,359000,36
LP004333,APP902070,Gayathri Desai,Lucknow,2024-08-24,BR024,online,24,105707,self_employed_business,627,0.5917,1,0,home,6322000,240
LP004334,APP902704,Priya Sinha,Chennai,2024-03-01,BR031,online,35,67260,self_employed_business,640,0.557,2,0,home,3522000,300
LP004335,APP903852,Priya Krishnan,Nashik,2025-03-07,BR022,branch,38,55587,self_employed_professional,651,0.653,1,0,gold,521000,18
LP004336,APP902885,Aditya Rao,Chennai,2025-05-07,BR012,online,39,180267,self_employed_business,428,0.7475,3,6,home,11161000,360
LP004337,APP902725,Krishna Joshi,Visakhapatnam,2024-09-13,BR002,direct_sales_agent,36,129816,self_employed_business,693,0.4935,1,2,vehicle,2500000,60
LP004338,APP900801,Vikram Kapoor,Delhi,2025-05-16,BR032,direct_sales_agent,32,28576,salaried_government,715,0.3232,1,0,personal,229000,36
LP004339,APP902506,Shreya Iyer,Jaipur,2025-01-02,BR018,branch,32,51794,self_employed_business,745,0.446,0,0,personal,838000,48
LP004340,APP902214,Nikhil Mukherjee,Jaipur ,2024-09-25,BR026,online,27,93342,self_employed_business,812,0.1001,0,0,gold,154000,18
LP004341,APP903659,Aarav Reddy,Madurai,2023-04-05,BR030,branch,34,22980,SELF_EMPLOYED_PROFESSIONAL,670,0.3369,1,1,gold,115000,24
LP004342,APP900003,Arjun Rao,Mysuru,2023-05-31,BR017,partner_referral,23,136191,contract ,757,0.2878,0,0,home,4378000,240
LP004343,APP902231,Aniket Gowda,Mumbai,2024-02-28,BR005,branch,28,31179,self_employed_business,367,0.233,0,5,gold,42000,6
LP004344,APP901402,Bhavana Verma,Bhopal ,2023-07-22,BR009,direct_sales_agent,33,103919,salaried_private,727,0.3214,0,0,vehicle,1037000,36
LP004345,APP902483,Krishna Subramanian,Nagpur,2023-08-31,BR028,partner_referral,32,167955, self_employed_business,508,0.4396,1,3,gold,1000000,18
LP004346,APP900639,Saanvi Iyer,Madurai,2024-08-06,BR034,online,46,66585,contract,615,0.4548,0,2,home,3717000,360
LP004347,APP902730,Krishna Nair,Jaipur,2023-04-08,BR010,online,36,163055,self_employed_business,506,0.3237,0,3,personal,1500000,36
LP004348,APP900356,Deepika Verma,Nagpur,2023-02-19,BR027,partner_referral,34,42580,contract,706,0.3062,0,3,gold,396000,36
LP004349,APP900478,Aadhya Verma,Ludhiana,2023-11-24,BR015,branch,37,71742,contract,568,0.287,0,2,vehicle,637000,36
LP004350,APP902526,Shreya Gowda,Delhi,2024-08-22,BR004,online,32,82472,self_employed_business,685,0.6006,1,1,home,5017000,360
LP004351,APP900687,Vivaan Patel,Vadodara,2023-02-04,BR023,branch,50,92098,contract,873,0.4444,1,0,home,3753000,180
LP004352,APP900133,Praveen Gowda,Madurai,2023-12-09,BR004,branch,28,83691,contract,648,0.9064,4,1,personal,1500000,36
LP004353,APP900531,Aadhya Nair,Tirunelveli,2023-05-05,BR031,branch,39,65208,contract,718,0.5823,0,3,vehicle,432000,12
LP004354,APP903879,Swathi Gowda,Visakhapatnam,2025-02-28,BR012,branch,39,39785,self_employed_professional,349,0.5611,1,12,vehicle,539000,36
LP004355,APP901699,Anjali Desai,Bhopal,2025-01-03,BR025,branch,38,90803,salaried_private,805,0.3795,1,0,home,3571000,300
LP004356,APP901371,Manoj Naidu,Bhopal,2023-09-14,BR025,branch,32,46306,salaried_private,571,0.3616,1,4,personal,326000,36
LP004357,APP902848,Kavya Ramesh,Jaipur,2024-05-18,BR026,direct_sales_agent,38,164526,self_employed_business,552,0.5471,2,5,vehicle,2500000,48
LP004358,APP901208,Divya Sharma,Ahmedabad,2024-07-17,BR012,online,29,55456,salaried_private,675,0.2168,0,1,vehicle,373000,36
LP004359,APP902500,Neha Kulkarni,Jaipur,2024-11-21,BR039,branch,32,40079,self_employed_business,738,0.1794,1,0,gold,123000,24
LP004360,APP902248,Aadhya Chauhan,Visakhapatnam,2023-05-10,BR009,partner_referral,28,54806,self_employed_business,712,0.4771,0,0,vehicle,811000,36
LP004361,APP903076,Bhavana Sharma,Kochi,2023-06-19,BR033,direct_sales_agent,45,123959,self_employed_business,671,0.198,0,0,personal,507000,24
LP004362,APP901721,Rohan Krishnan, Bengaluru,2024-09-21,BR038,online,39,36335,salaried_private,728,0.431,1,2,gold,191000,18
LP004363,APP901678,Divya Kulkarni,Tirunelveli,2024-12-16,BR026,online,38,215846,SALARIED_PRIVATE,654,0.506,1,1,home,9062000,240
LP004364,APP902517,Deepika Pillai,Chennai,2025-06-18,BR028,partner_referral,32,67745,self_employed_business,814,0.5619,1,0,home,4337000,300
LP004365,APP900889,Karthik Sharma,Hyderabad,2025-02-01,BR026,partner_referral,42,50646,salaried_government,676,0.4293,0,1,home,2396000,240
LP004366,APP902512,Harsha Verma,Surat,2024-10-18,BR014,branch,32,61256, SELF_EMPLOYED_BUSINESS ,619,0.2725,0,2,gold,356000,24
LP004367,APP901338,Kavya Varma,Visakhapatnam,2025-02-12,BR001,branch,32,102719,salaried_private,646,0.4456,1,1,vehicle,2500000,84
LP004368,APP900991,Anjali Patel,Ludhiana,2024-07-22,BR007,online,25,61464,salaried_private,739,0.6511,1,1,vehicle,1361000,48
LP004369,APP903288,Aniket Pillai,Ludhiana,2023-08-24,BR006,partner_referral,25,94750,self_employed_professional,676,0.5644,2,1,gold,709000,24
LP004370,APP901910,Nikhil Hegde,Madurai,2024-01-27,BR026,online,45,30417,salaried_private,380,0.5302,1,8,home,1500000,360
LP004371,APP901725,Kavya Malhotra,Tirunelveli,2023-05-24,BR001,online,39,39875,salaried_private,663,0.654,1,1,vehicle,831000,48
LP004372,APP902718,Manoj Desai,Delhi,2023-12-17,BR015,branch,35,98469,self_employed_business,748,0.3348,1,1,gold,864000,36
LP004373,APP900218,Neha Subramanian,Ahmedabad,2023-01-15,BR015,direct_sales_agent,31,141346,contract,575,0.4732,2,2,personal,1500000,48
LP004374,APP902850,Karthik Varma,Lucknow,2024-06-06,BR015,branch,38,213263,self_employed_business ,698,0.3529,1,0,gold,1000000,18
LP004375,APP903640,Bhavana Joshi,Mumbai,2023-01-17,BR022,branch,33,94104,self_employed_professional,746,0.4351,1,0,personal,651000,24
LP004376,APP903038,Sandeep Desai,Hyderabad,2024-07-21,BR002,direct_sales_agent,43,32414,self_employed_business,900,0.7496,2,0,gold,105000,6
LP004377,APP902637,Arjun Sharma,Hyderabad,2024-03-13,BR029,online,34,52343,self_employed_business,725,0.5165,1,1,vehicle,801000,48
LP004378,APP901766,Krishna Joshi,Chennai,2025-06-04,BR017,direct_sales_agent,40,142596,salaried_private,630,0.4075,1,1,personal,1500000,48
LP004379,APP902130,Ananya Iyer,Indore,2023-08-05,BR009,online,26,21827,self_employed_business,638,0.7204,2,2,home,1500000,240
LP004380,APP900183,Aditya Banerjee,Ahmedabad,2025-04-14,BR010,online,30,233763,contract,775,0.3739,1,0,personal,1500000,24
LP004381,APP902568,Rahul Reddy,Ludhiana,2023-04-20,BR016,branch,33,46622,self_employed_business,633,0.4399,1,2,personal,590000,48
LP004382,APP902317,Aditya Kapoor,Visakhapatnam,2024-11-11,BR010,partner_referral,29,61830,self_employed_business,640,0.7099,2,1,home,4169000,360
LP004383,APP901823,Reyansh Nair,Nashik,2023-02-11,BR028,partner_referral,41,85943,salaried_private,741,0.2993,0,0,personal,531000,24
LP004384,APP903713,Nandini Banerjee,Bengaluru,2025-05-17,BR030,online,35,33354,self_employed_professional,631,0.2813,0,1,personal,268000,36
LP004385,APP901992,Krishna Chatterjee, Jaipur,2025-04-08,BR032,online,50,73596,salaried_private,757,0.0928,0,0,gold,113000,18
LP004386,APP900877,Nandini Ramesh,Nashik,2023-02-01,BR006,branch,41,19193,salaried_government,515,0.2795,3,3,gold,25000,12
LP004387,APP902160,Shreya Desai,Ahmedabad,2024-12-14,BR004,online,26,75938,self_employed_business,749,0.3919,0,0,personal,1269000,60
LP004388,APP903140,Sneha Sharma,Tirunelveli,2023-11-08,BR001,online,48,97424,self_employed_business,852,0.2196,0,0,gold,242000,12
LP004389,APP902012,Praveen Shah,Pune,2025-05-10,BR021,online,53,58453,salaried_private,740,0.3157,1,0,gold,219000,18
LP004390,APP900273,Priya Menon,Delhi,2024-02-20,BR010,online,32,19266,contract,706,0.95,3,1,home,1500000,360
LP004391,APP903604,Aditya Prasad,Nagpur,2023-05-16,BR007,partner_referral,33,124870,self_employed_professional,859,0.8197,4,0,home,8285000,360
LP004392,APP902509,Ananya Naidu,Lucknow,2023-05-11,BR031,online,32,56824,self_employed_business,563,0.4652,1,1,vehicle,507000,24
LP004393,APP903871,Meera Varma,Tirunelveli,2025-03-12,BR028,branch,39,121522,self_employed_professional,518,0.3001,0,6,personal,1282000,48
LP004394,APP903823,Rahul Malhotra,Lucknow,2024-11-24,BR001,branch,37,65891,self_employed_professional,594,0.4873,1,1,personal,1031000,60
LP004395,APP901808,Divya Iyer,Tirunelveli,2025-05-29,BR033,online,41,35033,salaried_private,684,0.3693,0,2,vehicle,512000,48
LP004396,APP901339,Saanvi Hegde,Rajkot,2024-08-02,BR027,branch,32,103863,salaried_private,559,0.4196,1,2,home,3998000,300
LP004397,APP903063,Saanvi Bose,Hyderabad,2024-10-20,BR022,partner_referral,44,46604,self_employed_business,662,0.5649,1,0,vehicle,699000,36
LP004398,APP902006,Aniket Ramesh,Mysuru,2024-03-06,BR015,direct_sales_agent,53,126251,salaried_private,581,0.2296,0,1,gold,476000,18
LP004399,APP903352,Aditya Desai,Bengaluru,2024-06-18,BR020,online,28,100931,self_employed_professional,694,0.5835,1,2,home,6247000,360
LP004400,APP901946,Aarav Naidu,Indore ,2025-06-04,BR021,partner_referral,46,85898,salaried_private,846,0.5201,0,0,home,5443000,300
LP004401,APP901031,Lakshmi Chatterjee,Indore,2023-03-08,BR019,branch,26,78555,salaried_private,734,0.6052,1,0,home,5287000,360
LP004402,APP902803,Reyansh Chauhan,Delhi,2023-11-22,BR027,partner_referral,37,35892,self_employed_business,748,0.5909,2,0,personal,559000,60
LP004403,APP900222,Vivaan Naidu,Jaipur,2025-06-06,BR004,direct_sales_agent,31,21659, contract,698,0.9275,1,0,vehicle,211000,12
LP004404,APP901562,Praveen Subramanian,Vadodara,2025-03-29,BR035,direct_sales_agent,35,68338,Salaried_Private,615,0.4662,1,2,vehicle,1530000,84
LP004405,APP901114,Praveen Verma,Coimbatore,2023-09-25,BR025,online,28,27160,salaried_private,619,0.2259,0,2,personal,126000,24
LP004406,APP900969,Swathi Desai,Bhopal,2023-05-08,BR034,branch,24,49525,salaried_private,675,0.5372,2,1,vehicle,391000,24
LP004407,APP900218,Neha Subramanian,Ahmedabad,2023-12-08,BR015,branch,31,136305,contract,612,0.5403,0,2,home,8718000,300
LP004408,APP900260,Nikhil Naidu,Indore,2023-08-11,BR035,online,32,111087,contract,724,0.3031,0,2,vehicle,1576000,60
LP004409,APP902356,Aadhya Sharma,Kanpur,2024-08-01,BR040,online,30,31223,self_employed_business,540,0.254,1,4,gold,134000,24
LP004410,APP901242,Siddharth Banerjee,Kolkata,2023-01-24,BR040,branch,30,157654,salaried_private,649,0.3322,0,0,personal,1500000,36
LP004411,APP902508,Sandeep Desai,Mumbai,2023-11-06,BR005,online,32,53180,SELF_EMPLOYED_BUSINESS,531,0.2999,0,5,gold,479000,36
LP004412,APP900166,Aniket Gowda,Bengaluru,2025-02-23,BR014,online,29,55241,contract,529,0.6706,1,2,personal,1156000,48
LP004413,APP901519,Reyansh Kulkarni, Madurai,2023-03-11,BR006,partner_referral,34,83962,salaried_private,522,0.6837,1,1,home,5642000,360
LP004414,APP900021,Deepika Bose,Pune,2025-06-19,BR036,partner_referral,24,73600, CONTRACT ,372,0.2915,0,10,gold,350000,18
LP004415,APP900653,Lakshmi Kulkarni,Kanpur,2023-03-30,BR009,online,47,46244,contract,668,0.5956,1,0,personal,863000,48
LP004416,APP901648,Ishaan Mukherjee,Hyderabad,2023-03-02,BR015,branch,37,57029,salaried_private,553,0.7029,2,1,personal,914000,36
LP004417,APP900956,Rohan Bhat,Kanpur,2025-05-18,BR016,online,24,152153,salaried_private,764,0.5824,1,0,personal,1500000,24
LP004418,APP901538,Reyansh Subramanian,Bengaluru,2023-01-04,BR022,partner_referral,35,34177,salaried_private,747,0.5468,0,0,personal,677000,48
LP004419,APP900857,Ritika Varma,Pune,2025-02-24,BR028,direct_sales_agent,38,117273,salaried_government,597,0.5532,1,3,personal,1500000,36
LP004420,APP903213,Priya Iyer,Kochi,2024-07-19,BR033,branch,60,108231,self_employed_business,557,0.6915,2,2,vehicle,2369000,60
LP004421,APP903265,Sandeep Sinha,Hyderabad,2023-08-31,BR003,partner_referral,25,131052,self_employed_professional,519,0.5058,2,2,vehicle,1775000,48
LP004422,APP902173,Aditya Kulkarni,Visakhapatnam,2023-06-20,BR012,online,27,156239, self_employed_business,686,0.3609,0,1,home,6253000,240
LP004423,APP901263,Nandini Varma,Chennai,2024-03-17,BR039,partner_referral,30,49763,salaried_private,564,0.246,1,6,personal,192000,24
LP004424,APP904030,Ishaan Patel,Bhopal,2025-04-21,BR012,online,45,65786,self_employed_professional,662,0.3641,0,1,personal,692000,36
LP004425,APP900949,Swathi Pillai,Tirunelveli,2024-09-15,BR020,online,23,75453,salaried_private,663,0.5587,1,1,home,4162000,300
LP004426,APP901998,Gayathri Hegde,Nashik,2024-06-24,BR003,online,51,53971,salaried_private,703,0.7453,2,0,vehicle,1020000,36
LP004427,APP901726,Ritika Mukherjee,Kolkata,2024-08-11,BR016,branch,39,40439,salaried_private,775,0.5151,0,0,vehicle,824000,48
LP004428,APP902228,Aarav Hegde, Surat,2025-05-09,BR023,partner_referral,28,25433,self_employed_business,692,0.8903,2,0,vehicle,559000,36
LP004429,APP903120,Harsha Rao,Coimbatore,2024-07-31,BR020,online,47,156242,self_employed_business,583,0.592,1,3,home,10071000,360
LP004430,APP903675,Aditya Naidu,Madurai,2023-10-22,BR016,branch,34,51493,self_employed_professional,555,0.7252,2,1,vehicle,924000,36
LP004431,APP900306,Harsha Bose,Delhi,2025-06-23,BR002,branch,33,116018,contract,673,0.4485,2,1,personal,732000,24
LP004432,APP900787,Reyansh Varma, Kanpur,2024-02-21,BR035,branch,30,89701,salaried_government,814,0.5924,0,1,home,5996000,240
LP004433,APP900690,Rohan Banerjee,Bengaluru,2024-11-06,BR002,branch,51,43989, CONTRACT ,650,0.3223,0,0,personal,407000,36
LP004434,APP903742,Kavya Desai,Delhi,2024-09-18,BR018,branch,35,65112,self_employed_professional,672,0.4398,0,0,gold,610000,24
LP004435,APP903485,Meera Verma,Mumbai,2023-06-12,BR024,branch,30,85433,self_employed_professional,509,0.2819,1,7,vehicle,644000,36
LP004436,APP904093,Pooja Ramesh,Jaipur,2023-09-08,BR033,partner_referral,50,56685,self_employed_professional,575,0.3096,0,0,gold,529000,36
LP004437,APP901888,Vinay Reddy,Lucknow,2025-03-10,BR010,online,44,28564,salaried_private,574,0.4705,0,2,home,1500000,240
LP004438,APP903350,Divya Ramesh,Bengaluru,2025-03-06,BR029,branch,27,91829,self_employed_professional ,677,0.3528,3,0,personal,515000,36
LP004439,APP903368,Gayathri Banerjee,Coimbatore,2023-04-08,BR037,branch,28,36877,self_employed_professional,509,0.3054,2,1,gold,59000,12
LP004440,APP900556,Vinay Kapoor,Kolkata,2023-07-12,BR021,direct_sales_agent,40,76416,contract,638,0.392,0,1,personal,862000,36
LP004441,APP900138,Arjun Sharma,Tirunelveli,2023-11-19,BR022,online,28,91901,contract ,694,0.407,0,0,home,4483000,300
LP004442,APP901700,Krishna Nair,Jaipur,2024-04-24,BR013,branch,38,93219,salaried_private,600,0.6282,2,1,home,4848000,240
LP004443,APP903585,Lakshmi Krishnan,Hyderabad,2023-10-17,BR025,online,32,62208,self_employed_professional,641,0.3715,0,3,home,2844000,360
LP004444,APP903019,Aadhya Naidu,Mumbai,2024-10-14,BR008,partner_referral,42,53981,self_employed_business,629,0.3683,0,0,home,2346000,300
LP004445,APP900099,Priya Reddy,Delhi,2023-06-12,BR001,branch,28,123532,contract,723,0.3412,1,0,personal,1500000,60
LP004446,APP900423,Aniket Reddy,Indore ,2025-06-10,BR038,branch,36,148236,contract,670,0.358,1,1,personal,1500000,48
LP004447,APP903871,Meera Varma,Tirunelveli,2024-04-06,BR028,branch,39,108323,self_employed_professional,471,0.6302,1,3,home,6052000,240
LP004448,APP901138,Praveen Krishnan,Chennai,2024-02-13,BR033,partner_referral,28,59842,salaried_private,307,0.3041,0,7,personal,712000,60
LP004449,APP901562,Praveen Subramanian,Vadodara,2024-09-26,BR035,partner_referral,35,63723,salaried_private,628,0.3761,1,2,home,2605000,360
LP004450,APP901267,Ishaan Kulkarni,Delhi,2024-12-29,BR022,branch,30,55514,salaried_private,325,0.6983,3,9,personal,1050000,60
LP004451,APP901849,Nikhil Malhotra,Delhi,2025-05-08,BR027,online,42,81139,salaried_private,434,0.5867,3,4,home,2581000,180
LP004452,APP902384,Harsha Bhat,Ludhiana,2023-06-07,BR023,partner_referral,30,61088,self_employed_business,737,0.2852,1,1,gold,162000,18
LP004453,APP900146,Shreya Chauhan,Delhi,2025-03-15,BR031,partner_referral,29,119156,contract,700,0.4812,2,2,personal,722000,24
LP004454,APP901479,Swathi Rao,Vadodara,2023-03-12,BR020,branch,34,34054,salaried_private,824,0.7065,0,0,vehicle,752000,36
LP004455,APP904087,Deepika Rao,Mysuru ,2024-07-26,BR013,branch,49,85496,self_employed_professional,593,0.6413,1,1,home,5687000,300
LP004456,APP902694,Manoj Shah,Ludhiana,2023-04-20,BR019,partner_referral,35,48390,self_employed_business,521,0.3448,0,4,home,1818000,240
LP004457,APP902250,Siddharth Iyer,Lucknow,2024-01-12,BR020,partner_referral,28,63479,self_employed_business,710,0.4089,0,1,vehicle,1570000,84
LP004458,APP903226,Lakshmi Rao,Pune ,2023-03-23,BR006,partner_referral,60,80115,self_employed_business,624,0.5681,1,1,gold,618000,18
LP004459,APP900886,Lakshmi Verma,Ludhiana,2024-03-31,BR036,partner_referral,42,145249,salaried_government,729,0.7691,3,0,vehicle,2500000,48
LP004460,APP901268,Diya Pillai,Pune,2025-05-05,BR007,online,30,58655,salaried_private,534,0.6821,0,2,vehicle,1560000,48
LP004461,APP903083,Diya Sharma,Bengaluru,2024-11-21,BR009,branch,45,47436,self_employed_business,653,0.9261,1,0,gold,222000,6
LP004462,APP901102,Arjun Malhotra,Jaipur,2023-01-29,BR018,partner_referral,28,166462,salaried_private,607,0.6816,1,2,home,11498000,300
LP004463,APP902292,Reyansh Pillai,Jaipur,2024-06-01,BR025,online,29,37345,self_employed_business,752,0.8468,2,1,vehicle,1069000,48
LP004464,APP901251,Nikhil Rao,Coimbatore,2024-07-28,BR036,online,30,30283,salaried_private,753,0.496,0,1,personal,545000,48
LP004465,APP901290,Aditya Patel,Hyderabad,2023-04-01,BR033,branch,31,144571,salaried_private ,439,0.382,1,6,personal,1500000,48
LP004466,APP901955,Gayathri Subramanian,Kolkata,2025-01-09,BR012,branch,47,163916,salaried_private,681,0.5257,2,0,personal,1500000,36
LP004467,APP900385,Kavya Joshi,Madurai,2024-01-21,BR016,branch,35,19012,contract,748,0.5172,0,1,vehicle,389000,48
LP004468,APP900049,Ritika Menon,Hyderabad,2024-04-01,BR034,online,26,148521,contract,764,0.3964,1,0,home,5294000,360
LP004469,APP903418,Meera Gowda,Tirunelveli,2023-07-15,BR022,partner_referral,29,48296,self_employed_professional,555,0.3984,2,2,gold,190000,18
LP004470,APP902740,Manoj Pillai,Lucknow,2023-12-04,BR008,branch,36,32628,self_employed_business,768,0.367,1,0,gold,165000,18
LP004471,APP901199,Kavya Verma,Kochi ,2024-11-20,BR008,online,29,47340, SALARIED_PRIVATE ,615,0.5043,1,0,personal,903000,60
LP004472,APP900855,Divya Krishnan,Ludhiana,2025-03-12,BR015,branch,37,84667,salaried_government,519,0.8005,3,2,personal,1374000,48
LP004473,APP901150,Deepika Ramesh,Hyderabad,2024-05-03,BR010,partner_referral,28,87682,salaried_private,485,0.5671,1,3,home,4226000,240
LP004474,APP904103,Pooja Menon,Nagpur,2024-05-25,BR011,online,52,53372,self_employed_professional,683,0.5859,0,1,vehicle,676000,24
LP004475,APP901365,Deepika Naidu,Nashik,2025-03-30,BR003,branch,32,40166,salaried_private,676,0.4662,0,0,vehicle,579000,36
LP004476,APP903834,Neha Gowda,Bengaluru,2024-06-11,BR004,direct_sales_agent,38,107494,self_employed_professional,621,0.4399,1,2,home,4333000,240
LP004477,APP901867,Aniket Reddy,Rajkot,2023-01-18,BR018,branch,43,49054,salaried_private,758,0.7388,4,0,gold,196000,12
LP004478,APP902512,Harsha Verma,Surat,2024-05-16,BR014,online,32,61198,self_employed_business,897,0.3135,0,0,vehicle,419000,24
LP004479,APP900739,Anjali Banerjee,Mumbai,2025-04-19,BR022,direct_sales_agent,25,60328,salaried_government,569,0.5112,1,3,personal,736000,36
LP004480,APP900058,Praveen Sharma,Kolkata,2023-09-29,BR011,branch,26,41792,contract,687,0.6125,0,2,gold,289000,12
LP004481,APP902853,Aarav Menon,Lucknow,2024-09-03,BR026,online,38,23685,self_employed_business,767,0.4153,0,0,gold,211000,24
LP004482,APP904017,Nikhil Naidu,Ahmedabad,2023-03-05,BR027,online,44,95760,self_employed_professional,300,0.5703,2,10,home,4066000,300
LP004483,APP900352,Kavya Subramanian,Nashik,2024-10-13,BR038,partner_referral,34,35373,contract,873,0.8003,1,0,personal,298000,12
LP004484,APP900140,Aniket Pillai,Jaipur,2024-09-09,BR004,online,28,96667,contract,473,0.425,1,7,vehicle,1970000,84
LP004485,APP901573,Ananya Naidu,Indore,2025-02-14,BR024,online,36,111267,salaried_private,585,0.3262,0,2,personal,1500000,60
LP004486,APP903168,Rohan Krishnan,Mumbai,2023-10-24,BR014,branch,51,73130,self_employed_business,731,0.5269,1,0,vehicle,1394000,48
LP004487,APP901238,Kavya Krishnan,Mysuru,2023-08-15,BR020,online,30,146723,salaried_private,537,0.5049,3,3,personal,1500000,48
LP004488,APP901295,Ananya Mukherjee,Lucknow,2023-06-29,BR003,online,31,24739,salaried_private,681,0.3492,1,0,personal,193000,36
LP004489,APP901939,Rohan Menon,Madurai,2025-03-21,BR009,online,46,62461,salaried_private,520,0.5857,1,4,home,3642000,300
LP004490,APP901423,Diya Iyer,Kolkata,2023-10-19,BR038,partner_referral,33,34181,salaried_private,648,0.3861,1,1,personal,492000,60
LP004491,APP901557,Ishaan Sharma,Kochi,2023-06-17,BR017,online,35,57817,salaried_private,590,0.95,0,2,vehicle,734000,12
LP004492,APP900573,Gayathri Joshi,Jaipur,2025-05-27,BR031,online,41,76411,contract,419,0.7872,0,7,personal,1215000,24
LP004493,APP900982,Harsha Rao,Vadodara,2024-12-07,BR012,direct_sales_agent,25,242260,salaried_private,692,0.6582,2,0,home,15000000,360
LP004494,APP901188,Aditya Banerjee,Ahmedabad,2023-04-02,BR018,direct_sales_agent,29,37535,salaried_private,670,0.5391,2,0,personal,569000,48
LP004495,APP903802,Shreya Subramanian,Jaipur,2024-09-20,BR011,branch,37,30761,self_employed_professional,854,0.5605,0,0,vehicle,376000,24
LP004496,APP902324,Meera Hegde,Kochi,2023-09-05,BR035,online,29,76750,self_employed_business ,601,0.4732,0,2,personal,1500000,60
LP004497,APP900691,Vikram Mukherjee,Kanpur,2023-08-11,BR016,partner_referral,51,51380,contract,506,0.5097,0,2,vehicle,565000,24
LP004498,APP900485,Meera Malhotra,Pune,2023-08-09,BR004,online,37,99027,contract,900,0.1866,0,1,gold,306000,18
LP004499,APP903455,Arjun Naidu,Vadodara,2024-02-12,BR026,branch,30,242970,self_employed_professional,600,0.2613,0,3,vehicle,2500000,48
LP004500,APP902887,Ishaan Banerjee,Bhopal ,2023-04-04,BR035,partner_referral,39,208424, self_employed_business,439,0.5526,1,7,home,12276000,360
LP004501,APP903968,Ritika Kulkarni,Bhopal,2023-12-07,BR019,online,42,68471, self_employed_professional,611,0.5259,1,0,vehicle,1638000,84
LP004502,APP902943,Sandeep Rao,Nashik,2023-05-09,BR022,partner_referral,40,45650,self_employed_business,829,0.5519,0,0,personal,739000,36
LP004503,APP903649,Sandeep Gowda,Kanpur ,2024-05-01,BR004,online,34,124057,self_employed_professional,652,0.8253,3,0,home,8879000,300
LP004504,APP903561,Krishna Mukherjee,Vadodara,2024-01-11,BR007,partner_referral,32,31417,self_employed_professional,696,0.4275,0,0,personal,564000,60
LP004505,APP903795,Neha Shah,Delhi,2023-07-18,BR009,branch,37,193314,self_employed_professional,755,0.3762,0,1,home,9186000,300
LP004506,APP901706,Pooja Prasad,Visakhapatnam,2024-03-14,BR025,branch,39,106156,salaried_private,455,0.5186,0,7,home,6468000,360
LP004507,APP901099,Gayathri Subramanian,Rajkot,2025-03-22,BR016,partner_referral,28,144489,salaried_private,433,0.4515,1,9,personal,1336000,36
LP004508,APP901192,Ritika Patel,Bhopal ,2024-11-04,BR030,online,29,39609,salaried_private,758,0.2915,1,0,personal,197000,24
LP004509,APP900870,Reyansh Ramesh,Rajkot,2023-07-28,BR031,online,40,128192,salaried_government,508,0.4999,0,8,home,6973000,240
LP004510,APP903711,Krishna Prasad,Lucknow ,2023-08-24,BR027,online,35,31964,self_employed_professional,670,0.95,3,1,personal,382000,12
LP004511,APP902629,Shreya Bhat,Ahmedabad,2023-05-03,BR020,online,34,44197,self_employed_business,525,0.7422,1,4,personal,805000,36
LP004512,APP904118,Yash Chauhan,Nagpur,2023-08-25,BR040,branch,55,66476,self_employed_professional,301,0.5315,1,11,personal,997000,48
LP004513,APP902167,Ananya Hegde,Pune,2023-09-30,BR040,online,27,113286,self_employed_business,804,0.5293,1,2,home,5491000,300
LP004514,APP904091,Ananya Hegde,Delhi,2025-04-15,BR035,branch,50,38571,self_employed_professional,628,0.68,1,0,personal,638000,36
LP004515,APP902321,Diya Bhat,Mumbai,2024-06-29,BR031,branch,29,69846,self_employed_business,799,0.6066,2,0,home,3821000,300
LP004516,APP903668,Ishaan Iyer,Kolkata,2025-01-17,BR016,partner_referral,34,37844,self_employed_professional,726,0.5799,1,1,personal,785000,60
LP004517,APP903521,Karthik Desai,Madurai,2023-07-30,BR013,partner_referral,31,50486,self_employed_professional,702,0.6063,1,0,personal,298000,12
LP004518,APP900020,Harsha Chauhan,Coimbatore,2024-09-01,BR019,online,24,72095,CONTRACT,668,0.6962,0,4,personal,555000,12
LP004519,APP901980,Krishna Shah,Jaipur,2024-05-07,BR036,direct_sales_agent,49,26066,salaried_private,712,0.4891,1,0,personal,387000,48
LP004520,APP900424,Aniket Kulkarni,Delhi,2023-04-22,BR028,branch,36,148606,contract,682,0.2987,0,0,home,4860000,240
LP004521,APP903599,Aadhya Verma,Pune,2025-02-01,BR034,branch,32,95091,self_employed_professional,756,0.5252,0,0,personal,1449000,36
LP004522,APP901654,Praveen Patel,Kolkata,2024-11-15,BR032,partner_referral,37,68726,salaried_private,486,0.645,1,6,personal,1131000,36
LP004523,APP903793,Nandini Gowda,Madurai,2023-04-04,BR038,branch,37,160291,self_employed_professional,581,0.3047,1,3,vehicle,1611000,48
LP004524,APP900190,Harsha Naidu,Jaipur,2024-04-13,BR033,branch,30,39922,contract,730,0.3446,1,0,gold,106000,12
LP004525,APP903106,Lakshmi Subramanian,Delhi,2025-01-08,BR024,branch,46,51726,self_employed_business,620,0.5932,0,3,personal,874000,36
LP004526,APP903995,Vikram Pillai,Nagpur,2025-05-27,BR028,branch,43,93133,self_employed_professional,746,0.7742,3,0,home,5672000,300
LP004527,APP903053,Aadhya Naidu,Ahmedabad,2023-08-18,BR034,online,43,77550,self_employed_business,898,0.9016,0,0,personal,782000,12
LP004528,APP902688,Nandini Desai,Nagpur,2024-03-23,BR039,online,35,41034,self_employed_business,699,0.3981,2,0,vehicle,357000,36
LP004529,APP903774,Gayathri Kulkarni,Surat,2024-07-21,BR029,online,36,55050,self_employed_professional,592,0.4915,0,2,gold,445000,18
LP004530,APP904021,Karthik Hegde,Coimbatore,2023-09-24,BR036,partner_referral,45,19248,self_employed_professional,484,0.9467,2,5,home,1500000,240
LP004531,APP902168,Kavya Gowda,Surat,2023-11-27,BR020,direct_sales_agent,27,116249,Self_Employed_Business,631,0.6562,1,3,home,7610000,300
LP004532,APP902133,Siddharth Chauhan,Pune,2024-05-14,BR020,branch,26,25693,self_employed_business,799,0.5892,0,0,vehicle,472000,36
LP004533,APP903055,Vikram Pillai,Kolkata,2024-02-11,BR009,branch,43,96302,self_employed_business,622,0.3326,0,1,personal,655000,24
LP004534,APP903889,Nikhil Kulkarni,Surat,2023-06-03,BR030,online,39,88051,self_employed_professional,628,0.5688,1,3,home,5261000,300
LP004535,APP902373,Krishna Varma,Delhi,2024-05-19,BR014,online,30,51004,self_employed_business,824,0.3473,1,0,personal,461000,48
LP004536,APP902224,Nikhil Bhat,Tirunelveli,2025-01-24,BR032,online,28,159534,self_employed_business,481,0.429,2,4,personal,1156000,36
LP004537,APP900596,Swathi Verma,Mysuru,2023-04-17,BR022,online,43,40123,contract,449,0.6458,1,9,personal,607000,36
LP004538,APP900510,Vivaan Gowda, Rajkot,2024-03-07,BR005,online,38,61402,contract ,604,0.5507,1,3,vehicle,1650000,84
LP004539,APP901966,Diya Bhat,Mysuru,2024-04-23,BR034,branch,48,135873,salaried_private,452,0.4426,1,7,gold,957000,24
LP004540,APP904098,Meera Joshi,Rajkot,2023-01-02,BR013,branch,51,57973,self_employed_professional,718,0.0921,0,1,gold,88000,18
LP004541,APP901963,Aadhya Gowda, Tirunelveli,2023-12-25,BR037,partner_referral,48,104167, SALARIED_PRIVATE ,650,0.2229,0,2,personal,477000,24
LP004542,APP900175,Saanvi Gowda,Mumbai,2024-02-10,BR033,online,30,100841,contract,663,0.5162,0,1,personal,1500000,36
LP004543,APP903068,Harsha Chatterjee,Ahmedabad,2025-05-04,BR030,online,44,63824,self_employed_business,656,0.4118,1,0,gold,580000,36
LP004544,APP900456,Nikhil Malhotra,Madurai,2023-10-18,BR013,branch,37,176762,contract,467,0.306,1,3,personal,1500000,48
LP004545,APP902232,Kavya Mukherjee,Tirunelveli,2023-10-20,BR029,online,28,31181,SELF_EMPLOYED_BUSINESS,570,0.5829,2,2,vehicle,879000,84
LP004546,APP902536,Aadhya Rao, Ahmedabad,2024-02-22,BR030,direct_sales_agent,33,107014,self_employed_business,681,0.4538,0,0,home,5698000,300
LP004547,APP901551,Saanvi Pillai,Visakhapatnam,2023-10-23,BR008,direct_sales_agent,35,49255, SALARIED_PRIVATE ,818,0.3652,0,0,personal,374000,24
LP004548,APP900996,Siddharth Rao, Chennai,2024-07-30,BR006,branch,25,76306,salaried_private,696,0.4758,1,2,personal,1123000,60
LP004549,APP903282,Aarav Rao,Chennai,2023-10-30,BR019,online,25,63183,self_employed_professional,520,0.2845,1,3,gold,117000,12
LP004550,APP903882,Vivaan Bose,Tirunelveli,2025-06-11,BR025,online,39,63459,self_employed_professional,390,0.8863,1,4,personal,533000,12
LP004551,APP902169,Arjun Gowda,Surat,2024-11-16,BR025,partner_referral,27,139601,self_employed_business,734,0.553,1,0,home,9184000,360
LP004552,APP902815,Manoj Kapoor,Indore,2023-09-13,BR010,direct_sales_agent,37,52226,self_employed_business,546,0.3193,1,2,gold,160000,12
LP004553,APP902412,Lakshmi Sharma,Indore,2023-07-31,BR002,partner_referral,31,113424,self_employed_business,511,0.5087,2,3,personal,1500000,60
LP004554,APP903023,Sandeep Kulkarni,Mumbai,2023-10-03,BR004,partner_referral,42,60003,self_employed_business,533,0.4109,0,4,vehicle,1466000,84
LP004555,APP904018,Saanvi Iyer,Mysuru,2023-12-12,BR005,online,45,111489,self_employed_professional,480,0.4765,1,5,home,4151000,240
LP004556,APP900033,Nandini Patel,Coimbatore,2024-02-18,BR037,branch,25,30709,contract,548,0.4202,0,4,gold,211000,18
LP004557,APP901580,Karthik Patel,Bengaluru,2023-07-17,BR014,partner_referral,36,137693,salaried_private,647,0.5819,1,1,home,7788000,300
LP004558,APP900457,Bhavana Sinha,Indore,2023-12-04,BR028,partner_referral,37,178341,contract,501,0.4574,4,4,gold,587000,24
LP004559,APP902063,Sandeep Hegde,Ludhiana,2025-02-01,BR013,partner_referral,23,35300,self_employed_business,569,0.815,2,3,vehicle,1024000,60
LP004560,APP903124,Nikhil Hegde,Bengaluru,2025-04-10,BR013,online,47,47534,self_employed_business,756,0.3337,0,1,gold,179000,12
LP004561,APP902463,Praveen Shah,Nagpur,2024-11-28,BR035,branch,31,91117,self_employed_business,787,0.492,1,1,vehicle,2364000,84
LP004562,APP903776,Priya Verma,Nashik,2023-08-21,BR021,direct_sales_agent,36,61060,self_employed_professional,793,0.4477,1,0,vehicle,969000,48
LP004563,APP903939,Nandini Verma,Indore,2024-03-21,BR039,partner_referral,41,41642,self_employed_professional,717,0.487,2,0,home,1587000,300
LP004564,APP901462,Nikhil Rao,Delhi,2024-03-23,BR021,branch,34,116097,salaried_private,432,0.2272,1,8,gold,369000,24
LP004565,APP903847,Aadhya Kulkarni, Ludhiana,2023-11-02,BR039,online,38,40659,self_employed_professional,768,0.6253,1,0,vehicle,799000,48
LP004566,APP903338,Arjun Gowda,Rajkot,2025-05-23,BR035,branch,27,56249,self_employed_professional,673,0.478,1,2,personal,897000,60
LP004567,APP900840,Harsha Desai,Coimbatore,2023-03-26,BR020,partner_referral,36,26239,salaried_government,770,0.3827,1,1,gold,168000,24
LP004568,APP903081,Nandini Sharma,Ludhiana,2024-04-09,BR023,online,45,39613,Self_Employed_Business,625,0.3741,0,2,personal,304000,24
LP004569,APP901889,Gayathri Bhat,Nagpur,2023-12-24,BR006,partner_referral,44,29580,salaried_private,690,0.4667,0,1,personal,581000,60
LP004570,APP901689,Rohan Menon,Rajkot,2023-10-06,BR007,partner_referral,38,44910,SALARIED_PRIVATE,685,0.4422,0,2,home,2386000,300
LP004571,APP900550,Rahul Joshi,Ahmedabad,2023-08-16,BR011,branch,40,52620,contract,740,0.3649,2,1,personal,325000,48
LP004572,APP903825,Siddharth Chauhan,Bhopal,2023-12-07,BR007,partner_referral,37,80304,Self_Employed_Professional,343,0.5319,0,10,home,5010000,360
LP004573,APP903598,Meera Bose,Madurai,2024-07-03,BR030,direct_sales_agent,32,94505,Self_Employed_Professional,570,0.3294,1,3,gold,582000,36
LP004574,APP901585,Aditya Verma,Kochi,2023-09-24,BR013,branch,36,24237,salaried_private,637,0.7076,2,1,home,1500000,300
LP004575,APP904066,Sneha Krishnan,Vadodara,2025-04-16,BR028,branch,48,52185,self_employed_professional,632,0.4765,1,1,personal,785000,48
LP004576,APP900232,Shreya Chatterjee, Bengaluru,2024-08-17,BR019,direct_sales_agent,31,45287,Contract,599,0.7367,2,0,personal,971000,60
LP004577,APP902623,Rohan Hegde,Kolkata,2023-10-30,BR039,partner_referral,34,36519,self_employed_business,593,0.6167,2,1,personal,671000,60
LP004578,APP901705,Aadhya Chauhan,Kolkata,2025-01-13,BR005,branch,38,97662,salaried_private,657,0.5766,1,4,home,6210000,360
LP004579,APP902039,Praveen Chauhan,Nashik,2024-03-29,BR012,branch,59,15965,salaried_private,513,0.4567,0,2,gold,82000,12
LP004580,APP900055,Diya Krishnan,Nashik,2024-02-05,BR013,branch,26,38751,contract,566,0.6226,1,2,home,2306000,240
LP004581,APP903779,Nandini Bose, Bhopal,2024-05-01,BR023,branch,36,64897, self_employed_professional,658,0.3033,0,0,gold,593000,36
LP004582,APP900508,Diya Gowda,Madurai,2023-04-12,BR003,branch,38,49889,contract,785,0.9299,3,0,gold,199000,6
LP004583,APP901427,Aniket Kapoor,Lucknow,2023-07-31,BR001,online,33,36503,salaried_private,694,0.5242,1,0,personal,438000,36
LP004584,APP901584,Aadhya Reddy,Delhi,2023-10-22,BR021,branch,36,240106,salaried_private ,601,0.176,0,1,personal,1500000,48
LP004585,APP902082,Deepika Pillai,Tirunelveli ,2024-03-17,BR004,online,24,66056,self_employed_business,626,0.4617,0,2,home,3375000,240
LP004586,APP901658,Gayathri Desai,Kochi,2023-04-11,BR040,partner_referral,37,75446,SALARIED_PRIVATE,700,0.8824,1,1,vehicle,2251000,48
LP004587,APP901935,Deepika Prasad,Bengaluru,2023-04-06,BR030,branch,46,53736,salaried_private,617,0.5883,2,1,personal,750000,48
LP004588,APP900640,Rohan Malhotra,Nagpur,2024-04-04,BR001,online,46,69322,contract,593,0.6733,1,2,vehicle,2016000,60
LP004589,APP903704,Priya Rao,Indore,2023-02-09,BR023,branch,35,19880,self_employed_professional,792,0.4034,0,0,vehicle,249000,36
LP004590,APP902285,Ananya Pillai,Bengaluru,2023-10-29,BR022,online,29,24163,self_employed_business,600,0.6287,3,2,personal,381000,60
LP004591,APP903084,Siddharth Reddy,Delhi,2024-03-16,BR033,direct_sales_agent,45,50608,self_employed_business,654,0.665,2,0,home,2885000,360
LP004592,APP903507,Lakshmi Banerjee,Mysuru,2023-03-21,BR009,direct_sales_agent,31,34450,self_employed_professional,485,0.4685,0,5,personal,455000,36
LP004593,APP901834,Diya Bose,Kochi,2023-01-15,BR024,branch,42,27341,salaried_private ,649,0.3981,1,1,vehicle,301000,48
LP004594,APP902294,Krishna Menon,Rajkot,2025-04-20,BR033,online,29,39860,self_employed_business,365,0.668,2,11,vehicle,437000,24
LP004595,APP900900,Nikhil Bose,Ahmedabad,2025-02-01,BR011,branch,44,36321,salaried_government,456,0.371,2,5,personal,260000,48
LP004596,APP903695,Nikhil Chatterjee,Indore,2023-12-03,BR005,online,34,91265,self_employed_professional,725,0.5353,1,0,home,3694000,180
LP004597,APP900187,Saanvi Sinha,Mumbai,2024-10-31,BR010,online,30,32814,contract,732,0.4738,1,0,vehicle,566000,48
LP004598,APP901508,Rahul Kulkarni,Bhopal,2024-08-06,BR034,partner_referral,34,71736,salaried_private,734,0.4079,0,1,personal,1053000,48
LP004599,APP902115,Vikram Bose,Jaipur,2023-07-01,BR008,direct_sales_agent,25,65395,self_employed_business,608,0.4161,0,1,home,3319000,360
LP004600,APP902040,Reyansh Nair,Chennai,2023-02-28,BR021,branch,59,51560,salaried_private,486,0.5457,1,4,home,2653000,240
LP004601,APP902237,Nandini Bhat,Nashik,2023-03-30,BR028,branch,28,38201,self_employed_business,451,0.5295,1,6,vehicle,943000,84
LP004602,APP901025,Nandini Menon,Hyderabad,2024-02-12,BR025,branch,26,60690,salaried_private,611,0.3687,0,3,personal,247000,12
LP004603,APP901311,Ishaan Kulkarni,Rajkot,2025-05-06,BR014,branch,31,50801,salaried_private,753,0.1917,0,1,gold,110000,12
LP004604,APP900975,Harsha Chatterjee,Kochi,2024-07-05,BR033,branch,25,136996,salaried_private,501,0.2352,0,5,gold,528000,18
LP004605,APP902837,Reyansh Gowda,Kolkata ,2024-12-05,BR016,online,38,100636,self_employed_business,678,0.5289,0,1,vehicle,2500000,60
LP004606,APP901986,Aditya Shah,Visakhapatnam,2025-02-22,BR015,partner_referral,50,125257,salaried_private,776,0.4252,0,0,vehicle,2500000,60
LP004607,APP903931,Praveen Prasad,Visakhapatnam,2025-03-12,BR040,online,41,121942,self_employed_professional,815,0.2878,0,0,vehicle,2137000,84
LP004608,APP900439,Karthik Kapoor,Pune,2024-11-23,BR030,branch,36,72724,contract,649,0.323,0,0,vehicle,508000,24
LP004609,APP900470,Bhavana Pillai,Kanpur,2025-03-04,BR001,branch,37,51710,contract,546,0.4447,0,1,vehicle,898000,48
LP004610,APP900793,Vivaan Banerjee,Jaipur,2024-06-11,BR027,branch,31,54325,salaried_government,590,0.5404,1,2,personal,484000,24
LP004611,APP903004,Nikhil Prasad, Tirunelveli,2024-11-19,BR020,online,42,124288,self_employed_business,615,0.621,1,1,personal,1415000,24
LP004612,APP900685,Anjali Joshi,Ahmedabad,2024-08-24,BR019,branch,50,67651,contract,622,0.4012,0,2,gold,306000,12
LP004613,APP900293,Gayathri Naidu,Mysuru,2025-03-13,BR004,partner_referral,32,67448,contract,818,0.2697,0,0,gold,559000,36
LP004614,APP900964,Karthik Desai,Vadodara,2025-02-01,BR027,branch,24,36617,Salaried_Private,317,0.47,1,9,vehicle,621000,60
LP004615,APP900143,Aarav Bose,Mumbai,2024-12-12,BR035,branch,29,109647,contract,746,0.5938,4,1,personal,1390000,60
LP004616,APP901797,Karthik Pillai,Indore,2023-07-08,BR001,branch,41,107098,salaried_private,773,0.5972,1,0,home,7002000,300
LP004617,APP902636,Anjali Chatterjee,Nashik,2023-08-24,BR040,online,34,51522,self_employed_business,713,0.5384,1,2,home,2688000,300
LP004618,APP902507,Sneha Bose,Mysuru,2023-06-26,BR010,direct_sales_agent,32,52048,self_employed_business,706,0.5634,0,1,personal,603000,24
LP004619,APP903488,Gayathri Kapoor,Ahmedabad,2025-04-17,BR002,direct_sales_agent,30,90367,self_employed_professional,409,0.5049,2,7,vehicle,1582000,60
LP004620,APP900490,Deepika Joshi,Indore,2024-01-03,BR004,branch,38,136061,contract,655,0.5519,1,0,home,6429000,240
LP004621,APP901569,Manoj Joshi,Madurai,2025-02-06,BR015,online,35,82493,SALARIED_PRIVATE,606,0.5654,2,1,home,3000000,240
LP004622,APP901812,Neha Pillai,Kanpur ,2023-12-27,BR040,online,41,50501,salaried_private,651,0.445,0,1,home,2603000,300
LP004623,APP902618,Aniket Nair,Surat,2025-03-26,BR005,branch,34,27147,self_employed_business,664,0.4112,2,0,gold,228000,36
LP004624,APP901780,Nikhil Sinha,Bengaluru,2023-12-24,BR026,branch,40,37470,SALARIED_PRIVATE,534,0.5548,1,6,gold,281000,18
LP004625,APP903750,Aniket Chatterjee, Indore,2023-11-17,BR031,branch,36,116465,self_employed_professional ,534,0.572,2,4,vehicle,2500000,60
LP004626,APP900567,Vikram Verma,Bhopal,2023-02-22,BR032,online,41,38836,contract,574,0.5987,1,1,home,2615000,360
LP004627,APP902991,Saanvi Chauhan,Ludhiana,2024-09-03,BR036,branch,41,55945,self_employed_business,623,0.4818,1,2,personal,968000,60
LP004628,APP903693,Diya Bhat,Ludhiana,2025-04-24,BR035,online,34,89475,self_employed_professional,668,0.261,0,1,gold,383000,18
LP004629,APP901127,Neha Kapoor,Ludhiana,2024-12-17,BR015,branch,28,43110,salaried_private,742,0.5574,1,0,vehicle,1271000,84
LP004630,APP901604,Divya Banerjee,Mysuru,2024-03-28,BR032,branch,36,58246,salaried_private,628,0.5233,1,0,home,3189000,300
LP004631,APP903645,Pooja Chatterjee,Mumbai,2023-03-01,BR037,online,34,113122,self_employed_professional,785,0.3467,0,0,home,3913000,180
LP004632,APP901786,Vikram Chatterjee,Jaipur,2023-01-26,BR037,branch,40,52221,SALARIED_PRIVATE,664,0.4685,1,0,vehicle,844000,60
LP004633,APP900143,Aarav Bose,Mumbai,2024-09-28,BR035,branch,29,102261,contract,695,0.8689,1,1,vehicle,877000,12
LP004634,APP900718,Ananya Bose,Lucknow,2023-07-13,BR014,online,60,19797,contract,587,0.3537,1,3,personal,151000,36
LP004635,APP903644,Aniket Sinha,Kochi,2025-03-27,BR003,branch,34,110234,self_employed_professional,729,0.4305,0,0,personal,983000,24
LP004636,APP901633,Saanvi Sharma,Rajkot,2023-06-22,BR004,online,37,24631,salaried_private,623,0.4879,0,2,vehicle,713000,84
LP004637,APP903487,Rahul Pillai,Nagpur,2023-10-26,BR012,branch,30,86451, self_employed_professional,661,0.5473,1,1,home,5283000,360
LP004638,APP901984,Nikhil Pillai,Visakhapatnam,2024-02-21,BR039,online,49,51758,salaried_private,773,0.2545,0,0,personal,382000,36
LP004639,APP901703,Bhavana Prasad,Coimbatore,2024-02-05,BR032,partner_referral,38,95682,salaried_private,798,0.5718,2,0,vehicle,1872000,60
LP004640,APP902246,Pooja Verma,Mumbai,2024-10-15,BR009,branch,28,54274,self_employed_business,569,0.2916,0,1,vehicle,488000,36
LP004641,APP900162,Ritika Bose,Hyderabad,2024-06-20,BR039,online,29,50371,contract,562,0.3085,0,3,vehicle,478000,36
LP004642,APP900207,Nikhil Mukherjee,Indore,2023-12-23,BR016,branch,30,85479,contract,609,0.5963,0,1,home,6144000,300
LP004643,APP902609,Lakshmi Sinha, Kochi,2025-04-21,BR016,direct_sales_agent,34,158301,self_employed_business,743,0.5653,1,0,home,5469000,120
LP004644,APP902024,Aadhya Chatterjee,Mumbai,2024-12-04,BR012,direct_sales_agent,55,31947,salaried_private,634,0.4588,1,2,vehicle,721000,84
LP004645,APP900673,Anjali Bhat,Hyderabad,2024-01-06,BR038,partner_referral,49,29689,contract,571,0.7403,3,3,home,1500000,180
LP004646,APP901254,Neha Malhotra,Coimbatore,2025-03-22,BR034,online,30,33059,salaried_private,693,0.2499,0,0,vehicle,256000,36
LP004647,APP902859,Reyansh Kapoor,Chennai ,2025-06-17,BR013,branch,38,33133,self_employed_business,599,0.6217,1,0,gold,273000,18
LP004648,APP903088,Praveen Verma,Vadodara,2023-04-20,BR024,online,45,54627,self_employed_business,592,0.3363,1,1,personal,487000,48
LP004649,APP903511,Shreya Mukherjee,Bengaluru,2025-01-13,BR020,online,31,39593,self_employed_professional,828,0.3474,0,0,personal,506000,48
LP004650,APP903415,Kavya Malhotra,Lucknow,2025-01-16,BR031,online,29,38270,self_employed_professional,549,0.5368,0,3,home,2515000,360
LP004651,APP903696,Vikram Bhat,Surat,2024-05-12,BR031,branch,34,97552,self_employed_professional,506,0.6255,0,5,gold,686000,12
LP004652,APP901282,Praveen Patel,Mysuru,2023-11-30,BR040,branch,31,103674,salaried_private,662,0.1841,0,0,personal,393000,24
LP004653,APP901202,Vikram Bose,Coimbatore,2023-04-24,BR024,branch,29,49296,salaried_private,769,0.7404,0,2,vehicle,791000,24
LP004654,APP903434,Divya Kapoor,Kochi,2023-04-15,BR030,branch,29,85722,self_employed_professional,639,0.5589,0,1,home,6041000,360
LP004655,APP902137,Siddharth Hegde,Indore,2025-03-27,BR034,partner_referral,26,323343, SELF_EMPLOYED_BUSINESS ,325,0.2005,0,10,vehicle,2500000,48
LP004656,APP901559,Aniket Reddy,Vadodara,2023-10-24,BR038,direct_sales_agent,35,59581,salaried_private,673,0.7545,2,3,personal,1117000,48
LP004657,APP901777,Krishna Naidu,Pune,2023-03-26,BR037,online,40,32484,salaried_private,692,0.4874,1,0,home,1604000,300
LP004658,APP902410,Krishna Pillai,Bengaluru,2024-05-17,BR031,online,31,111630,self_employed_business,769,0.6904,1,0,gold,792000,12
LP004659,APP903177,Krishna Desai,Mumbai,2023-09-14,BR025,online,53,14783,SELF_EMPLOYED_BUSINESS,712,0.5785,0,0,personal,307000,48
LP004660,APP900025,Pooja Bhat,Rajkot,2024-12-09,BR006,partner_referral,25,100239,contract,510,0.6855,3,5,home,5266000,240
LP004661,APP901671,Krishna Varma,Nagpur,2025-06-17,BR027,branch,38,132386,salaried_private,665,0.2359,0,2,gold,181000,6
LP004662,APP901638,Vikram Kulkarni,Bengaluru,2023-07-25,BR015,branch,37,28811, salaried_private,563,0.3245,0,2,vehicle,201000,24
LP004663,APP903719,Reyansh Subramanian,Madurai,2024-10-11,BR024,branch,35,36834,self_employed_professional,845,0.2783,2,0,personal,175000,36
LP004664,APP900880,Ritika Iyer,Delhi,2023-12-12,BR034,branch,41,51990,SALARIED_GOVERNMENT,523,0.2772,0,2,gold,162000,12
LP004665,APP903885,Vikram Varma,Kochi,2024-02-21,BR001,online,39,67502,self_employed_professional,707,0.5814,1,1,home,4652000,360
LP004666,APP900963,Lakshmi Verma,Coimbatore,2024-04-07,BR010,branch,24,35964,salaried_private,648,0.5993,0,1,personal,770000,48
LP004667,APP900139,Vikram Kulkarni,Jaipur,2023-04-25,BR001,online,28,95212,contract ,648,0.3935,1,2,gold,582000,24
LP004668,APP902381,Divya Sharma,Nashik,2024-07-04,BR014,online,30,57860,self_employed_business,437,0.3356,1,4,gold,283000,18
LP004669,APP901213,Anjali Gowda,Visakhapatnam,2023-03-28,BR039,branch,29,63366,salaried_private,661,0.5181,1,1,home,3249000,300
LP004670,APP900483,Meera Mukherjee,Lucknow,2023-02-10,BR005,partner_referral,37,88093,contract,578,0.4153,0,3,personal,1500000,60
LP004671,APP902262,Vikram Subramanian,Indore,2025-01-14,BR034,branch,28,91220,self_employed_business,592,0.5784,1,4,vehicle,2206000,60
LP004672,APP903789,Nandini Iyer,Jaipur,2024-04-23,BR031,branch,36,94421,self_employed_professional,756,0.3102,1,0,gold,687000,36
LP004673,APP900624,Neha Rao,Pune ,2025-05-24,BR005,partner_referral,45,43950,contract,498,0.5937,1,4,personal,893000,60
LP004674,APP902899,Nikhil Malhotra,Delhi,2024-02-04,BR036,branch,39,50032,self_employed_business,307,0.7638,2,12,home,3115000,300
LP004675,APP902026,Vinay Malhotra,Jaipur,2024-11-27,BR018,partner_referral,56,106892,salaried_private,601,0.5514,2,2,personal,1500000,48
LP004676,APP902241,Arjun Desai,Lucknow,2023-03-28,BR003,branch,28,50126,self_employed_business,351,0.5868,0,7,home,3483000,360
LP004677,APP902691,Vivaan Bose,Vadodara,2024-10-25,BR025,branch,35,45721,self_employed_business,470,0.514,0,6,personal,819000,48
LP004678,APP900252,Diya Pillai,Rajkot,2024-05-10,BR006,online,31,80828,contract,557,0.5375,1,6,personal,440000,12
LP004679,APP903630,Praveen Pillai,Hyderabad,2024-01-13,BR033,direct_sales_agent,33,60463,self_employed_professional,541,0.5856,0,1,personal,1252000,48
LP004680,APP903447,Vikram Desai,Rajkot,2023-04-12,BR021,branch,30,142879,SELF_EMPLOYED_PROFESSIONAL,677,0.3492,0,1,home,5917000,300
LP004681,APP900394,Reyansh Krishnan,Mysuru,2024-05-22,BR022,branch,35,388836,contract,664,0.1874,0,1,personal,1500000,24
LP004682,APP903991,Ritika Chauhan,Rajkot,2024-06-05,BR029,branch,43,79536,self_employed_professional,734,0.3782,1,0,vehicle,797000,36
LP004683,APP902261,Lakshmi Kulkarni,Nagpur,2024-02-02,BR039,branch,28,89419,self_employed_business,793,0.4085,2,0,gold,282000,12
LP004684,APP901959,Harsha Shah,Vadodara,2023-09-20,BR023,direct_sales_agent,47,46573,Salaried_Private,623,0.5327,0,1,home,2935000,300
LP004685,APP903786,Saanvi Pillai,Rajkot,2023-05-08,BR014,branch,36,85302,self_employed_professional,814,0.5224,0,1,home,5780000,360
LP004686,APP902177,Swathi Banerjee,Vadodara,2023-02-15,BR030,branch,27,23725,self_employed_business,538,0.4913,0,3,personal,331000,36
LP004687,APP904077,Vikram Prasad,Coimbatore,2025-03-05,BR021,online,48,87799,self_employed_professional,498,0.4485,0,3,personal,800000,24
LP004688,APP902932,Manoj Chatterjee,Ludhiana,2023-03-29,BR012,branch,40,24266,self_employed_business,711,0.8956,2,2,personal,186000,12
LP004689,APP900372,Ishaan Prasad,Rajkot,2023-06-10,BR026,online,34,96450,contract,711,0.3035,0,1,personal,846000,36
LP004690,APP903262,Rohan Prasad,Mysuru,2024-06-13,BR020,online,25,120929,self_employed_professional,407,0.4451,0,6,personal,1500000,36
LP004691,APP901892,Vivaan Sharma,Kolkata,2023-10-26,BR016,branch,44,49266,salaried_private,667,0.3074,0,1,personal,633000,60
LP004692,APP901460,Vinay Bhat,Visakhapatnam,2023-08-06,BR004,online,34,108061,salaried_private,590,0.4189,1,2,gold,979000,36
LP004693,APP900844,Vivaan Patel, Kanpur,2025-05-30,BR001,direct_sales_agent,36,61875,salaried_government,611,0.3058,1,2,gold,97000,6
LP004694,APP902871,Bhavana Naidu,Mysuru,2025-05-01,BR019,online,38,72668,self_employed_business,374,0.4579,1,10,personal,786000,36
LP004695,APP904082,Aadhya Kulkarni,Lucknow,2024-11-20,BR017,branch,49,32321,self_employed_professional,602,0.4328,1,1,personal,379000,48
LP004696,APP900154,Reyansh Pillai,Surat,2023-05-14,BR008,branch,29,28177, CONTRACT ,720,0.3507,1,1,gold,190000,36
LP004697,APP903362,Swathi Sinha,Surat,2024-03-26,BR020,branch,28,22921,self_employed_professional,606,0.4879,0,5,personal,463000,60
LP004698,APP901232,Vivaan Verma,Indore,2025-02-17,BR016,online,30,100820,salaried_private,735,0.6692,1,1,home,7208000,360
LP004699,APP901438,Saanvi Krishnan,Rajkot,2025-04-26,BR038,online,33,49256,salaried_private,606,0.3496,0,3,home,2017000,300
LP004700,APP904041,Diya Joshi,Kochi ,2023-11-24,BR026,online,46,56504,self_employed_professional,566,0.95,0,2,personal,595000,12
LP004701,APP900961,Ananya Chatterjee,Hyderabad,2023-12-23,BR024,branch,24,33171,salaried_private,540,0.4194,2,3,gold,121000,18
LP004702,APP902803,Reyansh Chauhan,Delhi,2024-11-01,BR027,branch,37,38010,self_employed_business,846,0.4864,1,0,personal,605000,60
LP004703,APP902753,Kavya Chatterjee,Madurai,2024-10-22,BR021,online,36,50109,self_employed_business,715,0.3719,1,0,home,1512000,300
LP004704,APP902185,Aniket Patel,Chennai,2023-04-12,BR021,direct_sales_agent,27,41931,self_employed_business,676,0.4346,2,0,gold,232000,18
LP004705,APP902669,Siddharth Sinha,Lucknow,2025-01-02,BR017,online,35,111232,self_employed_business,503,0.7457,2,5,home,5966000,180
LP004706,APP901135,Priya Varma,Kochi,2023-09-23,BR023,online,28,55798,salaried_private,846,0.352,2,0,gold,139000,12
LP004707,APP900797,Anjali Krishnan,Rajkot,2023-01-25,BR002,branch,31,92363,salaried_government,606,0.4914,1,1,personal,1188000,36
LP004708,APP900576,Manoj Reddy,Coimbatore,2024-10-19,BR039,branch,41,90330,contract,762,0.4548,0,0,personal,1194000,36
LP004709,APP902970,Gayathri Bose,Jaipur,2024-03-30,BR002,branch,41,128800,self_employed_business,557,0.3983,1,5,personal,1500000,60
LP004710,APP901268,Diya Pillai,Pune,2023-12-01,BR007,branch,30,57146,salaried_private,300,0.6363,1,8,personal,1060000,48
LP004711,APP902685,Deepika Bose,Mysuru,2024-08-03,BR012,online,35,34790,self_employed_business,682,0.4787,1,2,home,1500000,300
LP004712,APP903633,Pooja Kapoor,Bengaluru,2023-12-09,BR009,direct_sales_agent,33,71867,self_employed_professional ,513,0.4741,0,3,personal,692000,24
LP004713,APP900089,Lakshmi Malhotra,Mysuru,2024-02-03,BR018,branch,27,61145,contract,735,0.2508,1,0,vehicle,397000,36
LP004714,APP900318,Praveen Bose,Indore,2024-07-14,BR023,branch,33,29793,contract,725,0.4757,1,1,vehicle,335000,36
LP004715,APP900619,Arjun Chatterjee,Kolkata,2024-12-20,BR035,branch,45,130934,contract,743,0.5477,0,0,home,7141000,180
LP004716,APP902576,Nandini Joshi,Kochi ,2024-09-14,BR004,branch,33,56542, self_employed_business,484,0.4019,0,2,personal,461000,24
LP004717,APP902727,Rahul Sinha,Hyderabad,2024-04-25,BR011,online,36,145707,self_employed_business,720,0.4778,0,0,home,7850000,240
LP004718,APP903017,Shreya Joshi,Ahmedabad ,2025-05-06,BR014,online,42,49495, self_employed_business,754,0.7136,2,0,personal,1042000,60
LP004719,APP900613,Reyansh Malhotra,Bengaluru,2023-09-28,BR029,branch,44,71808,contract,720,0.6159,1,0,home,4635000,300
LP004720,APP900051,Vikram Chauhan,Kochi,2024-03-26,BR001,online,26,202235,contract,585,0.3414,0,1,home,6764000,180
LP004721,APP900527,Ritika Chauhan,Kochi,2024-04-02,BR011,online,39,53384,contract,569,0.2752,0,1,personal,418000,36
LP004722,APP900390,Bhavana Sinha,Indore,2023-05-02,BR024,direct_sales_agent,35,29002,contract,641,0.4131,1,1,personal,183000,24
LP004723,APP901505,Saanvi Menon,Kolkata,2024-08-08,BR018,branch,34,62656,salaried_private,587,0.4279,2,2,gold,293000,18
LP004724,APP903945,Vikram Rao,Bengaluru,2023-11-06,BR019,branch,41,61498,self_employed_professional,523,0.565,1,4,personal,1308000,60
LP004725,APP900032,Aadhya Shah,Nashik,2024-05-22,BR030,partner_referral,25,269900,contract,674,0.4207,2,1,vehicle,2500000,36
LP004726,APP902519,Sneha Hegde,Kochi ,2024-09-10,BR033,branch,32,71214,self_employed_business,580,0.5582,2,4,home,2687000,180
LP004727,APP902929,Saanvi Mukherjee,Jaipur,2024-05-12,BR016,branch,40,123725,self_employed_business,533,0.7473,2,4,home,8795000,360
LP004728,APP903735,Meera Shah,Coimbatore,2024-01-21,BR010,branch,35,55895,self_employed_professional,332,0.5217,0,10,home,3351000,300
LP004729,APP900437,Aniket Bose,Tirunelveli,2024-04-19,BR031,branch,36,59428,contract,569,0.8461,1,3,personal,491000,12
LP004730,APP903172,Deepika Chauhan,Lucknow,2024-02-22,BR002,partner_referral,52,26446,self_employed_business,376,0.3024,0,8,personal,275000,48
LP004731,APP903894,Reyansh Sharma,Bhopal,2023-08-23,BR010,branch,40,129257,self_employed_professional,300,0.5604,0,12,home,7727000,240
LP004732,APP902361,Manoj Kulkarni,Bengaluru,2025-05-29,BR033,online,30,38282, self_employed_business,748,0.4448,2,0,personal,286000,36
LP004733,APP903854,Rahul Hegde,Jaipur,2023-11-11,BR026,branch,38,60371,self_employed_professional,402,0.8843,3,8,gold,260000,6
LP004734,APP902770,Anjali Shah,Mumbai,2023-11-09,BR007,branch,36,73493,self_employed_business,450,0.3691,0,9,personal,763000,36
LP004735,APP900201,Nandini Verma,Tirunelveli,2023-05-28,BR029,online,30,79992,contract,699,0.5173,1,0,personal,902000,36
LP004736,APP901054,Harsha Bose,Visakhapatnam,2024-11-23,BR034,online,27,26466,salaried_private,432,0.6661,1,7,vehicle,343000,24
LP004737,APP900649,Harsha Sinha,Nashik,2023-06-15,BR024,online,46,93954,contract,683,0.2707,0,0,home,2874000,300
LP004738,APP901342,Ananya Krishnan,Tirunelveli,2025-03-05,BR032,partner_referral,32,115868,salaried_private,779,0.6371,1,0,home,6810000,240
LP004739,APP901160,Rahul Reddy,Bhopal,2023-03-05,BR033,direct_sales_agent,29,119492,salaried_private,619,0.459,1,2,personal,1500000,48
LP004740,APP901967,Rahul Sharma,Nagpur,2023-07-07,BR009,branch,48,142351,salaried_private,569,0.4637,1,3,vehicle,1217000,24
LP004741,APP900488,Rohan Iyer,Rajkot,2024-02-18,BR019,partner_referral,38,102135,contract,585,0.5397,1,4,personal,1500000,48
LP004742,APP903508,Saanvi Pillai,Ahmedabad,2023-01-22,BR034,partner_referral,31,35950,self_employed_professional,707,0.1655,0,1,gold,98000,18
LP004743,APP900553,Krishna Kapoor,Ludhiana,2023-12-28,BR008,online,40,63608,contract,735,0.6475,0,1,vehicle,469000,12
LP004744,APP903324,Saanvi Verma,Nashik,2023-08-16,BR032,online,27,168861,self_employed_professional,688,0.4467,0,0,vehicle,1636000,24
LP004745,APP903355,Priya Prasad,Ahmedabad,2025-04-18,BR030,partner_referral,28,103198,self_employed_professional,727,0.5325,0,0,home,6787000,360
LP004746,APP901231,Pooja Chauhan,Mysuru,2024-10-09,BR004,online,29,97763,salaried_private,729,0.4092,1,1,home,3481000,300
LP004747,APP902762,Gayathri Nair,Ahmedabad,2023-04-05,BR026,online,36,59629,self_employed_business,766,0.6195,1,1,vehicle,1212000,48
LP004748,APP903976,Sandeep Reddy,Indore,2024-12-29,BR037,branch,43,14678,self_employed_professional,525,0.2855,0,3,gold,126000,36
LP004749,APP903254,Priya Reddy,Bengaluru,2025-01-19,BR029,online,24,57491,self_employed_professional,767,0.3584,0,0,home,2506000,300
LP004750,APP903129,Anjali Rao,Indore,2024-02-17,BR032,online,47,77298,self_employed_business,504,0.4954,1,5,personal,686000,24
LP004751,APP903944,Ritika Bose,Bengaluru ,2023-03-06,BR020,direct_sales_agent,41,57946,self_employed_professional ,764,0.4183,0,0,personal,1032000,60
LP004752,APP900152,Meera Sharma,Madurai,2025-05-29,BR026,direct_sales_agent,29,189739,contract,693,0.4596,1,2,home,7208000,240
LP004753,APP902198,Priya Joshi,Bengaluru,2024-06-10,BR027,direct_sales_agent,27,57859,self_employed_business,723,0.7095,2,2,home,3951000,360
LP004754,APP903814,Manoj Mukherjee, Mumbai,2023-04-07,BR019,direct_sales_agent,37,49508,self_employed_professional,683,0.5447,0,0,home,2614000,180
LP004755,APP901382,Vinay Patel,Ahmedabad,2023-06-09,BR016,partner_referral,32,61953,salaried_private,656,0.3135,1,2,gold,495000,36
LP004756,APP903827,Shreya Bose,Lucknow,2024-09-21,BR007,branch,37,88306,self_employed_professional,544,0.8322,3,3,home,5072000,240
LP004757,APP901914,Priya Bose,Kolkata,2024-03-08,BR033,branch,45,39170,salaried_private,791,0.3752,1,2,gold,358000,36
LP004758,APP902958,Nikhil Desai,Visakhapatnam,2023-08-05,BR032,branch,40,63093,self_employed_business,696,0.2078,0,1,vehicle,406000,36
LP004759,APP901229,Harsha Reddy,Mysuru,2023-07-24,BR009,online,29,91894,salaried_private,515,0.5039,1,2,vehicle,1653000,48
LP004760,APP903865,Harsha Reddy,Nagpur,2024-02-23,BR002,branch,38,91906,self_employed_professional,645,0.6853,1,1,vehicle,2500000,60
LP004761,APP900203,Saanvi Pillai,Lucknow,2025-03-01,BR005,partner_referral,30,81260,contract,767,0.4595,0,0,personal,1351000,48
LP004762,APP903382,Aadhya Gowda,Nashik,2023-12-26,BR031,branch,28,68342,self_employed_professional,601,0.4858,0,5,personal,679000,24
LP004763,APP900192,Krishna Ramesh,Chennai,2023-01-16,BR036,branch,30,48681,contract,643,0.5454,0,1,home,3216000,360
LP004764,APP903037,Kavya Chatterjee,Delhi,2023-09-05,BR027,branch,43,31861,self_employed_business,639,0.6872,3,1,personal,635000,60
LP004765,APP901111,Sandeep Krishnan,Rajkot,2024-02-26,BR003,online,28,23955,salaried_private,724,0.6091,0,0,personal,422000,36
LP004766,APP903712,Aadhya Subramanian,Jaipur,2024-11-17,BR014,partner_referral,35,32212, SELF_EMPLOYED_PROFESSIONAL ,661,0.2318,0,0,vehicle,296000,48
LP004767,APP901744,Neha Verma,Nashik,2025-03-11,BR009,direct_sales_agent,39,66316,salaried_private,664,0.5986,2,1,home,3020000,240
LP004768,APP900474,Ritika Desai,Rajkot,2024-02-01,BR021,online,37,61263,contract,594,0.3056,1,2,personal,274000,24
LP004769,APP903091,Priya Kulkarni,Kochi,2024-02-28,BR017,online,45,69137,self_employed_business,741,0.3809,0,0,home,3262000,300
LP004770,APP901352,Aniket Reddy,Nagpur,2025-03-28,BR013,branch,32,22286, salaried_private,490,0.445,0,4,vehicle,461000,60
LP004771,APP900951,Vinay Bhat,Madurai,2023-09-06,BR014,branch,23,97594,salaried_private,744,0.5021,2,0,personal,1500000,60
LP004772,APP901982,Vivaan Verma,Delhi,2025-04-14,BR017,direct_sales_agent,49,30874,salaried_private,497,0.2711,0,3,vehicle,326000,48
LP004773,APP901394,Swathi Mukherjee,Visakhapatnam,2023-01-07,BR030,partner_referral,32,83026,salaried_private,622,0.4701,1,2,gold,366000,12
LP004774,APP900578,Ananya Patel,Ahmedabad,2023-06-04,BR006,online,42,121153,contract,762,0.2913,0,1,personal,1500000,60
LP004775,APP903043,Sandeep Kapoor,Coimbatore,2023-12-08,BR034,online,43,48012,self_employed_business,737,0.4329,1,0,home,2059000,360
LP004776,APP901666,Sandeep Pillai,Tirunelveli,2023-10-06,BR021,branch,38,110515,salaried_private,497,0.8541,4,2,home,7045000,300
LP004777,APP902431,Praveen Nair,Chennai,2024-01-19,BR016,online,31,41478,self_employed_business,580,0.5249,1,5,personal,355000,24
LP004778,APP902170,Nikhil Gowda,Lucknow,2024-12-19,BR039,online,27,141130,self_employed_business,611,0.579,2,5,personal,1447000,36
LP004779,APP903687,Bhavana Banerjee,Nashik,2023-07-23,BR040,partner_referral,34,75291,SELF_EMPLOYED_PROFESSIONAL,537,0.6432,0,3,personal,1373000,36
LP004780,APP900414,Ishaan Krishnan,Nagpur,2024-07-26,BR026,branch,35,85149,contract,669,0.6181,1,0,home,5461000,360
LP004781,APP900415,Arjun Hegde,Kanpur,2024-05-13,BR031,branch,35,85987,contract,583,0.3829,0,2,home,3580000,240
LP004782,APP903657,Siddharth Gowda,Kolkata,2023-06-01,BR004,online,34,21117,self_employed_professional,748,0.5254,0,0,personal,402000,48
LP004783,APP900571,Manoj Sinha,Chennai,2023-01-13,BR031,direct_sales_agent,41,72404,contract,607,0.6661,1,1,personal,817000,24
LP004784,APP904095,Kavya Prasad,Mumbai ,2024-03-24,BR005,online,51,106043,self_employed_professional,300,0.6418,0,12,home,7296000,240
LP004785,APP901240,Nikhil Varma, Hyderabad,2023-10-03,BR003,partner_referral,30,152600,salaried_private,720,0.4851,0,0,home,9175000,360
LP004786,APP903788,Swathi Naidu,Jaipur,2024-05-23,BR002,branch,36,89954,self_employed_professional,636,0.5933,0,0,vehicle,1645000,36
LP004787,APP904108,Gayathri Kulkarni,Madurai,2025-03-08,BR019,online,53,47785,self_employed_professional,710,0.5857,0,0,personal,1008000,48
LP004788,APP903087,Sneha Kulkarni,Lucknow,2023-10-27,BR013,branch,45,53324,self_employed_business ,633,0.4329,1,0,gold,511000,36
LP004789,APP900100,Divya Varma,Mysuru ,2023-02-14,BR030,branch,28,134732,contract,645,0.6637,2,1,home,7440000,360
LP004790,APP902209,Praveen Chauhan,Mysuru,2023-03-06,BR027,branch,27,85656,self_employed_business,656,0.4844,1,2,gold,356000,12
LP004791,APP901353,Neha Joshi,Ahmedabad ,2024-03-06,BR004,branch,32,24791,salaried_private,747,0.3733,0,0,gold,198000,24
LP004792,APP901370,Aditya Chauhan,Kanpur,2024-02-15,BR017,online,32,45962,salaried_private ,708,0.2943,0,0,home,1500000,240
LP004793,APP902697,Gayathri Joshi,Kolkata,2023-10-12,BR034,branch,35,51678,self_employed_business,660,0.4162,1,1,personal,800000,60
LP004794,APP902616,Reyansh Banerjee,Ludhiana,2024-03-19,BR019,direct_sales_agent,34,25368,self_employed_business,834,0.2813,0,0,personal,209000,36
LP004795,APP900816,Sandeep Kulkarni,Lucknow,2024-07-01,BR005,online,33,67241, salaried_government,537,0.6255,0,4,vehicle,1947000,60
LP004796,APP900417,Reyansh Patel,Bengaluru,2023-06-20,BR031,partner_referral,36,111685,contract,833,0.5221,0,0,home,7399000,360
LP004797,APP902104,Ananya Malhotra,Delhi,2023-09-30,BR039,online,25,39854,self_employed_business,561,0.5901,2,2,personal,320000,24
LP004798,APP904097,Aadhya Malhotra,Hyderabad,2024-02-10,BR040,online,51,53492,self_employed_professional,407,0.1891,0,8,personal,283000,36
LP004799,APP903429,Yash Desai,Tirunelveli,2024-10-26,BR015,direct_sales_agent,29,70248,self_employed_professional ,466,0.4259,0,7,gold,634000,24
LP004800,APP900465,Karthik Varma,Hyderabad,2023-11-27,BR038,partner_referral,37,45343,contract,688,0.3985,1,0,personal,448000,36
LP004801,APP903441,Krishna Bose,Chennai,2023-11-05,BR038,online,30,112188,self_employed_professional,584,0.395,0,2,home,4870000,240
LP004802,APP900910,Vivaan Sinha,Kochi,2024-11-11,BR016,branch,47,17564,salaried_government,760,0.4698,0,1,personal,350000,60
LP004803,APP900479,Praveen Patel,Indore,2025-03-20,BR033,online,37,76015,contract,622,0.2604,0,3,gold,422000,24
LP004804,APP903875,Gayathri Krishnan,Visakhapatnam,2023-03-20,BR001,direct_sales_agent,39,30017,self_employed_professional,699,0.6317,1,1,personal,320000,24
LP004805,APP900489,Aarav Prasad,Nagpur,2023-04-11,BR032,direct_sales_agent,38,103963,contract,524,0.4102,1,5,vehicle,784000,24
LP004806,APP902656,Rahul Malhotra,Indore,2024-05-30,BR027,branch,34,80529,self_employed_business,645,0.2003,0,0,personal,331000,24
LP004807,APP902956,Diya Banerjee,Visakhapatnam,2025-01-01,BR039,partner_referral,40,60657,self_employed_business,660,0.4253,0,2,vehicle,1211000,60
LP004808,APP900273,Priya Menon,Delhi,2023-03-13,BR010,online,32,20182, CONTRACT ,756,0.2207,1,0,personal,95000,36
LP004809,APP901662,Lakshmi Sharma,Bhopal,2023-07-18,BR036,online,37,80815,salaried_private,563,0.3625,0,1,home,3555000,360
LP004810,APP901042,Siddharth Chatterjee,Nagpur,2023-07-09,BR005,branch,27,154671,salaried_private,763,0.3113,0,0,home,5747000,300
LP004811,APP903655,Vinay Shah,Nagpur,2024-02-19,BR019,online,34,196199,self_employed_professional,749,0.1803,0,0,personal,1500000,60
LP004812,APP902181,Vikram Shah,Visakhapatnam,2024-04-11,BR011,online,27,31299,self_employed_business,656,0.5804,1,0,home,1500000,180
LP004813,APP901891,Nandini Krishnan,Chennai,2023-04-01,BR040,branch,44,45960, salaried_private,591,0.4092,0,1,personal,668000,48
LP004814,APP902182,Ishaan Reddy,Rajkot,2023-05-21,BR006,online,27,35181,self_employed_business,724,0.3989,0,1,personal,508000,48
LP004815,APP902201,Swathi Bose,Coimbatore,2023-09-01,BR020,branch,27,69736,self_employed_business,661,0.69,0,1,vehicle,1040000,24
LP004816,APP903216,Priya Malhotra,Coimbatore,2023-10-24,BR027,direct_sales_agent,60,22676,SELF_EMPLOYED_BUSINESS,615,0.5477,0,1,personal,255000,24
LP004817,APP901799,Ananya Subramanian,Mysuru,2024-10-20,BR027,online,41,118249,salaried_private,483,0.3629,0,4,vehicle,1675000,48
LP004818,APP902275,Ishaan Iyer,Rajkot,2023-11-30,BR028,branch,29,130713,self_employed_business,451,0.3314,0,8,personal,1500000,48
LP004819,APP903108,Vinay Shah,Chennai,2024-03-19,BR025,branch,46,65485,self_employed_business,515,0.3137,0,3,gold,231000,12
LP004820,APP902785,Diya Malhotra,Rajkot,2024-09-20,BR026,online,37,124785,self_employed_business,709,0.4591,1,1,personal,1316000,36
LP004821,APP900127,Vivaan Banerjee,Chennai,2023-09-15,BR021,partner_referral,28,72496,contract,710,0.4594,0,0,personal,965000,36
LP004822,APP902398,Sneha Joshi,Ludhiana,2024-01-31,BR032,partner_referral,30,73606,self_employed_business,621,0.3834,0,0,gold,318000,12
LP004823,APP901024,Rahul Verma,Vadodara,2024-02-27,BR005,branch,26,58812,salaried_private,691,0.2131,0,0,gold,267000,24
LP004824,APP900904,Kavya Reddy,Kochi,2023-02-07,BR004,online,45,107504,salaried_government,504,0.3314,0,5,personal,1007000,36
LP004825,APP902599,Karthik Malhotra,Kanpur,2025-03-29,BR040,partner_referral,34,102710,self_employed_business,790,0.3704,0,0,vehicle,2319000,84
LP004826,APP900291,Siddharth Chauhan,Lucknow,2024-04-04,BR033,branch,32,65155,contract,842,0.6717,0,0,personal,913000,24
LP004827,APP900663,Diya Nair,Rajkot ,2024-02-16,BR004,direct_sales_agent,48,55015,contract,643,0.5395,1,3,gold,504000,24
LP004828,APP903351,Aarav Banerjee,Vadodara,2024-09-06,BR020,online,27,92277,self_employed_professional,609,0.6648,2,2,home,5501000,300
LP004829,APP900720,Nandini Desai,Chennai,2025-05-31,BR026,branch,60,32739,contract,709,0.6124,2,1,home,1942000,300
LP004830,APP900733,Siddharth Sinha,Ahmedabad,2023-01-03,BR027,branch,24,66195,salaried_government,499,0.4116,1,5,home,2247000,240
LP004831,APP902564,Manoj Gowda,Indore,2024-04-29,BR028,online,33,43223,self_employed_business,497,0.4472,1,4,vehicle,633000,48
LP004832,APP902499,Aditya Menon,Lucknow ,2024-01-18,BR037,online,32,36404,self_employed_business,618,0.7586,2,1,vehicle,793000,48
LP004833,APP900851,Lakshmi Kulkarni,Bengaluru,2023-06-12,BR016,online,37,41039,salaried_government,678,0.53,1,1,vehicle,679000,48
LP004834,APP902216,Ishaan Bose,Ahmedabad,2023-07-10,BR033,branch,28,103002,self_employed_business,563,0.504,1,3,home,5234000,300
LP004835,APP901811,Manoj Menon,Pune,2024-01-29,BR020,branch,41,43617,salaried_private,736,0.541,1,0,vehicle,1037000,60
LP004836,APP904053,Shreya Sinha,Visakhapatnam,2025-03-31,BR008,online,47,34580,self_employed_professional,670,0.6612,2,3,home,1927000,300
LP004837,APP901419,Swathi Joshi,Bengaluru,2024-11-27,BR013,branch,33,258593,salaried_private,753,0.3975,3,0,personal,1500000,60
LP004838,APP901626,Harsha Subramanian,Mysuru,2023-02-27,BR030,partner_referral,37,132216,salaried_private,405,0.5393,0,7,vehicle,806000,12
LP004839,APP902778,Kavya Sharma,Indore,2024-07-08,BR037,online,36,93558,self_employed_business,389,0.599,0,8,personal,612000,12
LP004840,APP900283,Aniket Reddy,Nagpur,2024-10-16,BR011,direct_sales_agent,32,53863,contract,717,0.1766,0,1,gold,157000,18
LP004841,APP903468,Meera Krishnan,Visakhapatnam,2025-06-26,BR010,online,30,47114,self_employed_professional,712,0.4199,1,0,gold,170000,12
LP004842,APP900881,Nandini Joshi,Kanpur,2023-07-23,BR004,online,41,69400,salaried_government ,645,0.5847,2,1,gold,603000,24
LP004843,APP901797,Karthik Pillai,Indore,2024-01-07,BR001,online,41,101146,salaried_private,545,0.4988,0,3,gold,568000,12
LP004844,APP903380,Meera Prasad,Ahmedabad,2025-02-23,BR025,branch,28,60297,self_employed_professional,784,0.5084,0,0,personal,890000,36
LP004845,APP901842,Praveen Bose,Madurai,2025-06-24,BR009,partner_referral,42,45994,salaried_private,652,0.5481,1,1,home,2456000,240
LP004846,APP901081,Aniket Bhat,Nagpur,2024-01-21,BR023,branch,27,78594,salaried_private,820,0.4098,1,0,gold,140000,6
LP004847,APP901867,Aniket Reddy,Rajkot,2024-04-22,BR018,branch,43,50224,salaried_private,438,0.3074,0,6,vehicle,712000,60
LP004848,APP902723,Vivaan Rao,Jaipur,2023-06-14,BR030,online,36,117067,self_employed_business,685,0.2823,1,3,vehicle,716000,36
LP004849,APP900026,Bhavana Banerjee,Kolkata,2023-02-17,BR016,partner_referral,25,103255,contract,502,0.5975,3,5,personal,503000,12
LP004850,APP902750,Divya Ramesh,Bhopal,2023-07-28,BR009,online,36,45304,self_employed_business,549,0.216,0,5,personal,199000,24
LP004851,APP901635,Divya Chatterjee,Coimbatore,2024-08-16,BR010,branch,37,25305,salaried_private,618,0.6555,1,1,personal,273000,24
LP004852,APP901387,Sneha Subramanian,Hyderabad,2024-03-12,BR006,online,32,70559,salaried_private,532,0.3926,1,4,gold,146000,6
LP004853,APP904008,Nikhil Prasad,Jaipur,2025-01-19,BR024,online,44,45215,self_employed_professional,582,0.5184,2,1,vehicle,406000,36
LP004854,APP904138,Ishaan Patel,Nagpur,2025-01-02,BR030,partner_referral,59,39457,self_employed_professional,496,0.1748,1,5,gold,55000,12
LP004855,APP901231,Pooja Chauhan,Mysuru,2023-02-06,BR004,online,29,96902,Salaried_Private,423,0.2425,0,7,personal,660000,36
LP004856,APP900079,Praveen Reddy,Mysuru,2023-04-16,BR011,partner_referral,27,286740,contract,631,0.2821,0,2,vehicle,2500000,36
LP004857,APP900098,Aniket Naidu,Hyderabad,2025-02-17,BR039,branch,28,117997,contract,642,0.5149,2,1,personal,1500000,60
LP004858,APP902025,Deepika Bhat,Bhopal,2023-05-08,BR001,partner_referral,55,42948,salaried_private,695,0.1794,0,1,gold,233000,36
LP004859,APP901074,Yash Chatterjee,Indore,2023-03-11,BR015,direct_sales_agent,27,63583,salaried_private,764,0.4078,1,1,personal,485000,24
LP004860,APP900701,Neha Bose,Pune,2023-01-27,BR037,branch,54,187472,contract,477,0.4423,1,6,home,7944000,300
LP004861,APP903577,Sneha Joshi,Vadodara,2025-05-16,BR031,online,32,49734,self_employed_professional,562,0.6121,0,2,vehicle,1416000,60
LP004862,APP903927,Swathi Ramesh,Ahmedabad,2023-11-11,BR021,online,41,107256,self_employed_professional,744,0.4638,0,1,home,6096000,300
LP004863,APP901642,Vikram Rao,Surat,2024-11-26,BR009,online,37,39592,salaried_private,788,0.751,1,0,vehicle,323000,12
LP004864,APP903535,Praveen Subramanian,Indore,2023-07-10,BR005,online,31,70700,self_employed_professional,566,0.6209,1,1,home,4680000,360
LP004865,APP902590,Aditya Bhat,Tirunelveli,2024-05-22,BR018,online,33,86155,self_employed_business,566,0.8523,0,2,personal,1500000,24
LP004866,APP901268,Diya Pillai,Pune,2023-06-01,BR007,partner_referral,30,58441,salaried_private,659,0.5346,1,1,personal,1157000,60
LP004867,APP900237,Lakshmi Prasad,Madurai,2024-11-14,BR035,online,31,50932,contract,716,0.5319,1,1,home,2467000,240
LP004868,APP900581,Vikram Sinha,Visakhapatnam,2024-10-27,BR030,partner_referral,42,27179,contract,663,0.4643,0,1,vehicle,273000,24
LP004869,APP900513,Shreya Shah,Delhi,2024-09-26,BR013,branch,38,89197,contract,738,0.7955,3,2,personal,1500000,48
LP004870,APP902636,Anjali Chatterjee,Nashik,2023-05-03,BR040,online,34,52272,self_employed_business,861,0.3894,1,0,vehicle,390000,24
LP004871,APP902257,Siddharth Kulkarni,Ludhiana,2025-05-23,BR002,online,28,73362,self_employed_business,566,0.6593,1,3,personal,1500000,48
LP004872,APP901089,Aadhya Banerjee,Vadodara,2024-06-30,BR007,partner_referral,28,100931,salaried_private,701,0.2761,0,0,gold,594000,24
LP004873,APP900266,Aniket Patel,Kochi,2023-08-25,BR007,partner_referral,32,137811,contract ,773,0.2995,0,0,personal,1500000,48
LP004874,APP902205,Kavya Ramesh,Kolkata,2024-08-04,BR027,partner_referral,27,77958, self_employed_business,675,0.2905,0,0,gold,686000,36
LP004875,APP902977,Priya Gowda,Mysuru ,2024-05-13,BR030,online,41,32391,self_employed_business,511,0.6579,1,4,vehicle,728000,48
LP004876,APP900824,Sneha Bhat,Lucknow,2024-05-23,BR037,online,34,83895,SALARIED_GOVERNMENT,602,0.3979,0,2,vehicle,1989000,84
LP004877,APP900960,Pooja Chauhan,Nashik,2023-07-31,BR039,direct_sales_agent,24,31188,Salaried_Private,559,0.3516,0,2,personal,388000,48
LP004878,APP902402,Aniket Krishnan,Delhi,2024-12-13,BR027,online,30,83855,self_employed_business,576,0.6304,0,1,personal,1500000,36
LP004879,APP903868,Krishna Malhotra,Tirunelveli,2025-05-16,BR017,online,38,98288,self_employed_professional,746,0.6567,2,1,vehicle,1965000,48
LP004880,APP903594,Aadhya Iyer,Lucknow,2024-11-14,BR034,partner_referral,32,86850,self_employed_professional ,865,0.6476,4,0,gold,795000,36
LP004881,APP902626,Praveen Mukherjee,Ludhiana,2025-02-21,BR008,online,34,43260,self_employed_business,714,0.3518,0,0,gold,326000,24
LP004882,APP901861,Shreya Krishnan,Chennai,2023-02-23,BR015,online,43,36265,salaried_private,609,0.5795,3,3,personal,132000,12
LP004883,APP901186,Anjali Nair,Kochi,2023-03-11,BR040,branch,29,35948,salaried_private,458,0.3258,1,5,personal,172000,24
LP004884,APP903474,Arjun Krishnan,Rajkot,2023-08-26,BR031,branch,30,64903,self_employed_professional,489,0.3803,0,6,home,2663000,240
LP004885,APP901155,Deepika Gowda,Madurai,2024-04-22,BR007,branch,29,106254,Salaried_Private,605,0.5081,1,3,vehicle,1718000,48
LP004886,APP903758,Lakshmi Sinha,Coimbatore,2024-09-13,BR032,partner_referral,36,30984,self_employed_professional,596,0.7898,1,3,gold,120000,6
LP004887,APP902632,Rohan Kapoor,Mysuru,2024-11-23,BR032,branch,34,48645,self_employed_business,732,0.3615,0,2,personal,737000,60
LP004888,APP900302,Priya Desai,Madurai,2023-12-01,BR013,partner_referral,32,85776,contract,571,0.8235,3,2,personal,1500000,48
LP004889,APP900369,Nandini Pillai,Lucknow,2024-04-22,BR024,direct_sales_agent,34,81093, CONTRACT ,656,0.5624,1,0,home,5075000,360
LP004890,APP902430,Siddharth Subramanian,Ahmedabad,2024-02-15,BR037,partner_referral,31,41082,self_employed_business,583,0.5439,1,2,personal,370000,24
LP004891,APP901083,Yash Desai,Bhopal,2025-05-08,BR039,partner_referral,27,83965,salaried_private,742,0.2789,2,0,gold,290000,24
LP004892,APP902508,Sandeep Desai,Mumbai,2025-05-12,BR005,branch,32,54350,self_employed_business,519,0.2335,0,2,personal,359000,36
LP004893,APP904084,Aditya Subramanian,Coimbatore,2024-04-19,BR029,branch,49,51774,self_employed_professional,710,0.4762,2,0,personal,378000,24
LP004894,APP900592,Pooja Ramesh,Nashik,2024-02-29,BR015,branch,42,80905,contract,630,0.472,0,0,vehicle,2282000,84
LP004895,APP902724,Harsha Sinha,Pune,2024-03-27,BR012,branch,36,122811,self_employed_business,571,0.6354,0,0,home,8484000,240
LP004896,APP904106,Arjun Iyer,Surat,2023-08-23,BR040,branch,53,31349,self_employed_professional,510,0.5606,2,6,personal,335000,36
LP004897,APP903076,Bhavana Sharma,Kochi,2024-04-19,BR033,online,45,126568,self_employed_business,369,0.4337,1,8,vehicle,1956000,60
LP004898,APP900651,Divya Rao,Indore,2024-04-24,BR025,branch,47,161057,contract,658,0.6207,1,1,home,9420000,240
LP004899,APP902602,Anjali Subramanian,Indore,2023-11-03,BR018,branch,34,111027,self_employed_business,762,0.2428,0,1,gold,819000,36
LP004900,APP902114,Kavya Pillai,Pune,2025-02-05,BR025,online,25,59340, SELF_EMPLOYED_BUSINESS ,709,0.95,0,1,vehicle,846000,12
LP004901,APP901997,Pooja Subramanian,Delhi,2024-05-17,BR037,online,51,51780,Salaried_Private,831,0.5682,3,0,home,1837000,240
LP004902,APP902156,Vikram Varma,Bhopal,2025-05-11,BR004,direct_sales_agent,26,59321,self_employed_business,673,0.4044,0,1,home,2815000,300
LP004903,APP900675,Harsha Mukherjee,Lucknow,2025-03-05,BR003,online,49,51422,contract,762,0.5574,2,0,personal,717000,60
LP004904,APP901605,Bhavana Naidu,Ahmedabad,2025-04-02,BR020,online,36,59156,salaried_private,671,0.3347,0,1,gold,326000,18
LP004905,APP901450,Arjun Reddy,Kolkata,2023-09-22,BR034,online,33,74736,salaried_private,362,0.4989,0,10,personal,1276000,48
LP004906,APP901107,Siddharth Rao,Surat,2023-06-07,BR012,online,28,21423,salaried_private,633,0.261,0,1,personal,115000,24
LP004907,APP901893,Yash Kulkarni,Mumbai,2024-08-19,BR026,online,44,49445,salaried_private,839,0.4114,1,0,personal,800000,60
LP004908,APP903190,Manoj Iyer,Chennai,2023-11-05,BR002,partner_referral,54,63398,self_employed_business,530,0.3642,1,6,home,2047000,180
LP004909,APP901642,Vikram Rao,Surat,2023-03-17,BR009,branch,37,38271,salaried_private,405,0.6542,1,7,vehicle,632000,36
LP004910,APP900636,Meera Ramesh,Kanpur,2024-04-15,BR014,partner_referral,46,207918,contract,432,0.2569,0,5,personal,1500000,36
LP004911,APP901198,Anjali Bhat,Chennai ,2023-01-06,BR012,branch,29,42349,salaried_private,739,0.5877,2,0,personal,670000,48
LP004912,APP902729,Aarav Chauhan,Hyderabad,2025-04-30,BR024,branch,36,155168,self_employed_business,771,0.6232,1,1,home,10545000,360
LP004913,APP902766,Aniket Patel,Kolkata,2024-08-02,BR014,online,36,65607,self_employed_business,557,0.3047,0,2,gold,425000,24
LP004914,APP900278,Arjun Naidu,Nagpur,2023-04-29,BR033,online,32,36277,contract,453,0.95,1,6,vehicle,416000,12
LP004915,APP902656,Rahul Malhotra,Indore,2024-03-08,BR027,partner_referral,34,82618,self_employed_business,543,0.95,3,5,gold,472000,6
LP004916,APP901594,Harsha Chauhan,Kanpur,2024-01-29,BR020,branch,36,47222,salaried_private,627,0.7791,2,1,personal,322000,12
LP004917,APP903007,Diya Desai,Nashik,2023-03-07,BR016,branch,42,22542,self_employed_business,641,0.5729,1,1,personal,383000,48
LP004918,APP900811,Krishna Menon,Indore,2025-01-07,BR004,branch,33,23711,salaried_government,442,0.3115,1,7,gold,64000,12
LP004919,APP900068,Vinay Sinha,Hyderabad ,2023-10-29,BR008,branch,26,81745,contract,620,0.6387,3,3,home,3007000,180
LP004920,APP902814,Reyansh Rao,Pune,2023-04-30,BR036,partner_referral,37,49538,self_employed_business,747,0.4454,2,0,personal,566000,60
LP004921,APP903413,Siddharth Kulkarni, Kochi,2024-08-11,BR039,branch,29,34860,self_employed_professional,733,0.6146,1,0,personal,197000,12
LP004922,APP902776,Siddharth Chatterjee,Kanpur,2024-08-20,BR039,direct_sales_agent,36,91871,self_employed_business,412,0.408,1,8,personal,757000,36
LP004923,APP903647,Harsha Verma,Jaipur,2025-04-29,BR012,branch,34,12000, SELF_EMPLOYED_PROFESSIONAL ,733,0.2497,0,1,personal,62000,24
LP004924,APP903093,Ananya Menon,Bhopal,2024-05-23,BR037,branch,45,92107,self_employed_business,566,0.3358,0,5,vehicle,950000,36
LP004925,APP900810,Krishna Banerjee,Mumbai,2025-03-15,BR006,online,33,23233,salaried_government,514,0.3993,0,5,vehicle,548000,84
LP004926,APP903383,Anjali Sinha,Nagpur,2025-04-21,BR032,online,28,69393, SELF_EMPLOYED_PROFESSIONAL ,657,0.2465,1,2,gold,354000,36
LP004927,APP901644,Saanvi Pillai,Vadodara,2024-07-27,BR019,partner_referral,37,43214,salaried_private,762,0.5622,2,0,vehicle,373000,24
LP004928,APP900782,Praveen Ramesh,Pune,2024-06-03,BR039,partner_referral,30,33273,SALARIED_GOVERNMENT,605,0.3252,0,2,personal,221000,24
LP004929,APP900729,Sandeep Rao,Lucknow,2023-07-25,BR028,branch,23,46502,salaried_government,593,0.4955,1,3,personal,692000,48
LP004930,APP900211,Aarav Krishnan,Jaipur,2024-05-20,BR018,online,30,90697,CONTRACT,815,0.3006,0,0,personal,1164000,60
LP004931,APP903394,Aditya Hegde,Vadodara,2023-02-24,BR039,online,29,100032,self_employed_professional,696,0.4048,1,0,home,3111000,240
LP004932,APP902100,Rahul Joshi,Bhopal,2023-03-11,BR009,partner_referral,25,33680,self_employed_business,738,0.3728,1,0,gold,235000,24
LP004933,APP903984,Meera Varma,Mumbai,2023-08-01,BR032,branch,43,46229,self_employed_professional,690,0.4141,0,1,personal,395000,24
LP004934,APP903636,Divya Malhotra, Kolkata,2023-07-25,BR018,branch,33,76930,Self_Employed_Professional,751,0.4632,0,0,home,4313000,300
LP004935,APP903138,Siddharth Sharma,Delhi,2024-10-21,BR014,online,48,72098,self_employed_business,391,0.5133,0,7,personal,1474000,60
LP004936,APP900771,Sandeep Bose,Bengaluru,2025-02-18,BR010,partner_referral,29,31991,salaried_government,866,0.2674,2,0,gold,178000,36
LP004937,APP903143,Divya Iyer,Mysuru,2025-05-01,BR004,online,49,40231,self_employed_business,739,0.2557,1,0,gold,239000,36
LP004938,APP902544,Praveen Gowda,Bhopal,2023-07-29,BR015,branch,33,160723,self_employed_business,620,0.3484,1,1,personal,1500000,60
LP004939,APP901330,Anjali Menon,Nagpur,2023-03-10,BR039,branch,31,82435,salaried_private,650,0.5322,2,1,gold,705000,24
LP004940,APP903723,Bhavana Ramesh,Madurai,2024-12-11,BR030,direct_sales_agent,35,39086,self_employed_professional,313,0.3793,1,9,personal,345000,48
LP004941,APP900973,Harsha Verma,Nashik,2025-05-09,BR008,branch,25,114382,salaried_private,806,0.4433,1,0,personal,1500000,48
LP004942,APP903532,Divya Hegde,Delhi,2024-05-16,BR018,direct_sales_agent,31,65398,self_employed_professional,581,0.5751,0,2,personal,1070000,36
LP004943,APP902841,Sneha Hegde,Madurai,2023-12-02,BR008,partner_referral,38,118562,self_employed_business,630,0.6848,0,0,gold,914000,12
LP004944,APP902820,Ritika Banerjee,Coimbatore,2024-03-26,BR020,online,37,67730,self_employed_business,798,0.6039,1,0,home,4043000,360
LP004945,APP903991,Ritika Chauhan,Rajkot,2024-10-05,BR029,branch,43,71101,self_employed_professional,616,0.569,0,0,home,4909000,360
LP004946,APP901882,Priya Sinha,Kanpur,2024-12-26,BR029,direct_sales_agent,43,93753,salaried_private,594,0.3836,1,3,personal,897000,36
LP004947,APP900009,Shreya Subramanian,Kanpur,2023-11-13,BR007,branch,23,67873,contract,622,0.246,0,0,personal,342000,24
LP004948,APP903006,Siddharth Sinha,Tirunelveli,2024-04-24,BR024,branch,42,184039,self_employed_business,469,0.4897,2,6,home,8290000,300
LP004949,APP902394,Reyansh Varma,Tirunelveli,2024-03-16,BR013,branch,30,70825,self_employed_business,700,0.5111,1,0,vehicle,1923000,84
LP004950,APP904029,Ishaan Bhat,Kolkata,2025-02-10,BR010,branch,45,62011,self_employed_professional,750,0.6035,3,0,home,2016000,180
LP004951,APP903490,Nandini Subramanian,Hyderabad,2025-06-03,BR027,direct_sales_agent,31,104670,self_employed_professional,773,0.4744,2,0,vehicle,753000,24
LP004952,APP902364,Kavya Naidu,Bengaluru,2024-07-12,BR024,branch,30,43485,self_employed_business,535,0.3351,0,3,home,1685000,300
LP004953,APP902947,Nandini Chatterjee,Ludhiana,2025-06-05,BR011,online,40,48437,self_employed_business,405,0.4259,0,7,personal,712000,48
LP004954,APP900664,Arjun Nair,Mumbai,2024-01-24,BR013,direct_sales_agent,48,66820,contract,513,0.356,1,3,home,2420000,300
LP004955,APP900875,Anjali Joshi,Pune,2023-10-16,BR011,partner_referral,41,107582, SALARIED_GOVERNMENT ,671,0.3533,0,0,personal,783000,24
LP004956,APP900448,Shreya Chatterjee,Kochi,2024-03-29,BR022,branch,37,101495,contract,777,0.4281,2,0,personal,818000,48
LP004957,APP902763,Arjun Chauhan,Kochi,2023-11-09,BR040,branch,36,61868,self_employed_business,574,0.6824,2,4,personal,1326000,60
LP004958,APP901514,Nandini Bose,Kolkata,2023-01-18,BR001,online,34,77590,salaried_private,534,0.3408,0,6,personal,752000,36
LP004959,APP900475,Sneha Patel, Ludhiana,2024-09-17,BR020,branch,37,61692,contract,550,0.5253,0,3,vehicle,1504000,60
LP004960,APP903502,Rahul Gowda,Chennai,2023-07-26,BR017,online,31,177241,self_employed_professional,745,0.5083,1,1,vehicle,2500000,36
LP004961,APP902058,Divya Krishnan,Ludhiana ,2024-11-15,BR035,partner_referral,22,338272,self_employed_business,698,0.4078,1,1,home,15000000,360
LP004962,APP900984,Rohan Prasad,Delhi,2023-01-29,BR020,branch,25,277287,salaried_private,608,0.3598,1,2,vehicle,2500000,48
LP004963,APP901409,Swathi Prasad,Mysuru ,2024-03-17,BR014,partner_referral,33,147370,salaried_private ,849,0.5743,1,0,home,9048000,300
LP004964,APP902132,Siddharth Varma,Bhopal,2024-10-27,BR020,online,26,25326,self_employed_business,587,0.3906,0,2,vehicle,387000,48
LP004965,APP903958,Diya Naidu,Vadodara,2024-05-08,BR033,branch,42,164762,self_employed_professional,690,0.3093,1,1,personal,1500000,48
LP004966,APP903227,Vinay Varma, Nashik,2024-07-11,BR030,partner_referral,60,97987,SELF_EMPLOYED_BUSINESS,603,0.393,0,3,personal,1368000,48
LP004967,APP900439,Karthik Kapoor,Pune,2023-08-16,BR030,online,36,72953,contract,759,0.5496,1,0,gold,664000,24
LP004968,APP902934,Aarav Iyer,Coimbatore,2024-06-18,BR011,online,40,25528,self_employed_business,669,0.624,3,2,personal,280000,36
LP004969,APP900409,Saanvi Verma,Surat,2024-08-04,BR009,partner_referral,35,74409,contract,793,0.465,0,0,personal,1477000,60
LP004970,APP902554,Divya Prasad,Madurai,2025-06-03,BR001,partner_referral,33,34655,self_employed_business,607,0.6362,2,4,personal,397000,36
LP004971,APP900917,Rahul Malhotra,Vadodara,2025-02-16,BR017,online,50,19515,salaried_government,900,0.427,0,0,vehicle,336000,48
LP004972,APP900442,Ritika Malhotra,Kanpur,2023-10-30,BR030,online,36,84765,contract,624,0.7068,0,2,vehicle,681000,12
LP004973,APP903731,Ritika Chatterjee,Pune ,2025-01-25,BR036,branch,35,47687,self_employed_professional,498,0.6646,2,5,vehicle,1255000,84
LP004974,APP901934,Bhavana Gowda,Nashik,2024-03-19,BR030,partner_referral,46,39363,salaried_private,677,0.4325,0,0,personal,711000,60
LP004975,APP901345,Diya Chatterjee,Kolkata,2024-12-23,BR017,online,32,125528,salaried_private,625,0.6274,2,1,home,6710000,300
LP004976,APP902862,Pooja Joshi,Tirunelveli,2024-12-15,BR003,online,38,40513,self_employed_business,535,0.4136,2,4,personal,329000,36
LP004977,APP901103,Arjun Kapoor,Nagpur,2023-04-08,BR010,online,28,170903,salaried_private,630,0.4647,2,1,personal,1500000,36
LP004978,APP903688,Saanvi Ramesh,Delhi,2023-10-12,BR023,partner_referral,34,75862,self_employed_professional,670,0.6625,1,1,vehicle,2157000,60
LP004979,APP901189,Shreya Nair,Bhopal,2023-05-24,BR010,online,29,380719,salaried_private,300,0.2638,1,10,vehicle,2500000,36
LP004980,APP901698,Lakshmi Gowda,Ludhiana,2024-03-13,BR031,direct_sales_agent,38,88026,salaried_private,778,0.3856,0,1,personal,1451000,60
LP004981,APP902525,Rahul Gowda,Nashik,2023-10-18,BR001,branch,32,78892, SELF_EMPLOYED_BUSINESS ,579,0.2275,0,2,personal,634000,48
LP004982,APP902306,Bhavana Mukherjee,Delhi,2025-01-10,BR020,online,29,49263,self_employed_business,669,0.7324,1,0,vehicle,1312000,48
LP004983,APP901923,Meera Bose,Jaipur,2023-02-01,BR015,branch,45,78809,salaried_private,713,0.6043,1,0,home,5619000,360
LP004984,APP902134,Deepika Subramanian,Lucknow,2023-03-22,BR014,branch,26,278150,self_employed_business,514,0.4894,0,5,personal,1500000,12
LP004985,APP903042,Sneha Patel,Kochi,2025-01-14,BR016,direct_sales_agent,43,47089,self_employed_business,546,0.7164,3,1,vehicle,1128000,60
LP004986,APP901224,Saanvi Banerjee,Madurai,2024-07-13,BR020,partner_referral,29,77086,salaried_private,499,0.4853,0,2,gold,613000,18
LP004987,APP901225,Reyansh Malhotra,Rajkot,2023-08-27,BR026,branch,29,82382,salaried_private,512,0.4966,0,3,home,4929000,360
LP004988,APP902894,Krishna Bose,Surat,2025-03-03,BR012,online,39,33668,self_employed_business,708,0.4819,0,1,personal,586000,48
LP004989,APP900526,Meera Krishnan,Pune,2023-06-29,BR008,branch,39,42416,contract,381,0.1505,0,9,gold,104000,18
LP004990,APP900941,Yash Prasad,Madurai,2025-02-05,BR020,online,23,138888,salaried_private,687,0.4073,1,1,home,5296000,240
LP004991,APP901070,Reyansh Chatterjee,Surat,2024-07-08,BR002,online,27,59663,salaried_private,791,0.6166,2,1,personal,739000,36
LP004992,APP903548,Siddharth Iyer,Chennai,2025-02-18,BR021,online,32,110786, self_employed_professional,798,0.4495,0,0,home,6206000,360
LP004993,APP902443,Meera Kapoor,Visakhapatnam,2023-04-04,BR012,online,31,54456,self_employed_business,430,0.4067,1,5,home,1703000,240
LP004994,APP903090,Ritika Desai,Visakhapatnam,2023-12-31,BR022,partner_referral,45,62777,self_employed_business,762,0.6001,0,1,vehicle,1788000,60
LP004995,APP901131,Yash Kapoor,Delhi,2023-06-14,BR009,partner_referral,28,51194,salaried_private ,483,0.6532,2,7,vehicle,828000,36
LP004996,APP902441,Saanvi Hegde,Delhi,2023-02-01,BR030,partner_referral,31,51341,self_employed_business,750,0.4278,1,1,gold,315000,18
LP004997,APP901586,Nandini Sharma,Ahmedabad,2023-11-15,BR004,branch,36,29467,salaried_private,684,0.451,1,0,vehicle,425000,48
LP004998,APP902593,Harsha Mukherjee,Bhopal,2025-02-13,BR013,direct_sales_agent,33,91543,self_employed_business,729,0.6662,3,0,home,5268000,300
LP004999,APP902879,Aarav Chatterjee,Kochi,2025-05-29,BR019,branch,38,92390,self_employed_business,675,0.6641,3,1,personal,1500000,48
LP005000,APP902646,Aditya Patel,Jaipur,2024-08-20,BR032,branch,34,66520,self_employed_business,756,0.3477,0,1,vehicle,717000,36
