thread_id,application_reference,turn,sender,category,message_text
THR000001,LA002215,1,customer,kyc,Hi TKT956936 - I was asked for a salary slip for my gold loan but I have already submitted it once. Why is the same salary slip being asked for again? Awaitng your response.
THR000001,LA002215,2,agent,kyc,The salary slip you submitted earlier was against your older application. A salary slip has to be submitted again for this gold loan. https://loanserve.example.in/status
THR000001,LA002215,3,customer,kyc,My reference is LA002215. That is not convenient but I will send the salary slip again. Can I bring the salary slip to the branch instead of uploading it? Awaiting your response.
THR000001,LA002215,4,agent,kyc,"Hello, This is regarding application LA002215. TKT238010 - Yes, the salary slip can be submitted at any branch. The branch will scan the salary slip and attach it to your gold loan application. https://loanserve.example.in/help/kyc Thanks and regards."
THR000002,LA017446,1,customer,payment_issue,"I want to change my emi date to the 7th of the month. My salary is credited late and the present emi date does not suit me. https://loanserve.example.in/status
--
Vikram Rao
Customer"
THR000002,LA017446,2,agent,payment_issue,"Hello, The emi date can be moved to the 7th from the next cycle. A fresh mandate is needed for the changed emi date. Thank you."
THR000002,LA017446,3,customer,payment_issue,"Hello, My reference is LA017446. Please go ahead with the change. Is there any charge for changing the emi date? Thanks."
THR000002,LA017446,4,agent,payment_issue,A charge of Rs 500 applies for changing the emi date. The new emi date takes effect from the next cycle. https://loanserve.example.in/help/kyc Thank you.
THR000002,LA017446,5,customer,payment_issue,"Hello, My reference is LA017446. The charge is acceptable to me. When will the new emi date show in my account? https://loanserve.example.in/help/kyc
Thanks and regards,
Meera Nair"
THR000002,LA017446,6,agent,payment_issue,"Hello, The new emi date will show in your account once the fresh mandate is active. Your emi amount does not change. Thanks and regards.
Thanks and regards,
Kavita Joshi
LoanServe Support"
THR000003,LA007497,1,customer,loan_query,"Dear madam, I have been offered a lower rate by another bank. What is the process to transfer my gold loan to that bank? Thanks in advance.
Sent from my iPhone"
THR000003,LA007497,2,agent,loan_query,This is regarding application LA007497. SR369702 - For a balance transfer of your gold loan we issue a foreclosure letter. The other bank pays the outstanding on your gold loan against that letter.
THR000003,LA007497,3,customer,loan_query,"Hello, REF271643 - How long does the foreclosure letter take? Is there a charge for the balance transfer?
Thanks and regards,
Vikram Rao"
THR000003,LA007497,4,agent,loan_query,"Dear sir, The foreclosure letter is issued within five working days. There is no charge on a floating rate gold loan for a balance transfer. Thanks and regards."
THR000003,LA007497,5,customer,loan_query,"Hello, My reference is LA007497. Please issue the foreclosure letter for my gold loan. Where will the letter be sent? Thanks."
THR000003,LA007497,6,agent,loan_query,"Hello, The foreclosure letter will be sent to your registered email. A copy of the letter can also be collected from the branch. https://loanserve.example.in/help/kyc Regards."
THR000004,LA016749,1,customer,complaint,Dear Sir A charge of Rs 1180 has been debited on my vehicle loan and I was never told about this charge. Please explain why this charge was taken.
THR000004,LA016749,2,agent,complaint,"Dear madam, TKT741360 - The charge of Rs 1180 on your vehicle loan is a late payment charge. It was applied because the april emi was paid after the due date. Thanks and regards."
THR000004,LA016749,3,customer,complaint,"SR917115 - The emi was late because your own mandate failed. Why should a charge be taken from me for a failure at your end?
Sent from my iPhone"
THR000004,LA016749,4,agent,complaint,"Dear sir, TKT737997 - You are right that the mandate failure was at our end. The charge of Rs 1180 is being reversed on your vehicle loan. Regards.
Best regards,
Arjun Menon
Customer Service"
THR000005,LA007846,1,customer,kyc,"Hello, My personal loan application is on hold. The salary slip I uploaded was rejected. Can you tell me why the salary slip was rejected? Thanks in advance.
--
Kavita Joshi
Customer"
THR000005,LA007846,2,agent,kyc,SR232354 - The salary slip was rejected because the scanned copy was not clearly readable. Please upload a fresh copy of the salary slip from your registered login. Thank you.
THR000005,LA007846,3,customer,kyc,"My reference is LA007846. I have uploaded the salary slip again today. How many days does salary slip verification take? www.loanserve.example.in/upload
On Mon, 12 May 2026, LoanServe Support wrote:
> Please share the document once more."
THR000005,LA007846,4,agent,kyc,"Your salary slip is now under verification. A fresh salary slip is normally verified within three working days. Thank you.
On Mon, 12 May 2026, LoanServe Support wrote:
> Please share the document once more."
THR000005,LA007846,5,customer,kyc,My reference is LA007846. Will my personal loan sanction be delayed because the salary slip was rejected once?
THR000005,LA007846,6,agent,kyc,"Hello, REF926593 - The personal loan sanction will move ahead as soon as the salary slip is verified. No further delay is expected on your personal loan application. Thank you.
On Mon, 12 May 2026, LoanServe Support wrote:
> Please share the document once more."
THR000006,LA020962,1,customer,payment_issue,"Dear madam, My reference is LA020962. I want to prepay Rs 200,000 on my home loan. Does a part prepayment reduce the emi or the tenure?
Sent from my iPhone"
THR000006,LA020962,2,agent,payment_issue,"A part prepayment of Rs 200,000 can reduce either the emi or the tenure on your home loan. You have to tell us which of the two you want. Thanks and regards."
THR000006,LA020962,3,customer,payment_issue,"Respected sir, My reference is LA020962. Please reduce the tenure and keep the emi as it is. Is there a prepayment charge on my home loan? Thanks in advance."
THR000006,LA020962,4,agent,payment_issue,"This is regarding application LA020962. There is no prepayment charge on a floating rate home loan. The tenure will reduce once the prepayment of Rs 200,000 is received. Regards.
Thanks and regards,
Deepa Pillai
LoanServe Support"
THR000007,LA025265,1,customer,loan_query,My reference is LA025265. SR340229 - Is my home loan eligible for a moratorium? My income has stopped for a few months and I cannot pay the emi.
THR000007,LA025265,2,agent,loan_query,"Dear sir, This is regarding application LA025265. A moratorium on your home loan is considered case by case. Interest keeps adding during the moratorium, so the tenure on your home loan goes up. Thank you.
Thanks and regards,
Anita Desai
LoanServe Support"
THR000007,LA025265,3,customer,loan_query,Dear Sir My reference is LA025265. CASE557986 - I understand that the tenure will go up. What do I have to submit to apply for the moratorium? Thanks in advance.
THR000007,LA025265,4,agent,loan_query,REF612723 - Please submit a written request along with proof of the income loss. The moratorium on your home loan is decided within two working days.
THR000008,LA011348,1,customer,complaint,"Hello, My reference is LA011348. TKT704850 - I have written about my personal loan three times and nobody has replied. This is the fourth time I am writing about the same issue."
THR000008,LA011348,2,agent,complaint,"Hello, SR152257 - We are sorry that your earlier mails on the personal loan went unanswered. Your issue has been escalated to the service manager. Thanks and regards."
THR000008,LA011348,3,customer,complaint,"Hello, Escalation is fine but I still have no answer on my personal loan. When will somebody actually reply with an answer?
Sent from my iPhone"
THR000008,LA011348,4,agent,complaint,The service manager will call you on your registered number within five working days. The answer on your personal loan will be given on that call. https://loanserve.example.in/help/kyc
THR000009,LA027637,1,customer,kyc,"Respected sir, My kyc is showing as incomplete on my personal loan. The name printed on my income proof does not match the name in your records. Awaitng your response.
--
Arjun Menon
Customer"
THR000009,LA027637,2,agent,kyc,"Dear sir, This is regarding application LA027637. The name mismatch on your income proof is the reason the kyc is incomplete. Please share a income proof that carries the corrected name."
THR000009,LA027637,3,customer,kyc,Dear Sir My reference is LA027637. I have attached the corrected income proof with the right name. Does anything else have to change for the kyc?
THR000009,LA027637,4,agent,kyc,"Dear customer, The corrected income proof has been received and sent for checking. Nothing else is pending on your kyc right now.
Thanks and regards,
Suresh Iyer
LoanServe Support"
THR000009,LA027637,5,customer,kyc,How will I know when the kyc is marked complete?
THR000009,LA027637,6,agent,kyc,"Hello, You will get an sms as soon as the kyc is marked complete. The kyc status also shows on your personal loan application page. Thanks and regards.
Thanks and regards,
Anita Desai
LoanServe Support"
THR000010,LA010113,1,customer,payment_issue,"Hello, I want to change my emi date to the 5th of the month. My salary is credited late and the present emi date does not suit me.
Sent from my iPhone"
THR000010,LA010113,2,agent,payment_issue,"Hello, The emi date can be moved to the 5th from the next cycle. A fresh mandate is needed for the changed emi date. Thanks and regards."
THR000010,LA010113,3,customer,payment_issue,My reference is LA010113. Please go ahead with the change. Is there any charge for changing the emi date? Awaiting your response.
THR000010,LA010113,4,agent,payment_issue,A charge of Rs 590 applies for changing the emi date. The new emi date takes effect from the next cycle. Thanks and regards.
THR000010,LA010113,5,customer,payment_issue,The charge is acceptable to me. When will the new emi date show in my account? www.loanserve.example.in/upload
THR000010,LA010113,6,agent,payment_issue,"The new emi date will show in your account once the fresh mandate is active. Your emi amount does not change. Thank you.
Thanks and regards,
Deepa Pillai
LoanServe Support"
THR000011,LA026839,1,customer,loan_query,Dear Sir I have been offered a lower rate by another bank. What is the process to transfer my gold loan to that bank?
THR000011,LA026839,2,agent,loan_query,"Dear madam, This is regarding application LA026839. For a balance transfer of your gold loan we issue a foreclosure letter. The other bank pays the outstanding on your gold loan against that letter. Regards.
Best regards,
Vikram Rao
Customer Service"
THR000011,LA026839,3,customer,loan_query,"Dear sir, My reference is LA026839. REF536145 - How long does the foreclosure letter take? Is there a charge for the balance transfer? Awaitng your response."
THR000011,LA026839,4,agent,loan_query,This is regarding application LA026839. The foreclosure letter is issued within five working days. There is no charge on a floating rate gold loan for a balance transfer.
THR000012,LA003203,1,customer,complaint,"Hi REF488926 - The branch told me one interest rate on my personal loan and the sanction letter shows a different rate. I was given wrong information at the branch. Thanks.
--
Priya Sharma
Customer"
THR000012,LA003203,2,agent,complaint,"Hello, We are sorry about the wrong information on your personal loan rate. The rate in the sanction letter is the rate that applies to your personal loan. Thanks and regards."
THR000012,LA003203,3,customer,complaint,"Then why was a lower rate quoted to me at the branch? I took the personal loan only because of the rate I was quoted. Thanks in advance.
On Mon, 12 May 2026, LoanServe Support wrote:
> Please share the document once more."
THR000012,LA003203,4,agent,complaint,"This is regarding application LA003203. The rate quoted to you was the card rate before your profile was scored. Your personal loan rate has been sent for review by the credit team. Thank you.
On Mon, 12 May 2026, LoanServe Support wrote:
> Please share the document once more."
THR000013,LA007564,1,customer,kyc,"Dear madam, CASE515573 - My home loan application is on hold. The address proof I uploaded was rejected. Can you tell me why the address proof was rejected?
--
Meera Nair
Customer"
THR000013,LA007564,2,agent,kyc,SR323221 - The address proof was rejected because only one page of the document was uploaded. Please upload a fresh copy of the address proof from your registered login.
THR000013,LA007564,3,customer,kyc,"Respected sir, My reference is LA007564. REF958753 - I have uploaded the address proof again today. How many days does address proof verification take? Regards.
Sent from my iPhone"
THR000013,LA007564,4,agent,kyc,"Hello, Your address proof is now under verification. A fresh address proof is normally verified within seven working days. Thank you."
THR000013,LA007564,5,customer,kyc,"Hi team, CASE436655 - Will my home loan sanction be delayed because the address proof was rejected once?"
THR000013,LA007564,6,agent,kyc,"Hello, The home loan sanction will move ahead as soon as the address proof is verified. No further delay is expected on your home loan application. Thank you."
THR000014,LA017730,1,customer,payment_issue,My emi for february has bounced. There was enough balance in my bank account on the emi date.
THR000014,LA017730,2,agent,payment_issue,"The emi bounced because the mandate on your bank account has expired. A fresh mandate has to be registered before the next emi is presented. www.loanserve.example.in/upload
Best regards,
Kavita Joshi
Customer Service"
THR000014,LA017730,3,customer,payment_issue,"Respected sir, How do I register a fresh mandate for the emi? Will a bounce charge be applied on this emi?"
THR000014,LA017730,4,agent,payment_issue,"Dear sir, A fresh mandate can be registered from your login under the emi section. The bounce charge of Rs 250 has been waived on this emi. Thanks and regards.
Thanks and regards,
Arjun Menon
LoanServe Support"
THR000014,LA017730,5,customer,payment_issue,"My reference is LA017730. TKT300035 - I have registered the fresh mandate today. Will the february emi be presented once more?
On Mon, 12 May 2026, LoanServe Support wrote:
> Please share the document once more."
THR000014,LA017730,6,agent,payment_issue,"Dear sir, TKT634505 - The february emi will be presented again once the fresh mandate is active. No further action is needed from your side on the emi. Regards."
THR000015,LA024194,1,customer,loan_query,"Hello, My reference is LA024194. I have been offered a lower rate by another bank. What is the process to transfer my home loan to that bank?
Best regards,
Deepa Pillai"
THR000015,LA024194,2,agent,loan_query,"Dear sir, For a balance transfer of your home loan we issue a foreclosure letter. The other bank pays the outstanding on your home loan against that letter. Thank you.
Thanks and regards,
Anita Desai
LoanServe Support"
THR000015,LA024194,3,customer,loan_query,"Dear sir, My reference is LA024194. CASE204015 - How long does the foreclosure letter take? Is there a charge for the balance transfer?"
THR000015,LA024194,4,agent,loan_query,CASE467519 - The foreclosure letter is issued within two working days. There is no charge on a floating rate home loan for a balance transfer. Regards.
THR000015,LA024194,5,customer,loan_query,"SR994444 - Please issue the foreclosure letter for my home loan. Where will the letter be sent? Regards.
On Mon, 12 May 2026, LoanServe Support wrote:
> Please share the document once more."
THR000015,LA024194,6,agent,loan_query,"Hello, This is regarding application LA024194. The foreclosure letter will be sent to your registered email. A copy of the letter can also be collected from the branch. Thanks and regards."
THR000016,LA025099,1,customer,complaint,"Hi team, SR589799 - The branch told me one interest rate on my personal loan and the sanction letter shows a different rate. I was given wrong information at the branch.
Sent from my iPhone"
THR000016,LA025099,2,agent,complaint,"Dear customer, REF326052 - We are sorry about the wrong information on your personal loan rate. The rate in the sanction letter is the rate that applies to your personal loan. www.loanserve.example.in/upload Regards."
THR000016,LA025099,3,customer,complaint,"Then why was a lower rate quoted to me at the branch? I took the personal loan only because of the rate I was quoted. Regards.
Best regards,
Kavita Joshi"
THR000016,LA025099,4,agent,complaint,"Dear sir, TKT711763 - The rate quoted to you was the card rate before your profile was scored. Your personal loan rate has been sent for review by the credit team. Regards.
Best regards,
Priya Sharma
Customer Service"
THR000016,LA025099,5,customer,complaint,"My reference is LA025099. Please tell me the outcome of that review in writing. I do not want another verbal answer on my personal loan. Regards.
Best regards,
Rahul Verma"
THR000016,LA025099,6,agent,complaint,"Dear madam, This is regarding application LA025099. The outcome of the review will be sent to your registered email. Nothing on your personal loan will be communicated only by phone.
Thanks and regards,
Deepa Pillai
LoanServe Support"
THR000017,LA003688,1,customer,kyc,SR397911 - I was asked for a income proof for my gold loan but I have already submitted it once. Why is the same income proof being asked for again?
THR000017,LA003688,2,agent,kyc,"Dear sir, The income proof you submitted earlier was against your older application. A income proof has to be submitted again for this gold loan. Thanks and regards."
THR000017,LA003688,3,customer,kyc,"TKT814588 - That is not convenient but I will send the income proof again. Can I bring the income proof to the branch instead of uploading it?
On Mon, 12 May 2026, LoanServe Support wrote:
> Please share the document once more.
Thanks and regards,
Suresh Iyer"
THR000017,LA003688,4,agent,kyc,"Dear sir, Yes, the income proof can be submitted at any branch. The branch will scan the income proof and attach it to your gold loan application. Thanks and regards.
Best regards,
Priya Sharma
Customer Service"
THR000018,LA017623,1,customer,payment_issue,"Dear sir, My emi for january has bounced. There was enough balance in my bank account on the emi date. Thanks in advance."
THR000018,LA017623,2,agent,payment_issue,"Dear madam, CASE409873 - The emi bounced because the mandate on your bank account has expired. A fresh mandate has to be registered before the next emi is presented. Regards."
THR000018,LA017623,3,customer,payment_issue,"Hi team, My reference is LA017623. SR585049 - How do I register a fresh mandate for the emi? Will a bounce charge be applied on this emi? https://loanserve.example.in/status Thank you."
THR000018,LA017623,4,agent,payment_issue,"Dear customer, A fresh mandate can be registered from your login under the emi section. The bounce charge of Rs 250 has been waived on this emi. Regards.
Best regards,
Rohit Kulkarni
Customer Service"
THR000018,LA017623,5,customer,payment_issue,"I have registered the fresh mandate today. Will the january emi be presented once more?
Sent from my iPhone"
THR000018,LA017623,6,agent,payment_issue,The january emi will be presented again once the fresh mandate is active. No further action is needed from your side on the emi. Thanks and regards.
THR000019,LA019337,1,customer,loan_query,Hi Is my personal loan eligible for a moratorium? My income has stopped for a few months and I cannot pay the emi.
THR000019,LA019337,2,agent,loan_query,"Dear customer, A moratorium on your personal loan is considered case by case. Interest keeps adding during the moratorium, so the tenure on your personal loan goes up. https://loanserve.example.in/help/kyc Regards."
THR000019,LA019337,3,customer,loan_query,I understand that the tenure will go up. What do I have to submit to apply for the moratorium?
THR000019,LA019337,4,agent,loan_query,"Dear customer, This is regarding application LA019337. Please submit a written request along with proof of the income loss. The moratorium on your personal loan is decided within five working days. Regards."
THR000020,LA017962,1,customer,complaint,"Dear sir, REF254135 - I have written about my gold loan three times and nobody has replied. This is the fourth time I am writing about the same issue."
THR000020,LA017962,2,agent,complaint,"Hello, We are sorry that your earlier mails on the gold loan went unanswered. Your issue has been escalated to the service manager."
THR000020,LA017962,3,customer,complaint,Escalation is fine but I still have no answer on my gold loan. When will somebody actually reply with an answer? Regards.
THR000020,LA017962,4,agent,complaint,"This is regarding application LA017962. The service manager will call you on your registered number within seven working days. The answer on your gold loan will be given on that call. https://loanserve.example.in/help/kyc Thank you.
On Mon, 12 May 2026, LoanServe Support wrote:
> Please share the document once more.
Best regards,
Suresh Iyer
Customer Service"
THR000020,LA017962,5,customer,complaint,Hi My reference is LA017962. I received the call and the issue on my gold loan is clear now. Please close this complaint.
THR000020,LA017962,6,agent,complaint,This is regarding application LA017962. Thank you for confirming that the gold loan issue is clear. This complaint is being closed as resolved.
THR000021,LA020721,1,customer,kyc,"Hi team, My reference is LA020721. My gold loan application is on hold. The address proof I uploaded was rejected. Can you tell me why the address proof was rejected? Thank you."
THR000021,LA020721,2,agent,kyc,The address proof was rejected because only one page of the document was uploaded. Please upload a fresh copy of the address proof from your registered login. Thank you.
THR000021,LA020721,3,customer,kyc,My reference is LA020721. I have uploaded the address proof again today. How many days does address proof verification take?
THR000021,LA020721,4,agent,kyc,"Dear customer, Your address proof is now under verification. A fresh address proof is normally verified within two working days. Thanks and regards."
THR000022,LA006722,1,customer,payment_issue,Hi My reference is LA006722. TKT909134 - I want to change my emi date to the 15th of the month. My salary is credited late and the present emi date does not suit me. Awaiting your response.
THR000022,LA006722,2,agent,payment_issue,"Hello, The emi date can be moved to the 15th from the next cycle. A fresh mandate is needed for the changed emi date. Thank you."
THR000022,LA006722,3,customer,payment_issue,"SR362666 - Please go ahead with the change. Is there any charge for changing the emi date? Awaiting your response.
On Mon, 12 May 2026, LoanServe Support wrote:
> Please share the document once more."
THR000022,LA006722,4,agent,payment_issue,This is regarding application LA006722. A charge of Rs 1180 applies for changing the emi date. The new emi date takes effect from the next cycle. Thanks and regards.
THR000022,LA006722,5,customer,payment_issue,"Good morning, The charge is acceptable to me. When will the new emi date show in my account? Thanks in advance.
On Mon, 12 May 2026, LoanServe Support wrote:
> Please share the document once more."
THR000022,LA006722,6,agent,payment_issue,"Dear madam, The new emi date will show in your account once the fresh mandate is active. Your emi amount does not change. Thank you."
THR000023,LA021248,1,customer,loan_query,Hi Is my home loan eligible for a moratorium? My income has stopped for a few months and I cannot pay the emi.
THR000023,LA021248,2,agent,loan_query,"A moratorium on your home loan is considered case by case. Interest keeps adding during the moratorium, so the tenure on your home loan goes up. https://loanserve.example.in/help/kyc Thanks and regards."
THR000023,LA021248,3,customer,loan_query,"Dear madam, My reference is LA021248. CASE294437 - I understand that the tenure will go up. What do I have to submit to apply for the moratorium?
Sent from my iPhone"
THR000023,LA021248,4,agent,loan_query,Please submit a written request along with proof of the income loss. The moratorium on your home loan is decided within two working days. Thank you.
THR000024,LA032640,1,customer,complaint,The branch told me one interest rate on my home loan and the sanction letter shows a different rate. I was given wrong information at the branch.
THR000024,LA032640,2,agent,complaint,"Hello, We are sorry about the wrong information on your home loan rate. The rate in the sanction letter is the rate that applies to your home loan. Thank you."
THR000024,LA032640,3,customer,complaint,"Hi team, My reference is LA032640. REF460294 - Then why was a lower rate quoted to me at the branch? I took the home loan only because of the rate I was quoted."
THR000024,LA032640,4,agent,complaint,"The rate quoted to you was the card rate before your profile was scored. Your home loan rate has been sent for review by the credit team. Thanks and regards.
Thanks and regards,
Arjun Menon
LoanServe Support"
THR000024,LA032640,5,customer,complaint,My reference is LA032640. Please tell me the outcome of that review in writing. I do not want another verbal answer on my home loan. Awaiting your response.
THR000024,LA032640,6,agent,complaint,"This is regarding application LA032640. The outcome of the review will be sent to your registered email. Nothing on your home loan will be communicated only by phone. Thank you.
On Mon, 12 May 2026, LoanServe Support wrote:
> Please share the document once more."
THR000025,LA000286,1,customer,kyc,My home loan application is on hold. The pan card I uploaded was rejected. Can you tell me why the pan card was rejected?
THR000025,LA000286,2,agent,kyc,"Dear madam, This is regarding application LA000286. The pan card was rejected because the document had already expired. Please upload a fresh copy of the pan card from your registered login. https://loanserve.example.in/status
Best regards,
Suresh Iyer
Customer Service"
THR000025,LA000286,3,customer,kyc,"Hello, My reference is LA000286. I have uploaded the pan card again today. How many days does pan card verification take? Thank you.
On Mon, 12 May 2026, LoanServe Support wrote:
> Please share the document once more."
THR000025,LA000286,4,agent,kyc,This is regarding application LA000286. Your pan card is now under verification. A fresh pan card is normally verified within three working days. https://loanserve.example.in/help/kyc
THR000026,LA008696,1,customer,payment_issue,"Hi team, My reference is LA008696. I want to prepay Rs 300,000 on my home loan. Does a part prepayment reduce the emi or the tenure?"
THR000026,LA008696,2,agent,payment_issue,"Dear madam, TKT434629 - A part prepayment of Rs 300,000 can reduce either the emi or the tenure on your home loan. You have to tell us which of the two you want. Thank you."
THR000026,LA008696,3,customer,payment_issue,Please reduce the tenure and keep the emi as it is. Is there a prepayment charge on my home loan?
THR000026,LA008696,4,agent,payment_issue,"This is regarding application LA008696. TKT975972 - There is no prepayment charge on a floating rate home loan. The tenure will reduce once the prepayment of Rs 300,000 is received.
Thanks and regards,
Rahul Verma
LoanServe Support"
THR000027,LA032276,1,customer,loan_query,Hi My reference is LA032276. CASE706723 - Is my vehicle loan eligible for a moratorium? My income has stopped for a few months and I cannot pay the emi.
THR000027,LA032276,2,agent,loan_query,"Dear madam, This is regarding application LA032276. A moratorium on your vehicle loan is considered case by case. Interest keeps adding during the moratorium, so the tenure on your vehicle loan goes up. Regards."
THR000027,LA032276,3,customer,loan_query,My reference is LA032276. TKT269235 - I understand that the tenure will go up. What do I have to submit to apply for the moratorium? Regards.
THR000027,LA032276,4,agent,loan_query,"Dear sir, This is regarding application LA032276. Please submit a written request along with proof of the income loss. The moratorium on your vehicle loan is decided within three working days.
On Mon, 12 May 2026, LoanServe Support wrote:
> Please share the document once more.
Thanks and regards,
Rahul Verma
LoanServe Support"
THR000028,LA019470,1,customer,complaint,"Good morning, My reference is LA019470. The branch told me one interest rate on my home loan and the sanction letter shows a different rate. I was given wrong information at the branch. Thanks in advance."
THR000028,LA019470,2,agent,complaint,"This is regarding application LA019470. We are sorry about the wrong information on your home loan rate. The rate in the sanction letter is the rate that applies to your home loan. Regards.
Thanks and regards,
Suresh Iyer
LoanServe Support"
THR000028,LA019470,3,customer,complaint,"Then why was a lower rate quoted to me at the branch? I took the home loan only because of the rate I was quoted.
On Mon, 12 May 2026, LoanServe Support wrote:
> Please share the document once more."
THR000028,LA019470,4,agent,complaint,"Dear sir, CASE207560 - The rate quoted to you was the card rate before your profile was scored. Your home loan rate has been sent for review by the credit team. Thanks and regards."
THR000028,LA019470,5,customer,complaint,Please tell me the outcome of that review in writing. I do not want another verbal answer on my home loan. Thanks in advance.
THR000028,LA019470,6,agent,complaint,"Dear madam, This is regarding application LA019470. The outcome of the review will be sent to your registered email. Nothing on your home loan will be communicated only by phone. Thank you."
THR000029,LA032181,1,customer,kyc,"Dear Sir TKT603677 - My kyc is showing as incomplete on my personal loan. The name printed on my income proof does not match the name in your records. Regards.
Best regards,
Priya Sharma"
THR000029,LA032181,2,agent,kyc,"Dear sir, This is regarding application LA032181. The name mismatch on your income proof is the reason the kyc is incomplete. Please share a income proof that carries the corrected name. Thank you.
Best regards,
Vikram Rao
Customer Service"
THR000029,LA032181,3,customer,kyc,"REF593840 - I have attached the corrected income proof with the right name. Does anything else have to change for the kyc? Thank you.
On Mon, 12 May 2026, LoanServe Support wrote:
> Please share the document once more."
THR000029,LA032181,4,agent,kyc,CASE437027 - The corrected income proof has been received and sent for checking. Nothing else is pending on your kyc right now. Regards.
THR000029,LA032181,5,customer,kyc,"Dear sir, SR980587 - How will I know when the kyc is marked complete?"
THR000029,LA032181,6,agent,kyc,"Hello, This is regarding application LA032181. You will get an sms as soon as the kyc is marked complete. The kyc status also shows on your personal loan application page. https://loanserve.example.in/status
Thanks and regards,
Anita Desai
LoanServe Support"
THR000030,LA009863,1,customer,payment_issue,"Good morning, REF971395 - I want to prepay Rs 150,000 on my home loan. Does a part prepayment reduce the emi or the tenure?"
THR000030,LA009863,2,agent,payment_issue,"Hello, TKT349834 - A part prepayment of Rs 150,000 can reduce either the emi or the tenure on your home loan. You have to tell us which of the two you want. Thanks and regards."
THR000030,LA009863,3,customer,payment_issue,"Dear sir, Please reduce the tenure and keep the emi as it is. Is there a prepayment charge on my home loan?"
THR000030,LA009863,4,agent,payment_issue,"Dear madam, This is regarding application LA009863. SR295961 - There is no prepayment charge on a floating rate home loan. The tenure will reduce once the prepayment of Rs 150,000 is received. Regards.
Best regards,
Vikram Rao
Customer Service"
THR000031,LA005211,1,customer,loan_query,"Hi team, TKT570336 - I have been offered a lower rate by another bank. What is the process to transfer my gold loan to that bank?"
THR000031,LA005211,2,agent,loan_query,"Dear madam, For a balance transfer of your gold loan we issue a foreclosure letter. The other bank pays the outstanding on your gold loan against that letter. Regards."
THR000031,LA005211,3,customer,loan_query,"Hello, My reference is LA005211. REF854457 - How long does the foreclosure letter take? Is there a charge for the balance transfer? Regards.
Thanks and regards,
Priya Sharma"
THR000031,LA005211,4,agent,loan_query,"Dear customer, The foreclosure letter is issued within two working days. There is no charge on a floating rate gold loan for a balance transfer. Thanks and regards.
Thanks and regards,
Rohit Kulkarni
LoanServe Support"
THR000031,LA005211,5,customer,loan_query,"My reference is LA005211. TKT854953 - Please issue the foreclosure letter for my gold loan. Where will the letter be sent?
Sent from my iPhone"
THR000031,LA005211,6,agent,loan_query,"Dear sir, This is regarding application LA005211. The foreclosure letter will be sent to your registered email. A copy of the letter can also be collected from the branch. https://loanserve.example.in/status Regards."
THR000032,LA026602,1,customer,complaint,Hi A charge of Rs 590 has been debited on my gold loan and I was never told about this charge. Please explain why this charge was taken. Thanks.
THR000032,LA026602,2,agent,complaint,"Dear sir, CASE207809 - The charge of Rs 590 on your gold loan is a late payment charge. It was applied because the january emi was paid after the due date. https://loanserve.example.in/help/kyc Thanks and regards."
THR000032,LA026602,3,customer,complaint,"Dear sir, My reference is LA026602. The emi was late because your own mandate failed. Why should a charge be taken from me for a failure at your end? Thanks.
On Mon, 12 May 2026, LoanServe Support wrote:
> Please share the document once more."
THR000032,LA026602,4,agent,complaint,"Dear madam, This is regarding application LA026602. You are right that the mandate failure was at our end. The charge of Rs 590 is being reversed on your gold loan. Regards.
Thanks and regards,
Priya Sharma
LoanServe Support"
THR000033,LA020280,1,customer,kyc,Hi My kyc is showing as incomplete on my gold loan. The name printed on my bank statement does not match the name in your records. Awaiting your response.
THR000033,LA020280,2,agent,kyc,"The name mismatch on your bank statement is the reason the kyc is incomplete. Please share a bank statement that carries the corrected name. Thank you.
Best regards,
Meera Nair
Customer Service"
THR000033,LA020280,3,customer,kyc,"Hello, I have attached the corrected bank statement with the right name. Does anything else have to change for the kyc? https://loanserve.example.in/status
--
Deepa Pillai
Customer"
THR000033,LA020280,4,agent,kyc,"Hello, This is regarding application LA020280. The corrected bank statement has been received and sent for checking. Nothing else is pending on your kyc right now. Thank you."
THR000034,LA005092,1,customer,payment_issue,My emi for may has bounced. There was enough balance in my bank account on the emi date. Thanks.
THR000034,LA005092,2,agent,payment_issue,This is regarding application LA005092. SR807549 - The emi bounced because the mandate on your bank account has expired. A fresh mandate has to be registered before the next emi is presented. Thanks and regards.
THR000034,LA005092,3,customer,payment_issue,How do I register a fresh mandate for the emi? Will a bounce charge be applied on this emi?
THR000034,LA005092,4,agent,payment_issue,"Dear sir, This is regarding application LA005092. A fresh mandate can be registered from your login under the emi section. The bounce charge of Rs 1180 has been waived on this emi. Regards.
Thanks and regards,
Priya Sharma
LoanServe Support"
THR000034,LA005092,5,customer,payment_issue,"My reference is LA005092. CASE222557 - I have registered the fresh mandate today. Will the may emi be presented once more? Thanks in advance.
Best regards,
Priya Sharma"
THR000034,LA005092,6,agent,payment_issue,"Dear sir, The may emi will be presented again once the fresh mandate is active. No further action is needed from your side on the emi. Regards."
THR000035,LA027359,1,customer,loan_query,"Respected sir, I have been offered a lower rate by another bank. What is the process to transfer my gold loan to that bank? Regards."
THR000035,LA027359,2,agent,loan_query,"Dear sir, This is regarding application LA027359. For a balance transfer of your gold loan we issue a foreclosure letter. The other bank pays the outstanding on your gold loan against that letter. Regards.
Best regards,
Kavita Joshi
Customer Service"
THR000035,LA027359,3,customer,loan_query,"Dear sir, How long does the foreclosure letter take? Is there a charge for the balance transfer?
Best regards,
Rohit Kulkarni"
THR000035,LA027359,4,agent,loan_query,"Hello, The foreclosure letter is issued within seven working days. There is no charge on a floating rate gold loan for a balance transfer."
THR000035,LA027359,5,customer,loan_query,"Hello, Please issue the foreclosure letter for my gold loan. Where will the letter be sent? https://loanserve.example.in/status"
THR000035,LA027359,6,agent,loan_query,"Dear madam, This is regarding application LA027359. REF851107 - The foreclosure letter will be sent to your registered email. A copy of the letter can also be collected from the branch. Thanks and regards.
Best regards,
Kavita Joshi
Customer Service"
THR000036,LA013811,1,customer,complaint,My reference is LA013811. TKT387717 - I have written about my vehicle loan three times and nobody has replied. This is the fourth time I am writing about the same issue. Thank you.
THR000036,LA013811,2,agent,complaint,"Dear sir, We are sorry that your earlier mails on the vehicle loan went unanswered. Your issue has been escalated to the service manager. https://loanserve.example.in/help/kyc Thank you."
THR000036,LA013811,3,customer,complaint,"Dear Sir REF357489 - Escalation is fine but I still have no answer on my vehicle loan. When will somebody actually reply with an answer?
--
Meera Nair
Customer"
THR000036,LA013811,4,agent,complaint,"Dear customer, This is regarding application LA013811. The service manager will call you on your registered number within three working days. The answer on your vehicle loan will be given on that call. Regards.
On Mon, 12 May 2026, LoanServe Support wrote:
> Please share the document once more.
Thanks and regards,
Rahul Verma
LoanServe Support"
THR000037,LA020205,1,customer,kyc,"Hi team, My kyc is showing as incomplete on my home loan. The name printed on my salary slip does not match the name in your records. Thank you."
THR000037,LA020205,2,agent,kyc,"Hello, The name mismatch on your salary slip is the reason the kyc is incomplete. Please share a salary slip that carries the corrected name. Thank you.
Best regards,
Kavita Joshi
Customer Service"
THR000037,LA020205,3,customer,kyc,"CASE971897 - I have attached the corrected salary slip with the right name. Does anything else have to change for the kyc?
On Mon, 12 May 2026, LoanServe Support wrote:
> Please share the document once more."
THR000037,LA020205,4,agent,kyc,"Hello, The corrected salary slip has been received and sent for checking. Nothing else is pending on your kyc right now. Thanks and regards."
THR000037,LA020205,5,customer,kyc,Dear Sir How will I know when the kyc is marked complete?
THR000037,LA020205,6,agent,kyc,"This is regarding application LA020205. You will get an sms as soon as the kyc is marked complete. The kyc status also shows on your home loan application page. Thank you.
Best regards,
Kavita Joshi
Customer Service"
THR000038,LA018870,1,customer,payment_issue,"Good morning, I want to prepay Rs 50,000 on my personal loan. Does a part prepayment reduce the emi or the tenure? Thanks in advance."
THR000038,LA018870,2,agent,payment_issue,"Dear sir, SR784959 - A part prepayment of Rs 50,000 can reduce either the emi or the tenure on your personal loan. You have to tell us which of the two you want. Thanks and regards.
Best regards,
Suresh Iyer
Customer Service"
THR000038,LA018870,3,customer,payment_issue,CASE252129 - Please reduce the tenure and keep the emi as it is. Is there a prepayment charge on my personal loan? www.loanserve.example.in/upload
THR000038,LA018870,4,agent,payment_issue,"REF335140 - There is no prepayment charge on a floating rate personal loan. The tenure will reduce once the prepayment of Rs 50,000 is received.
Best regards,
Arjun Menon
Customer Service"
THR000039,LA001311,1,customer,loan_query,"Respected sir, My reference is LA001311. Is my vehicle loan eligible for a moratorium? My income has stopped for a few months and I cannot pay the emi. https://loanserve.example.in/status
--
Anita Desai
Customer"
THR000039,LA001311,2,agent,loan_query,"Dear madam, A moratorium on your vehicle loan is considered case by case. Interest keeps adding during the moratorium, so the tenure on your vehicle loan goes up. Regards.
Best regards,
Meera Nair
Customer Service"
THR000039,LA001311,3,customer,loan_query,"Dear madam, I understand that the tenure will go up. What do I have to submit to apply for the moratorium?"
THR000039,LA001311,4,agent,loan_query,"Dear madam, Please submit a written request along with proof of the income loss. The moratorium on your vehicle loan is decided within two working days. Thank you."
THR000040,LA029693,1,customer,complaint,My reference is LA029693. The branch told me one interest rate on my vehicle loan and the sanction letter shows a different rate. I was given wrong information at the branch. Thank you.
THR000040,LA029693,2,agent,complaint,"Dear madam, This is regarding application LA029693. We are sorry about the wrong information on your vehicle loan rate. The rate in the sanction letter is the rate that applies to your vehicle loan. www.loanserve.example.in/upload"
THR000040,LA029693,3,customer,complaint,"Dear madam, Then why was a lower rate quoted to me at the branch? I took the vehicle loan only because of the rate I was quoted. www.loanserve.example.in/upload"
THR000040,LA029693,4,agent,complaint,"Dear madam, The rate quoted to you was the card rate before your profile was scored. Your vehicle loan rate has been sent for review by the credit team. Thank you.
Best regards,
Vikram Rao
Customer Service"
THR000041,LA010495,1,customer,kyc,TKT955718 - My vehicle loan application is on hold. The income proof I uploaded was rejected. Can you tell me why the income proof was rejected?
THR000041,LA010495,2,agent,kyc,"Hello, The income proof was rejected because the address on it did not match your application. Please upload a fresh copy of the income proof from your registered login."
THR000041,LA010495,3,customer,kyc,Dear Sir I have uploaded the income proof again today. How many days does income proof verification take? Awaiting your response.
THR000041,LA010495,4,agent,kyc,"Your income proof is now under verification. A fresh income proof is normally verified within two working days. www.loanserve.example.in/upload Thanks and regards.
Best regards,
Suresh Iyer
Customer Service"
THR000041,LA010495,5,customer,kyc,"Dear madam, Will my vehicle loan sanction be delayed because the income proof was rejected once?
On Mon, 12 May 2026, LoanServe Support wrote:
> Please share the document once more."
THR000041,LA010495,6,agent,kyc,"The vehicle loan sanction will move ahead as soon as the income proof is verified. No further delay is expected on your vehicle loan application. https://loanserve.example.in/help/kyc
On Mon, 12 May 2026, LoanServe Support wrote:
> Please share the document once more.
Thanks and regards,
Kavita Joshi
LoanServe Support"
THR000042,LA009824,1,customer,payment_issue,"Respected sir, My reference is LA009824. I want to change my emi date to the 5th of the month. My salary is credited late and the present emi date does not suit me."
THR000042,LA009824,2,agent,payment_issue,"This is regarding application LA009824. REF518751 - The emi date can be moved to the 5th from the next cycle. A fresh mandate is needed for the changed emi date. https://loanserve.example.in/status
Thanks and regards,
Suresh Iyer
LoanServe Support"
THR000042,LA009824,3,customer,payment_issue,Hi My reference is LA009824. SR468951 - Please go ahead with the change. Is there any charge for changing the emi date?
THR000042,LA009824,4,agent,payment_issue,"Hello, This is regarding application LA009824. TKT736727 - A charge of Rs 250 applies for changing the emi date. The new emi date takes effect from the next cycle. Regards.
Thanks and regards,
Meera Nair
LoanServe Support"
THR000043,LA021145,1,customer,loan_query,"Hi I already hold a vehicle loan with you. Am I eligible for a top up on the same vehicle loan? Regards.
Thanks and regards,
Suresh Iyer"
THR000043,LA021145,2,agent,loan_query,"Dear madam, This is regarding application LA021145. CASE416768 - A top up on your vehicle loan is possible after twelve emis have been paid on time. Your vehicle loan has fourteen emis paid so far."
THR000043,LA021145,3,customer,loan_query,My reference is LA021145. CASE715958 - Every emi on that vehicle loan has been paid on time. What top up amount can I expect?
THR000043,LA021145,4,agent,loan_query,"Hello, This is regarding application LA021145. The top up amount depends on the outstanding on your vehicle loan and on your income. A top up of about Rs 50,000 looks possible on your vehicle loan. Thanks and regards."
THR000044,LA031252,1,customer,complaint,I have written about my vehicle loan three times and nobody has replied. This is the fourth time I am writing about the same issue.
THR000044,LA031252,2,agent,complaint,"Hello, REF272280 - We are sorry that your earlier mails on the vehicle loan went unanswered. Your issue has been escalated to the service manager. Thank you.
Thanks and regards,
Rahul Verma
LoanServe Support"
THR000044,LA031252,3,customer,complaint,Escalation is fine but I still have no answer on my vehicle loan. When will somebody actually reply with an answer? Thanks in advance.
THR000044,LA031252,4,agent,complaint,"Dear madam, This is regarding application LA031252. The service manager will call you on your registered number within two working days. The answer on your vehicle loan will be given on that call.
Thanks and regards,
Meera Nair
LoanServe Support"
THR000045,LA002986,1,customer,kyc,"My reference is LA002986. TKT447532 - My personal loan application is on hold. The pan card I uploaded was rejected. Can you tell me why the pan card was rejected? Regards.
--
Deepa Pillai
Customer"
THR000045,LA002986,2,agent,kyc,"Dear madam, SR262077 - The pan card was rejected because the document had already expired. Please upload a fresh copy of the pan card from your registered login. Regards."
THR000045,LA002986,3,customer,kyc,"REF297101 - I have uploaded the pan card again today. How many days does pan card verification take? www.loanserve.example.in/upload
On Mon, 12 May 2026, LoanServe Support wrote:
> Please share the document once more."
THR000045,LA002986,4,agent,kyc,"Dear madam, Your pan card is now under verification. A fresh pan card is normally verified within two working days. https://loanserve.example.in/status Thanks and regards.
Thanks and regards,
Kavita Joshi
LoanServe Support"
THR000045,LA002986,5,customer,kyc,"Good morning, My reference is LA002986. TKT412804 - Will my personal loan sanction be delayed because the pan card was rejected once? Awaiting your response."
THR000045,LA002986,6,agent,kyc,This is regarding application LA002986. REF624240 - The personal loan sanction will move ahead as soon as the pan card is verified. No further delay is expected on your personal loan application. https://loanserve.example.in/help/kyc Thanks and regards.
THR000046,LA026749,1,customer,payment_issue,"Hi I want to change my emi date to the 10th of the month. My salary is credited late and the present emi date does not suit me. Thank you.
Best regards,
Vikram Rao"
THR000046,LA026749,2,agent,payment_issue,"Dear madam, This is regarding application LA026749. The emi date can be moved to the 10th from the next cycle. A fresh mandate is needed for the changed emi date.
Thanks and regards,
Kavita Joshi
LoanServe Support"
THR000046,LA026749,3,customer,payment_issue,"Good morning, REF194711 - Please go ahead with the change. Is there any charge for changing the emi date?
--
Suresh Iyer
Customer"
THR000046,LA026749,4,agent,payment_issue,"Dear madam, SR380973 - A charge of Rs 1180 applies for changing the emi date. The new emi date takes effect from the next cycle.
Thanks and regards,
Rohit Kulkarni
LoanServe Support"
THR000046,LA026749,5,customer,payment_issue,Hi The charge is acceptable to me. When will the new emi date show in my account?
THR000046,LA026749,6,agent,payment_issue,"Dear madam, This is regarding application LA026749. The new emi date will show in your account once the fresh mandate is active. Your emi amount does not change. Regards.
Thanks and regards,
Anita Desai
LoanServe Support"
THR000047,LA018859,1,customer,loan_query,"My reference is LA018859. I already hold a personal loan with you. Am I eligible for a top up on the same personal loan? Regards.
--
Kavita Joshi
Customer"
THR000047,LA018859,2,agent,loan_query,A top up on your personal loan is possible after twelve emis have been paid on time. Your personal loan has eighteen emis paid so far. Thank you.
THR000047,LA018859,3,customer,loan_query,Hi My reference is LA018859. Every emi on that personal loan has been paid on time. What top up amount can I expect? Awaitng your response.
THR000047,LA018859,4,agent,loan_query,"Dear customer, The top up amount depends on the outstanding on your personal loan and on your income. A top up of about Rs 300,000 looks possible on your personal loan."
THR000048,LA005646,1,customer,complaint,"Hello, REF386205 - A charge of Rs 250 has been debited on my vehicle loan and I was never told about this charge. Please explain why this charge was taken."
THR000048,LA005646,2,agent,complaint,"Dear customer, TKT427039 - The charge of Rs 250 on your vehicle loan is a late payment charge. It was applied because the february emi was paid after the due date. Thanks and regards."
THR000048,LA005646,3,customer,complaint,The emi was late because your own mandate failed. Why should a charge be taken from me for a failure at your end? Thanks in advance.
THR000048,LA005646,4,agent,complaint,"Hello, This is regarding application LA005646. SR931145 - You are right that the mandate failure was at our end. The charge of Rs 250 is being reversed on your vehicle loan. Thanks and regards."
THR000049,LA012136,1,customer,kyc,"My personal loan application is on hold. The bank statement I uploaded was rejected. Can you tell me why the bank statement was rejected? Thank you.
Sent from my iPhone"
THR000049,LA012136,2,agent,kyc,"Dear sir, The bank statement was rejected because the scanned copy was not clearly readable. Please upload a fresh copy of the bank statement from your registered login. Thank you."
THR000049,LA012136,3,customer,kyc,"SR202878 - I have uploaded the bank statement again today. How many days does bank statement verification take?
On Mon, 12 May 2026, LoanServe Support wrote:
> Please share the document once more.
--
Rohit Kulkarni
Customer"
THR000049,LA012136,4,agent,kyc,"Dear customer, This is regarding application LA012136. Your bank statement is now under verification. A fresh bank statement is normally verified within two working days. Regards.
Best regards,
Anita Desai
Customer Service"
THR000050,LA024674,1,customer,payment_issue,"CASE153824 - I want to prepay Rs 50,000 on my vehicle loan. Does a part prepayment reduce the emi or the tenure?"
THR000050,LA024674,2,agent,payment_issue,"Hello, A part prepayment of Rs 50,000 can reduce either the emi or the tenure on your vehicle loan. You have to tell us which of the two you want. Thank you."
THR000050,LA024674,3,customer,payment_issue,My reference is LA024674. TKT882697 - Please reduce the tenure and keep the emi as it is. Is there a prepayment charge on my vehicle loan? Regards.
THR000050,LA024674,4,agent,payment_issue,"Dear madam, REF126111 - There is no prepayment charge on a floating rate vehicle loan. The tenure will reduce once the prepayment of Rs 50,000 is received. Regards.
Thanks and regards,
Rohit Kulkarni
LoanServe Support"
THR000051,LA019720,1,customer,loan_query,REF654690 - I already hold a gold loan with you. Am I eligible for a top up on the same gold loan?
THR000051,LA019720,2,agent,loan_query,"Dear customer, A top up on your gold loan is possible after twelve emis have been paid on time. Your gold loan has eighteen emis paid so far. Thanks and regards."
THR000051,LA019720,3,customer,loan_query,"Dear madam, My reference is LA019720. Every emi on that gold loan has been paid on time. What top up amount can I expect? Thank you."
THR000051,LA019720,4,agent,loan_query,"Hello, This is regarding application LA019720. CASE996315 - The top up amount depends on the outstanding on your gold loan and on your income. A top up of about Rs 300,000 looks possible on your gold loan. Thanks and regards."
THR000051,LA019720,5,customer,loan_query,"My reference is LA019720. Rs 300,000 would work for me. Which documents are needed for the top up?"
THR000051,LA019720,6,agent,loan_query,"Dear customer, For the top up we need your latest income proof and bank statement. The gold loan documents already with us do not have to be given again. Thank you."
THR000052,LA003841,1,customer,complaint,TKT962560 - A charge of Rs 500 has been debited on my vehicle loan and I was never told about this charge. Please explain why this charge was taken. Regards.
THR000052,LA003841,2,agent,complaint,"Dear madam, This is regarding application LA003841. The charge of Rs 500 on your vehicle loan is a late payment charge. It was applied because the may emi was paid after the due date. Regards."
THR000052,LA003841,3,customer,complaint,REF824265 - The emi was late because your own mandate failed. Why should a charge be taken from me for a failure at your end?
THR000052,LA003841,4,agent,complaint,"Hello, This is regarding application LA003841. You are right that the mandate failure was at our end. The charge of Rs 500 is being reversed on your vehicle loan. Thanks and regards.
Best regards,
Kavita Joshi
Customer Service"
THR000053,LA000998,1,customer,kyc,"Hello, I was asked for a pan card for my personal loan but I have already submitted it once. Why is the same pan card being asked for again? www.loanserve.example.in/upload"
THR000053,LA000998,2,agent,kyc,"Dear sir, This is regarding application LA000998. The pan card you submitted earlier was against your older application. A pan card has to be submitted again for this personal loan. Thanks and regards."
THR000053,LA000998,3,customer,kyc,"Dear madam, My reference is LA000998. That is not convenient but I will send the pan card again. Can I bring the pan card to the branch instead of uploading it? https://loanserve.example.in/help/kyc
On Mon, 12 May 2026, LoanServe Support wrote:
> Please share the document once more.
Sent from my iPhone"
THR000053,LA000998,4,agent,kyc,"Yes, the pan card can be submitted at any branch. The branch will scan the pan card and attach it to your personal loan application. Thanks and regards."
THR000054,LA007296,1,customer,payment_issue,My emi for july has bounced. There was enough balance in my bank account on the emi date. Thank you.
THR000054,LA007296,2,agent,payment_issue,"Dear customer, The emi bounced because the mandate on your bank account has expired. A fresh mandate has to be registered before the next emi is presented.
Thanks and regards,
Anita Desai
LoanServe Support"
THR000054,LA007296,3,customer,payment_issue,My reference is LA007296. How do I register a fresh mandate for the emi? Will a bounce charge be applied on this emi?
THR000054,LA007296,4,agent,payment_issue,"Dear sir, This is regarding application LA007296. A fresh mandate can be registered from your login under the emi section. The bounce charge of Rs 500 has been waived on this emi. Regards.
Best regards,
Suresh Iyer
Customer Service"
THR000054,LA007296,5,customer,payment_issue,SR538087 - I have registered the fresh mandate today. Will the july emi be presented once more? https://loanserve.example.in/help/kyc Awaiting your response.
THR000054,LA007296,6,agent,payment_issue,"This is regarding application LA007296. The july emi will be presented again once the fresh mandate is active. No further action is needed from your side on the emi. Thank you.
Best regards,
Kavita Joshi
Customer Service"
THR000055,LA009597,1,customer,loan_query,"Respected sir, My reference is LA009597. I already hold a gold loan with you. Am I eligible for a top up on the same gold loan?"
THR000055,LA009597,2,agent,loan_query,A top up on your gold loan is possible after twelve emis have been paid on time. Your gold loan has eighteen emis paid so far. Thank you.
THR000055,LA009597,3,customer,loan_query,"Good morning, Every emi on that gold loan has been paid on time. What top up amount can I expect?
--
Kavita Joshi
Customer"
THR000055,LA009597,4,agent,loan_query,"Dear madam, This is regarding application LA009597. REF514583 - The top up amount depends on the outstanding on your gold loan and on your income. A top up of about Rs 150,000 looks possible on your gold loan. Thank you.
Best regards,
Rohit Kulkarni
Customer Service"
THR000055,LA009597,5,customer,loan_query,"Dear Sir Rs 150,000 would work for me. Which documents are needed for the top up?"
THR000055,LA009597,6,agent,loan_query,"Dear sir, For the top up we need your latest income proof and bank statement. The gold loan documents already with us do not have to be given again. Thank you."
THR000056,LA012408,1,customer,complaint,"Hello, My reference is LA012408. The branch told me one interest rate on my personal loan and the sanction letter shows a different rate. I was given wrong information at the branch."
THR000056,LA012408,2,agent,complaint,We are sorry about the wrong information on your personal loan rate. The rate in the sanction letter is the rate that applies to your personal loan. https://loanserve.example.in/help/kyc Regards.
THR000056,LA012408,3,customer,complaint,Dear Sir My reference is LA012408. Then why was a lower rate quoted to me at the branch? I took the personal loan only because of the rate I was quoted. Thanks in advance.
THR000056,LA012408,4,agent,complaint,"Dear customer, This is regarding application LA012408. The rate quoted to you was the card rate before your profile was scored. Your personal loan rate has been sent for review by the credit team. Thank you."
THR000056,LA012408,5,customer,complaint,CASE609263 - Please tell me the outcome of that review in writing. I do not want another verbal answer on my personal loan. Thank you.
THR000056,LA012408,6,agent,complaint,"This is regarding application LA012408. The outcome of the review will be sent to your registered email. Nothing on your personal loan will be communicated only by phone. Regards.
Best regards,
Suresh Iyer
Customer Service"
THR000057,LA003131,1,customer,kyc,Dear Sir My reference is LA003131. My personal loan application is on hold. The income proof I uploaded was rejected. Can you tell me why the income proof was rejected? Thanks.
THR000057,LA003131,2,agent,kyc,"Dear customer, This is regarding application LA003131. REF229451 - The income proof was rejected because the scanned copy was not clearly readable. Please upload a fresh copy of the income proof from your registered login."
THR000057,LA003131,3,customer,kyc,My reference is LA003131. REF121162 - I have uploaded the income proof again today. How many days does income proof verification take? Awaitng your response.
THR000057,LA003131,4,agent,kyc,"Dear sir, This is regarding application LA003131. Your income proof is now under verification. A fresh income proof is normally verified within five working days."
THR000057,LA003131,5,customer,kyc,Will my personal loan sanction be delayed because the income proof was rejected once?
THR000057,LA003131,6,agent,kyc,"Dear customer, The personal loan sanction will move ahead as soon as the income proof is verified. No further delay is expected on your personal loan application. Thank you.
On Mon, 12 May 2026, LoanServe Support wrote:
> Please share the document once more.
Best regards,
Vikram Rao
Customer Service"
THR000058,LA005989,1,customer,payment_issue,"I want to change my emi date to the 7th of the month. My salary is credited late and the present emi date does not suit me. Awaitng your response.
--
Rahul Verma
Customer"
THR000058,LA005989,2,agent,payment_issue,This is regarding application LA005989. The emi date can be moved to the 7th from the next cycle. A fresh mandate is needed for the changed emi date. Regards.
THR000058,LA005989,3,customer,payment_issue,"Dear madam, Please go ahead with the change. Is there any charge for changing the emi date? Thanks."
THR000058,LA005989,4,agent,payment_issue,"Dear sir, A charge of Rs 590 applies for changing the emi date. The new emi date takes effect from the next cycle. Regards."
THR000059,LA030513,1,customer,loan_query,"Dear sir, My reference is LA030513. I have been offered a lower rate by another bank. What is the process to transfer my gold loan to that bank? Thanks.
Thanks and regards,
Deepa Pillai"
THR000059,LA030513,2,agent,loan_query,"SR654727 - For a balance transfer of your gold loan we issue a foreclosure letter. The other bank pays the outstanding on your gold loan against that letter. Thank you.
Thanks and regards,
Rohit Kulkarni
LoanServe Support"
THR000059,LA030513,3,customer,loan_query,"Hi How long does the foreclosure letter take? Is there a charge for the balance transfer? Thanks.
Sent from my iPhone"
THR000059,LA030513,4,agent,loan_query,"Hello, The foreclosure letter is issued within seven working days. There is no charge on a floating rate gold loan for a balance transfer. www.loanserve.example.in/upload Thanks and regards."
THR000059,LA030513,5,customer,loan_query,"Hi Please issue the foreclosure letter for my gold loan. Where will the letter be sent?
On Mon, 12 May 2026, LoanServe Support wrote:
> Please share the document once more."
THR000059,LA030513,6,agent,loan_query,This is regarding application LA030513. CASE202803 - The foreclosure letter will be sent to your registered email. A copy of the letter can also be collected from the branch. https://loanserve.example.in/status Thanks and regards.
THR000060,LA000864,1,customer,complaint,"Dear sir, A charge of Rs 500 has been debited on my vehicle loan and I was never told about this charge. Please explain why this charge was taken. Thanks.
Best regards,
Meera Nair"
THR000060,LA000864,2,agent,complaint,REF646704 - The charge of Rs 500 on your vehicle loan is a late payment charge. It was applied because the april emi was paid after the due date. Thanks and regards.
THR000060,LA000864,3,customer,complaint,"The emi was late because your own mandate failed. Why should a charge be taken from me for a failure at your end? www.loanserve.example.in/upload Thanks.
--
Priya Sharma
Customer"
THR000060,LA000864,4,agent,complaint,This is regarding application LA000864. TKT395910 - You are right that the mandate failure was at our end. The charge of Rs 500 is being reversed on your vehicle loan. Thank you.
THR000061,LA008725,1,customer,kyc,"Hi team, My reference is LA008725. I was asked for a income proof for my vehicle loan but I have already submitted it once. Why is the same income proof being asked for again?"
THR000061,LA008725,2,agent,kyc,The income proof you submitted earlier was against your older application. A income proof has to be submitted again for this vehicle loan. Regards.
THR000061,LA008725,3,customer,kyc,That is not convenient but I will send the income proof again. Can I bring the income proof to the branch instead of uploading it?
THR000061,LA008725,4,agent,kyc,"Dear customer, SR859660 - Yes, the income proof can be submitted at any branch. The branch will scan the income proof and attach it to your vehicle loan application. Regards."
THR000062,LA017741,1,customer,payment_issue,Hi My reference is LA017741. I want to change my emi date to the 5th of the month. My salary is credited late and the present emi date does not suit me. Awaitng your response.
THR000062,LA017741,2,agent,payment_issue,"Hello, This is regarding application LA017741. REF938882 - The emi date can be moved to the 5th from the next cycle. A fresh mandate is needed for the changed emi date."
THR000062,LA017741,3,customer,payment_issue,My reference is LA017741. Please go ahead with the change. Is there any charge for changing the emi date? Awaiting your response.
THR000062,LA017741,4,agent,payment_issue,"A charge of Rs 250 applies for changing the emi date. The new emi date takes effect from the next cycle. Regards.
Thanks and regards,
Deepa Pillai
LoanServe Support"
THR000062,LA017741,5,customer,payment_issue,The charge is acceptable to me. When will the new emi date show in my account?
THR000062,LA017741,6,agent,payment_issue,"Dear sir, The new emi date will show in your account once the fresh mandate is active. Your emi amount does not change. www.loanserve.example.in/upload Regards.
On Mon, 12 May 2026, LoanServe Support wrote:
> Please share the document once more.
Thanks and regards,
Anita Desai
LoanServe Support"
THR000063,LA024291,1,customer,loan_query,"Hi team, Is my personal loan eligible for a moratorium? My income has stopped for a few months and I cannot pay the emi."
THR000063,LA024291,2,agent,loan_query,"SR986317 - A moratorium on your personal loan is considered case by case. Interest keeps adding during the moratorium, so the tenure on your personal loan goes up."
THR000063,LA024291,3,customer,loan_query,My reference is LA024291. I understand that the tenure will go up. What do I have to submit to apply for the moratorium?
THR000063,LA024291,4,agent,loan_query,"Hello, Please submit a written request along with proof of the income loss. The moratorium on your personal loan is decided within three working days.
On Mon, 12 May 2026, LoanServe Support wrote:
> Please share the document once more.
Thanks and regards,
Arjun Menon
LoanServe Support"
THR000064,LA003772,1,customer,complaint,The branch told me one interest rate on my personal loan and the sanction letter shows a different rate. I was given wrong information at the branch.
THR000064,LA003772,2,agent,complaint,"Dear customer, REF367637 - We are sorry about the wrong information on your personal loan rate. The rate in the sanction letter is the rate that applies to your personal loan. www.loanserve.example.in/upload Thanks and regards."
THR000064,LA003772,3,customer,complaint,"Dear madam, CASE871074 - Then why was a lower rate quoted to me at the branch? I took the personal loan only because of the rate I was quoted."
THR000064,LA003772,4,agent,complaint,The rate quoted to you was the card rate before your profile was scored. Your personal loan rate has been sent for review by the credit team. Thank you.
THR000064,LA003772,5,customer,complaint,TKT166818 - Please tell me the outcome of that review in writing. I do not want another verbal answer on my personal loan. Thanks.
THR000064,LA003772,6,agent,complaint,"Dear customer, The outcome of the review will be sent to your registered email. Nothing on your personal loan will be communicated only by phone. Regards.
Best regards,
Vikram Rao
Customer Service"
THR000065,LA010187,1,customer,kyc,SR797550 - I was asked for a salary slip for my home loan but I have already submitted it once. Why is the same salary slip being asked for again? Awaiting your response.
THR000065,LA010187,2,agent,kyc,The salary slip you submitted earlier was against your older application. A salary slip has to be submitted again for this home loan. Thanks and regards.
THR000065,LA010187,3,customer,kyc,"My reference is LA010187. That is not convenient but I will send the salary slip again. Can I bring the salary slip to the branch instead of uploading it? Thanks.
Sent from my iPhone"
THR000065,LA010187,4,agent,kyc,"Dear customer, Yes, the salary slip can be submitted at any branch. The branch will scan the salary slip and attach it to your home loan application. www.loanserve.example.in/upload Thank you.
Thanks and regards,
Suresh Iyer
LoanServe Support"
THR000066,LA014325,1,customer,payment_issue,Hi TKT164706 - I want to change my emi date to the 7th of the month. My salary is credited late and the present emi date does not suit me.
THR000066,LA014325,2,agent,payment_issue,This is regarding application LA014325. REF559722 - The emi date can be moved to the 7th from the next cycle. A fresh mandate is needed for the changed emi date. Thanks and regards.
THR000066,LA014325,3,customer,payment_issue,My reference is LA014325. Please go ahead with the change. Is there any charge for changing the emi date? Thanks in advance.
THR000066,LA014325,4,agent,payment_issue,"Dear customer, A charge of Rs 500 applies for changing the emi date. The new emi date takes effect from the next cycle."
THR000066,LA014325,5,customer,payment_issue,"Dear sir, My reference is LA014325. REF439735 - The charge is acceptable to me. When will the new emi date show in my account?
Best regards,
Priya Sharma"
THR000066,LA014325,6,agent,payment_issue,"Dear sir, This is regarding application LA014325. SR676391 - The new emi date will show in your account once the fresh mandate is active. Your emi amount does not change. Thank you.
Thanks and regards,
Suresh Iyer
LoanServe Support"
THR000067,LA024904,1,customer,loan_query,REF658858 - I have been offered a lower rate by another bank. What is the process to transfer my home loan to that bank? Regards.
THR000067,LA024904,2,agent,loan_query,"Hello, This is regarding application LA024904. CASE809453 - For a balance transfer of your home loan we issue a foreclosure letter. The other bank pays the outstanding on your home loan against that letter. https://loanserve.example.in/status
Best regards,
Suresh Iyer
Customer Service"
THR000067,LA024904,3,customer,loan_query,"Hi team, How long does the foreclosure letter take? Is there a charge for the balance transfer?"
THR000067,LA024904,4,agent,loan_query,"The foreclosure letter is issued within seven working days. There is no charge on a floating rate home loan for a balance transfer. Regards.
Thanks and regards,
Priya Sharma
LoanServe Support"
THR000067,LA024904,5,customer,loan_query,"Please issue the foreclosure letter for my home loan. Where will the letter be sent?
Thanks and regards,
Anita Desai"
THR000067,LA024904,6,agent,loan_query,"Dear sir, TKT707705 - The foreclosure letter will be sent to your registered email. A copy of the letter can also be collected from the branch. https://loanserve.example.in/help/kyc Thanks and regards."
THR000068,LA032977,1,customer,complaint,"I have written about my gold loan three times and nobody has replied. This is the fourth time I am writing about the same issue.
Thanks and regards,
Meera Nair"
THR000068,LA032977,2,agent,complaint,"Dear sir, We are sorry that your earlier mails on the gold loan went unanswered. Your issue has been escalated to the service manager. Regards.
Thanks and regards,
Priya Sharma
LoanServe Support"
THR000068,LA032977,3,customer,complaint,"Respected sir, Escalation is fine but I still have no answer on my gold loan. When will somebody actually reply with an answer? Thanks in advance."
THR000068,LA032977,4,agent,complaint,"Dear sir, This is regarding application LA032977. The service manager will call you on your registered number within two working days. The answer on your gold loan will be given on that call. Thank you."
THR000068,LA032977,5,customer,complaint,"I received the call and the issue on my gold loan is clear now. Please close this complaint. Regards.
--
Kavita Joshi
Customer"
THR000068,LA032977,6,agent,complaint,"Dear madam, This is regarding application LA032977. Thank you for confirming that the gold loan issue is clear. This complaint is being closed as resolved. Thank you."
THR000069,LA000522,1,customer,kyc,"Hello, My reference is LA000522. REF282497 - My kyc is showing as incomplete on my personal loan. The name printed on my salary slip does not match the name in your records."
THR000069,LA000522,2,agent,kyc,"The name mismatch on your salary slip is the reason the kyc is incomplete. Please share a salary slip that carries the corrected name. Thank you.
Best regards,
Priya Sharma
Customer Service"
THR000069,LA000522,3,customer,kyc,"Good morning, My reference is LA000522. I have attached the corrected salary slip with the right name. Does anything else have to change for the kyc?"
THR000069,LA000522,4,agent,kyc,"Hello, This is regarding application LA000522. The corrected salary slip has been received and sent for checking. Nothing else is pending on your kyc right now. Thank you.
On Mon, 12 May 2026, LoanServe Support wrote:
> Please share the document once more."
THR000069,LA000522,5,customer,kyc,"Good morning, How will I know when the kyc is marked complete? https://loanserve.example.in/help/kyc"
THR000069,LA000522,6,agent,kyc,"Hello, This is regarding application LA000522. You will get an sms as soon as the kyc is marked complete. The kyc status also shows on your personal loan application page. https://loanserve.example.in/status Thanks and regards.
Best regards,
Priya Sharma
Customer Service"
THR000070,LA012329,1,customer,payment_issue,"My reference is LA012329. CASE641322 - I want to prepay Rs 300,000 on my gold loan. Does a part prepayment reduce the emi or the tenure? Awaiting your response.
Sent from my iPhone"
THR000070,LA012329,2,agent,payment_issue,"TKT618801 - A part prepayment of Rs 300,000 can reduce either the emi or the tenure on your gold loan. You have to tell us which of the two you want. Thank you.
Thanks and regards,
Meera Nair
LoanServe Support"
THR000070,LA012329,3,customer,payment_issue,"Dear sir, My reference is LA012329. SR290673 - Please reduce the tenure and keep the emi as it is. Is there a prepayment charge on my gold loan? Regards.
On Mon, 12 May 2026, LoanServe Support wrote:
> Please share the document once more.
--
Priya Sharma
Customer"
THR000070,LA012329,4,agent,payment_issue,"There is no prepayment charge on a floating rate gold loan. The tenure will reduce once the prepayment of Rs 300,000 is received. Regards."
THR000071,LA019570,1,customer,loan_query,"Respected sir, I already hold a gold loan with you. Am I eligible for a top up on the same gold loan? Thanks.
--
Priya Sharma
Customer"
THR000071,LA019570,2,agent,loan_query,"Dear sir, This is regarding application LA019570. A top up on your gold loan is possible after twelve emis have been paid on time. Your gold loan has nine emis paid so far. Regards."
THR000071,LA019570,3,customer,loan_query,Every emi on that gold loan has been paid on time. What top up amount can I expect?
THR000071,LA019570,4,agent,loan_query,"Dear madam, This is regarding application LA019570. The top up amount depends on the outstanding on your gold loan and on your income. A top up of about Rs 150,000 looks possible on your gold loan. www.loanserve.example.in/upload
Thanks and regards,
Rohit Kulkarni
LoanServe Support"
THR000071,LA019570,5,customer,loan_query,"Hi team, My reference is LA019570. CASE160109 - Rs 150,000 would work for me. Which documents are needed for the top up? www.loanserve.example.in/upload
On Mon, 12 May 2026, LoanServe Support wrote:
> Please share the document once more.
Sent from my iPhone"
THR000071,LA019570,6,agent,loan_query,"Dear sir, This is regarding application LA019570. For the top up we need your latest income proof and bank statement. The gold loan documents already with us do not have to be given again.
On Mon, 12 May 2026, LoanServe Support wrote:
> Please share the document once more."
THR000072,LA015405,1,customer,complaint,"Hi My reference is LA015405. SR673431 - I have written about my gold loan three times and nobody has replied. This is the fourth time I am writing about the same issue. Thank you.
Sent from my iPhone"
THR000072,LA015405,2,agent,complaint,"Dear madam, This is regarding application LA015405. CASE323016 - We are sorry that your earlier mails on the gold loan went unanswered. Your issue has been escalated to the service manager."
THR000072,LA015405,3,customer,complaint,"Dear sir, My reference is LA015405. TKT845125 - Escalation is fine but I still have no answer on my gold loan. When will somebody actually reply with an answer? www.loanserve.example.in/upload
On Mon, 12 May 2026, LoanServe Support wrote:
> Please share the document once more."
THR000072,LA015405,4,agent,complaint,"Hello, This is regarding application LA015405. The service manager will call you on your registered number within five working days. The answer on your gold loan will be given on that call. Thanks and regards.
Best regards,
Arjun Menon
Customer Service"
THR000072,LA015405,5,customer,complaint,"Dear madam, I received the call and the issue on my gold loan is clear now. Please close this complaint. Thank you.
Sent from my iPhone"
THR000072,LA015405,6,agent,complaint,"This is regarding application LA015405. CASE901804 - Thank you for confirming that the gold loan issue is clear. This complaint is being closed as resolved.
On Mon, 12 May 2026, LoanServe Support wrote:
> Please share the document once more."
THR000073,LA017438,1,customer,kyc,"Dear sir, REF160443 - I was asked for a pan card for my personal loan but I have already submitted it once. Why is the same pan card being asked for again?"
THR000073,LA017438,2,agent,kyc,SR502375 - The pan card you submitted earlier was against your older application. A pan card has to be submitted again for this personal loan. www.loanserve.example.in/upload Thanks and regards.
THR000073,LA017438,3,customer,kyc,My reference is LA017438. CASE609803 - That is not convenient but I will send the pan card again. Can I bring the pan card to the branch instead of uploading it? Regards.
THR000073,LA017438,4,agent,kyc,"Dear customer, SR697200 - Yes, the pan card can be submitted at any branch. The branch will scan the pan card and attach it to your personal loan application. www.loanserve.example.in/upload Regards."
THR000074,LA012379,1,customer,payment_issue,"Hi team, I want to prepay Rs 100,000 on my home loan. Does a part prepayment reduce the emi or the tenure?"
THR000074,LA012379,2,agent,payment_issue,"Dear sir, A part prepayment of Rs 100,000 can reduce either the emi or the tenure on your home loan. You have to tell us which of the two you want. Thanks and regards."
THR000074,LA012379,3,customer,payment_issue,SR129563 - Please reduce the tenure and keep the emi as it is. Is there a prepayment charge on my home loan?
THR000074,LA012379,4,agent,payment_issue,"There is no prepayment charge on a floating rate home loan. The tenure will reduce once the prepayment of Rs 100,000 is received. https://loanserve.example.in/help/kyc"
THR000075,LA009574,1,customer,loan_query,"My reference is LA009574. I already hold a gold loan with you. Am I eligible for a top up on the same gold loan?
Sent from my iPhone"
THR000075,LA009574,2,agent,loan_query,"Hello, This is regarding application LA009574. A top up on your gold loan is possible after twelve emis have been paid on time. Your gold loan has twenty two emis paid so far. Regards."
THR000075,LA009574,3,customer,loan_query,My reference is LA009574. Every emi on that gold loan has been paid on time. What top up amount can I expect? Awaiting your response.
THR000075,LA009574,4,agent,loan_query,"Dear customer, This is regarding application LA009574. The top up amount depends on the outstanding on your gold loan and on your income. A top up of about Rs 150,000 looks possible on your gold loan. Thanks and regards."
THR000075,LA009574,5,customer,loan_query,"Respected sir, My reference is LA009574. Rs 150,000 would work for me. Which documents are needed for the top up?"
THR000075,LA009574,6,agent,loan_query,"Hello, This is regarding application LA009574. For the top up we need your latest income proof and bank statement. The gold loan documents already with us do not have to be given again. https://loanserve.example.in/status Thank you."
THR000076,LA006068,1,customer,complaint,"Respected sir, REF705512 - I have written about my home loan three times and nobody has replied. This is the fourth time I am writing about the same issue."
THR000076,LA006068,2,agent,complaint,"Hello, This is regarding application LA006068. SR582339 - We are sorry that your earlier mails on the home loan went unanswered. Your issue has been escalated to the service manager. https://loanserve.example.in/status Thank you.
Thanks and regards,
Rahul Verma
LoanServe Support"
THR000076,LA006068,3,customer,complaint,"Dear sir, My reference is LA006068. Escalation is fine but I still have no answer on my home loan. When will somebody actually reply with an answer?"
THR000076,LA006068,4,agent,complaint,"Dear customer, REF165904 - The service manager will call you on your registered number within five working days. The answer on your home loan will be given on that call. Thank you.
Thanks and regards,
Suresh Iyer
LoanServe Support"
THR000076,LA006068,5,customer,complaint,"Good morning, TKT347694 - I received the call and the issue on my home loan is clear now. Please close this complaint. Regards.
Sent from my iPhone"
THR000076,LA006068,6,agent,complaint,CASE130121 - Thank you for confirming that the home loan issue is clear. This complaint is being closed as resolved. https://loanserve.example.in/help/kyc
THR000077,LA015288,1,customer,kyc,Dear Sir CASE695312 - I was asked for a pan card for my home loan but I have already submitted it once. Why is the same pan card being asked for again? Awaiting your response.
THR000077,LA015288,2,agent,kyc,REF291685 - The pan card you submitted earlier was against your older application. A pan card has to be submitted again for this home loan. Regards.
THR000077,LA015288,3,customer,kyc,"That is not convenient but I will send the pan card again. Can I bring the pan card to the branch instead of uploading it?
Sent from my iPhone"
THR000077,LA015288,4,agent,kyc,"Dear sir, This is regarding application LA015288. Yes, the pan card can be submitted at any branch. The branch will scan the pan card and attach it to your home loan application. Thank you."
THR000078,LA004351,1,customer,payment_issue,"I want to prepay Rs 50,000 on my vehicle loan. Does a part prepayment reduce the emi or the tenure? Thanks in advance."
THR000078,LA004351,2,agent,payment_issue,"Dear customer, A part prepayment of Rs 50,000 can reduce either the emi or the tenure on your vehicle loan. You have to tell us which of the two you want. https://loanserve.example.in/help/kyc Regards.
Best regards,
Vikram Rao
Customer Service"
THR000078,LA004351,3,customer,payment_issue,My reference is LA004351. Please reduce the tenure and keep the emi as it is. Is there a prepayment charge on my vehicle loan? Thank you.
THR000078,LA004351,4,agent,payment_issue,"Dear sir, SR241002 - There is no prepayment charge on a floating rate vehicle loan. The tenure will reduce once the prepayment of Rs 50,000 is received. Thank you.
On Mon, 12 May 2026, LoanServe Support wrote:
> Please share the document once more."
THR000079,LA025189,1,customer,loan_query,"Dear sir, CASE293427 - I have been offered a lower rate by another bank. What is the process to transfer my vehicle loan to that bank? https://loanserve.example.in/status"
THR000079,LA025189,2,agent,loan_query,TKT389286 - For a balance transfer of your vehicle loan we issue a foreclosure letter. The other bank pays the outstanding on your vehicle loan against that letter. Thank you.
THR000079,LA025189,3,customer,loan_query,"Hello, My reference is LA025189. TKT272107 - How long does the foreclosure letter take? Is there a charge for the balance transfer? Awaiting your response."
THR000079,LA025189,4,agent,loan_query,"Dear madam, The foreclosure letter is issued within two working days. There is no charge on a floating rate vehicle loan for a balance transfer. Regards.
Thanks and regards,
Deepa Pillai
LoanServe Support"
THR000080,LA018226,1,customer,complaint,Hi My reference is LA018226. CASE459343 - A charge of Rs 590 has been debited on my vehicle loan and I was never told about this charge. Please explain why this charge was taken.
THR000080,LA018226,2,agent,complaint,"Hello, This is regarding application LA018226. CASE535060 - The charge of Rs 590 on your vehicle loan is a late payment charge. It was applied because the may emi was paid after the due date. Thanks and regards."
THR000080,LA018226,3,customer,complaint,My reference is LA018226. The emi was late because your own mandate failed. Why should a charge be taken from me for a failure at your end?
THR000080,LA018226,4,agent,complaint,"Dear customer, This is regarding application LA018226. You are right that the mandate failure was at our end. The charge of Rs 590 is being reversed on your vehicle loan. Thank you.
Best regards,
Meera Nair
Customer Service"
THR000081,LA007228,1,customer,kyc,"REF757949 - I was asked for a address proof for my home loan but I have already submitted it once. Why is the same address proof being asked for again? Awaiting your response.
Sent from my iPhone"
THR000081,LA007228,2,agent,kyc,"Dear sir, This is regarding application LA007228. The address proof you submitted earlier was against your older application. A address proof has to be submitted again for this home loan. Thank you.
Best regards,
Vikram Rao
Customer Service"
THR000081,LA007228,3,customer,kyc,"Dear sir, My reference is LA007228. SR323975 - That is not convenient but I will send the address proof again. Can I bring the address proof to the branch instead of uploading it? Awaitng your response."
THR000081,LA007228,4,agent,kyc,"Dear sir, This is regarding application LA007228. SR900987 - Yes, the address proof can be submitted at any branch. The branch will scan the address proof and attach it to your home loan application. Thank you.
Best regards,
Arjun Menon
Customer Service"
THR000082,LA021104,1,customer,payment_issue,"Dear sir, I want to prepay Rs 150,000 on my gold loan. Does a part prepayment reduce the emi or the tenure?"
THR000082,LA021104,2,agent,payment_issue,"This is regarding application LA021104. A part prepayment of Rs 150,000 can reduce either the emi or the tenure on your gold loan. You have to tell us which of the two you want. Thank you."
THR000082,LA021104,3,customer,payment_issue,Please reduce the tenure and keep the emi as it is. Is there a prepayment charge on my gold loan?
THR000082,LA021104,4,agent,payment_issue,"There is no prepayment charge on a floating rate gold loan. The tenure will reduce once the prepayment of Rs 150,000 is received. Regards."
THR000083,LA009027,1,customer,loan_query,My reference is LA009027. Is my personal loan eligible for a moratorium? My income has stopped for a few months and I cannot pay the emi.
THR000083,LA009027,2,agent,loan_query,"Dear sir, TKT333562 - A moratorium on your personal loan is considered case by case. Interest keeps adding during the moratorium, so the tenure on your personal loan goes up. https://loanserve.example.in/status Thank you."
THR000083,LA009027,3,customer,loan_query,REF987294 - I understand that the tenure will go up. What do I have to submit to apply for the moratorium?
THR000083,LA009027,4,agent,loan_query,"Dear sir, Please submit a written request along with proof of the income loss. The moratorium on your personal loan is decided within seven working days. Regards."
THR000084,LA000297,1,customer,complaint,"Dear sir, A charge of Rs 500 has been debited on my personal loan and I was never told about this charge. Please explain why this charge was taken."
THR000084,LA000297,2,agent,complaint,"Dear madam, The charge of Rs 500 on your personal loan is a late payment charge. It was applied because the february emi was paid after the due date. Thank you.
Thanks and regards,
Rohit Kulkarni
LoanServe Support"
THR000084,LA000297,3,customer,complaint,My reference is LA000297. The emi was late because your own mandate failed. Why should a charge be taken from me for a failure at your end? Awaitng your response.
THR000084,LA000297,4,agent,complaint,"Dear customer, You are right that the mandate failure was at our end. The charge of Rs 500 is being reversed on your personal loan. https://loanserve.example.in/help/kyc Thank you."
THR000085,LA029705,1,customer,kyc,"REF369899 - My kyc is showing as incomplete on my vehicle loan. The name printed on my salary slip does not match the name in your records.
Sent from my iPhone"
THR000085,LA029705,2,agent,kyc,This is regarding application LA029705. CASE574533 - The name mismatch on your salary slip is the reason the kyc is incomplete. Please share a salary slip that carries the corrected name.
THR000085,LA029705,3,customer,kyc,"Good morning, My reference is LA029705. I have attached the corrected salary slip with the right name. Does anything else have to change for the kyc? Thanks."
THR000085,LA029705,4,agent,kyc,"Dear madam, This is regarding application LA029705. The corrected salary slip has been received and sent for checking. Nothing else is pending on your kyc right now. Thanks and regards."
THR000085,LA029705,5,customer,kyc,My reference is LA029705. How will I know when the kyc is marked complete?
THR000085,LA029705,6,agent,kyc,"You will get an sms as soon as the kyc is marked complete. The kyc status also shows on your vehicle loan application page. Thank you.
On Mon, 12 May 2026, LoanServe Support wrote:
> Please share the document once more."
THR000086,LA008890,1,customer,payment_issue,"Hi TKT494899 - I want to change my emi date to the 7th of the month. My salary is credited late and the present emi date does not suit me.
Sent from my iPhone"
THR000086,LA008890,2,agent,payment_issue,"Hello, The emi date can be moved to the 7th from the next cycle. A fresh mandate is needed for the changed emi date. www.loanserve.example.in/upload Thanks and regards."
THR000086,LA008890,3,customer,payment_issue,"Good morning, My reference is LA008890. Please go ahead with the change. Is there any charge for changing the emi date?"
THR000086,LA008890,4,agent,payment_issue,"Dear sir, A charge of Rs 500 applies for changing the emi date. The new emi date takes effect from the next cycle. Thanks and regards."
THR000087,LA032821,1,customer,loan_query,Is my personal loan eligible for a moratorium? My income has stopped for a few months and I cannot pay the emi.
THR000087,LA032821,2,agent,loan_query,"Hello, A moratorium on your personal loan is considered case by case. Interest keeps adding during the moratorium, so the tenure on your personal loan goes up. Thank you."
THR000087,LA032821,3,customer,loan_query,"Hi team, My reference is LA032821. I understand that the tenure will go up. What do I have to submit to apply for the moratorium? Regards.
On Mon, 12 May 2026, LoanServe Support wrote:
> Please share the document once more.
Thanks and regards,
Rahul Verma"
THR000087,LA032821,4,agent,loan_query,"Dear customer, This is regarding application LA032821. Please submit a written request along with proof of the income loss. The moratorium on your personal loan is decided within seven working days. https://loanserve.example.in/status Thanks and regards.
On Mon, 12 May 2026, LoanServe Support wrote:
> Please share the document once more."
THR000088,LA027245,1,customer,complaint,SR522476 - The branch told me one interest rate on my home loan and the sanction letter shows a different rate. I was given wrong information at the branch. Thanks.
THR000088,LA027245,2,agent,complaint,We are sorry about the wrong information on your home loan rate. The rate in the sanction letter is the rate that applies to your home loan. Thank you.
THR000088,LA027245,3,customer,complaint,"Hello, CASE572035 - Then why was a lower rate quoted to me at the branch? I took the home loan only because of the rate I was quoted.
--
Rahul Verma
Customer"
THR000088,LA027245,4,agent,complaint,"Dear sir, This is regarding application LA027245. The rate quoted to you was the card rate before your profile was scored. Your home loan rate has been sent for review by the credit team. Thank you."
THR000089,LA005209,1,customer,kyc,"Hello, My reference is LA005209. SR565724 - My gold loan application is on hold. The salary slip I uploaded was rejected. Can you tell me why the salary slip was rejected? Awaitng your response.
Best regards,
Priya Sharma"
THR000089,LA005209,2,agent,kyc,"Dear customer, REF863782 - The salary slip was rejected because the scanned copy was not clearly readable. Please upload a fresh copy of the salary slip from your registered login. Thanks and regards."
THR000089,LA005209,3,customer,kyc,"Hello, TKT753021 - I have uploaded the salary slip again today. How many days does salary slip verification take? https://loanserve.example.in/status Thanks in advance.
--
Meera Nair
Customer"
THR000089,LA005209,4,agent,kyc,Your salary slip is now under verification. A fresh salary slip is normally verified within three working days. Thanks and regards.
THR000089,LA005209,5,customer,kyc,"Good morning, My reference is LA005209. TKT506480 - Will my gold loan sanction be delayed because the salary slip was rejected once? Thanks in advance."
THR000089,LA005209,6,agent,kyc,"This is regarding application LA005209. REF220353 - The gold loan sanction will move ahead as soon as the salary slip is verified. No further delay is expected on your gold loan application. https://loanserve.example.in/status Thanks and regards.
Best regards,
Anita Desai
Customer Service"
THR000090,LA029978,1,customer,payment_issue,"My emi for august has bounced. There was enough balance in my bank account on the emi date. Thank you.
Sent from my iPhone"
THR000090,LA029978,2,agent,payment_issue,"Dear madam, This is regarding application LA029978. The emi bounced because the mandate on your bank account has expired. A fresh mandate has to be registered before the next emi is presented. Thanks and regards."
THR000090,LA029978,3,customer,payment_issue,My reference is LA029978. SR967362 - How do I register a fresh mandate for the emi? Will a bounce charge be applied on this emi?
THR000090,LA029978,4,agent,payment_issue,A fresh mandate can be registered from your login under the emi section. The bounce charge of Rs 500 has been waived on this emi. www.loanserve.example.in/upload Regards.
THR000090,LA029978,5,customer,payment_issue,"Dear madam, REF257005 - I have registered the fresh mandate today. Will the august emi be presented once more? www.loanserve.example.in/upload Awaiting your response."
THR000090,LA029978,6,agent,payment_issue,"Dear sir, This is regarding application LA029978. SR473171 - The august emi will be presented again once the fresh mandate is active. No further action is needed from your side on the emi. Regards."
THR000091,LA026232,1,customer,loan_query,"Good morning, My reference is LA026232. I have been offered a lower rate by another bank. What is the process to transfer my home loan to that bank?"
THR000091,LA026232,2,agent,loan_query,"Hello, This is regarding application LA026232. For a balance transfer of your home loan we issue a foreclosure letter. The other bank pays the outstanding on your home loan against that letter. Regards."
THR000091,LA026232,3,customer,loan_query,"My reference is LA026232. SR745120 - How long does the foreclosure letter take? Is there a charge for the balance transfer? Thank you.
On Mon, 12 May 2026, LoanServe Support wrote:
> Please share the document once more.
Sent from my iPhone"
THR000091,LA026232,4,agent,loan_query,"Dear madam, REF883927 - The foreclosure letter is issued within seven working days. There is no charge on a floating rate home loan for a balance transfer. Regards."
THR000091,LA026232,5,customer,loan_query,My reference is LA026232. TKT884487 - Please issue the foreclosure letter for my home loan. Where will the letter be sent? Awaitng your response.
THR000091,LA026232,6,agent,loan_query,The foreclosure letter will be sent to your registered email. A copy of the letter can also be collected from the branch. www.loanserve.example.in/upload Thanks and regards.
THR000092,LA024847,1,customer,complaint,"Hi team, REF947221 - A charge of Rs 250 has been debited on my home loan and I was never told about this charge. Please explain why this charge was taken."
THR000092,LA024847,2,agent,complaint,This is regarding application LA024847. The charge of Rs 250 on your home loan is a late payment charge. It was applied because the july emi was paid after the due date. Thank you.
THR000092,LA024847,3,customer,complaint,Dear Sir My reference is LA024847. The emi was late because your own mandate failed. Why should a charge be taken from me for a failure at your end? Awaitng your response.
THR000092,LA024847,4,agent,complaint,"Dear madam, CASE629073 - You are right that the mandate failure was at our end. The charge of Rs 250 is being reversed on your home loan. Thanks and regards."
THR000093,LA003378,1,customer,kyc,"Dear madam, SR738178 - I was asked for a pan card for my home loan but I have already submitted it once. Why is the same pan card being asked for again? Thank you."
THR000093,LA003378,2,agent,kyc,"Dear customer, The pan card you submitted earlier was against your older application. A pan card has to be submitted again for this home loan. Thank you."
THR000093,LA003378,3,customer,kyc,"Hello, My reference is LA003378. That is not convenient but I will send the pan card again. Can I bring the pan card to the branch instead of uploading it?"
THR000093,LA003378,4,agent,kyc,"Hello, Yes, the pan card can be submitted at any branch. The branch will scan the pan card and attach it to your home loan application. www.loanserve.example.in/upload Thanks and regards."
THR000094,LA001479,1,customer,payment_issue,"Good morning, My reference is LA001479. REF859182 - My emi for august has bounced. There was enough balance in my bank account on the emi date."
THR000094,LA001479,2,agent,payment_issue,"Hello, This is regarding application LA001479. The emi bounced because the mandate on your bank account has expired. A fresh mandate has to be registered before the next emi is presented. Thank you."
THR000094,LA001479,3,customer,payment_issue,Hi REF932273 - How do I register a fresh mandate for the emi? Will a bounce charge be applied on this emi? Thanks.
THR000094,LA001479,4,agent,payment_issue,"Dear customer, CASE344081 - A fresh mandate can be registered from your login under the emi section. The bounce charge of Rs 250 has been waived on this emi. Regards."
THR000095,LA008218,1,customer,loan_query,Hi My reference is LA008218. I have been offered a lower rate by another bank. What is the process to transfer my gold loan to that bank? Thanks.
THR000095,LA008218,2,agent,loan_query,"Dear customer, This is regarding application LA008218. For a balance transfer of your gold loan we issue a foreclosure letter. The other bank pays the outstanding on your gold loan against that letter. www.loanserve.example.in/upload Thank you.
Thanks and regards,
Anita Desai
LoanServe Support"
THR000095,LA008218,3,customer,loan_query,"Respected sir, My reference is LA008218. How long does the foreclosure letter take? Is there a charge for the balance transfer? Regards."
THR000095,LA008218,4,agent,loan_query,"Hello, This is regarding application LA008218. The foreclosure letter is issued within seven working days. There is no charge on a floating rate gold loan for a balance transfer. Regards.
Best regards,
Arjun Menon
Customer Service"
THR000095,LA008218,5,customer,loan_query,"Hi My reference is LA008218. Please issue the foreclosure letter for my gold loan. Where will the letter be sent?
On Mon, 12 May 2026, LoanServe Support wrote:
> Please share the document once more."
THR000095,LA008218,6,agent,loan_query,"The foreclosure letter will be sent to your registered email. A copy of the letter can also be collected from the branch. https://loanserve.example.in/status Thank you.
On Mon, 12 May 2026, LoanServe Support wrote:
> Please share the document once more."
THR000096,LA005309,1,customer,complaint,Hi CASE878520 - The branch told me one interest rate on my vehicle loan and the sanction letter shows a different rate. I was given wrong information at the branch. Awaiting your response.
THR000096,LA005309,2,agent,complaint,We are sorry about the wrong information on your vehicle loan rate. The rate in the sanction letter is the rate that applies to your vehicle loan. Thank you.
THR000096,LA005309,3,customer,complaint,"Dear madam, My reference is LA005309. Then why was a lower rate quoted to me at the branch? I took the vehicle loan only because of the rate I was quoted."
THR000096,LA005309,4,agent,complaint,"Dear sir, This is regarding application LA005309. The rate quoted to you was the card rate before your profile was scored. Your vehicle loan rate has been sent for review by the credit team."
THR000096,LA005309,5,customer,complaint,"Good morning, SR981702 - Please tell me the outcome of that review in writing. I do not want another verbal answer on my vehicle loan.
Thanks and regards,
Arjun Menon"
THR000096,LA005309,6,agent,complaint,"Hello, TKT637181 - The outcome of the review will be sent to your registered email. Nothing on your vehicle loan will be communicated only by phone. Regards.
On Mon, 12 May 2026, LoanServe Support wrote:
> Please share the document once more.
Thanks and regards,
Suresh Iyer
LoanServe Support"
THR000097,LA022739,1,customer,kyc,"My reference is LA022739. I was asked for a salary slip for my home loan but I have already submitted it once. Why is the same salary slip being asked for again? www.loanserve.example.in/upload Thanks.
Sent from my iPhone"
THR000097,LA022739,2,agent,kyc,This is regarding application LA022739. The salary slip you submitted earlier was against your older application. A salary slip has to be submitted again for this home loan. Thanks and regards.
THR000097,LA022739,3,customer,kyc,"Dear sir, That is not convenient but I will send the salary slip again. Can I bring the salary slip to the branch instead of uploading it?"
THR000097,LA022739,4,agent,kyc,"Dear sir, Yes, the salary slip can be submitted at any branch. The branch will scan the salary slip and attach it to your home loan application.
Best regards,
Rohit Kulkarni
Customer Service"
THR000098,LA024424,1,customer,payment_issue,"I want to prepay Rs 50,000 on my home loan. Does a part prepayment reduce the emi or the tenure? www.loanserve.example.in/upload Thanks."
THR000098,LA024424,2,agent,payment_issue,"Dear madam, A part prepayment of Rs 50,000 can reduce either the emi or the tenure on your home loan. You have to tell us which of the two you want. Thank you."
THR000098,LA024424,3,customer,payment_issue,"Hello, REF887178 - Please reduce the tenure and keep the emi as it is. Is there a prepayment charge on my home loan?
On Mon, 12 May 2026, LoanServe Support wrote:
> Please share the document once more."
THR000098,LA024424,4,agent,payment_issue,"Hello, REF625964 - There is no prepayment charge on a floating rate home loan. The tenure will reduce once the prepayment of Rs 50,000 is received. Regards."
THR000099,LA013848,1,customer,loan_query,"Hello, TKT170333 - I have been offered a lower rate by another bank. What is the process to transfer my personal loan to that bank? Thanks."
THR000099,LA013848,2,agent,loan_query,"Dear madam, For a balance transfer of your personal loan we issue a foreclosure letter. The other bank pays the outstanding on your personal loan against that letter. www.loanserve.example.in/upload Thank you."
THR000099,LA013848,3,customer,loan_query,"Hi team, My reference is LA013848. How long does the foreclosure letter take? Is there a charge for the balance transfer? Regards.
On Mon, 12 May 2026, LoanServe Support wrote:
> Please share the document once more.
Sent from my iPhone"
THR000099,LA013848,4,agent,loan_query,"Dear customer, This is regarding application LA013848. The foreclosure letter is issued within five working days. There is no charge on a floating rate personal loan for a balance transfer. Regards.
Thanks and regards,
Priya Sharma
LoanServe Support"
THR000100,LA028102,1,customer,complaint,"REF741655 - A charge of Rs 590 has been debited on my home loan and I was never told about this charge. Please explain why this charge was taken.
Thanks and regards,
Vikram Rao"
THR000100,LA028102,2,agent,complaint,"REF384011 - The charge of Rs 590 on your home loan is a late payment charge. It was applied because the march emi was paid after the due date. Thank you.
Thanks and regards,
Suresh Iyer
LoanServe Support"
THR000100,LA028102,3,customer,complaint,"Respected sir, The emi was late because your own mandate failed. Why should a charge be taken from me for a failure at your end? Thank you."
THR000100,LA028102,4,agent,complaint,"Hello, This is regarding application LA028102. You are right that the mandate failure was at our end. The charge of Rs 590 is being reversed on your home loan. Thanks and regards."
THR000101,LA004765,1,customer,kyc,My reference is LA004765. I was asked for a pan card for my home loan but I have already submitted it once. Why is the same pan card being asked for again? Regards.
THR000101,LA004765,2,agent,kyc,CASE532341 - The pan card you submitted earlier was against your older application. A pan card has to be submitted again for this home loan.
THR000101,LA004765,3,customer,kyc,"Respected sir, My reference is LA004765. That is not convenient but I will send the pan card again. Can I bring the pan card to the branch instead of uploading it?"
THR000101,LA004765,4,agent,kyc,"This is regarding application LA004765. Yes, the pan card can be submitted at any branch. The branch will scan the pan card and attach it to your home loan application. Regards."
THR000102,LA016527,1,customer,payment_issue,"Dear Sir My reference is LA016527. SR280206 - I want to change my emi date to the 15th of the month. My salary is credited late and the present emi date does not suit me.
Sent from my iPhone"
THR000102,LA016527,2,agent,payment_issue,"Dear customer, TKT659456 - The emi date can be moved to the 15th from the next cycle. A fresh mandate is needed for the changed emi date. Thanks and regards.
Best regards,
Rahul Verma
Customer Service"
THR000102,LA016527,3,customer,payment_issue,"Hello, TKT855038 - Please go ahead with the change. Is there any charge for changing the emi date? Awaitng your response."
THR000102,LA016527,4,agent,payment_issue,"Dear customer, SR250582 - A charge of Rs 750 applies for changing the emi date. The new emi date takes effect from the next cycle. Regards.
Best regards,
Kavita Joshi
Customer Service"
THR000102,LA016527,5,customer,payment_issue,"Hi team, My reference is LA016527. The charge is acceptable to me. When will the new emi date show in my account? Awaiting your response.
--
Priya Sharma
Customer"
THR000102,LA016527,6,agent,payment_issue,"The new emi date will show in your account once the fresh mandate is active. Your emi amount does not change. Regards.
Best regards,
Anita Desai
Customer Service"
THR000103,LA003051,1,customer,loan_query,My reference is LA003051. I have been offered a lower rate by another bank. What is the process to transfer my home loan to that bank? Regards.
THR000103,LA003051,2,agent,loan_query,"Dear madam, REF818425 - For a balance transfer of your home loan we issue a foreclosure letter. The other bank pays the outstanding on your home loan against that letter. Thank you."
THR000103,LA003051,3,customer,loan_query,How long does the foreclosure letter take? Is there a charge for the balance transfer?
THR000103,LA003051,4,agent,loan_query,"The foreclosure letter is issued within five working days. There is no charge on a floating rate home loan for a balance transfer. Thank you.
Thanks and regards,
Arjun Menon
LoanServe Support"
THR000103,LA003051,5,customer,loan_query,"Dear Sir My reference is LA003051. Please issue the foreclosure letter for my home loan. Where will the letter be sent? Awaitng your response.
On Mon, 12 May 2026, LoanServe Support wrote:
> Please share the document once more.
Thanks and regards,
Meera Nair"
THR000103,LA003051,6,agent,loan_query,"Hello, This is regarding application LA003051. The foreclosure letter will be sent to your registered email. A copy of the letter can also be collected from the branch. Thanks and regards.
Best regards,
Meera Nair
Customer Service"
THR000104,LA017001,1,customer,complaint,I have written about my vehicle loan three times and nobody has replied. This is the fourth time I am writing about the same issue.
THR000104,LA017001,2,agent,complaint,"Dear madam, This is regarding application LA017001. We are sorry that your earlier mails on the vehicle loan went unanswered. Your issue has been escalated to the service manager. www.loanserve.example.in/upload Regards."
THR000104,LA017001,3,customer,complaint,CASE929373 - Escalation is fine but I still have no answer on my vehicle loan. When will somebody actually reply with an answer? Awaiting your response.
THR000104,LA017001,4,agent,complaint,"Dear sir, This is regarding application LA017001. The service manager will call you on your registered number within seven working days. The answer on your vehicle loan will be given on that call. Thanks and regards."
THR000104,LA017001,5,customer,complaint,My reference is LA017001. CASE748391 - I received the call and the issue on my vehicle loan is clear now. Please close this complaint. Awaiting your response.
THR000104,LA017001,6,agent,complaint,"Hello, REF885108 - Thank you for confirming that the vehicle loan issue is clear. This complaint is being closed as resolved. https://loanserve.example.in/help/kyc Thank you.
On Mon, 12 May 2026, LoanServe Support wrote:
> Please share the document once more.
Thanks and regards,
Vikram Rao
LoanServe Support"
THR000105,LA013593,1,customer,kyc,My reference is LA013593. My personal loan application is on hold. The bank statement I uploaded was rejected. Can you tell me why the bank statement was rejected?
THR000105,LA013593,2,agent,kyc,The bank statement was rejected because the document had already expired. Please upload a fresh copy of the bank statement from your registered login. Regards.
THR000105,LA013593,3,customer,kyc,"My reference is LA013593. REF498188 - I have uploaded the bank statement again today. How many days does bank statement verification take? Thank you.
On Mon, 12 May 2026, LoanServe Support wrote:
> Please share the document once more."
THR000105,LA013593,4,agent,kyc,"Hello, This is regarding application LA013593. Your bank statement is now under verification. A fresh bank statement is normally verified within seven working days. www.loanserve.example.in/upload Thanks and regards.
On Mon, 12 May 2026, LoanServe Support wrote:
> Please share the document once more.
Best regards,
Priya Sharma
Customer Service"
THR000105,LA013593,5,customer,kyc,SR334437 - Will my personal loan sanction be delayed because the bank statement was rejected once? Thank you.
THR000105,LA013593,6,agent,kyc,"REF485850 - The personal loan sanction will move ahead as soon as the bank statement is verified. No further delay is expected on your personal loan application. https://loanserve.example.in/status Regards.
Thanks and regards,
Rohit Kulkarni
LoanServe Support"
THR000106,LA028735,1,customer,payment_issue,Hi I want to change my emi date to the 7th of the month. My salary is credited late and the present emi date does not suit me.
THR000106,LA028735,2,agent,payment_issue,"Dear customer, This is regarding application LA028735. The emi date can be moved to the 7th from the next cycle. A fresh mandate is needed for the changed emi date. Thank you.
Thanks and regards,
Arjun Menon
LoanServe Support"
THR000106,LA028735,3,customer,payment_issue,"Hi team, Please go ahead with the change. Is there any charge for changing the emi date?
Thanks and regards,
Meera Nair"
THR000106,LA028735,4,agent,payment_issue,CASE692204 - A charge of Rs 1180 applies for changing the emi date. The new emi date takes effect from the next cycle. Thanks and regards.
THR000106,LA028735,5,customer,payment_issue,"Dear sir, My reference is LA028735. The charge is acceptable to me. When will the new emi date show in my account? Thanks.
Sent from my iPhone"
THR000106,LA028735,6,agent,payment_issue,"Hello, CASE911692 - The new emi date will show in your account once the fresh mandate is active. Your emi amount does not change."
THR000107,LA007425,1,customer,loan_query,CASE658221 - I have been offered a lower rate by another bank. What is the process to transfer my home loan to that bank?
THR000107,LA007425,2,agent,loan_query,"Dear customer, For a balance transfer of your home loan we issue a foreclosure letter. The other bank pays the outstanding on your home loan against that letter. Thank you."
THR000107,LA007425,3,customer,loan_query,"Dear sir, My reference is LA007425. How long does the foreclosure letter take? Is there a charge for the balance transfer?"
THR000107,LA007425,4,agent,loan_query,"Dear customer, The foreclosure letter is issued within seven working days. There is no charge on a floating rate home loan for a balance transfer. https://loanserve.example.in/help/kyc Regards.
Best regards,
Suresh Iyer
Customer Service"
THR000107,LA007425,5,customer,loan_query,"TKT694685 - Please issue the foreclosure letter for my home loan. Where will the letter be sent?
On Mon, 12 May 2026, LoanServe Support wrote:
> Please share the document once more."
THR000107,LA007425,6,agent,loan_query,"Dear madam, This is regarding application LA007425. The foreclosure letter will be sent to your registered email. A copy of the letter can also be collected from the branch. Thanks and regards."
THR000108,LA007580,1,customer,complaint,"My reference is LA007580. The branch told me one interest rate on my vehicle loan and the sanction letter shows a different rate. I was given wrong information at the branch.
Sent from my iPhone"
THR000108,LA007580,2,agent,complaint,"Dear customer, We are sorry about the wrong information on your vehicle loan rate. The rate in the sanction letter is the rate that applies to your vehicle loan. Thank you."
THR000108,LA007580,3,customer,complaint,"Hi My reference is LA007580. TKT410270 - Then why was a lower rate quoted to me at the branch? I took the vehicle loan only because of the rate I was quoted.
On Mon, 12 May 2026, LoanServe Support wrote:
> Please share the document once more.
Thanks and regards,
Suresh Iyer"
THR000108,LA007580,4,agent,complaint,"Dear customer, This is regarding application LA007580. TKT105485 - The rate quoted to you was the card rate before your profile was scored. Your vehicle loan rate has been sent for review by the credit team. Regards.
Thanks and regards,
Arjun Menon
LoanServe Support"
THR000109,LA000808,1,customer,kyc,"Hello, My kyc is showing as incomplete on my personal loan. The name printed on my pan card does not match the name in your records. Thanks in advance."
THR000109,LA000808,2,agent,kyc,"Hello, This is regarding application LA000808. SR988144 - The name mismatch on your pan card is the reason the kyc is incomplete. Please share a pan card that carries the corrected name. Regards.
Best regards,
Arjun Menon
Customer Service"
THR000109,LA000808,3,customer,kyc,SR360001 - I have attached the corrected pan card with the right name. Does anything else have to change for the kyc? Regards.
THR000109,LA000808,4,agent,kyc,"Dear customer, CASE514344 - The corrected pan card has been received and sent for checking. Nothing else is pending on your kyc right now. Regards."
THR000110,LA020674,1,customer,payment_issue,"Hi I want to prepay Rs 200,000 on my gold loan. Does a part prepayment reduce the emi or the tenure?"
THR000110,LA020674,2,agent,payment_issue,"CASE468492 - A part prepayment of Rs 200,000 can reduce either the emi or the tenure on your gold loan. You have to tell us which of the two you want. Thank you.
Thanks and regards,
Suresh Iyer
LoanServe Support"
THR000110,LA020674,3,customer,payment_issue,"Please reduce the tenure and keep the emi as it is. Is there a prepayment charge on my gold loan? https://loanserve.example.in/help/kyc Awaitng your response.
--
Rohit Kulkarni
Customer"
THR000110,LA020674,4,agent,payment_issue,"There is no prepayment charge on a floating rate gold loan. The tenure will reduce once the prepayment of Rs 200,000 is received. Thank you.
Thanks and regards,
Suresh Iyer
LoanServe Support"
THR000111,LA004092,1,customer,loan_query,"Is my home loan eligible for a moratorium? My income has stopped for a few months and I cannot pay the emi.
Thanks and regards,
Anita Desai"
THR000111,LA004092,2,agent,loan_query,"This is regarding application LA004092. A moratorium on your home loan is considered case by case. Interest keeps adding during the moratorium, so the tenure on your home loan goes up. www.loanserve.example.in/upload Thank you."
THR000111,LA004092,3,customer,loan_query,"Dear madam, I understand that the tenure will go up. What do I have to submit to apply for the moratorium? https://loanserve.example.in/status"
THR000111,LA004092,4,agent,loan_query,"Dear sir, Please submit a written request along with proof of the income loss. The moratorium on your home loan is decided within five working days."
THR000112,LA008707,1,customer,complaint,My reference is LA008707. SR889732 - The branch told me one interest rate on my personal loan and the sanction letter shows a different rate. I was given wrong information at the branch. Thanks in advance.
THR000112,LA008707,2,agent,complaint,"Dear madam, We are sorry about the wrong information on your personal loan rate. The rate in the sanction letter is the rate that applies to your personal loan. https://loanserve.example.in/status Thanks and regards.
Best regards,
Rohit Kulkarni
Customer Service"
THR000112,LA008707,3,customer,complaint,My reference is LA008707. SR858528 - Then why was a lower rate quoted to me at the branch? I took the personal loan only because of the rate I was quoted. Thanks in advance.
THR000112,LA008707,4,agent,complaint,"Hello, This is regarding application LA008707. The rate quoted to you was the card rate before your profile was scored. Your personal loan rate has been sent for review by the credit team. Thank you."
THR000113,LA006226,1,customer,kyc,My reference is LA006226. I was asked for a bank statement for my home loan but I have already submitted it once. Why is the same bank statement being asked for again?
THR000113,LA006226,2,agent,kyc,"The bank statement you submitted earlier was against your older application. A bank statement has to be submitted again for this home loan. https://loanserve.example.in/status Thanks and regards.
Best regards,
Suresh Iyer
Customer Service"
THR000113,LA006226,3,customer,kyc,My reference is LA006226. That is not convenient but I will send the bank statement again. Can I bring the bank statement to the branch instead of uploading it? https://loanserve.example.in/status
THR000113,LA006226,4,agent,kyc,"Hello, SR725290 - Yes, the bank statement can be submitted at any branch. The branch will scan the bank statement and attach it to your home loan application. https://loanserve.example.in/status Thank you.
Thanks and regards,
Kavita Joshi
LoanServe Support"
THR000114,LA023065,1,customer,payment_issue,"Good morning, I want to change my emi date to the 7th of the month. My salary is credited late and the present emi date does not suit me. Thank you."
THR000114,LA023065,2,agent,payment_issue,"Dear customer, The emi date can be moved to the 7th from the next cycle. A fresh mandate is needed for the changed emi date. Thank you.
Best regards,
Vikram Rao
Customer Service"
THR000114,LA023065,3,customer,payment_issue,"Hi team, Please go ahead with the change. Is there any charge for changing the emi date?"
THR000114,LA023065,4,agent,payment_issue,"Dear sir, A charge of Rs 500 applies for changing the emi date. The new emi date takes effect from the next cycle. Thank you.
On Mon, 12 May 2026, LoanServe Support wrote:
> Please share the document once more."
THR000115,LA026311,1,customer,loan_query,My reference is LA026311. CASE536392 - I already hold a home loan with you. Am I eligible for a top up on the same home loan? Awaiting your response.
THR000115,LA026311,2,agent,loan_query,"Dear sir, TKT172504 - A top up on your home loan is possible after twelve emis have been paid on time. Your home loan has fourteen emis paid so far. Thanks and regards."
THR000115,LA026311,3,customer,loan_query,"Dear madam, Every emi on that home loan has been paid on time. What top up amount can I expect?"
THR000115,LA026311,4,agent,loan_query,"The top up amount depends on the outstanding on your home loan and on your income. A top up of about Rs 300,000 looks possible on your home loan.
Best regards,
Anita Desai
Customer Service"
THR000116,LA020342,1,customer,complaint,"My reference is LA020342. TKT414812 - The branch told me one interest rate on my personal loan and the sanction letter shows a different rate. I was given wrong information at the branch. Awaiting your response.
Thanks and regards,
Deepa Pillai"
THR000116,LA020342,2,agent,complaint,"Dear customer, This is regarding application LA020342. We are sorry about the wrong information on your personal loan rate. The rate in the sanction letter is the rate that applies to your personal loan. Thanks and regards.
Thanks and regards,
Anita Desai
LoanServe Support"
THR000116,LA020342,3,customer,complaint,"Good morning, CASE555016 - Then why was a lower rate quoted to me at the branch? I took the personal loan only because of the rate I was quoted."
THR000116,LA020342,4,agent,complaint,"Hello, This is regarding application LA020342. The rate quoted to you was the card rate before your profile was scored. Your personal loan rate has been sent for review by the credit team. Thank you.
Thanks and regards,
Arjun Menon
LoanServe Support"
THR000117,LA032192,1,customer,kyc,"Respected sir, CASE358382 - I was asked for a salary slip for my gold loan but I have already submitted it once. Why is the same salary slip being asked for again? Awaiting your response."
THR000117,LA032192,2,agent,kyc,"Dear madam, SR491367 - The salary slip you submitted earlier was against your older application. A salary slip has to be submitted again for this gold loan. Regards.
Best regards,
Anita Desai
Customer Service"
THR000117,LA032192,3,customer,kyc,"Dear sir, That is not convenient but I will send the salary slip again. Can I bring the salary slip to the branch instead of uploading it?
On Mon, 12 May 2026, LoanServe Support wrote:
> Please share the document once more.
Sent from my iPhone"
THR000117,LA032192,4,agent,kyc,"Dear customer, Yes, the salary slip can be submitted at any branch. The branch will scan the salary slip and attach it to your gold loan application. https://loanserve.example.in/status Regards.
Thanks and regards,
Priya Sharma
LoanServe Support"
THR000118,LA028409,1,customer,payment_issue,I want to change my emi date to the 7th of the month. My salary is credited late and the present emi date does not suit me. Thank you.
THR000118,LA028409,2,agent,payment_issue,"Dear customer, The emi date can be moved to the 7th from the next cycle. A fresh mandate is needed for the changed emi date. Thanks and regards.
Best regards,
Arjun Menon
Customer Service"
THR000118,LA028409,3,customer,payment_issue,My reference is LA028409. TKT494177 - Please go ahead with the change. Is there any charge for changing the emi date? Awaitng your response.
THR000118,LA028409,4,agent,payment_issue,"Hello, A charge of Rs 1180 applies for changing the emi date. The new emi date takes effect from the next cycle. https://loanserve.example.in/status Thanks and regards."
THR000118,LA028409,5,customer,payment_issue,REF592803 - The charge is acceptable to me. When will the new emi date show in my account? Awaiting your response.
THR000118,LA028409,6,agent,payment_issue,"Dear sir, The new emi date will show in your account once the fresh mandate is active. Your emi amount does not change. Thanks and regards.
Thanks and regards,
Rahul Verma
LoanServe Support"
THR000119,LA001522,1,customer,loan_query,"Dear madam, I have been offered a lower rate by another bank. What is the process to transfer my personal loan to that bank?"
THR000119,LA001522,2,agent,loan_query,"Dear customer, This is regarding application LA001522. For a balance transfer of your personal loan we issue a foreclosure letter. The other bank pays the outstanding on your personal loan against that letter. www.loanserve.example.in/upload Regards.
Thanks and regards,
Priya Sharma
LoanServe Support"
THR000119,LA001522,3,customer,loan_query,"Dear madam, My reference is LA001522. How long does the foreclosure letter take? Is there a charge for the balance transfer?
On Mon, 12 May 2026, LoanServe Support wrote:
> Please share the document once more."
THR000119,LA001522,4,agent,loan_query,"The foreclosure letter is issued within two working days. There is no charge on a floating rate personal loan for a balance transfer. Regards.
Best regards,
Meera Nair
Customer Service"
THR000119,LA001522,5,customer,loan_query,"Good morning, My reference is LA001522. Please issue the foreclosure letter for my personal loan. Where will the letter be sent?
On Mon, 12 May 2026, LoanServe Support wrote:
> Please share the document once more.
Thanks and regards,
Deepa Pillai"
THR000119,LA001522,6,agent,loan_query,"Dear customer, CASE549935 - The foreclosure letter will be sent to your registered email. A copy of the letter can also be collected from the branch. Thanks and regards.
Thanks and regards,
Priya Sharma
LoanServe Support"
THR000120,LA016073,1,customer,complaint,"Good morning, CASE225986 - A charge of Rs 750 has been debited on my vehicle loan and I was never told about this charge. Please explain why this charge was taken. Thanks in advance."
THR000120,LA016073,2,agent,complaint,"Dear sir, This is regarding application LA016073. The charge of Rs 750 on your vehicle loan is a late payment charge. It was applied because the march emi was paid after the due date. Thank you."
THR000120,LA016073,3,customer,complaint,Hi REF734921 - The emi was late because your own mandate failed. Why should a charge be taken from me for a failure at your end? Regards.
THR000120,LA016073,4,agent,complaint,"Dear customer, You are right that the mandate failure was at our end. The charge of Rs 750 is being reversed on your vehicle loan. Thank you."
THR000121,LA003856,1,customer,kyc,"Good morning, I was asked for a salary slip for my personal loan but I have already submitted it once. Why is the same salary slip being asked for again?"
THR000121,LA003856,2,agent,kyc,"Dear sir, The salary slip you submitted earlier was against your older application. A salary slip has to be submitted again for this personal loan."
THR000121,LA003856,3,customer,kyc,"Good morning, My reference is LA003856. That is not convenient but I will send the salary slip again. Can I bring the salary slip to the branch instead of uploading it? Awaitng your response.
Thanks and regards,
Rohit Kulkarni"
THR000121,LA003856,4,agent,kyc,"This is regarding application LA003856. Yes, the salary slip can be submitted at any branch. The branch will scan the salary slip and attach it to your personal loan application. Thanks and regards."
THR000122,LA028971,1,customer,payment_issue,"Good morning, My reference is LA028971. I want to change my emi date to the 10th of the month. My salary is credited late and the present emi date does not suit me."
THR000122,LA028971,2,agent,payment_issue,"Dear madam, This is regarding application LA028971. The emi date can be moved to the 10th from the next cycle. A fresh mandate is needed for the changed emi date. Thanks and regards."
THR000122,LA028971,3,customer,payment_issue,"Dear sir, Please go ahead with the change. Is there any charge for changing the emi date? Awaitng your response."
THR000122,LA028971,4,agent,payment_issue,"Dear madam, This is regarding application LA028971. A charge of Rs 500 applies for changing the emi date. The new emi date takes effect from the next cycle. www.loanserve.example.in/upload Regards.
Best regards,
Suresh Iyer
Customer Service"
THR000123,LA008231,1,customer,loan_query,Hi Is my vehicle loan eligible for a moratorium? My income has stopped for a few months and I cannot pay the emi. www.loanserve.example.in/upload
THR000123,LA008231,2,agent,loan_query,"Dear sir, A moratorium on your vehicle loan is considered case by case. Interest keeps adding during the moratorium, so the tenure on your vehicle loan goes up. Regards."
THR000123,LA008231,3,customer,loan_query,I understand that the tenure will go up. What do I have to submit to apply for the moratorium? www.loanserve.example.in/upload
THR000123,LA008231,4,agent,loan_query,"Dear customer, Please submit a written request along with proof of the income loss. The moratorium on your vehicle loan is decided within three working days."
THR000124,LA021930,1,customer,complaint,"Good morning, My reference is LA021930. I have written about my vehicle loan three times and nobody has replied. This is the fourth time I am writing about the same issue. Thanks in advance."
THR000124,LA021930,2,agent,complaint,"CASE977439 - We are sorry that your earlier mails on the vehicle loan went unanswered. Your issue has been escalated to the service manager. Regards.
Thanks and regards,
Kavita Joshi
LoanServe Support"
THR000124,LA021930,3,customer,complaint,Hi My reference is LA021930. Escalation is fine but I still have no answer on my vehicle loan. When will somebody actually reply with an answer?
THR000124,LA021930,4,agent,complaint,"Dear madam, The service manager will call you on your registered number within two working days. The answer on your vehicle loan will be given on that call. Thanks and regards."
THR000124,LA021930,5,customer,complaint,I received the call and the issue on my vehicle loan is clear now. Please close this complaint.
THR000124,LA021930,6,agent,complaint,"Dear madam, Thank you for confirming that the vehicle loan issue is clear. This complaint is being closed as resolved. Thank you."
THR000125,LA006596,1,customer,kyc,Hi My kyc is showing as incomplete on my personal loan. The name printed on my salary slip does not match the name in your records.
THR000125,LA006596,2,agent,kyc,"Hello, This is regarding application LA006596. The name mismatch on your salary slip is the reason the kyc is incomplete. Please share a salary slip that carries the corrected name. Regards.
Thanks and regards,
Rahul Verma
LoanServe Support"
THR000125,LA006596,3,customer,kyc,"Good morning, My reference is LA006596. SR756010 - I have attached the corrected salary slip with the right name. Does anything else have to change for the kyc? Awaiting your response."
THR000125,LA006596,4,agent,kyc,"Dear customer, This is regarding application LA006596. CASE333169 - The corrected salary slip has been received and sent for checking. Nothing else is pending on your kyc right now. Regards."
THR000126,LA028395,1,customer,payment_issue,"Good morning, I want to change my emi date to the 10th of the month. My salary is credited late and the present emi date does not suit me. Thanks."
THR000126,LA028395,2,agent,payment_issue,"Hello, The emi date can be moved to the 10th from the next cycle. A fresh mandate is needed for the changed emi date. Thank you."
THR000126,LA028395,3,customer,payment_issue,"Hi Please go ahead with the change. Is there any charge for changing the emi date?
On Mon, 12 May 2026, LoanServe Support wrote:
> Please share the document once more."
THR000126,LA028395,4,agent,payment_issue,SR961843 - A charge of Rs 1180 applies for changing the emi date. The new emi date takes effect from the next cycle. Regards.
THR000126,LA028395,5,customer,payment_issue,"CASE818911 - The charge is acceptable to me. When will the new emi date show in my account?
On Mon, 12 May 2026, LoanServe Support wrote:
> Please share the document once more."
THR000126,LA028395,6,agent,payment_issue,"Hello, The new emi date will show in your account once the fresh mandate is active. Your emi amount does not change. Thank you.
Thanks and regards,
Deepa Pillai
LoanServe Support"
THR000127,LA010261,1,customer,loan_query,My reference is LA010261. REF536176 - I have been offered a lower rate by another bank. What is the process to transfer my vehicle loan to that bank? Awaitng your response.
THR000127,LA010261,2,agent,loan_query,"Dear customer, TKT179696 - For a balance transfer of your vehicle loan we issue a foreclosure letter. The other bank pays the outstanding on your vehicle loan against that letter. Thanks and regards."
THR000127,LA010261,3,customer,loan_query,"Respected sir, REF518767 - How long does the foreclosure letter take? Is there a charge for the balance transfer?"
THR000127,LA010261,4,agent,loan_query,"Dear customer, The foreclosure letter is issued within two working days. There is no charge on a floating rate vehicle loan for a balance transfer. https://loanserve.example.in/help/kyc"
THR000127,LA010261,5,customer,loan_query,"Hello, TKT365422 - Please issue the foreclosure letter for my vehicle loan. Where will the letter be sent?"
THR000127,LA010261,6,agent,loan_query,"Dear customer, The foreclosure letter will be sent to your registered email. A copy of the letter can also be collected from the branch."
THR000128,LA017152,1,customer,complaint,"Respected sir, A charge of Rs 750 has been debited on my home loan and I was never told about this charge. Please explain why this charge was taken. https://loanserve.example.in/help/kyc"
THR000128,LA017152,2,agent,complaint,The charge of Rs 750 on your home loan is a late payment charge. It was applied because the april emi was paid after the due date. Thanks and regards.
THR000128,LA017152,3,customer,complaint,My reference is LA017152. The emi was late because your own mandate failed. Why should a charge be taken from me for a failure at your end? Regards.
THR000128,LA017152,4,agent,complaint,"Dear madam, You are right that the mandate failure was at our end. The charge of Rs 750 is being reversed on your home loan. Thank you."
THR000129,LA015619,1,customer,kyc,"Hello, My kyc is showing as incomplete on my gold loan. The name printed on my pan card does not match the name in your records. Awaitng your response."
THR000129,LA015619,2,agent,kyc,The name mismatch on your pan card is the reason the kyc is incomplete. Please share a pan card that carries the corrected name. Regards.
THR000129,LA015619,3,customer,kyc,I have attached the corrected pan card with the right name. Does anything else have to change for the kyc? Thanks.
THR000129,LA015619,4,agent,kyc,"Dear sir, TKT448530 - The corrected pan card has been received and sent for checking. Nothing else is pending on your kyc right now. Thank you."
THR000129,LA015619,5,customer,kyc,"Dear sir, How will I know when the kyc is marked complete?
On Mon, 12 May 2026, LoanServe Support wrote:
> Please share the document once more."
THR000129,LA015619,6,agent,kyc,"Dear sir, This is regarding application LA015619. REF575401 - You will get an sms as soon as the kyc is marked complete. The kyc status also shows on your gold loan application page. Thanks and regards.
On Mon, 12 May 2026, LoanServe Support wrote:
> Please share the document once more.
Best regards,
Priya Sharma
Customer Service"
THR000130,LA004861,1,customer,payment_issue,"Hi team, I want to change my emi date to the 15th of the month. My salary is credited late and the present emi date does not suit me."
THR000130,LA004861,2,agent,payment_issue,"Dear madam, This is regarding application LA004861. REF716769 - The emi date can be moved to the 15th from the next cycle. A fresh mandate is needed for the changed emi date. https://loanserve.example.in/help/kyc Thank you.
Thanks and regards,
Deepa Pillai
LoanServe Support"
THR000130,LA004861,3,customer,payment_issue,"Hi team, Please go ahead with the change. Is there any charge for changing the emi date? Awaiting your response."
THR000130,LA004861,4,agent,payment_issue,"This is regarding application LA004861. A charge of Rs 250 applies for changing the emi date. The new emi date takes effect from the next cycle. Thank you.
On Mon, 12 May 2026, LoanServe Support wrote:
> Please share the document once more.
Thanks and regards,
Deepa Pillai
LoanServe Support"
THR000130,LA004861,5,customer,payment_issue,My reference is LA004861. The charge is acceptable to me. When will the new emi date show in my account? Awaiting your response.
THR000130,LA004861,6,agent,payment_issue,"Dear madam, The new emi date will show in your account once the fresh mandate is active. Your emi amount does not change. Thank you."
THR000131,LA018285,1,customer,loan_query,"Good morning, I already hold a gold loan with you. Am I eligible for a top up on the same gold loan?"
THR000131,LA018285,2,agent,loan_query,"Dear madam, This is regarding application LA018285. A top up on your gold loan is possible after twelve emis have been paid on time. Your gold loan has twenty two emis paid so far. Thanks and regards.
Thanks and regards,
Priya Sharma
LoanServe Support"
THR000131,LA018285,3,customer,loan_query,Dear Sir REF148408 - Every emi on that gold loan has been paid on time. What top up amount can I expect? Thanks.
THR000131,LA018285,4,agent,loan_query,"Hello, This is regarding application LA018285. TKT768455 - The top up amount depends on the outstanding on your gold loan and on your income. A top up of about Rs 50,000 looks possible on your gold loan. Thank you."
THR000132,LA019664,1,customer,complaint,"Hello, The branch told me one interest rate on my personal loan and the sanction letter shows a different rate. I was given wrong information at the branch. Thanks."
THR000132,LA019664,2,agent,complaint,"Dear sir, This is regarding application LA019664. We are sorry about the wrong information on your personal loan rate. The rate in the sanction letter is the rate that applies to your personal loan. Thanks and regards."
THR000132,LA019664,3,customer,complaint,"Hi team, My reference is LA019664. TKT929860 - Then why was a lower rate quoted to me at the branch? I took the personal loan only because of the rate I was quoted. Thanks."
THR000132,LA019664,4,agent,complaint,"Dear madam, This is regarding application LA019664. The rate quoted to you was the card rate before your profile was scored. Your personal loan rate has been sent for review by the credit team. Thanks and regards.
Best regards,
Rahul Verma
Customer Service"
THR000132,LA019664,5,customer,complaint,"My reference is LA019664. Please tell me the outcome of that review in writing. I do not want another verbal answer on my personal loan. Awaitng your response.
Thanks and regards,
Kavita Joshi"
THR000132,LA019664,6,agent,complaint,"Dear customer, This is regarding application LA019664. The outcome of the review will be sent to your registered email. Nothing on your personal loan will be communicated only by phone. Thanks and regards.
Best regards,
Deepa Pillai
Customer Service"
THR000133,LA012768,1,customer,kyc,"Respected sir, My reference is LA012768. SR394090 - My kyc is showing as incomplete on my gold loan. The name printed on my income proof does not match the name in your records. Awaiting your response."
THR000133,LA012768,2,agent,kyc,"Dear customer, The name mismatch on your income proof is the reason the kyc is incomplete. Please share a income proof that carries the corrected name."
THR000133,LA012768,3,customer,kyc,"My reference is LA012768. I have attached the corrected income proof with the right name. Does anything else have to change for the kyc? Awaiting your response.
On Mon, 12 May 2026, LoanServe Support wrote:
> Please share the document once more.
--
Arjun Menon
Customer"
THR000133,LA012768,4,agent,kyc,"Hello, The corrected income proof has been received and sent for checking. Nothing else is pending on your kyc right now. Regards."
THR000134,LA013800,1,customer,payment_issue,"Good morning, CASE468375 - I want to prepay Rs 150,000 on my home loan. Does a part prepayment reduce the emi or the tenure?"
THR000134,LA013800,2,agent,payment_issue,"Hello, A part prepayment of Rs 150,000 can reduce either the emi or the tenure on your home loan. You have to tell us which of the two you want. Regards."
THR000134,LA013800,3,customer,payment_issue,"Dear madam, SR293425 - Please reduce the tenure and keep the emi as it is. Is there a prepayment charge on my home loan? Regards.
On Mon, 12 May 2026, LoanServe Support wrote:
> Please share the document once more.
--
Anita Desai
Customer"
THR000134,LA013800,4,agent,payment_issue,"Hello, SR335676 - There is no prepayment charge on a floating rate home loan. The tenure will reduce once the prepayment of Rs 150,000 is received. Thanks and regards."
THR000135,LA030581,1,customer,loan_query,I already hold a vehicle loan with you. Am I eligible for a top up on the same vehicle loan?
THR000135,LA030581,2,agent,loan_query,"Dear madam, This is regarding application LA030581. TKT821380 - A top up on your vehicle loan is possible after twelve emis have been paid on time. Your vehicle loan has eighteen emis paid so far. Regards."
THR000135,LA030581,3,customer,loan_query,"My reference is LA030581. SR711533 - Every emi on that vehicle loan has been paid on time. What top up amount can I expect? Thanks.
Thanks and regards,
Anita Desai"
THR000135,LA030581,4,agent,loan_query,"This is regarding application LA030581. The top up amount depends on the outstanding on your vehicle loan and on your income. A top up of about Rs 200,000 looks possible on your vehicle loan."
THR000136,LA017598,1,customer,complaint,Hi TKT702711 - The branch told me one interest rate on my personal loan and the sanction letter shows a different rate. I was given wrong information at the branch. Thanks in advance.
THR000136,LA017598,2,agent,complaint,"Dear customer, We are sorry about the wrong information on your personal loan rate. The rate in the sanction letter is the rate that applies to your personal loan. Thanks and regards.
Best regards,
Suresh Iyer
Customer Service"
THR000136,LA017598,3,customer,complaint,"Good morning, Then why was a lower rate quoted to me at the branch? I took the personal loan only because of the rate I was quoted. https://loanserve.example.in/help/kyc Thank you.
--
Rohit Kulkarni
Customer"
THR000136,LA017598,4,agent,complaint,This is regarding application LA017598. SR844927 - The rate quoted to you was the card rate before your profile was scored. Your personal loan rate has been sent for review by the credit team. Regards.
THR000136,LA017598,5,customer,complaint,Please tell me the outcome of that review in writing. I do not want another verbal answer on my personal loan.
THR000136,LA017598,6,agent,complaint,"Dear sir, This is regarding application LA017598. TKT854799 - The outcome of the review will be sent to your registered email. Nothing on your personal loan will be communicated only by phone. Thanks and regards.
Best regards,
Suresh Iyer
Customer Service"
THR000137,LA012677,1,customer,kyc,My gold loan application is on hold. The income proof I uploaded was rejected. Can you tell me why the income proof was rejected? Awaitng your response.
THR000137,LA012677,2,agent,kyc,"Hello, The income proof was rejected because the document had already expired. Please upload a fresh copy of the income proof from your registered login. https://loanserve.example.in/status Regards."
THR000137,LA012677,3,customer,kyc,"Dear sir, My reference is LA012677. REF645626 - I have uploaded the income proof again today. How many days does income proof verification take?"
THR000137,LA012677,4,agent,kyc,"Hello, SR341828 - Your income proof is now under verification. A fresh income proof is normally verified within five working days. www.loanserve.example.in/upload Regards.
On Mon, 12 May 2026, LoanServe Support wrote:
> Please share the document once more."
THR000138,LA008924,1,customer,payment_issue,"Hello, My reference is LA008924. REF317364 - I want to change my emi date to the 5th of the month. My salary is credited late and the present emi date does not suit me."
THR000138,LA008924,2,agent,payment_issue,"Hello, This is regarding application LA008924. The emi date can be moved to the 5th from the next cycle. A fresh mandate is needed for the changed emi date. https://loanserve.example.in/help/kyc
Thanks and regards,
Priya Sharma
LoanServe Support"
THR000138,LA008924,3,customer,payment_issue,"Hi team, My reference is LA008924. Please go ahead with the change. Is there any charge for changing the emi date? Thank you.
Thanks and regards,
Arjun Menon"
THR000138,LA008924,4,agent,payment_issue,A charge of Rs 590 applies for changing the emi date. The new emi date takes effect from the next cycle. https://loanserve.example.in/help/kyc Thanks and regards.
THR000138,LA008924,5,customer,payment_issue,"Dear sir, The charge is acceptable to me. When will the new emi date show in my account?
Sent from my iPhone"
THR000138,LA008924,6,agent,payment_issue,"Dear madam, TKT582631 - The new emi date will show in your account once the fresh mandate is active. Your emi amount does not change. Thanks and regards."
THR000139,LA004982,1,customer,loan_query,"Respected sir, SR717994 - I already hold a home loan with you. Am I eligible for a top up on the same home loan? https://loanserve.example.in/status"
THR000139,LA004982,2,agent,loan_query,REF669965 - A top up on your home loan is possible after twelve emis have been paid on time. Your home loan has twenty two emis paid so far. Regards.
THR000139,LA004982,3,customer,loan_query,"Good morning, SR253838 - Every emi on that home loan has been paid on time. What top up amount can I expect?"
THR000139,LA004982,4,agent,loan_query,"Dear customer, TKT982733 - The top up amount depends on the outstanding on your home loan and on your income. A top up of about Rs 200,000 looks possible on your home loan. Thanks and regards."
THR000139,LA004982,5,customer,loan_query,"My reference is LA004982. Rs 200,000 would work for me. Which documents are needed for the top up?
--
Suresh Iyer
Customer"
THR000139,LA004982,6,agent,loan_query,"For the top up we need your latest income proof and bank statement. The home loan documents already with us do not have to be given again. Thanks and regards.
On Mon, 12 May 2026, LoanServe Support wrote:
> Please share the document once more.
Thanks and regards,
Priya Sharma
LoanServe Support"
THR000140,LA005677,1,customer,complaint,Dear Sir TKT973413 - I have written about my personal loan three times and nobody has replied. This is the fourth time I am writing about the same issue.
THR000140,LA005677,2,agent,complaint,"Dear sir, We are sorry that your earlier mails on the personal loan went unanswered. Your issue has been escalated to the service manager. Regards."
THR000140,LA005677,3,customer,complaint,"My reference is LA005677. Escalation is fine but I still have no answer on my personal loan. When will somebody actually reply with an answer?
--
Rahul Verma
Customer"
THR000140,LA005677,4,agent,complaint,"Dear sir, This is regarding application LA005677. The service manager will call you on your registered number within three working days. The answer on your personal loan will be given on that call. https://loanserve.example.in/status Regards."
THR000141,LA027620,1,customer,kyc,"Good morning, My reference is LA027620. I was asked for a bank statement for my personal loan but I have already submitted it once. Why is the same bank statement being asked for again?
Sent from my iPhone"
THR000141,LA027620,2,agent,kyc,"Dear madam, This is regarding application LA027620. The bank statement you submitted earlier was against your older application. A bank statement has to be submitted again for this personal loan. Thanks and regards.
Thanks and regards,
Meera Nair
LoanServe Support"
THR000141,LA027620,3,customer,kyc,That is not convenient but I will send the bank statement again. Can I bring the bank statement to the branch instead of uploading it? Thank you.
THR000141,LA027620,4,agent,kyc,"Dear sir, This is regarding application LA027620. CASE563420 - Yes, the bank statement can be submitted at any branch. The branch will scan the bank statement and attach it to your personal loan application. www.loanserve.example.in/upload Regards.
On Mon, 12 May 2026, LoanServe Support wrote:
> Please share the document once more."
THR000142,LA011935,1,customer,payment_issue,"Good morning, I want to prepay Rs 75,000 on my personal loan. Does a part prepayment reduce the emi or the tenure? Thanks in advance."
THR000142,LA011935,2,agent,payment_issue,"Dear customer, This is regarding application LA011935. A part prepayment of Rs 75,000 can reduce either the emi or the tenure on your personal loan. You have to tell us which of the two you want. Regards.
Thanks and regards,
Rahul Verma
LoanServe Support"
THR000142,LA011935,3,customer,payment_issue,"Respected sir, Please reduce the tenure and keep the emi as it is. Is there a prepayment charge on my personal loan?"
THR000142,LA011935,4,agent,payment_issue,"Hello, TKT467553 - There is no prepayment charge on a floating rate personal loan. The tenure will reduce once the prepayment of Rs 75,000 is received. https://loanserve.example.in/help/kyc Thanks and regards.
Best regards,
Deepa Pillai
Customer Service"
THR000143,LA029442,1,customer,loan_query,"Dear madam, My reference is LA029442. Is my gold loan eligible for a moratorium? My income has stopped for a few months and I cannot pay the emi. Thank you.
Thanks and regards,
Kavita Joshi"
THR000143,LA029442,2,agent,loan_query,"Hello, This is regarding application LA029442. A moratorium on your gold loan is considered case by case. Interest keeps adding during the moratorium, so the tenure on your gold loan goes up. Thanks and regards.
Best regards,
Priya Sharma
Customer Service"
THR000143,LA029442,3,customer,loan_query,"My reference is LA029442. REF728439 - I understand that the tenure will go up. What do I have to submit to apply for the moratorium?
Best regards,
Rohit Kulkarni"
THR000143,LA029442,4,agent,loan_query,Please submit a written request along with proof of the income loss. The moratorium on your gold loan is decided within five working days. Thank you.
THR000144,LA011299,1,customer,complaint,"Dear sir, A charge of Rs 1180 has been debited on my vehicle loan and I was never told about this charge. Please explain why this charge was taken. www.loanserve.example.in/upload"
THR000144,LA011299,2,agent,complaint,"Dear madam, The charge of Rs 1180 on your vehicle loan is a late payment charge. It was applied because the june emi was paid after the due date. Regards."
THR000144,LA011299,3,customer,complaint,"Hello, My reference is LA011299. The emi was late because your own mandate failed. Why should a charge be taken from me for a failure at your end? Awaiting your response."
THR000144,LA011299,4,agent,complaint,"Dear madam, This is regarding application LA011299. You are right that the mandate failure was at our end. The charge of Rs 1180 is being reversed on your vehicle loan. Thank you."
THR000145,LA016289,1,customer,kyc,"Hi team, My reference is LA016289. My gold loan application is on hold. The income proof I uploaded was rejected. Can you tell me why the income proof was rejected? Awaitng your response.
Sent from my iPhone"
THR000145,LA016289,2,agent,kyc,"Dear customer, TKT723793 - The income proof was rejected because the address on it did not match your application. Please upload a fresh copy of the income proof from your registered login. Regards.
Thanks and regards,
Anita Desai
LoanServe Support"
THR000145,LA016289,3,customer,kyc,"Respected sir, TKT514457 - I have uploaded the income proof again today. How many days does income proof verification take?"
THR000145,LA016289,4,agent,kyc,"Dear madam, Your income proof is now under verification. A fresh income proof is normally verified within seven working days. Thanks and regards.
Thanks and regards,
Anita Desai
LoanServe Support"
THR000146,LA010796,1,customer,payment_issue,My reference is LA010796. I want to change my emi date to the 15th of the month. My salary is credited late and the present emi date does not suit me. Awaitng your response.
THR000146,LA010796,2,agent,payment_issue,"Dear sir, This is regarding application LA010796. The emi date can be moved to the 15th from the next cycle. A fresh mandate is needed for the changed emi date. https://loanserve.example.in/help/kyc Thank you."
THR000146,LA010796,3,customer,payment_issue,"Respected sir, Please go ahead with the change. Is there any charge for changing the emi date?"
THR000146,LA010796,4,agent,payment_issue,"Dear sir, A charge of Rs 590 applies for changing the emi date. The new emi date takes effect from the next cycle. Thanks and regards.
Thanks and regards,
Priya Sharma
LoanServe Support"
THR000147,LA013321,1,customer,loan_query,My reference is LA013321. CASE939767 - Is my gold loan eligible for a moratorium? My income has stopped for a few months and I cannot pay the emi. Thanks in advance.
THR000147,LA013321,2,agent,loan_query,"Dear customer, This is regarding application LA013321. A moratorium on your gold loan is considered case by case. Interest keeps adding during the moratorium, so the tenure on your gold loan goes up. Thanks and regards.
Thanks and regards,
Deepa Pillai
LoanServe Support"
THR000147,LA013321,3,customer,loan_query,"Hi team, I understand that the tenure will go up. What do I have to submit to apply for the moratorium?
On Mon, 12 May 2026, LoanServe Support wrote:
> Please share the document once more."
THR000147,LA013321,4,agent,loan_query,"Dear customer, REF981438 - Please submit a written request along with proof of the income loss. The moratorium on your gold loan is decided within two working days. Thank you."
THR000148,LA025325,1,customer,complaint,My reference is LA025325. I have written about my gold loan three times and nobody has replied. This is the fourth time I am writing about the same issue.
THR000148,LA025325,2,agent,complaint,"Dear madam, This is regarding application LA025325. CASE338274 - We are sorry that your earlier mails on the gold loan went unanswered. Your issue has been escalated to the service manager. Regards."
THR000148,LA025325,3,customer,complaint,"Respected sir, Escalation is fine but I still have no answer on my gold loan. When will somebody actually reply with an answer?"
THR000148,LA025325,4,agent,complaint,"Dear sir, The service manager will call you on your registered number within two working days. The answer on your gold loan will be given on that call."
THR000148,LA025325,5,customer,complaint,Dear Sir My reference is LA025325. I received the call and the issue on my gold loan is clear now. Please close this complaint.
THR000148,LA025325,6,agent,complaint,"Dear sir, CASE214038 - Thank you for confirming that the gold loan issue is clear. This complaint is being closed as resolved. Thank you."
THR000149,LA022508,1,customer,kyc,"Dear Sir My reference is LA022508. SR708036 - My kyc is showing as incomplete on my home loan. The name printed on my address proof does not match the name in your records.
Thanks and regards,
Kavita Joshi"
THR000149,LA022508,2,agent,kyc,The name mismatch on your address proof is the reason the kyc is incomplete. Please share a address proof that carries the corrected name. Regards.
THR000149,LA022508,3,customer,kyc,"Dear sir, I have attached the corrected address proof with the right name. Does anything else have to change for the kyc? Thank you.
On Mon, 12 May 2026, LoanServe Support wrote:
> Please share the document once more."
THR000149,LA022508,4,agent,kyc,"Dear madam, The corrected address proof has been received and sent for checking. Nothing else is pending on your kyc right now. www.loanserve.example.in/upload Thank you."
THR000150,LA020895,1,customer,payment_issue,"Hi team, I want to prepay Rs 75,000 on my home loan. Does a part prepayment reduce the emi or the tenure? Thanks."
THR000150,LA020895,2,agent,payment_issue,"A part prepayment of Rs 75,000 can reduce either the emi or the tenure on your home loan. You have to tell us which of the two you want. Regards."
THR000150,LA020895,3,customer,payment_issue,"My reference is LA020895. REF603581 - Please reduce the tenure and keep the emi as it is. Is there a prepayment charge on my home loan?
On Mon, 12 May 2026, LoanServe Support wrote:
> Please share the document once more."
THR000150,LA020895,4,agent,payment_issue,"Hello, This is regarding application LA020895. TKT777103 - There is no prepayment charge on a floating rate home loan. The tenure will reduce once the prepayment of Rs 75,000 is received. Thanks and regards."
THR000151,LA014054,1,customer,loan_query,"Good morning, I have been offered a lower rate by another bank. What is the process to transfer my personal loan to that bank? Thanks in advance."
THR000151,LA014054,2,agent,loan_query,"Dear customer, For a balance transfer of your personal loan we issue a foreclosure letter. The other bank pays the outstanding on your personal loan against that letter. Regards.
Thanks and regards,
Rohit Kulkarni
LoanServe Support"
THR000151,LA014054,3,customer,loan_query,"Dear madam, My reference is LA014054. CASE731119 - How long does the foreclosure letter take? Is there a charge for the balance transfer?
Best regards,
Kavita Joshi"
THR000151,LA014054,4,agent,loan_query,"This is regarding application LA014054. SR719910 - The foreclosure letter is issued within three working days. There is no charge on a floating rate personal loan for a balance transfer. Thanks and regards.
On Mon, 12 May 2026, LoanServe Support wrote:
> Please share the document once more.
Thanks and regards,
Vikram Rao
LoanServe Support"
THR000151,LA014054,5,customer,loan_query,"Good morning, Please issue the foreclosure letter for my personal loan. Where will the letter be sent? Regards."
THR000151,LA014054,6,agent,loan_query,This is regarding application LA014054. The foreclosure letter will be sent to your registered email. A copy of the letter can also be collected from the branch. https://loanserve.example.in/status Thanks and regards.
THR000152,LA020450,1,customer,complaint,My reference is LA020450. TKT207032 - I have written about my home loan three times and nobody has replied. This is the fourth time I am writing about the same issue.
THR000152,LA020450,2,agent,complaint,"We are sorry that your earlier mails on the home loan went unanswered. Your issue has been escalated to the service manager.
Best regards,
Meera Nair
Customer Service"
THR000152,LA020450,3,customer,complaint,"Dear Sir My reference is LA020450. Escalation is fine but I still have no answer on my home loan. When will somebody actually reply with an answer?
On Mon, 12 May 2026, LoanServe Support wrote:
> Please share the document once more."
THR000152,LA020450,4,agent,complaint,"Dear customer, This is regarding application LA020450. The service manager will call you on your registered number within two working days. The answer on your home loan will be given on that call.
Thanks and regards,
Priya Sharma
LoanServe Support"
THR000153,LA017793,1,customer,kyc,"Hi team, My reference is LA017793. My gold loan application is on hold. The bank statement I uploaded was rejected. Can you tell me why the bank statement was rejected? Thank you.
Sent from my iPhone"
THR000153,LA017793,2,agent,kyc,"Dear madam, This is regarding application LA017793. The bank statement was rejected because only one page of the document was uploaded. Please upload a fresh copy of the bank statement from your registered login. Thank you."
THR000153,LA017793,3,customer,kyc,I have uploaded the bank statement again today. How many days does bank statement verification take? Awaitng your response.
THR000153,LA017793,4,agent,kyc,"Dear madam, Your bank statement is now under verification. A fresh bank statement is normally verified within two working days.
On Mon, 12 May 2026, LoanServe Support wrote:
> Please share the document once more."
THR000154,LA020775,1,customer,payment_issue,CASE865585 - My emi for august has bounced. There was enough balance in my bank account on the emi date.
THR000154,LA020775,2,agent,payment_issue,"Dear sir, This is regarding application LA020775. The emi bounced because the mandate on your bank account has expired. A fresh mandate has to be registered before the next emi is presented. Thanks and regards.
Best regards,
Kavita Joshi
Customer Service"
THR000154,LA020775,3,customer,payment_issue,Hi How do I register a fresh mandate for the emi? Will a bounce charge be applied on this emi?
THR000154,LA020775,4,agent,payment_issue,"TKT766795 - A fresh mandate can be registered from your login under the emi section. The bounce charge of Rs 1180 has been waived on this emi. Thank you.
On Mon, 12 May 2026, LoanServe Support wrote:
> Please share the document once more.
Thanks and regards,
Rohit Kulkarni
LoanServe Support"
THR000154,LA020775,5,customer,payment_issue,I have registered the fresh mandate today. Will the august emi be presented once more? Thanks in advance.
THR000154,LA020775,6,agent,payment_issue,"Dear sir, The august emi will be presented again once the fresh mandate is active. No further action is needed from your side on the emi. Regards."
THR000155,LA025451,1,customer,loan_query,My reference is LA025451. I have been offered a lower rate by another bank. What is the process to transfer my gold loan to that bank? Thanks in advance.
THR000155,LA025451,2,agent,loan_query,"Dear customer, This is regarding application LA025451. For a balance transfer of your gold loan we issue a foreclosure letter. The other bank pays the outstanding on your gold loan against that letter.
Thanks and regards,
Arjun Menon
LoanServe Support"
THR000155,LA025451,3,customer,loan_query,"Dear sir, My reference is LA025451. How long does the foreclosure letter take? Is there a charge for the balance transfer? Awaitng your response."
THR000155,LA025451,4,agent,loan_query,"Dear customer, SR456952 - The foreclosure letter is issued within seven working days. There is no charge on a floating rate gold loan for a balance transfer. https://loanserve.example.in/status Thank you.
Best regards,
Vikram Rao
Customer Service"
THR000155,LA025451,5,customer,loan_query,My reference is LA025451. Please issue the foreclosure letter for my gold loan. Where will the letter be sent? Thanks in advance.
THR000155,LA025451,6,agent,loan_query,This is regarding application LA025451. TKT931800 - The foreclosure letter will be sent to your registered email. A copy of the letter can also be collected from the branch. www.loanserve.example.in/upload Thanks and regards.
THR000156,LA027339,1,customer,complaint,"Hi team, I have written about my personal loan three times and nobody has replied. This is the fourth time I am writing about the same issue."
THR000156,LA027339,2,agent,complaint,"We are sorry that your earlier mails on the personal loan went unanswered. Your issue has been escalated to the service manager. Thank you.
Thanks and regards,
Deepa Pillai
LoanServe Support"
THR000156,LA027339,3,customer,complaint,"Dear madam, My reference is LA027339. Escalation is fine but I still have no answer on my personal loan. When will somebody actually reply with an answer? Regards."
THR000156,LA027339,4,agent,complaint,"Hello, The service manager will call you on your registered number within seven working days. The answer on your personal loan will be given on that call.
On Mon, 12 May 2026, LoanServe Support wrote:
> Please share the document once more."
THR000156,LA027339,5,customer,complaint,Hi SR277545 - I received the call and the issue on my personal loan is clear now. Please close this complaint.
THR000156,LA027339,6,agent,complaint,"SR311922 - Thank you for confirming that the personal loan issue is clear. This complaint is being closed as resolved. Thank you.
On Mon, 12 May 2026, LoanServe Support wrote:
> Please share the document once more."
THR000157,LA015586,1,customer,kyc,"Hi My reference is LA015586. I was asked for a salary slip for my vehicle loan but I have already submitted it once. Why is the same salary slip being asked for again? Regards.
Sent from my iPhone"
THR000157,LA015586,2,agent,kyc,"Dear sir, The salary slip you submitted earlier was against your older application. A salary slip has to be submitted again for this vehicle loan. Thank you."
THR000157,LA015586,3,customer,kyc,That is not convenient but I will send the salary slip again. Can I bring the salary slip to the branch instead of uploading it? Thanks.
THR000157,LA015586,4,agent,kyc,"Dear customer, TKT112257 - Yes, the salary slip can be submitted at any branch. The branch will scan the salary slip and attach it to your vehicle loan application. Thank you.
On Mon, 12 May 2026, LoanServe Support wrote:
> Please share the document once more."
THR000158,LA015100,1,customer,payment_issue,"My reference is LA015100. My emi for june has bounced. There was enough balance in my bank account on the emi date.
Thanks and regards,
Anita Desai"
THR000158,LA015100,2,agent,payment_issue,"Dear sir, TKT793757 - The emi bounced because the mandate on your bank account has expired. A fresh mandate has to be registered before the next emi is presented."
THR000158,LA015100,3,customer,payment_issue,How do I register a fresh mandate for the emi? Will a bounce charge be applied on this emi?
THR000158,LA015100,4,agent,payment_issue,"Dear customer, A fresh mandate can be registered from your login under the emi section. The bounce charge of Rs 750 has been waived on this emi. Thanks and regards."
THR000158,LA015100,5,customer,payment_issue,"Respected sir, My reference is LA015100. I have registered the fresh mandate today. Will the june emi be presented once more?"
THR000158,LA015100,6,agent,payment_issue,"This is regarding application LA015100. SR986974 - The june emi will be presented again once the fresh mandate is active. No further action is needed from your side on the emi. Thanks and regards.
Best regards,
Priya Sharma
Customer Service"
THR000159,LA017247,1,customer,loan_query,Is my home loan eligible for a moratorium? My income has stopped for a few months and I cannot pay the emi. Regards.
THR000159,LA017247,2,agent,loan_query,"Dear madam, This is regarding application LA017247. A moratorium on your home loan is considered case by case. Interest keeps adding during the moratorium, so the tenure on your home loan goes up. Thank you."
THR000159,LA017247,3,customer,loan_query,"Hello, My reference is LA017247. I understand that the tenure will go up. What do I have to submit to apply for the moratorium? Regards."
THR000159,LA017247,4,agent,loan_query,"Dear customer, SR106745 - Please submit a written request along with proof of the income loss. The moratorium on your home loan is decided within two working days. Regards."
THR000160,LA029143,1,customer,complaint,Hi CASE353142 - The branch told me one interest rate on my gold loan and the sanction letter shows a different rate. I was given wrong information at the branch. Thanks.
THR000160,LA029143,2,agent,complaint,"Hello, This is regarding application LA029143. We are sorry about the wrong information on your gold loan rate. The rate in the sanction letter is the rate that applies to your gold loan. Thanks and regards.
Thanks and regards,
Anita Desai
LoanServe Support"
THR000160,LA029143,3,customer,complaint,My reference is LA029143. Then why was a lower rate quoted to me at the branch? I took the gold loan only because of the rate I was quoted. Thank you.
THR000160,LA029143,4,agent,complaint,"Dear madam, The rate quoted to you was the card rate before your profile was scored. Your gold loan rate has been sent for review by the credit team. Thank you."
THR000161,LA020716,1,customer,kyc,My kyc is showing as incomplete on my home loan. The name printed on my address proof does not match the name in your records. Awaitng your response.
THR000161,LA020716,2,agent,kyc,"Dear sir, This is regarding application LA020716. The name mismatch on your address proof is the reason the kyc is incomplete. Please share a address proof that carries the corrected name. Regards."
THR000161,LA020716,3,customer,kyc,Dear Sir I have attached the corrected address proof with the right name. Does anything else have to change for the kyc?
THR000161,LA020716,4,agent,kyc,"Dear sir, The corrected address proof has been received and sent for checking. Nothing else is pending on your kyc right now. Regards.
Best regards,
Kavita Joshi
Customer Service"
THR000162,LA002636,1,customer,payment_issue,"Dear madam, I want to prepay Rs 100,000 on my home loan. Does a part prepayment reduce the emi or the tenure? Regards."
THR000162,LA002636,2,agent,payment_issue,"Hello, A part prepayment of Rs 100,000 can reduce either the emi or the tenure on your home loan. You have to tell us which of the two you want. Thanks and regards."
THR000162,LA002636,3,customer,payment_issue,"Good morning, My reference is LA002636. Please reduce the tenure and keep the emi as it is. Is there a prepayment charge on my home loan? www.loanserve.example.in/upload Thanks in advance.
Best regards,
Anita Desai"
THR000162,LA002636,4,agent,payment_issue,"Hello, CASE979851 - There is no prepayment charge on a floating rate home loan. The tenure will reduce once the prepayment of Rs 100,000 is received. Thank you."
THR000163,LA010805,1,customer,loan_query,My reference is LA010805. Is my vehicle loan eligible for a moratorium? My income has stopped for a few months and I cannot pay the emi.
THR000163,LA010805,2,agent,loan_query,"This is regarding application LA010805. TKT584377 - A moratorium on your vehicle loan is considered case by case. Interest keeps adding during the moratorium, so the tenure on your vehicle loan goes up. https://loanserve.example.in/status
Best regards,
Priya Sharma
Customer Service"
THR000163,LA010805,3,customer,loan_query,"Respected sir, I understand that the tenure will go up. What do I have to submit to apply for the moratorium? Awaitng your response."
THR000163,LA010805,4,agent,loan_query,Please submit a written request along with proof of the income loss. The moratorium on your vehicle loan is decided within five working days. https://loanserve.example.in/help/kyc Thanks and regards.
THR000164,LA016719,1,customer,complaint,My reference is LA016719. A charge of Rs 500 has been debited on my gold loan and I was never told about this charge. Please explain why this charge was taken.
THR000164,LA016719,2,agent,complaint,"Dear madam, The charge of Rs 500 on your gold loan is a late payment charge. It was applied because the january emi was paid after the due date. Regards.
Thanks and regards,
Anita Desai
LoanServe Support"
THR000164,LA016719,3,customer,complaint,The emi was late because your own mandate failed. Why should a charge be taken from me for a failure at your end? Thanks.
THR000164,LA016719,4,agent,complaint,"Hello, You are right that the mandate failure was at our end. The charge of Rs 500 is being reversed on your gold loan. Thank you."
THR000165,LA028336,1,customer,kyc,CASE368292 - I was asked for a bank statement for my gold loan but I have already submitted it once. Why is the same bank statement being asked for again? Awaitng your response.
THR000165,LA028336,2,agent,kyc,"Dear customer, The bank statement you submitted earlier was against your older application. A bank statement has to be submitted again for this gold loan. Thanks and regards."
THR000165,LA028336,3,customer,kyc,"Good morning, SR614363 - That is not convenient but I will send the bank statement again. Can I bring the bank statement to the branch instead of uploading it? Regards."
THR000165,LA028336,4,agent,kyc,"Yes, the bank statement can be submitted at any branch. The branch will scan the bank statement and attach it to your gold loan application. Regards."
THR000166,LA011555,1,customer,payment_issue,Dear Sir My emi for february has bounced. There was enough balance in my bank account on the emi date. Awaitng your response.
THR000166,LA011555,2,agent,payment_issue,The emi bounced because the mandate on your bank account has expired. A fresh mandate has to be registered before the next emi is presented. Thank you.
THR000166,LA011555,3,customer,payment_issue,"Respected sir, My reference is LA011555. CASE120268 - How do I register a fresh mandate for the emi? Will a bounce charge be applied on this emi? Thank you."
THR000166,LA011555,4,agent,payment_issue,"Hello, A fresh mandate can be registered from your login under the emi section. The bounce charge of Rs 500 has been waived on this emi. Regards."
THR000166,LA011555,5,customer,payment_issue,Dear Sir I have registered the fresh mandate today. Will the february emi be presented once more? Thank you.
THR000166,LA011555,6,agent,payment_issue,"Hello, This is regarding application LA011555. The february emi will be presented again once the fresh mandate is active. No further action is needed from your side on the emi."
THR000167,LA023413,1,customer,loan_query,SR668393 - I have been offered a lower rate by another bank. What is the process to transfer my gold loan to that bank? Awaitng your response.
THR000167,LA023413,2,agent,loan_query,For a balance transfer of your gold loan we issue a foreclosure letter. The other bank pays the outstanding on your gold loan against that letter. https://loanserve.example.in/help/kyc Thank you.
THR000167,LA023413,3,customer,loan_query,How long does the foreclosure letter take? Is there a charge for the balance transfer?
THR000167,LA023413,4,agent,loan_query,"The foreclosure letter is issued within five working days. There is no charge on a floating rate gold loan for a balance transfer. www.loanserve.example.in/upload Regards.
On Mon, 12 May 2026, LoanServe Support wrote:
> Please share the document once more."
THR000168,LA007079,1,customer,complaint,My reference is LA007079. CASE844000 - The branch told me one interest rate on my vehicle loan and the sanction letter shows a different rate. I was given wrong information at the branch. Awaitng your response.
THR000168,LA007079,2,agent,complaint,"Dear customer, We are sorry about the wrong information on your vehicle loan rate. The rate in the sanction letter is the rate that applies to your vehicle loan."
THR000168,LA007079,3,customer,complaint,My reference is LA007079. Then why was a lower rate quoted to me at the branch? I took the vehicle loan only because of the rate I was quoted. Thanks.
THR000168,LA007079,4,agent,complaint,The rate quoted to you was the card rate before your profile was scored. Your vehicle loan rate has been sent for review by the credit team. https://loanserve.example.in/status Thanks and regards.
THR000168,LA007079,5,customer,complaint,"Please tell me the outcome of that review in writing. I do not want another verbal answer on my vehicle loan. Thanks.
On Mon, 12 May 2026, LoanServe Support wrote:
> Please share the document once more."
THR000168,LA007079,6,agent,complaint,"Hello, The outcome of the review will be sent to your registered email. Nothing on your vehicle loan will be communicated only by phone. Thanks and regards."
THR000169,LA028981,1,customer,kyc,I was asked for a salary slip for my gold loan but I have already submitted it once. Why is the same salary slip being asked for again? Regards.
THR000169,LA028981,2,agent,kyc,"The salary slip you submitted earlier was against your older application. A salary slip has to be submitted again for this gold loan. Thank you.
Best regards,
Arjun Menon
Customer Service"
THR000169,LA028981,3,customer,kyc,"Hi team, That is not convenient but I will send the salary slip again. Can I bring the salary slip to the branch instead of uploading it? Regards.
Thanks and regards,
Kavita Joshi"
THR000169,LA028981,4,agent,kyc,"Yes, the salary slip can be submitted at any branch. The branch will scan the salary slip and attach it to your gold loan application. www.loanserve.example.in/upload Thanks and regards."
THR000170,LA010910,1,customer,payment_issue,"REF841456 - I want to prepay Rs 200,000 on my personal loan. Does a part prepayment reduce the emi or the tenure? Awaiting your response.
Sent from my iPhone"
THR000170,LA010910,2,agent,payment_issue,"Hello, A part prepayment of Rs 200,000 can reduce either the emi or the tenure on your personal loan. You have to tell us which of the two you want. Regards.
Thanks and regards,
Suresh Iyer
LoanServe Support"
THR000170,LA010910,3,customer,payment_issue,REF996566 - Please reduce the tenure and keep the emi as it is. Is there a prepayment charge on my personal loan?
THR000170,LA010910,4,agent,payment_issue,"Dear customer, This is regarding application LA010910. REF309300 - There is no prepayment charge on a floating rate personal loan. The tenure will reduce once the prepayment of Rs 200,000 is received. https://loanserve.example.in/help/kyc"
THR000171,LA027890,1,customer,loan_query,"Dear madam, TKT769398 - Is my home loan eligible for a moratorium? My income has stopped for a few months and I cannot pay the emi."
THR000171,LA027890,2,agent,loan_query,"Hello, This is regarding application LA027890. A moratorium on your home loan is considered case by case. Interest keeps adding during the moratorium, so the tenure on your home loan goes up. Thank you."
THR000171,LA027890,3,customer,loan_query,"Good morning, I understand that the tenure will go up. What do I have to submit to apply for the moratorium? Regards.
On Mon, 12 May 2026, LoanServe Support wrote:
> Please share the document once more."
THR000171,LA027890,4,agent,loan_query,"Hello, This is regarding application LA027890. Please submit a written request along with proof of the income loss. The moratorium on your home loan is decided within two working days. Thank you.
Thanks and regards,
Deepa Pillai
LoanServe Support"
THR000172,LA017819,1,customer,complaint,"Hi team, My reference is LA017819. I have written about my personal loan three times and nobody has replied. This is the fourth time I am writing about the same issue. Thanks in advance.
Thanks and regards,
Meera Nair"
THR000172,LA017819,2,agent,complaint,"Dear madam, This is regarding application LA017819. We are sorry that your earlier mails on the personal loan went unanswered. Your issue has been escalated to the service manager. Thanks and regards."
THR000172,LA017819,3,customer,complaint,"Dear Sir My reference is LA017819. REF884279 - Escalation is fine but I still have no answer on my personal loan. When will somebody actually reply with an answer?
On Mon, 12 May 2026, LoanServe Support wrote:
> Please share the document once more.
Sent from my iPhone"
THR000172,LA017819,4,agent,complaint,"Dear sir, CASE391056 - The service manager will call you on your registered number within seven working days. The answer on your personal loan will be given on that call. Thank you."
THR000173,LA016471,1,customer,kyc,"Hi team, TKT175250 - I was asked for a bank statement for my home loan but I have already submitted it once. Why is the same bank statement being asked for again? Awaiting your response."
THR000173,LA016471,2,agent,kyc,SR760001 - The bank statement you submitted earlier was against your older application. A bank statement has to be submitted again for this home loan.
THR000173,LA016471,3,customer,kyc,"Hello, REF344573 - That is not convenient but I will send the bank statement again. Can I bring the bank statement to the branch instead of uploading it? www.loanserve.example.in/upload
On Mon, 12 May 2026, LoanServe Support wrote:
> Please share the document once more."
THR000173,LA016471,4,agent,kyc,"Dear madam, CASE299185 - Yes, the bank statement can be submitted at any branch. The branch will scan the bank statement and attach it to your home loan application. Thank you."
THR000174,LA028935,1,customer,payment_issue,"Hello, SR677187 - I want to prepay Rs 150,000 on my vehicle loan. Does a part prepayment reduce the emi or the tenure?"
THR000174,LA028935,2,agent,payment_issue,"Dear sir, This is regarding application LA028935. CASE972266 - A part prepayment of Rs 150,000 can reduce either the emi or the tenure on your vehicle loan. You have to tell us which of the two you want.
Thanks and regards,
Suresh Iyer
LoanServe Support"
THR000174,LA028935,3,customer,payment_issue,"Good morning, Please reduce the tenure and keep the emi as it is. Is there a prepayment charge on my vehicle loan?
Thanks and regards,
Kavita Joshi"
THR000174,LA028935,4,agent,payment_issue,"Dear sir, This is regarding application LA028935. There is no prepayment charge on a floating rate vehicle loan. The tenure will reduce once the prepayment of Rs 150,000 is received. https://loanserve.example.in/status Thank you.
Thanks and regards,
Priya Sharma
LoanServe Support"
THR000175,LA011181,1,customer,loan_query,"Hello, My reference is LA011181. SR574870 - Is my personal loan eligible for a moratorium? My income has stopped for a few months and I cannot pay the emi. Regards."
THR000175,LA011181,2,agent,loan_query,"CASE410476 - A moratorium on your personal loan is considered case by case. Interest keeps adding during the moratorium, so the tenure on your personal loan goes up. Thank you.
Thanks and regards,
Deepa Pillai
LoanServe Support"
THR000175,LA011181,3,customer,loan_query,REF799598 - I understand that the tenure will go up. What do I have to submit to apply for the moratorium? Thanks in advance.
THR000175,LA011181,4,agent,loan_query,"Dear madam, This is regarding application LA011181. CASE720024 - Please submit a written request along with proof of the income loss. The moratorium on your personal loan is decided within five working days. https://loanserve.example.in/status Regards."
THR000176,LA029749,1,customer,complaint,Hi The branch told me one interest rate on my home loan and the sanction letter shows a different rate. I was given wrong information at the branch. Thanks in advance.
THR000176,LA029749,2,agent,complaint,"We are sorry about the wrong information on your home loan rate. The rate in the sanction letter is the rate that applies to your home loan. Regards.
Best regards,
Deepa Pillai
Customer Service"
THR000176,LA029749,3,customer,complaint,Hi My reference is LA029749. REF508677 - Then why was a lower rate quoted to me at the branch? I took the home loan only because of the rate I was quoted.
THR000176,LA029749,4,agent,complaint,"Dear madam, This is regarding application LA029749. The rate quoted to you was the card rate before your profile was scored. Your home loan rate has been sent for review by the credit team. Thanks and regards.
Thanks and regards,
Rohit Kulkarni
LoanServe Support"
THR000176,LA029749,5,customer,complaint,"Hello, My reference is LA029749. REF780580 - Please tell me the outcome of that review in writing. I do not want another verbal answer on my home loan. Awaitng your response.
Thanks and regards,
Kavita Joshi"
THR000176,LA029749,6,agent,complaint,The outcome of the review will be sent to your registered email. Nothing on your home loan will be communicated only by phone. Thank you.
THR000177,LA009631,1,customer,kyc,"Dear madam, My reference is LA009631. I was asked for a pan card for my home loan but I have already submitted it once. Why is the same pan card being asked for again? Awaitng your response."
THR000177,LA009631,2,agent,kyc,"Dear sir, This is regarding application LA009631. The pan card you submitted earlier was against your older application. A pan card has to be submitted again for this home loan. Thanks and regards."
THR000177,LA009631,3,customer,kyc,"Hello, CASE949837 - That is not convenient but I will send the pan card again. Can I bring the pan card to the branch instead of uploading it? Thanks.
Thanks and regards,
Suresh Iyer"
THR000177,LA009631,4,agent,kyc,"Dear customer, This is regarding application LA009631. Yes, the pan card can be submitted at any branch. The branch will scan the pan card and attach it to your home loan application. www.loanserve.example.in/upload Thanks and regards."
THR000178,LA004755,1,customer,payment_issue,"Good morning, TKT566148 - My emi for january has bounced. There was enough balance in my bank account on the emi date. Regards."
THR000178,LA004755,2,agent,payment_issue,"CASE779563 - The emi bounced because the mandate on your bank account has expired. A fresh mandate has to be registered before the next emi is presented. www.loanserve.example.in/upload Thanks and regards.
Thanks and regards,
Vikram Rao
LoanServe Support"
THR000178,LA004755,3,customer,payment_issue,How do I register a fresh mandate for the emi? Will a bounce charge be applied on this emi?
THR000178,LA004755,4,agent,payment_issue,"Dear sir, This is regarding application LA004755. A fresh mandate can be registered from your login under the emi section. The bounce charge of Rs 1180 has been waived on this emi. Regards.
On Mon, 12 May 2026, LoanServe Support wrote:
> Please share the document once more."
THR000178,LA004755,5,customer,payment_issue,My reference is LA004755. I have registered the fresh mandate today. Will the january emi be presented once more? Regards.
THR000178,LA004755,6,agent,payment_issue,"Dear madam, This is regarding application LA004755. REF254730 - The january emi will be presented again once the fresh mandate is active. No further action is needed from your side on the emi. https://loanserve.example.in/help/kyc Thank you."
THR000179,LA022107,1,customer,loan_query,"Dear sir, My reference is LA022107. Is my gold loan eligible for a moratorium? My income has stopped for a few months and I cannot pay the emi."
THR000179,LA022107,2,agent,loan_query,"Dear sir, This is regarding application LA022107. REF442422 - A moratorium on your gold loan is considered case by case. Interest keeps adding during the moratorium, so the tenure on your gold loan goes up. Thanks and regards."
THR000179,LA022107,3,customer,loan_query,"Dear sir, I understand that the tenure will go up. What do I have to submit to apply for the moratorium? Awaiting your response.
On Mon, 12 May 2026, LoanServe Support wrote:
> Please share the document once more."
THR000179,LA022107,4,agent,loan_query,"Dear madam, REF849397 - Please submit a written request along with proof of the income loss. The moratorium on your gold loan is decided within seven working days. www.loanserve.example.in/upload Thanks and regards.
Best regards,
Anita Desai
Customer Service"
THR000180,LA022947,1,customer,complaint,"Dear sir, My reference is LA022947. The branch told me one interest rate on my gold loan and the sanction letter shows a different rate. I was given wrong information at the branch.
Thanks and regards,
Priya Sharma"
THR000180,LA022947,2,agent,complaint,"Hello, TKT314362 - We are sorry about the wrong information on your gold loan rate. The rate in the sanction letter is the rate that applies to your gold loan. Thank you.
Best regards,
Anita Desai
Customer Service"
THR000180,LA022947,3,customer,complaint,Then why was a lower rate quoted to me at the branch? I took the gold loan only because of the rate I was quoted. Thanks.
THR000180,LA022947,4,agent,complaint,"Dear madam, The rate quoted to you was the card rate before your profile was scored. Your gold loan rate has been sent for review by the credit team. Thanks and regards.
Best regards,
Arjun Menon
Customer Service"
THR000181,LA015267,1,customer,kyc,"Hello, My vehicle loan application is on hold. The pan card I uploaded was rejected. Can you tell me why the pan card was rejected? Thank you."
THR000181,LA015267,2,agent,kyc,"Dear customer, SR358485 - The pan card was rejected because only one page of the document was uploaded. Please upload a fresh copy of the pan card from your registered login. Thanks and regards."
THR000181,LA015267,3,customer,kyc,"Respected sir, My reference is LA015267. I have uploaded the pan card again today. How many days does pan card verification take? Regards."
THR000181,LA015267,4,agent,kyc,"This is regarding application LA015267. Your pan card is now under verification. A fresh pan card is normally verified within three working days. Thanks and regards.
Thanks and regards,
Meera Nair
LoanServe Support"
THR000181,LA015267,5,customer,kyc,"Will my vehicle loan sanction be delayed because the pan card was rejected once?
On Mon, 12 May 2026, LoanServe Support wrote:
> Please share the document once more."
THR000181,LA015267,6,agent,kyc,"Dear madam, This is regarding application LA015267. CASE173857 - The vehicle loan sanction will move ahead as soon as the pan card is verified. No further delay is expected on your vehicle loan application. Thanks and regards.
Best regards,
Rahul Verma
Customer Service"
THR000182,LA030954,1,customer,payment_issue,"Dear madam, My reference is LA030954. TKT832808 - My emi for april has bounced. There was enough balance in my bank account on the emi date."
THR000182,LA030954,2,agent,payment_issue,"This is regarding application LA030954. The emi bounced because the mandate on your bank account has expired. A fresh mandate has to be registered before the next emi is presented. https://loanserve.example.in/status Thanks and regards.
Best regards,
Priya Sharma
Customer Service"
THR000182,LA030954,3,customer,payment_issue,Hi How do I register a fresh mandate for the emi? Will a bounce charge be applied on this emi?
THR000182,LA030954,4,agent,payment_issue,A fresh mandate can be registered from your login under the emi section. The bounce charge of Rs 750 has been waived on this emi. Regards.
THR000182,LA030954,5,customer,payment_issue,Dear Sir My reference is LA030954. CASE640633 - I have registered the fresh mandate today. Will the april emi be presented once more? https://loanserve.example.in/status Regards.
THR000182,LA030954,6,agent,payment_issue,"The april emi will be presented again once the fresh mandate is active. No further action is needed from your side on the emi. Thank you.
Thanks and regards,
Arjun Menon
LoanServe Support"
THR000183,LA008780,1,customer,loan_query,"I have been offered a lower rate by another bank. What is the process to transfer my vehicle loan to that bank?
Best regards,
Anita Desai"
THR000183,LA008780,2,agent,loan_query,For a balance transfer of your vehicle loan we issue a foreclosure letter. The other bank pays the outstanding on your vehicle loan against that letter. Regards.
THR000183,LA008780,3,customer,loan_query,Hi My reference is LA008780. How long does the foreclosure letter take? Is there a charge for the balance transfer?
THR000183,LA008780,4,agent,loan_query,"Dear customer, This is regarding application LA008780. CASE339922 - The foreclosure letter is issued within three working days. There is no charge on a floating rate vehicle loan for a balance transfer. https://loanserve.example.in/status Thanks and regards.
Thanks and regards,
Rahul Verma
LoanServe Support"
THR000183,LA008780,5,customer,loan_query,Please issue the foreclosure letter for my vehicle loan. Where will the letter be sent? Awaiting your response.
THR000183,LA008780,6,agent,loan_query,"The foreclosure letter will be sent to your registered email. A copy of the letter can also be collected from the branch. Thanks and regards.
On Mon, 12 May 2026, LoanServe Support wrote:
> Please share the document once more."
THR000184,LA001457,1,customer,complaint,My reference is LA001457. The branch told me one interest rate on my personal loan and the sanction letter shows a different rate. I was given wrong information at the branch.
THR000184,LA001457,2,agent,complaint,"Hello, This is regarding application LA001457. We are sorry about the wrong information on your personal loan rate. The rate in the sanction letter is the rate that applies to your personal loan.
Best regards,
Priya Sharma
Customer Service"
THR000184,LA001457,3,customer,complaint,"Dear Sir Then why was a lower rate quoted to me at the branch? I took the personal loan only because of the rate I was quoted. Awaitng your response.
--
Meera Nair
Customer"
THR000184,LA001457,4,agent,complaint,"Dear sir, The rate quoted to you was the card rate before your profile was scored. Your personal loan rate has been sent for review by the credit team. Thanks and regards."
THR000185,LA004904,1,customer,kyc,TKT427724 - My vehicle loan application is on hold. The pan card I uploaded was rejected. Can you tell me why the pan card was rejected? Thanks.
THR000185,LA004904,2,agent,kyc,"CASE419802 - The pan card was rejected because the document had already expired. Please upload a fresh copy of the pan card from your registered login.
Thanks and regards,
Suresh Iyer
LoanServe Support"
THR000185,LA004904,3,customer,kyc,"I have uploaded the pan card again today. How many days does pan card verification take?
On Mon, 12 May 2026, LoanServe Support wrote:
> Please share the document once more."
THR000185,LA004904,4,agent,kyc,"Dear customer, Your pan card is now under verification. A fresh pan card is normally verified within five working days. Thanks and regards."
THR000185,LA004904,5,customer,kyc,"Will my vehicle loan sanction be delayed because the pan card was rejected once? Thank you.
Thanks and regards,
Anita Desai"
THR000185,LA004904,6,agent,kyc,"Dear madam, The vehicle loan sanction will move ahead as soon as the pan card is verified. No further delay is expected on your vehicle loan application.
On Mon, 12 May 2026, LoanServe Support wrote:
> Please share the document once more."
THR000186,LA029563,1,customer,payment_issue,"Hi team, My reference is LA029563. SR257637 - My emi for may has bounced. There was enough balance in my bank account on the emi date. www.loanserve.example.in/upload Awaitng your response.
Best regards,
Meera Nair"
THR000186,LA029563,2,agent,payment_issue,"Dear madam, REF617704 - The emi bounced because the mandate on your bank account has expired. A fresh mandate has to be registered before the next emi is presented. www.loanserve.example.in/upload Thanks and regards."
THR000186,LA029563,3,customer,payment_issue,Dear Sir How do I register a fresh mandate for the emi? Will a bounce charge be applied on this emi?
THR000186,LA029563,4,agent,payment_issue,"Dear customer, A fresh mandate can be registered from your login under the emi section. The bounce charge of Rs 250 has been waived on this emi.
On Mon, 12 May 2026, LoanServe Support wrote:
> Please share the document once more.
Best regards,
Kavita Joshi
Customer Service"
THR000186,LA029563,5,customer,payment_issue,"Dear madam, My reference is LA029563. I have registered the fresh mandate today. Will the may emi be presented once more?"
THR000186,LA029563,6,agent,payment_issue,"Hello, The may emi will be presented again once the fresh mandate is active. No further action is needed from your side on the emi."
THR000187,LA008053,1,customer,loan_query,"Respected sir, CASE259544 - I already hold a personal loan with you. Am I eligible for a top up on the same personal loan? Thank you."
THR000187,LA008053,2,agent,loan_query,"Dear madam, CASE785045 - A top up on your personal loan is possible after twelve emis have been paid on time. Your personal loan has twenty two emis paid so far. www.loanserve.example.in/upload Regards."
THR000187,LA008053,3,customer,loan_query,"Dear madam, My reference is LA008053. Every emi on that personal loan has been paid on time. What top up amount can I expect? Regards.
On Mon, 12 May 2026, LoanServe Support wrote:
> Please share the document once more."
THR000187,LA008053,4,agent,loan_query,"Dear customer, This is regarding application LA008053. The top up amount depends on the outstanding on your personal loan and on your income. A top up of about Rs 200,000 looks possible on your personal loan."
THR000187,LA008053,5,customer,loan_query,"My reference is LA008053. TKT844693 - Rs 200,000 would work for me. Which documents are needed for the top up? Thanks in advance."
THR000187,LA008053,6,agent,loan_query,"Hello, This is regarding application LA008053. TKT764755 - For the top up we need your latest income proof and bank statement. The personal loan documents already with us do not have to be given again. Regards."
THR000188,LA020016,1,customer,complaint,"Dear madam, A charge of Rs 500 has been debited on my home loan and I was never told about this charge. Please explain why this charge was taken. Regards."
THR000188,LA020016,2,agent,complaint,"Dear customer, This is regarding application LA020016. The charge of Rs 500 on your home loan is a late payment charge. It was applied because the march emi was paid after the due date. https://loanserve.example.in/status Thanks and regards.
Thanks and regards,
Kavita Joshi
LoanServe Support"
THR000188,LA020016,3,customer,complaint,Dear Sir TKT798983 - The emi was late because your own mandate failed. Why should a charge be taken from me for a failure at your end?
THR000188,LA020016,4,agent,complaint,"Dear sir, This is regarding application LA020016. SR551962 - You are right that the mandate failure was at our end. The charge of Rs 500 is being reversed on your home loan. Thank you.
Thanks and regards,
Vikram Rao
LoanServe Support"
THR000189,LA009625,1,customer,kyc,"Respected sir, I was asked for a income proof for my home loan but I have already submitted it once. Why is the same income proof being asked for again?"
THR000189,LA009625,2,agent,kyc,"Dear sir, SR569187 - The income proof you submitted earlier was against your older application. A income proof has to be submitted again for this home loan. Thanks and regards."
THR000189,LA009625,3,customer,kyc,"Respected sir, That is not convenient but I will send the income proof again. Can I bring the income proof to the branch instead of uploading it? Regards.
On Mon, 12 May 2026, LoanServe Support wrote:
> Please share the document once more.
Thanks and regards,
Rahul Verma"
THR000189,LA009625,4,agent,kyc,"Dear madam, Yes, the income proof can be submitted at any branch. The branch will scan the income proof and attach it to your home loan application. Thank you."
THR000190,LA025335,1,customer,payment_issue,"TKT197481 - I want to change my emi date to the 15th of the month. My salary is credited late and the present emi date does not suit me.
Sent from my iPhone"
THR000190,LA025335,2,agent,payment_issue,"Dear customer, SR515006 - The emi date can be moved to the 15th from the next cycle. A fresh mandate is needed for the changed emi date. Thanks and regards."
THR000190,LA025335,3,customer,payment_issue,"Respected sir, Please go ahead with the change. Is there any charge for changing the emi date?"
THR000190,LA025335,4,agent,payment_issue,"A charge of Rs 500 applies for changing the emi date. The new emi date takes effect from the next cycle.
Thanks and regards,
Arjun Menon
LoanServe Support"
THR000191,LA028484,1,customer,loan_query,"Dear madam, My reference is LA028484. Is my gold loan eligible for a moratorium? My income has stopped for a few months and I cannot pay the emi.
Sent from my iPhone"
THR000191,LA028484,2,agent,loan_query,"TKT889410 - A moratorium on your gold loan is considered case by case. Interest keeps adding during the moratorium, so the tenure on your gold loan goes up. Regards."
THR000191,LA028484,3,customer,loan_query,"Hi team, I understand that the tenure will go up. What do I have to submit to apply for the moratorium?"
THR000191,LA028484,4,agent,loan_query,"This is regarding application LA028484. Please submit a written request along with proof of the income loss. The moratorium on your gold loan is decided within five working days. Thank you.
On Mon, 12 May 2026, LoanServe Support wrote:
> Please share the document once more."
THR000192,LA024668,1,customer,complaint,A charge of Rs 1180 has been debited on my home loan and I was never told about this charge. Please explain why this charge was taken. Thanks.
THR000192,LA024668,2,agent,complaint,"Dear madam, CASE468508 - The charge of Rs 1180 on your home loan is a late payment charge. It was applied because the august emi was paid after the due date. Thanks and regards."
THR000192,LA024668,3,customer,complaint,"Hello, The emi was late because your own mandate failed. Why should a charge be taken from me for a failure at your end? Thank you."
THR000192,LA024668,4,agent,complaint,You are right that the mandate failure was at our end. The charge of Rs 1180 is being reversed on your home loan. Thank you.
THR000193,LA016896,1,customer,kyc,CASE155109 - I was asked for a income proof for my home loan but I have already submitted it once. Why is the same income proof being asked for again? Thanks in advance.
THR000193,LA016896,2,agent,kyc,"Dear madam, The income proof you submitted earlier was against your older application. A income proof has to be submitted again for this home loan. Thanks and regards."
THR000193,LA016896,3,customer,kyc,"That is not convenient but I will send the income proof again. Can I bring the income proof to the branch instead of uploading it?
On Mon, 12 May 2026, LoanServe Support wrote:
> Please share the document once more."
THR000193,LA016896,4,agent,kyc,"This is regarding application LA016896. TKT646548 - Yes, the income proof can be submitted at any branch. The branch will scan the income proof and attach it to your home loan application. Thank you."
THR000194,LA027857,1,customer,payment_issue,"Hi team, My emi for april has bounced. There was enough balance in my bank account on the emi date."
THR000194,LA027857,2,agent,payment_issue,"Hello, TKT668567 - The emi bounced because the mandate on your bank account has expired. A fresh mandate has to be registered before the next emi is presented. Thanks and regards."
THR000194,LA027857,3,customer,payment_issue,Hi My reference is LA027857. How do I register a fresh mandate for the emi? Will a bounce charge be applied on this emi? Awaiting your response.
THR000194,LA027857,4,agent,payment_issue,"Hello, This is regarding application LA027857. A fresh mandate can be registered from your login under the emi section. The bounce charge of Rs 1180 has been waived on this emi. Thank you."
THR000195,LA016986,1,customer,loan_query,"My reference is LA016986. SR917657 - I already hold a personal loan with you. Am I eligible for a top up on the same personal loan?
Sent from my iPhone"
THR000195,LA016986,2,agent,loan_query,"Dear customer, A top up on your personal loan is possible after twelve emis have been paid on time. Your personal loan has fourteen emis paid so far. https://loanserve.example.in/status
Thanks and regards,
Kavita Joshi
LoanServe Support"
THR000195,LA016986,3,customer,loan_query,"Hi team, TKT822060 - Every emi on that personal loan has been paid on time. What top up amount can I expect?
Best regards,
Suresh Iyer"
THR000195,LA016986,4,agent,loan_query,"Dear sir, SR210645 - The top up amount depends on the outstanding on your personal loan and on your income. A top up of about Rs 300,000 looks possible on your personal loan. Regards."
THR000195,LA016986,5,customer,loan_query,"Dear madam, My reference is LA016986. CASE626306 - Rs 300,000 would work for me. Which documents are needed for the top up? Thanks in advance.
Thanks and regards,
Rohit Kulkarni"
THR000195,LA016986,6,agent,loan_query,"Dear customer, For the top up we need your latest income proof and bank statement. The personal loan documents already with us do not have to be given again. Thank you.
On Mon, 12 May 2026, LoanServe Support wrote:
> Please share the document once more."
THR000196,LA030712,1,customer,complaint,TKT168604 - I have written about my home loan three times and nobody has replied. This is the fourth time I am writing about the same issue. Regards.
THR000196,LA030712,2,agent,complaint,"Dear customer, We are sorry that your earlier mails on the home loan went unanswered. Your issue has been escalated to the service manager.
Best regards,
Priya Sharma
Customer Service"
THR000196,LA030712,3,customer,complaint,"Dear sir, My reference is LA030712. Escalation is fine but I still have no answer on my home loan. When will somebody actually reply with an answer? Thank you."
THR000196,LA030712,4,agent,complaint,"Hello, TKT140687 - The service manager will call you on your registered number within two working days. The answer on your home loan will be given on that call. Thank you."
THR000196,LA030712,5,customer,complaint,"Dear madam, I received the call and the issue on my home loan is clear now. Please close this complaint. Regards.
On Mon, 12 May 2026, LoanServe Support wrote:
> Please share the document once more."
THR000196,LA030712,6,agent,complaint,"Dear sir, This is regarding application LA030712. Thank you for confirming that the home loan issue is clear. This complaint is being closed as resolved. https://loanserve.example.in/status
On Mon, 12 May 2026, LoanServe Support wrote:
> Please share the document once more."
THR000197,LA025599,1,customer,kyc,My kyc is showing as incomplete on my home loan. The name printed on my address proof does not match the name in your records.
THR000197,LA025599,2,agent,kyc,"Dear sir, The name mismatch on your address proof is the reason the kyc is incomplete. Please share a address proof that carries the corrected name. Thanks and regards."
THR000197,LA025599,3,customer,kyc,"Dear madam, CASE269485 - I have attached the corrected address proof with the right name. Does anything else have to change for the kyc?"
THR000197,LA025599,4,agent,kyc,"This is regarding application LA025599. REF783071 - The corrected address proof has been received and sent for checking. Nothing else is pending on your kyc right now. Thank you.
Best regards,
Priya Sharma
Customer Service"
THR000197,LA025599,5,customer,kyc,How will I know when the kyc is marked complete? Awaitng your response.
THR000197,LA025599,6,agent,kyc,"This is regarding application LA025599. TKT109836 - You will get an sms as soon as the kyc is marked complete. The kyc status also shows on your home loan application page. www.loanserve.example.in/upload Thanks and regards.
Thanks and regards,
Meera Nair
LoanServe Support"
THR000198,LA007539,1,customer,payment_issue,I want to change my emi date to the 10th of the month. My salary is credited late and the present emi date does not suit me.
THR000198,LA007539,2,agent,payment_issue,"Dear sir, This is regarding application LA007539. The emi date can be moved to the 10th from the next cycle. A fresh mandate is needed for the changed emi date. Thanks and regards.
Best regards,
Meera Nair
Customer Service"
THR000198,LA007539,3,customer,payment_issue,"My reference is LA007539. REF506254 - Please go ahead with the change. Is there any charge for changing the emi date?
Thanks and regards,
Rohit Kulkarni"
THR000198,LA007539,4,agent,payment_issue,"Dear customer, CASE486588 - A charge of Rs 250 applies for changing the emi date. The new emi date takes effect from the next cycle. Thanks and regards.
Best regards,
Kavita Joshi
Customer Service"
THR000198,LA007539,5,customer,payment_issue,The charge is acceptable to me. When will the new emi date show in my account? Thanks in advance.
THR000198,LA007539,6,agent,payment_issue,This is regarding application LA007539. CASE542016 - The new emi date will show in your account once the fresh mandate is active. Your emi amount does not change. Regards.
THR000199,LA017455,1,customer,loan_query,My reference is LA017455. I have been offered a lower rate by another bank. What is the process to transfer my vehicle loan to that bank?
THR000199,LA017455,2,agent,loan_query,"REF560676 - For a balance transfer of your vehicle loan we issue a foreclosure letter. The other bank pays the outstanding on your vehicle loan against that letter. Thanks and regards.
Thanks and regards,
Anita Desai
LoanServe Support"
THR000199,LA017455,3,customer,loan_query,"Good morning, My reference is LA017455. CASE744173 - How long does the foreclosure letter take? Is there a charge for the balance transfer?
On Mon, 12 May 2026, LoanServe Support wrote:
> Please share the document once more."
THR000199,LA017455,4,agent,loan_query,"Dear sir, This is regarding application LA017455. The foreclosure letter is issued within five working days. There is no charge on a floating rate vehicle loan for a balance transfer. Thank you.
On Mon, 12 May 2026, LoanServe Support wrote:
> Please share the document once more.
Best regards,
Meera Nair
Customer Service"
THR000199,LA017455,5,customer,loan_query,SR295121 - Please issue the foreclosure letter for my vehicle loan. Where will the letter be sent?
THR000199,LA017455,6,agent,loan_query,TKT317580 - The foreclosure letter will be sent to your registered email. A copy of the letter can also be collected from the branch. Thanks and regards.
THR000200,LA031583,1,customer,complaint,"Respected sir, TKT969881 - A charge of Rs 250 has been debited on my gold loan and I was never told about this charge. Please explain why this charge was taken. Regards."
THR000200,LA031583,2,agent,complaint,"Hello, This is regarding application LA031583. The charge of Rs 250 on your gold loan is a late payment charge. It was applied because the february emi was paid after the due date. Thanks and regards."
THR000200,LA031583,3,customer,complaint,"Hello, The emi was late because your own mandate failed. Why should a charge be taken from me for a failure at your end? Regards."
THR000200,LA031583,4,agent,complaint,"Hello, You are right that the mandate failure was at our end. The charge of Rs 250 is being reversed on your gold loan.
Thanks and regards,
Vikram Rao
LoanServe Support"
THR000201,LA005481,1,customer,kyc,"Dear madam, My reference is LA005481. My vehicle loan application is on hold. The income proof I uploaded was rejected. Can you tell me why the income proof was rejected? Awaiting your response."
THR000201,LA005481,2,agent,kyc,"Dear madam, SR401010 - The income proof was rejected because the scanned copy was not clearly readable. Please upload a fresh copy of the income proof from your registered login. Thank you."
THR000201,LA005481,3,customer,kyc,I have uploaded the income proof again today. How many days does income proof verification take?
THR000201,LA005481,4,agent,kyc,"Your income proof is now under verification. A fresh income proof is normally verified within two working days. Thanks and regards.
Best regards,
Rohit Kulkarni
Customer Service"
THR000201,LA005481,5,customer,kyc,"Hello, REF274085 - Will my vehicle loan sanction be delayed because the income proof was rejected once?"
THR000201,LA005481,6,agent,kyc,"Dear sir, This is regarding application LA005481. SR717645 - The vehicle loan sanction will move ahead as soon as the income proof is verified. No further delay is expected on your vehicle loan application. Thank you.
Thanks and regards,
Meera Nair
LoanServe Support"
THR000202,LA002386,1,customer,payment_issue,"Hi team, My reference is LA002386. I want to change my emi date to the 15th of the month. My salary is credited late and the present emi date does not suit me. Awaiting your response."
THR000202,LA002386,2,agent,payment_issue,"Hello, The emi date can be moved to the 15th from the next cycle. A fresh mandate is needed for the changed emi date. Regards.
Best regards,
Priya Sharma
Customer Service"
THR000202,LA002386,3,customer,payment_issue,"Respected sir, My reference is LA002386. Please go ahead with the change. Is there any charge for changing the emi date? Regards."
THR000202,LA002386,4,agent,payment_issue,A charge of Rs 1180 applies for changing the emi date. The new emi date takes effect from the next cycle. Regards.
THR000202,LA002386,5,customer,payment_issue,"Good morning, My reference is LA002386. The charge is acceptable to me. When will the new emi date show in my account? https://loanserve.example.in/status Awaitng your response."
THR000202,LA002386,6,agent,payment_issue,"This is regarding application LA002386. TKT963097 - The new emi date will show in your account once the fresh mandate is active. Your emi amount does not change.
On Mon, 12 May 2026, LoanServe Support wrote:
> Please share the document once more.
Best regards,
Anita Desai
Customer Service"
THR000203,LA011230,1,customer,loan_query,"Hello, I have been offered a lower rate by another bank. What is the process to transfer my vehicle loan to that bank?"
THR000203,LA011230,2,agent,loan_query,"Dear madam, For a balance transfer of your vehicle loan we issue a foreclosure letter. The other bank pays the outstanding on your vehicle loan against that letter."
THR000203,LA011230,3,customer,loan_query,Hi How long does the foreclosure letter take? Is there a charge for the balance transfer? https://loanserve.example.in/status
THR000203,LA011230,4,agent,loan_query,"Dear customer, The foreclosure letter is issued within two working days. There is no charge on a floating rate vehicle loan for a balance transfer. Regards.
Best regards,
Rohit Kulkarni
Customer Service"
THR000203,LA011230,5,customer,loan_query,Dear Sir My reference is LA011230. Please issue the foreclosure letter for my vehicle loan. Where will the letter be sent? Thanks in advance.
THR000203,LA011230,6,agent,loan_query,"Dear customer, The foreclosure letter will be sent to your registered email. A copy of the letter can also be collected from the branch. Regards.
Best regards,
Rahul Verma
Customer Service"
THR000204,LA010916,1,customer,complaint,Hi My reference is LA010916. I have written about my personal loan three times and nobody has replied. This is the fourth time I am writing about the same issue. Thank you.
THR000204,LA010916,2,agent,complaint,"Dear sir, This is regarding application LA010916. We are sorry that your earlier mails on the personal loan went unanswered. Your issue has been escalated to the service manager. Regards.
Thanks and regards,
Vikram Rao
LoanServe Support"
THR000204,LA010916,3,customer,complaint,"Respected sir, Escalation is fine but I still have no answer on my personal loan. When will somebody actually reply with an answer?"
THR000204,LA010916,4,agent,complaint,"Dear sir, This is regarding application LA010916. The service manager will call you on your registered number within five working days. The answer on your personal loan will be given on that call. https://loanserve.example.in/help/kyc Regards."
THR000204,LA010916,5,customer,complaint,I received the call and the issue on my personal loan is clear now. Please close this complaint.
THR000204,LA010916,6,agent,complaint,"Dear madam, SR706228 - Thank you for confirming that the personal loan issue is clear. This complaint is being closed as resolved. https://loanserve.example.in/help/kyc Thank you.
Best regards,
Rahul Verma
Customer Service"
THR000205,LA010853,1,customer,kyc,My vehicle loan application is on hold. The salary slip I uploaded was rejected. Can you tell me why the salary slip was rejected?
THR000205,LA010853,2,agent,kyc,"Dear madam, The salary slip was rejected because the scanned copy was not clearly readable. Please upload a fresh copy of the salary slip from your registered login. Regards."
THR000205,LA010853,3,customer,kyc,"Hi team, My reference is LA010853. TKT488291 - I have uploaded the salary slip again today. How many days does salary slip verification take? Thank you.
Best regards,
Suresh Iyer"
THR000205,LA010853,4,agent,kyc,"Dear madam, This is regarding application LA010853. Your salary slip is now under verification. A fresh salary slip is normally verified within three working days. Regards.
Best regards,
Vikram Rao
Customer Service"
THR000206,LA016039,1,customer,payment_issue,My reference is LA016039. TKT383901 - My emi for august has bounced. There was enough balance in my bank account on the emi date. Thanks.
THR000206,LA016039,2,agent,payment_issue,This is regarding application LA016039. CASE917599 - The emi bounced because the mandate on your bank account has expired. A fresh mandate has to be registered before the next emi is presented. Thanks and regards.
THR000206,LA016039,3,customer,payment_issue,My reference is LA016039. CASE677776 - How do I register a fresh mandate for the emi? Will a bounce charge be applied on this emi?
THR000206,LA016039,4,agent,payment_issue,"Dear madam, This is regarding application LA016039. REF274098 - A fresh mandate can be registered from your login under the emi section. The bounce charge of Rs 750 has been waived on this emi. Thanks and regards.
Best regards,
Anita Desai
Customer Service"
THR000206,LA016039,5,customer,payment_issue,"Dear madam, My reference is LA016039. I have registered the fresh mandate today. Will the august emi be presented once more? Awaitng your response.
On Mon, 12 May 2026, LoanServe Support wrote:
> Please share the document once more.
--
Meera Nair
Customer"
THR000206,LA016039,6,agent,payment_issue,"Dear customer, This is regarding application LA016039. The august emi will be presented again once the fresh mandate is active. No further action is needed from your side on the emi. www.loanserve.example.in/upload Thanks and regards."
THR000207,LA013363,1,customer,loan_query,"Dear sir, My reference is LA013363. Is my home loan eligible for a moratorium? My income has stopped for a few months and I cannot pay the emi.
Sent from my iPhone"
THR000207,LA013363,2,agent,loan_query,"Dear sir, This is regarding application LA013363. SR122430 - A moratorium on your home loan is considered case by case. Interest keeps adding during the moratorium, so the tenure on your home loan goes up. www.loanserve.example.in/upload Thank you."
THR000207,LA013363,3,customer,loan_query,My reference is LA013363. I understand that the tenure will go up. What do I have to submit to apply for the moratorium? Awaiting your response.
THR000207,LA013363,4,agent,loan_query,"Dear madam, Please submit a written request along with proof of the income loss. The moratorium on your home loan is decided within two working days."
THR000208,LA009230,1,customer,complaint,"Hi team, My reference is LA009230. I have written about my personal loan three times and nobody has replied. This is the fourth time I am writing about the same issue."
THR000208,LA009230,2,agent,complaint,This is regarding application LA009230. We are sorry that your earlier mails on the personal loan went unanswered. Your issue has been escalated to the service manager. Regards.
THR000208,LA009230,3,customer,complaint,"Good morning, My reference is LA009230. Escalation is fine but I still have no answer on my personal loan. When will somebody actually reply with an answer? Regards."
THR000208,LA009230,4,agent,complaint,"Dear madam, This is regarding application LA009230. SR369516 - The service manager will call you on your registered number within three working days. The answer on your personal loan will be given on that call. Thanks and regards."
THR000209,LA027969,1,customer,kyc,Dear Sir I was asked for a income proof for my personal loan but I have already submitted it once. Why is the same income proof being asked for again? Awaiting your response.
THR000209,LA027969,2,agent,kyc,"Dear customer, This is regarding application LA027969. The income proof you submitted earlier was against your older application. A income proof has to be submitted again for this personal loan. https://loanserve.example.in/help/kyc Thanks and regards."
THR000209,LA027969,3,customer,kyc,"Respected sir, That is not convenient but I will send the income proof again. Can I bring the income proof to the branch instead of uploading it? Thanks."
THR000209,LA027969,4,agent,kyc,"Hello, This is regarding application LA027969. TKT319997 - Yes, the income proof can be submitted at any branch. The branch will scan the income proof and attach it to your personal loan application. Thanks and regards.
On Mon, 12 May 2026, LoanServe Support wrote:
> Please share the document once more.
Thanks and regards,
Rohit Kulkarni
LoanServe Support"
THR000210,LA032774,1,customer,payment_issue,My reference is LA032774. TKT822706 - My emi for august has bounced. There was enough balance in my bank account on the emi date.
THR000210,LA032774,2,agent,payment_issue,The emi bounced because the mandate on your bank account has expired. A fresh mandate has to be registered before the next emi is presented.
THR000210,LA032774,3,customer,payment_issue,"Respected sir, How do I register a fresh mandate for the emi? Will a bounce charge be applied on this emi?
--
Deepa Pillai
Customer"
THR000210,LA032774,4,agent,payment_issue,"Dear madam, TKT555147 - A fresh mandate can be registered from your login under the emi section. The bounce charge of Rs 590 has been waived on this emi. Regards."
THR000211,LA021144,1,customer,loan_query,I have been offered a lower rate by another bank. What is the process to transfer my home loan to that bank?
THR000211,LA021144,2,agent,loan_query,"Dear customer, For a balance transfer of your home loan we issue a foreclosure letter. The other bank pays the outstanding on your home loan against that letter. www.loanserve.example.in/upload Regards."
THR000211,LA021144,3,customer,loan_query,How long does the foreclosure letter take? Is there a charge for the balance transfer?
THR000211,LA021144,4,agent,loan_query,"Hello, The foreclosure letter is issued within five working days. There is no charge on a floating rate home loan for a balance transfer. Thanks and regards.
Thanks and regards,
Kavita Joshi
LoanServe Support"
THR000211,LA021144,5,customer,loan_query,"Respected sir, Please issue the foreclosure letter for my home loan. Where will the letter be sent? Thank you."
THR000211,LA021144,6,agent,loan_query,This is regarding application LA021144. CASE539538 - The foreclosure letter will be sent to your registered email. A copy of the letter can also be collected from the branch. Regards.
THR000212,LA022204,1,customer,complaint,I have written about my home loan three times and nobody has replied. This is the fourth time I am writing about the same issue. Awaitng your response.
THR000212,LA022204,2,agent,complaint,"We are sorry that your earlier mails on the home loan went unanswered. Your issue has been escalated to the service manager. Thanks and regards.
Thanks and regards,
Vikram Rao
LoanServe Support"
THR000212,LA022204,3,customer,complaint,"Hello, My reference is LA022204. CASE342601 - Escalation is fine but I still have no answer on my home loan. When will somebody actually reply with an answer?
Sent from my iPhone"
THR000212,LA022204,4,agent,complaint,"Hello, This is regarding application LA022204. The service manager will call you on your registered number within three working days. The answer on your home loan will be given on that call. Thank you."
THR000212,LA022204,5,customer,complaint,"Dear sir, I received the call and the issue on my home loan is clear now. Please close this complaint."
THR000212,LA022204,6,agent,complaint,"Dear madam, This is regarding application LA022204. Thank you for confirming that the home loan issue is clear. This complaint is being closed as resolved. https://loanserve.example.in/help/kyc Regards.
Thanks and regards,
Anita Desai
LoanServe Support"
THR000213,LA031702,1,customer,kyc,CASE967890 - My kyc is showing as incomplete on my home loan. The name printed on my pan card does not match the name in your records. https://loanserve.example.in/status
THR000213,LA031702,2,agent,kyc,"Dear customer, This is regarding application LA031702. The name mismatch on your pan card is the reason the kyc is incomplete. Please share a pan card that carries the corrected name. Thanks and regards."
THR000213,LA031702,3,customer,kyc,Dear Sir I have attached the corrected pan card with the right name. Does anything else have to change for the kyc? Thanks in advance.
THR000213,LA031702,4,agent,kyc,"Dear sir, TKT134682 - The corrected pan card has been received and sent for checking. Nothing else is pending on your kyc right now. Thank you."
THR000214,LA032956,1,customer,payment_issue,"Hi team, I want to prepay Rs 100,000 on my vehicle loan. Does a part prepayment reduce the emi or the tenure?"
THR000214,LA032956,2,agent,payment_issue,"Dear sir, A part prepayment of Rs 100,000 can reduce either the emi or the tenure on your vehicle loan. You have to tell us which of the two you want."
THR000214,LA032956,3,customer,payment_issue,SR260955 - Please reduce the tenure and keep the emi as it is. Is there a prepayment charge on my vehicle loan?
THR000214,LA032956,4,agent,payment_issue,"Dear madam, TKT860435 - There is no prepayment charge on a floating rate vehicle loan. The tenure will reduce once the prepayment of Rs 100,000 is received."
THR000215,LA025842,1,customer,loan_query,I already hold a personal loan with you. Am I eligible for a top up on the same personal loan? Thanks in advance.
THR000215,LA025842,2,agent,loan_query,"Dear sir, SR161739 - A top up on your personal loan is possible after twelve emis have been paid on time. Your personal loan has fourteen emis paid so far. https://loanserve.example.in/help/kyc"
THR000215,LA025842,3,customer,loan_query,Dear Sir My reference is LA025842. Every emi on that personal loan has been paid on time. What top up amount can I expect? Regards.
THR000215,LA025842,4,agent,loan_query,"Dear customer, This is regarding application LA025842. The top up amount depends on the outstanding on your personal loan and on your income. A top up of about Rs 300,000 looks possible on your personal loan. https://loanserve.example.in/status Thank you.
Best regards,
Kavita Joshi
Customer Service"
THR000215,LA025842,5,customer,loan_query,"Dear Sir Rs 300,000 would work for me. Which documents are needed for the top up? Thank you."
THR000215,LA025842,6,agent,loan_query,"Dear madam, For the top up we need your latest income proof and bank statement. The personal loan documents already with us do not have to be given again. Thanks and regards."
THR000216,LA015424,1,customer,complaint,"A charge of Rs 250 has been debited on my personal loan and I was never told about this charge. Please explain why this charge was taken.
--
Anita Desai
Customer"
THR000216,LA015424,2,agent,complaint,This is regarding application LA015424. CASE387295 - The charge of Rs 250 on your personal loan is a late payment charge. It was applied because the may emi was paid after the due date. Thank you.
THR000216,LA015424,3,customer,complaint,"My reference is LA015424. The emi was late because your own mandate failed. Why should a charge be taken from me for a failure at your end? Regards.
On Mon, 12 May 2026, LoanServe Support wrote:
> Please share the document once more."
THR000216,LA015424,4,agent,complaint,"Dear customer, You are right that the mandate failure was at our end. The charge of Rs 250 is being reversed on your personal loan."
THR000217,LA009022,1,customer,kyc,REF595524 - I was asked for a salary slip for my home loan but I have already submitted it once. Why is the same salary slip being asked for again?
THR000217,LA009022,2,agent,kyc,"Dear customer, REF473348 - The salary slip you submitted earlier was against your older application. A salary slip has to be submitted again for this home loan. Thank you.
Thanks and regards,
Meera Nair
LoanServe Support"
THR000217,LA009022,3,customer,kyc,"Good morning, My reference is LA009022. CASE234399 - That is not convenient but I will send the salary slip again. Can I bring the salary slip to the branch instead of uploading it?
On Mon, 12 May 2026, LoanServe Support wrote:
> Please share the document once more.
Best regards,
Rahul Verma"
THR000217,LA009022,4,agent,kyc,"Dear madam, This is regarding application LA009022. REF722765 - Yes, the salary slip can be submitted at any branch. The branch will scan the salary slip and attach it to your home loan application."
THR000218,LA014064,1,customer,payment_issue,I want to change my emi date to the 5th of the month. My salary is credited late and the present emi date does not suit me. Thank you.
THR000218,LA014064,2,agent,payment_issue,"Dear madam, This is regarding application LA014064. The emi date can be moved to the 5th from the next cycle. A fresh mandate is needed for the changed emi date. Thanks and regards."
THR000218,LA014064,3,customer,payment_issue,"Good morning, Please go ahead with the change. Is there any charge for changing the emi date?
--
Rahul Verma
Customer"
THR000218,LA014064,4,agent,payment_issue,"Hello, A charge of Rs 1180 applies for changing the emi date. The new emi date takes effect from the next cycle. Thanks and regards.
On Mon, 12 May 2026, LoanServe Support wrote:
> Please share the document once more.
Thanks and regards,
Meera Nair
LoanServe Support"
THR000218,LA014064,5,customer,payment_issue,Dear Sir REF118971 - The charge is acceptable to me. When will the new emi date show in my account? Awaiting your response.
THR000218,LA014064,6,agent,payment_issue,"Dear customer, The new emi date will show in your account once the fresh mandate is active. Your emi amount does not change. https://loanserve.example.in/status Regards.
On Mon, 12 May 2026, LoanServe Support wrote:
> Please share the document once more."
THR000219,LA028904,1,customer,loan_query,"Dear sir, SR811930 - I have been offered a lower rate by another bank. What is the process to transfer my home loan to that bank?"
THR000219,LA028904,2,agent,loan_query,"Dear sir, For a balance transfer of your home loan we issue a foreclosure letter. The other bank pays the outstanding on your home loan against that letter. https://loanserve.example.in/status Regards.
Thanks and regards,
Anita Desai
LoanServe Support"
THR000219,LA028904,3,customer,loan_query,How long does the foreclosure letter take? Is there a charge for the balance transfer? Thanks.
THR000219,LA028904,4,agent,loan_query,The foreclosure letter is issued within five working days. There is no charge on a floating rate home loan for a balance transfer. Thank you.
THR000220,LA017074,1,customer,complaint,"Good morning, SR733992 - I have written about my home loan three times and nobody has replied. This is the fourth time I am writing about the same issue. https://loanserve.example.in/help/kyc Thanks in advance."
THR000220,LA017074,2,agent,complaint,"Dear madam, TKT406823 - We are sorry that your earlier mails on the home loan went unanswered. Your issue has been escalated to the service manager. https://loanserve.example.in/help/kyc Thanks and regards.
Thanks and regards,
Rohit Kulkarni
LoanServe Support"
THR000220,LA017074,3,customer,complaint,"Hi team, My reference is LA017074. Escalation is fine but I still have no answer on my home loan. When will somebody actually reply with an answer?
Best regards,
Suresh Iyer"
THR000220,LA017074,4,agent,complaint,"Hello, The service manager will call you on your registered number within seven working days. The answer on your home loan will be given on that call. Regards."
THR000220,LA017074,5,customer,complaint,Dear Sir SR385033 - I received the call and the issue on my home loan is clear now. Please close this complaint. Thanks.
THR000220,LA017074,6,agent,complaint,"Dear customer, This is regarding application LA017074. SR781987 - Thank you for confirming that the home loan issue is clear. This complaint is being closed as resolved. Regards."
THR000221,LA027238,1,customer,kyc,"Hi team, My personal loan application is on hold. The bank statement I uploaded was rejected. Can you tell me why the bank statement was rejected?"
THR000221,LA027238,2,agent,kyc,"Dear sir, SR602886 - The bank statement was rejected because the scanned copy was not clearly readable. Please upload a fresh copy of the bank statement from your registered login. https://loanserve.example.in/help/kyc"
THR000221,LA027238,3,customer,kyc,My reference is LA027238. CASE461026 - I have uploaded the bank statement again today. How many days does bank statement verification take? Regards.
THR000221,LA027238,4,agent,kyc,Your bank statement is now under verification. A fresh bank statement is normally verified within two working days. www.loanserve.example.in/upload
THR000222,LA021172,1,customer,payment_issue,"I want to prepay Rs 50,000 on my vehicle loan. Does a part prepayment reduce the emi or the tenure?"
THR000222,LA021172,2,agent,payment_issue,"Dear customer, REF375750 - A part prepayment of Rs 50,000 can reduce either the emi or the tenure on your vehicle loan. You have to tell us which of the two you want. https://loanserve.example.in/help/kyc Thank you.
Best regards,
Meera Nair
Customer Service"
THR000222,LA021172,3,customer,payment_issue,"Dear Sir Please reduce the tenure and keep the emi as it is. Is there a prepayment charge on my vehicle loan?
Sent from my iPhone"
THR000222,LA021172,4,agent,payment_issue,"Dear customer, There is no prepayment charge on a floating rate vehicle loan. The tenure will reduce once the prepayment of Rs 50,000 is received. Thank you.
Thanks and regards,
Rohit Kulkarni
LoanServe Support"
THR000223,LA017839,1,customer,loan_query,"Good morning, SR759742 - I have been offered a lower rate by another bank. What is the process to transfer my vehicle loan to that bank? Thank you."
THR000223,LA017839,2,agent,loan_query,"Dear customer, This is regarding application LA017839. For a balance transfer of your vehicle loan we issue a foreclosure letter. The other bank pays the outstanding on your vehicle loan against that letter. Thank you."
THR000223,LA017839,3,customer,loan_query,"How long does the foreclosure letter take? Is there a charge for the balance transfer?
Sent from my iPhone"
THR000223,LA017839,4,agent,loan_query,"Dear sir, The foreclosure letter is issued within five working days. There is no charge on a floating rate vehicle loan for a balance transfer. Thanks and regards.
Best regards,
Priya Sharma
Customer Service"
THR000223,LA017839,5,customer,loan_query,"My reference is LA017839. TKT248435 - Please issue the foreclosure letter for my vehicle loan. Where will the letter be sent?
Sent from my iPhone"
THR000223,LA017839,6,agent,loan_query,The foreclosure letter will be sent to your registered email. A copy of the letter can also be collected from the branch. Regards.
THR000224,LA005620,1,customer,complaint,"Hi team, My reference is LA005620. A charge of Rs 750 has been debited on my vehicle loan and I was never told about this charge. Please explain why this charge was taken. Thanks.
--
Anita Desai
Customer"
THR000224,LA005620,2,agent,complaint,"Dear madam, The charge of Rs 750 on your vehicle loan is a late payment charge. It was applied because the june emi was paid after the due date. Thank you."
THR000224,LA005620,3,customer,complaint,"Dear madam, The emi was late because your own mandate failed. Why should a charge be taken from me for a failure at your end? Regards.
Thanks and regards,
Rohit Kulkarni"
THR000224,LA005620,4,agent,complaint,"Dear sir, You are right that the mandate failure was at our end. The charge of Rs 750 is being reversed on your vehicle loan. Thank you."
THR000225,LA001342,1,customer,kyc,My personal loan application is on hold. The pan card I uploaded was rejected. Can you tell me why the pan card was rejected?
THR000225,LA001342,2,agent,kyc,"Dear sir, The pan card was rejected because the scanned copy was not clearly readable. Please upload a fresh copy of the pan card from your registered login. Regards."
THR000225,LA001342,3,customer,kyc,My reference is LA001342. I have uploaded the pan card again today. How many days does pan card verification take? Thanks.
THR000225,LA001342,4,agent,kyc,Your pan card is now under verification. A fresh pan card is normally verified within two working days.
THR000226,LA023521,1,customer,payment_issue,"Good morning, CASE172062 - My emi for march has bounced. There was enough balance in my bank account on the emi date. Thank you."
THR000226,LA023521,2,agent,payment_issue,"Dear sir, CASE653436 - The emi bounced because the mandate on your bank account has expired. A fresh mandate has to be registered before the next emi is presented. www.loanserve.example.in/upload"
THR000226,LA023521,3,customer,payment_issue,How do I register a fresh mandate for the emi? Will a bounce charge be applied on this emi?
THR000226,LA023521,4,agent,payment_issue,"Dear customer, SR623502 - A fresh mandate can be registered from your login under the emi section. The bounce charge of Rs 750 has been waived on this emi. Thank you."
THR000227,LA017585,1,customer,loan_query,"Hi team, My reference is LA017585. TKT796872 - I have been offered a lower rate by another bank. What is the process to transfer my home loan to that bank? Thanks in advance.
Thanks and regards,
Priya Sharma"
THR000227,LA017585,2,agent,loan_query,"Dear madam, For a balance transfer of your home loan we issue a foreclosure letter. The other bank pays the outstanding on your home loan against that letter. Thanks and regards.
Best regards,
Arjun Menon
Customer Service"
THR000227,LA017585,3,customer,loan_query,"How long does the foreclosure letter take? Is there a charge for the balance transfer? Thanks.
On Mon, 12 May 2026, LoanServe Support wrote:
> Please share the document once more."
THR000227,LA017585,4,agent,loan_query,"Dear customer, This is regarding application LA017585. The foreclosure letter is issued within two working days. There is no charge on a floating rate home loan for a balance transfer. Thanks and regards."
THR000227,LA017585,5,customer,loan_query,"Hello, Please issue the foreclosure letter for my home loan. Where will the letter be sent?"
THR000227,LA017585,6,agent,loan_query,"Dear customer, This is regarding application LA017585. The foreclosure letter will be sent to your registered email. A copy of the letter can also be collected from the branch.
On Mon, 12 May 2026, LoanServe Support wrote:
> Please share the document once more.
Best regards,
Vikram Rao
Customer Service"
THR000228,LA017298,1,customer,complaint,"Hi team, I have written about my personal loan three times and nobody has replied. This is the fourth time I am writing about the same issue."
THR000228,LA017298,2,agent,complaint,"Dear sir, This is regarding application LA017298. CASE220129 - We are sorry that your earlier mails on the personal loan went unanswered. Your issue has been escalated to the service manager. Thank you."
THR000228,LA017298,3,customer,complaint,"Escalation is fine but I still have no answer on my personal loan. When will somebody actually reply with an answer? Awaiting your response.
On Mon, 12 May 2026, LoanServe Support wrote:
> Please share the document once more."
THR000228,LA017298,4,agent,complaint,SR646929 - The service manager will call you on your registered number within five working days. The answer on your personal loan will be given on that call. Thanks and regards.
THR000229,LA029563,1,customer,kyc,My kyc is showing as incomplete on my home loan. The name printed on my pan card does not match the name in your records.
THR000229,LA029563,2,agent,kyc,"Dear madam, The name mismatch on your pan card is the reason the kyc is incomplete. Please share a pan card that carries the corrected name. Thank you."
THR000229,LA029563,3,customer,kyc,"Good morning, REF557377 - I have attached the corrected pan card with the right name. Does anything else have to change for the kyc?"
THR000229,LA029563,4,agent,kyc,"Dear sir, The corrected pan card has been received and sent for checking. Nothing else is pending on your kyc right now."
THR000230,LA008378,1,customer,payment_issue,"Good morning, My emi for april has bounced. There was enough balance in my bank account on the emi date."
THR000230,LA008378,2,agent,payment_issue,"Dear sir, This is regarding application LA008378. The emi bounced because the mandate on your bank account has expired. A fresh mandate has to be registered before the next emi is presented. Thank you."
THR000230,LA008378,3,customer,payment_issue,How do I register a fresh mandate for the emi? Will a bounce charge be applied on this emi?
THR000230,LA008378,4,agent,payment_issue,"Dear customer, SR532951 - A fresh mandate can be registered from your login under the emi section. The bounce charge of Rs 1180 has been waived on this emi. www.loanserve.example.in/upload Thank you."
THR000231,LA010830,1,customer,loan_query,My reference is LA010830. I already hold a vehicle loan with you. Am I eligible for a top up on the same vehicle loan? Thank you.
THR000231,LA010830,2,agent,loan_query,"Dear sir, This is regarding application LA010830. SR297254 - A top up on your vehicle loan is possible after twelve emis have been paid on time. Your vehicle loan has nine emis paid so far.
Best regards,
Deepa Pillai
Customer Service"
THR000231,LA010830,3,customer,loan_query,My reference is LA010830. Every emi on that vehicle loan has been paid on time. What top up amount can I expect?
THR000231,LA010830,4,agent,loan_query,"Dear sir, The top up amount depends on the outstanding on your vehicle loan and on your income. A top up of about Rs 100,000 looks possible on your vehicle loan."
THR000232,LA010710,1,customer,complaint,"Respected sir, My reference is LA010710. I have written about my home loan three times and nobody has replied. This is the fourth time I am writing about the same issue. Thanks.
--
Arjun Menon
Customer"
THR000232,LA010710,2,agent,complaint,"Dear customer, We are sorry that your earlier mails on the home loan went unanswered. Your issue has been escalated to the service manager. Thank you.
Thanks and regards,
Suresh Iyer
LoanServe Support"
THR000232,LA010710,3,customer,complaint,Dear Sir Escalation is fine but I still have no answer on my home loan. When will somebody actually reply with an answer? Thanks in advance.
THR000232,LA010710,4,agent,complaint,"Dear customer, The service manager will call you on your registered number within three working days. The answer on your home loan will be given on that call. Thanks and regards."
THR000233,LA019402,1,customer,kyc,"Hi team, I was asked for a pan card for my home loan but I have already submitted it once. Why is the same pan card being asked for again?"
THR000233,LA019402,2,agent,kyc,"The pan card you submitted earlier was against your older application. A pan card has to be submitted again for this home loan.
Best regards,
Arjun Menon
Customer Service"
THR000233,LA019402,3,customer,kyc,My reference is LA019402. That is not convenient but I will send the pan card again. Can I bring the pan card to the branch instead of uploading it? Awaitng your response.
THR000233,LA019402,4,agent,kyc,"Dear madam, Yes, the pan card can be submitted at any branch. The branch will scan the pan card and attach it to your home loan application. https://loanserve.example.in/status Regards.
Thanks and regards,
Vikram Rao
LoanServe Support"
THR000234,LA017680,1,customer,payment_issue,"Dear sir, My reference is LA017680. I want to prepay Rs 150,000 on my gold loan. Does a part prepayment reduce the emi or the tenure?"
THR000234,LA017680,2,agent,payment_issue,"A part prepayment of Rs 150,000 can reduce either the emi or the tenure on your gold loan. You have to tell us which of the two you want. Regards.
Best regards,
Meera Nair
Customer Service"
THR000234,LA017680,3,customer,payment_issue,"Dear sir, Please reduce the tenure and keep the emi as it is. Is there a prepayment charge on my gold loan? https://loanserve.example.in/status Thank you."
THR000234,LA017680,4,agent,payment_issue,"Hello, This is regarding application LA017680. CASE844515 - There is no prepayment charge on a floating rate gold loan. The tenure will reduce once the prepayment of Rs 150,000 is received. Regards."
THR000235,LA001855,1,customer,loan_query,I already hold a home loan with you. Am I eligible for a top up on the same home loan?
THR000235,LA001855,2,agent,loan_query,"Dear customer, This is regarding application LA001855. A top up on your home loan is possible after twelve emis have been paid on time. Your home loan has nine emis paid so far. Thank you.
Best regards,
Kavita Joshi
Customer Service"
THR000235,LA001855,3,customer,loan_query,"Every emi on that home loan has been paid on time. What top up amount can I expect? Awaiting your response.
Thanks and regards,
Suresh Iyer"
THR000235,LA001855,4,agent,loan_query,"Dear sir, The top up amount depends on the outstanding on your home loan and on your income. A top up of about Rs 100,000 looks possible on your home loan. Thanks and regards.
On Mon, 12 May 2026, LoanServe Support wrote:
> Please share the document once more.
Thanks and regards,
Meera Nair
LoanServe Support"
THR000235,LA001855,5,customer,loan_query,"My reference is LA001855. CASE460669 - Rs 100,000 would work for me. Which documents are needed for the top up?
On Mon, 12 May 2026, LoanServe Support wrote:
> Please share the document once more."
THR000235,LA001855,6,agent,loan_query,"Dear customer, For the top up we need your latest income proof and bank statement. The home loan documents already with us do not have to be given again. Thank you.
Best regards,
Suresh Iyer
Customer Service"
THR000236,LA027672,1,customer,complaint,"Dear madam, My reference is LA027672. I have written about my personal loan three times and nobody has replied. This is the fourth time I am writing about the same issue. Thanks."
THR000236,LA027672,2,agent,complaint,"Dear madam, This is regarding application LA027672. CASE396905 - We are sorry that your earlier mails on the personal loan went unanswered. Your issue has been escalated to the service manager. Thank you.
Thanks and regards,
Anita Desai
LoanServe Support"
THR000236,LA027672,3,customer,complaint,Escalation is fine but I still have no answer on my personal loan. When will somebody actually reply with an answer?
THR000236,LA027672,4,agent,complaint,"Dear customer, This is regarding application LA027672. The service manager will call you on your registered number within seven working days. The answer on your personal loan will be given on that call. www.loanserve.example.in/upload Regards.
Thanks and regards,
Suresh Iyer
LoanServe Support"
THR000236,LA027672,5,customer,complaint,"Respected sir, I received the call and the issue on my personal loan is clear now. Please close this complaint.
On Mon, 12 May 2026, LoanServe Support wrote:
> Please share the document once more."
THR000236,LA027672,6,agent,complaint,"Hello, Thank you for confirming that the personal loan issue is clear. This complaint is being closed as resolved. Thank you."
THR000237,LA001397,1,customer,kyc,"Respected sir, I was asked for a pan card for my gold loan but I have already submitted it once. Why is the same pan card being asked for again? Thanks.
--
Deepa Pillai
Customer"
THR000237,LA001397,2,agent,kyc,"Dear customer, The pan card you submitted earlier was against your older application. A pan card has to be submitted again for this gold loan. Thank you.
Best regards,
Rahul Verma
Customer Service"
THR000237,LA001397,3,customer,kyc,"Hello, That is not convenient but I will send the pan card again. Can I bring the pan card to the branch instead of uploading it?
Thanks and regards,
Deepa Pillai"
THR000237,LA001397,4,agent,kyc,"Hello, Yes, the pan card can be submitted at any branch. The branch will scan the pan card and attach it to your gold loan application."
THR000238,LA013822,1,customer,payment_issue,"My reference is LA013822. I want to prepay Rs 50,000 on my vehicle loan. Does a part prepayment reduce the emi or the tenure? Awaiting your response."
THR000238,LA013822,2,agent,payment_issue,"A part prepayment of Rs 50,000 can reduce either the emi or the tenure on your vehicle loan. You have to tell us which of the two you want. Thanks and regards."
THR000238,LA013822,3,customer,payment_issue,"Good morning, Please reduce the tenure and keep the emi as it is. Is there a prepayment charge on my vehicle loan? Thank you."
THR000238,LA013822,4,agent,payment_issue,"This is regarding application LA013822. There is no prepayment charge on a floating rate vehicle loan. The tenure will reduce once the prepayment of Rs 50,000 is received."
THR000239,LA020373,1,customer,loan_query,My reference is LA020373. SR243543 - Is my personal loan eligible for a moratorium? My income has stopped for a few months and I cannot pay the emi. www.loanserve.example.in/upload Awaiting your response.
THR000239,LA020373,2,agent,loan_query,"Hello, This is regarding application LA020373. A moratorium on your personal loan is considered case by case. Interest keeps adding during the moratorium, so the tenure on your personal loan goes up. https://loanserve.example.in/help/kyc Regards."
THR000239,LA020373,3,customer,loan_query,I understand that the tenure will go up. What do I have to submit to apply for the moratorium? Awaitng your response.
THR000239,LA020373,4,agent,loan_query,This is regarding application LA020373. Please submit a written request along with proof of the income loss. The moratorium on your personal loan is decided within five working days. Thank you.
THR000240,LA009274,1,customer,complaint,Hi My reference is LA009274. SR202601 - The branch told me one interest rate on my vehicle loan and the sanction letter shows a different rate. I was given wrong information at the branch.
THR000240,LA009274,2,agent,complaint,"Dear madam, This is regarding application LA009274. REF126357 - We are sorry about the wrong information on your vehicle loan rate. The rate in the sanction letter is the rate that applies to your vehicle loan. https://loanserve.example.in/status Thank you."
THR000240,LA009274,3,customer,complaint,Then why was a lower rate quoted to me at the branch? I took the vehicle loan only because of the rate I was quoted.
THR000240,LA009274,4,agent,complaint,"Dear customer, The rate quoted to you was the card rate before your profile was scored. Your vehicle loan rate has been sent for review by the credit team. Thanks and regards.
On Mon, 12 May 2026, LoanServe Support wrote:
> Please share the document once more."
THR000240,LA009274,5,customer,complaint,"Respected sir, My reference is LA009274. SR290555 - Please tell me the outcome of that review in writing. I do not want another verbal answer on my vehicle loan. Thanks in advance.
Thanks and regards,
Suresh Iyer"
THR000240,LA009274,6,agent,complaint,"Hello, The outcome of the review will be sent to your registered email. Nothing on your vehicle loan will be communicated only by phone."
THR000241,LA015159,1,customer,kyc,"Dear sir, I was asked for a address proof for my personal loan but I have already submitted it once. Why is the same address proof being asked for again? Thanks."
THR000241,LA015159,2,agent,kyc,"Dear customer, This is regarding application LA015159. The address proof you submitted earlier was against your older application. A address proof has to be submitted again for this personal loan. Regards."
THR000241,LA015159,3,customer,kyc,"Dear sir, REF739731 - That is not convenient but I will send the address proof again. Can I bring the address proof to the branch instead of uploading it?"
THR000241,LA015159,4,agent,kyc,"Yes, the address proof can be submitted at any branch. The branch will scan the address proof and attach it to your personal loan application. https://loanserve.example.in/status Regards.
Best regards,
Meera Nair
Customer Service"
THR000242,LA017102,1,customer,payment_issue,"Respected sir, I want to prepay Rs 150,000 on my vehicle loan. Does a part prepayment reduce the emi or the tenure?
Sent from my iPhone"
THR000242,LA017102,2,agent,payment_issue,"Dear sir, CASE886825 - A part prepayment of Rs 150,000 can reduce either the emi or the tenure on your vehicle loan. You have to tell us which of the two you want. Thanks and regards."
THR000242,LA017102,3,customer,payment_issue,"Dear sir, SR391102 - Please reduce the tenure and keep the emi as it is. Is there a prepayment charge on my vehicle loan? Thank you."
THR000242,LA017102,4,agent,payment_issue,"There is no prepayment charge on a floating rate vehicle loan. The tenure will reduce once the prepayment of Rs 150,000 is received."
THR000243,LA001780,1,customer,loan_query,"Dear madam, REF788781 - I have been offered a lower rate by another bank. What is the process to transfer my personal loan to that bank?
Thanks and regards,
Suresh Iyer"
THR000243,LA001780,2,agent,loan_query,"For a balance transfer of your personal loan we issue a foreclosure letter. The other bank pays the outstanding on your personal loan against that letter. Regards.
Best regards,
Priya Sharma
Customer Service"
THR000243,LA001780,3,customer,loan_query,"How long does the foreclosure letter take? Is there a charge for the balance transfer?
Sent from my iPhone"
THR000243,LA001780,4,agent,loan_query,"Hello, The foreclosure letter is issued within five working days. There is no charge on a floating rate personal loan for a balance transfer. Regards.
Thanks and regards,
Priya Sharma
LoanServe Support"
THR000244,LA017539,1,customer,complaint,Hi REF312251 - I have written about my vehicle loan three times and nobody has replied. This is the fourth time I am writing about the same issue. Thanks in advance.
THR000244,LA017539,2,agent,complaint,"Dear sir, We are sorry that your earlier mails on the vehicle loan went unanswered. Your issue has been escalated to the service manager. Thanks and regards.
Best regards,
Meera Nair
Customer Service"
THR000244,LA017539,3,customer,complaint,"Hello, Escalation is fine but I still have no answer on my vehicle loan. When will somebody actually reply with an answer?"
THR000244,LA017539,4,agent,complaint,"Dear sir, SR595630 - The service manager will call you on your registered number within two working days. The answer on your vehicle loan will be given on that call. Regards."
THR000244,LA017539,5,customer,complaint,"Dear sir, My reference is LA017539. I received the call and the issue on my vehicle loan is clear now. Please close this complaint."
THR000244,LA017539,6,agent,complaint,"Dear madam, This is regarding application LA017539. Thank you for confirming that the vehicle loan issue is clear. This complaint is being closed as resolved."
THR000245,LA027109,1,customer,kyc,"My kyc is showing as incomplete on my gold loan. The name printed on my pan card does not match the name in your records. Awaitng your response.
Thanks and regards,
Arjun Menon"
THR000245,LA027109,2,agent,kyc,"Dear sir, SR856742 - The name mismatch on your pan card is the reason the kyc is incomplete. Please share a pan card that carries the corrected name. Thank you."
THR000245,LA027109,3,customer,kyc,My reference is LA027109. I have attached the corrected pan card with the right name. Does anything else have to change for the kyc? Thank you.
THR000245,LA027109,4,agent,kyc,"Dear madam, This is regarding application LA027109. The corrected pan card has been received and sent for checking. Nothing else is pending on your kyc right now. Regards."
THR000245,LA027109,5,customer,kyc,Hi My reference is LA027109. How will I know when the kyc is marked complete? Thanks in advance.
THR000245,LA027109,6,agent,kyc,"Dear madam, You will get an sms as soon as the kyc is marked complete. The kyc status also shows on your gold loan application page. Regards.
On Mon, 12 May 2026, LoanServe Support wrote:
> Please share the document once more."
THR000246,LA014670,1,customer,payment_issue,My emi for august has bounced. There was enough balance in my bank account on the emi date.
THR000246,LA014670,2,agent,payment_issue,"Hello, This is regarding application LA014670. The emi bounced because the mandate on your bank account has expired. A fresh mandate has to be registered before the next emi is presented. Regards."
THR000246,LA014670,3,customer,payment_issue,"CASE943330 - How do I register a fresh mandate for the emi? Will a bounce charge be applied on this emi? Awaitng your response.
On Mon, 12 May 2026, LoanServe Support wrote:
> Please share the document once more.
Best regards,
Rohit Kulkarni"
THR000246,LA014670,4,agent,payment_issue,"Dear madam, This is regarding application LA014670. A fresh mandate can be registered from your login under the emi section. The bounce charge of Rs 500 has been waived on this emi.
Thanks and regards,
Arjun Menon
LoanServe Support"
THR000247,LA014906,1,customer,loan_query,"Dear madam, TKT690122 - I have been offered a lower rate by another bank. What is the process to transfer my gold loan to that bank? Thank you.
Best regards,
Vikram Rao"
THR000247,LA014906,2,agent,loan_query,This is regarding application LA014906. For a balance transfer of your gold loan we issue a foreclosure letter. The other bank pays the outstanding on your gold loan against that letter.
THR000247,LA014906,3,customer,loan_query,How long does the foreclosure letter take? Is there a charge for the balance transfer?
THR000247,LA014906,4,agent,loan_query,"The foreclosure letter is issued within two working days. There is no charge on a floating rate gold loan for a balance transfer. Thank you.
Thanks and regards,
Deepa Pillai
LoanServe Support"
THR000247,LA014906,5,customer,loan_query,TKT447443 - Please issue the foreclosure letter for my gold loan. Where will the letter be sent? Thanks in advance.
THR000247,LA014906,6,agent,loan_query,The foreclosure letter will be sent to your registered email. A copy of the letter can also be collected from the branch. Thanks and regards.
THR000248,LA013715,1,customer,complaint,"Good morning, A charge of Rs 1180 has been debited on my gold loan and I was never told about this charge. Please explain why this charge was taken.
Sent from my iPhone"
THR000248,LA013715,2,agent,complaint,"Dear madam, The charge of Rs 1180 on your gold loan is a late payment charge. It was applied because the june emi was paid after the due date. https://loanserve.example.in/status"
THR000248,LA013715,3,customer,complaint,"Hi team, My reference is LA013715. The emi was late because your own mandate failed. Why should a charge be taken from me for a failure at your end? Thanks in advance."
THR000248,LA013715,4,agent,complaint,You are right that the mandate failure was at our end. The charge of Rs 1180 is being reversed on your gold loan. Thanks and regards.
THR000249,LA010369,1,customer,kyc,"Good morning, My kyc is showing as incomplete on my home loan. The name printed on my bank statement does not match the name in your records."
THR000249,LA010369,2,agent,kyc,"Dear madam, This is regarding application LA010369. The name mismatch on your bank statement is the reason the kyc is incomplete. Please share a bank statement that carries the corrected name. https://loanserve.example.in/help/kyc Thank you."
THR000249,LA010369,3,customer,kyc,"Hello, My reference is LA010369. SR103387 - I have attached the corrected bank statement with the right name. Does anything else have to change for the kyc?"
THR000249,LA010369,4,agent,kyc,"Dear sir, SR724966 - The corrected bank statement has been received and sent for checking. Nothing else is pending on your kyc right now. Thank you.
On Mon, 12 May 2026, LoanServe Support wrote:
> Please share the document once more.
Thanks and regards,
Anita Desai
LoanServe Support"
THR000249,LA010369,5,customer,kyc,CASE497125 - How will I know when the kyc is marked complete?
THR000249,LA010369,6,agent,kyc,"SR271891 - You will get an sms as soon as the kyc is marked complete. The kyc status also shows on your home loan application page. Thank you.
On Mon, 12 May 2026, LoanServe Support wrote:
> Please share the document once more."
THR000250,LA030043,1,customer,payment_issue,"Good morning, SR387882 - I want to prepay Rs 100,000 on my vehicle loan. Does a part prepayment reduce the emi or the tenure?"
THR000250,LA030043,2,agent,payment_issue,"Dear madam, This is regarding application LA030043. SR514236 - A part prepayment of Rs 100,000 can reduce either the emi or the tenure on your vehicle loan. You have to tell us which of the two you want. https://loanserve.example.in/status"
THR000250,LA030043,3,customer,payment_issue,Dear Sir My reference is LA030043. Please reduce the tenure and keep the emi as it is. Is there a prepayment charge on my vehicle loan?
THR000250,LA030043,4,agent,payment_issue,"There is no prepayment charge on a floating rate vehicle loan. The tenure will reduce once the prepayment of Rs 100,000 is received."
THR000251,LA014909,1,customer,loan_query,Hi My reference is LA014909. CASE988946 - Is my personal loan eligible for a moratorium? My income has stopped for a few months and I cannot pay the emi. Thanks in advance.
THR000251,LA014909,2,agent,loan_query,"Dear sir, A moratorium on your personal loan is considered case by case. Interest keeps adding during the moratorium, so the tenure on your personal loan goes up. Thanks and regards.
Best regards,
Priya Sharma
Customer Service"
THR000251,LA014909,3,customer,loan_query,"Respected sir, TKT175379 - I understand that the tenure will go up. What do I have to submit to apply for the moratorium? Thanks in advance.
--
Deepa Pillai
Customer"
THR000251,LA014909,4,agent,loan_query,"Hello, This is regarding application LA014909. TKT511858 - Please submit a written request along with proof of the income loss. The moratorium on your personal loan is decided within two working days. Regards."
THR000252,LA002923,1,customer,complaint,"Dear sir, I have written about my gold loan three times and nobody has replied. This is the fourth time I am writing about the same issue. Regards."
THR000252,LA002923,2,agent,complaint,"Dear sir, We are sorry that your earlier mails on the gold loan went unanswered. Your issue has been escalated to the service manager. https://loanserve.example.in/help/kyc Thanks and regards."
THR000252,LA002923,3,customer,complaint,Dear Sir SR136343 - Escalation is fine but I still have no answer on my gold loan. When will somebody actually reply with an answer? Thanks.
THR000252,LA002923,4,agent,complaint,"This is regarding application LA002923. REF971247 - The service manager will call you on your registered number within seven working days. The answer on your gold loan will be given on that call. https://loanserve.example.in/help/kyc Regards.
Thanks and regards,
Suresh Iyer
LoanServe Support"
THR000253,LA021284,1,customer,kyc,My reference is LA021284. SR673278 - My gold loan application is on hold. The pan card I uploaded was rejected. Can you tell me why the pan card was rejected?
THR000253,LA021284,2,agent,kyc,"Dear madam, This is regarding application LA021284. The pan card was rejected because the address on it did not match your application. Please upload a fresh copy of the pan card from your registered login. Thanks and regards.
Best regards,
Rahul Verma
Customer Service"
THR000253,LA021284,3,customer,kyc,My reference is LA021284. I have uploaded the pan card again today. How many days does pan card verification take? Thanks.
THR000253,LA021284,4,agent,kyc,CASE142349 - Your pan card is now under verification. A fresh pan card is normally verified within two working days. https://loanserve.example.in/status Thanks and regards.
THR000253,LA021284,5,customer,kyc,"TKT538401 - Will my gold loan sanction be delayed because the pan card was rejected once?
On Mon, 12 May 2026, LoanServe Support wrote:
> Please share the document once more."
THR000253,LA021284,6,agent,kyc,"Dear sir, This is regarding application LA021284. REF258381 - The gold loan sanction will move ahead as soon as the pan card is verified. No further delay is expected on your gold loan application. Regards."
THR000254,LA011438,1,customer,payment_issue,"Hi team, I want to prepay Rs 50,000 on my personal loan. Does a part prepayment reduce the emi or the tenure?"
THR000254,LA011438,2,agent,payment_issue,"Dear sir, This is regarding application LA011438. A part prepayment of Rs 50,000 can reduce either the emi or the tenure on your personal loan. You have to tell us which of the two you want. Thank you."
THR000254,LA011438,3,customer,payment_issue,"Dear sir, My reference is LA011438. Please reduce the tenure and keep the emi as it is. Is there a prepayment charge on my personal loan?"
THR000254,LA011438,4,agent,payment_issue,"Hello, There is no prepayment charge on a floating rate personal loan. The tenure will reduce once the prepayment of Rs 50,000 is received."
THR000255,LA025751,1,customer,loan_query,"My reference is LA025751. Is my home loan eligible for a moratorium? My income has stopped for a few months and I cannot pay the emi.
Best regards,
Anita Desai"
THR000255,LA025751,2,agent,loan_query,"Dear madam, This is regarding application LA025751. REF764197 - A moratorium on your home loan is considered case by case. Interest keeps adding during the moratorium, so the tenure on your home loan goes up. www.loanserve.example.in/upload"
THR000255,LA025751,3,customer,loan_query,I understand that the tenure will go up. What do I have to submit to apply for the moratorium?
THR000255,LA025751,4,agent,loan_query,This is regarding application LA025751. Please submit a written request along with proof of the income loss. The moratorium on your home loan is decided within three working days. Regards.
THR000256,LA025577,1,customer,complaint,"SR509273 - I have written about my gold loan three times and nobody has replied. This is the fourth time I am writing about the same issue. Regards.
--
Anita Desai
Customer"
THR000256,LA025577,2,agent,complaint,"Dear customer, We are sorry that your earlier mails on the gold loan went unanswered. Your issue has been escalated to the service manager. Regards.
Thanks and regards,
Kavita Joshi
LoanServe Support"
THR000256,LA025577,3,customer,complaint,Hi CASE514548 - Escalation is fine but I still have no answer on my gold loan. When will somebody actually reply with an answer? https://loanserve.example.in/help/kyc
THR000256,LA025577,4,agent,complaint,"Dear sir, The service manager will call you on your registered number within five working days. The answer on your gold loan will be given on that call. Thank you.
Thanks and regards,
Priya Sharma
LoanServe Support"
THR000257,LA014818,1,customer,kyc,My reference is LA014818. I was asked for a salary slip for my personal loan but I have already submitted it once. Why is the same salary slip being asked for again? Awaitng your response.
THR000257,LA014818,2,agent,kyc,REF514628 - The salary slip you submitted earlier was against your older application. A salary slip has to be submitted again for this personal loan. Regards.
THR000257,LA014818,3,customer,kyc,"CASE659648 - That is not convenient but I will send the salary slip again. Can I bring the salary slip to the branch instead of uploading it? www.loanserve.example.in/upload
On Mon, 12 May 2026, LoanServe Support wrote:
> Please share the document once more."
THR000257,LA014818,4,agent,kyc,"Dear customer, Yes, the salary slip can be submitted at any branch. The branch will scan the salary slip and attach it to your personal loan application. Thank you.
On Mon, 12 May 2026, LoanServe Support wrote:
> Please share the document once more.
Thanks and regards,
Vikram Rao
LoanServe Support"
THR000258,LA012858,1,customer,payment_issue,"Dear madam, I want to change my emi date to the 7th of the month. My salary is credited late and the present emi date does not suit me. Awaitng your response."
THR000258,LA012858,2,agent,payment_issue,"Dear madam, SR662030 - The emi date can be moved to the 7th from the next cycle. A fresh mandate is needed for the changed emi date. Thank you.
Thanks and regards,
Priya Sharma
LoanServe Support"
THR000258,LA012858,3,customer,payment_issue,Please go ahead with the change. Is there any charge for changing the emi date?
THR000258,LA012858,4,agent,payment_issue,"This is regarding application LA012858. A charge of Rs 250 applies for changing the emi date. The new emi date takes effect from the next cycle.
Best regards,
Meera Nair
Customer Service"
THR000258,LA012858,5,customer,payment_issue,"Hello, My reference is LA012858. The charge is acceptable to me. When will the new emi date show in my account?"
THR000258,LA012858,6,agent,payment_issue,"Hello, This is regarding application LA012858. The new emi date will show in your account once the fresh mandate is active. Your emi amount does not change. Thanks and regards.
Best regards,
Priya Sharma
Customer Service"
THR000259,LA026481,1,customer,loan_query,Hi My reference is LA026481. REF586647 - Is my gold loan eligible for a moratorium? My income has stopped for a few months and I cannot pay the emi. Regards.
THR000259,LA026481,2,agent,loan_query,"A moratorium on your gold loan is considered case by case. Interest keeps adding during the moratorium, so the tenure on your gold loan goes up. Thanks and regards."
THR000259,LA026481,3,customer,loan_query,"Dear madam, SR940180 - I understand that the tenure will go up. What do I have to submit to apply for the moratorium?"
THR000259,LA026481,4,agent,loan_query,This is regarding application LA026481. Please submit a written request along with proof of the income loss. The moratorium on your gold loan is decided within three working days. Thank you.
THR000260,LA000433,1,customer,complaint,Hi A charge of Rs 500 has been debited on my vehicle loan and I was never told about this charge. Please explain why this charge was taken. Regards.
THR000260,LA000433,2,agent,complaint,"Dear madam, The charge of Rs 500 on your vehicle loan is a late payment charge. It was applied because the may emi was paid after the due date. Thanks and regards."
THR000260,LA000433,3,customer,complaint,"Hi team, CASE697449 - The emi was late because your own mandate failed. Why should a charge be taken from me for a failure at your end?"
THR000260,LA000433,4,agent,complaint,"Dear customer, You are right that the mandate failure was at our end. The charge of Rs 500 is being reversed on your vehicle loan. Regards.
On Mon, 12 May 2026, LoanServe Support wrote:
> Please share the document once more.
Best regards,
Meera Nair
Customer Service"
THR000261,LA001784,1,customer,kyc,CASE477195 - My kyc is showing as incomplete on my vehicle loan. The name printed on my income proof does not match the name in your records.
THR000261,LA001784,2,agent,kyc,"Dear customer, This is regarding application LA001784. The name mismatch on your income proof is the reason the kyc is incomplete. Please share a income proof that carries the corrected name. Thank you."
THR000261,LA001784,3,customer,kyc,My reference is LA001784. TKT293586 - I have attached the corrected income proof with the right name. Does anything else have to change for the kyc?
THR000261,LA001784,4,agent,kyc,"Dear sir, SR928417 - The corrected income proof has been received and sent for checking. Nothing else is pending on your kyc right now. Thanks and regards.
Best regards,
Rahul Verma
Customer Service"
THR000261,LA001784,5,customer,kyc,"Good morning, How will I know when the kyc is marked complete?"
THR000261,LA001784,6,agent,kyc,"Dear sir, TKT879583 - You will get an sms as soon as the kyc is marked complete. The kyc status also shows on your vehicle loan application page. Regards."
THR000262,LA004242,1,customer,payment_issue,"Hello, My reference is LA004242. My emi for july has bounced. There was enough balance in my bank account on the emi date. Thank you.
--
Anita Desai
Customer"
THR000262,LA004242,2,agent,payment_issue,"This is regarding application LA004242. SR389383 - The emi bounced because the mandate on your bank account has expired. A fresh mandate has to be registered before the next emi is presented.
Thanks and regards,
Meera Nair
LoanServe Support"
THR000262,LA004242,3,customer,payment_issue,"Respected sir, How do I register a fresh mandate for the emi? Will a bounce charge be applied on this emi?
Best regards,
Kavita Joshi"
THR000262,LA004242,4,agent,payment_issue,A fresh mandate can be registered from your login under the emi section. The bounce charge of Rs 500 has been waived on this emi. Thanks and regards.
THR000263,LA023669,1,customer,loan_query,Hi I have been offered a lower rate by another bank. What is the process to transfer my personal loan to that bank?
THR000263,LA023669,2,agent,loan_query,"Dear customer, For a balance transfer of your personal loan we issue a foreclosure letter. The other bank pays the outstanding on your personal loan against that letter. www.loanserve.example.in/upload Thanks and regards."
THR000263,LA023669,3,customer,loan_query,"Good morning, CASE652023 - How long does the foreclosure letter take? Is there a charge for the balance transfer? Awaitng your response."
THR000263,LA023669,4,agent,loan_query,The foreclosure letter is issued within seven working days. There is no charge on a floating rate personal loan for a balance transfer.
THR000264,LA022151,1,customer,complaint,"Good morning, My reference is LA022151. A charge of Rs 250 has been debited on my home loan and I was never told about this charge. Please explain why this charge was taken. Regards.
--
Rohit Kulkarni
Customer"
THR000264,LA022151,2,agent,complaint,"Dear sir, REF929792 - The charge of Rs 250 on your home loan is a late payment charge. It was applied because the april emi was paid after the due date. Regards.
Best regards,
Priya Sharma
Customer Service"
THR000264,LA022151,3,customer,complaint,"REF686609 - The emi was late because your own mandate failed. Why should a charge be taken from me for a failure at your end? Thank you.
On Mon, 12 May 2026, LoanServe Support wrote:
> Please share the document once more."
THR000264,LA022151,4,agent,complaint,"Dear sir, This is regarding application LA022151. TKT678073 - You are right that the mandate failure was at our end. The charge of Rs 250 is being reversed on your home loan. Regards."
THR000265,LA008202,1,customer,kyc,"Dear sir, My reference is LA008202. My kyc is showing as incomplete on my vehicle loan. The name printed on my address proof does not match the name in your records."
THR000265,LA008202,2,agent,kyc,The name mismatch on your address proof is the reason the kyc is incomplete. Please share a address proof that carries the corrected name. Regards.
THR000265,LA008202,3,customer,kyc,I have attached the corrected address proof with the right name. Does anything else have to change for the kyc?
THR000265,LA008202,4,agent,kyc,"Dear madam, This is regarding application LA008202. SR533796 - The corrected address proof has been received and sent for checking. Nothing else is pending on your kyc right now. www.loanserve.example.in/upload Thanks and regards."
THR000266,LA023772,1,customer,payment_issue,"Respected sir, I want to prepay Rs 50,000 on my gold loan. Does a part prepayment reduce the emi or the tenure?"
THR000266,LA023772,2,agent,payment_issue,"A part prepayment of Rs 50,000 can reduce either the emi or the tenure on your gold loan. You have to tell us which of the two you want. Thanks and regards.
Thanks and regards,
Anita Desai
LoanServe Support"
THR000266,LA023772,3,customer,payment_issue,My reference is LA023772. Please reduce the tenure and keep the emi as it is. Is there a prepayment charge on my gold loan?
THR000266,LA023772,4,agent,payment_issue,"Dear madam, This is regarding application LA023772. TKT202879 - There is no prepayment charge on a floating rate gold loan. The tenure will reduce once the prepayment of Rs 50,000 is received. www.loanserve.example.in/upload Regards."
THR000267,LA031643,1,customer,loan_query,"Hi team, My reference is LA031643. CASE871331 - I have been offered a lower rate by another bank. What is the process to transfer my personal loan to that bank?"
THR000267,LA031643,2,agent,loan_query,"Dear customer, For a balance transfer of your personal loan we issue a foreclosure letter. The other bank pays the outstanding on your personal loan against that letter. Thank you."
THR000267,LA031643,3,customer,loan_query,"Hello, How long does the foreclosure letter take? Is there a charge for the balance transfer? Awaiting your response."
THR000267,LA031643,4,agent,loan_query,"Dear madam, The foreclosure letter is issued within seven working days. There is no charge on a floating rate personal loan for a balance transfer. Thank you."
THR000268,LA026583,1,customer,complaint,My reference is LA026583. SR666116 - I have written about my vehicle loan three times and nobody has replied. This is the fourth time I am writing about the same issue.
THR000268,LA026583,2,agent,complaint,"Hello, This is regarding application LA026583. SR249373 - We are sorry that your earlier mails on the vehicle loan went unanswered. Your issue has been escalated to the service manager. Thank you.
Best regards,
Rahul Verma
Customer Service"
THR000268,LA026583,3,customer,complaint,Escalation is fine but I still have no answer on my vehicle loan. When will somebody actually reply with an answer? Thanks in advance.
THR000268,LA026583,4,agent,complaint,"Dear customer, TKT415246 - The service manager will call you on your registered number within five working days. The answer on your vehicle loan will be given on that call. Thank you."
THR000268,LA026583,5,customer,complaint,I received the call and the issue on my vehicle loan is clear now. Please close this complaint.
THR000268,LA026583,6,agent,complaint,"Dear sir, CASE975376 - Thank you for confirming that the vehicle loan issue is clear. This complaint is being closed as resolved."
THR000269,LA028043,1,customer,kyc,"Dear Sir My reference is LA028043. My gold loan application is on hold. The income proof I uploaded was rejected. Can you tell me why the income proof was rejected? Thank you.
Best regards,
Priya Sharma"
THR000269,LA028043,2,agent,kyc,"Dear madam, This is regarding application LA028043. REF641537 - The income proof was rejected because the address on it did not match your application. Please upload a fresh copy of the income proof from your registered login. https://loanserve.example.in/status Thank you.
Thanks and regards,
Meera Nair
LoanServe Support"
THR000269,LA028043,3,customer,kyc,"Hi team, I have uploaded the income proof again today. How many days does income proof verification take? Awaitng your response.
On Mon, 12 May 2026, LoanServe Support wrote:
> Please share the document once more."
THR000269,LA028043,4,agent,kyc,"Hello, CASE925448 - Your income proof is now under verification. A fresh income proof is normally verified within two working days. https://loanserve.example.in/status Regards.
On Mon, 12 May 2026, LoanServe Support wrote:
> Please share the document once more."
THR000269,LA028043,5,customer,kyc,My reference is LA028043. Will my gold loan sanction be delayed because the income proof was rejected once? https://loanserve.example.in/help/kyc
THR000269,LA028043,6,agent,kyc,"This is regarding application LA028043. The gold loan sanction will move ahead as soon as the income proof is verified. No further delay is expected on your gold loan application. https://loanserve.example.in/status Regards.
Best regards,
Deepa Pillai
Customer Service"
THR000270,LA006182,1,customer,payment_issue,My emi for march has bounced. There was enough balance in my bank account on the emi date. Thanks in advance.
THR000270,LA006182,2,agent,payment_issue,"Dear customer, CASE713341 - The emi bounced because the mandate on your bank account has expired. A fresh mandate has to be registered before the next emi is presented. Thanks and regards."
THR000270,LA006182,3,customer,payment_issue,"Dear Sir My reference is LA006182. SR233299 - How do I register a fresh mandate for the emi? Will a bounce charge be applied on this emi? Thanks in advance.
--
Anita Desai
Customer"
THR000270,LA006182,4,agent,payment_issue,"Hello, A fresh mandate can be registered from your login under the emi section. The bounce charge of Rs 750 has been waived on this emi. Thanks and regards."
THR000270,LA006182,5,customer,payment_issue,"Hi team, I have registered the fresh mandate today. Will the march emi be presented once more? Thanks in advance.
On Mon, 12 May 2026, LoanServe Support wrote:
> Please share the document once more."
THR000270,LA006182,6,agent,payment_issue,"Dear madam, The march emi will be presented again once the fresh mandate is active. No further action is needed from your side on the emi. Regards."
THR000271,LA019155,1,customer,loan_query,I have been offered a lower rate by another bank. What is the process to transfer my home loan to that bank? Thanks.
THR000271,LA019155,2,agent,loan_query,"Dear sir, This is regarding application LA019155. For a balance transfer of your home loan we issue a foreclosure letter. The other bank pays the outstanding on your home loan against that letter. https://loanserve.example.in/status Thank you."
THR000271,LA019155,3,customer,loan_query,"My reference is LA019155. How long does the foreclosure letter take? Is there a charge for the balance transfer?
Best regards,
Vikram Rao"
THR000271,LA019155,4,agent,loan_query,"Hello, The foreclosure letter is issued within five working days. There is no charge on a floating rate home loan for a balance transfer.
Thanks and regards,
Arjun Menon
LoanServe Support"
THR000272,LA011104,1,customer,complaint,"Dear madam, The branch told me one interest rate on my personal loan and the sanction letter shows a different rate. I was given wrong information at the branch.
Thanks and regards,
Deepa Pillai"
THR000272,LA011104,2,agent,complaint,"Dear madam, This is regarding application LA011104. We are sorry about the wrong information on your personal loan rate. The rate in the sanction letter is the rate that applies to your personal loan. Regards."
THR000272,LA011104,3,customer,complaint,My reference is LA011104. Then why was a lower rate quoted to me at the branch? I took the personal loan only because of the rate I was quoted. Awaitng your response.
THR000272,LA011104,4,agent,complaint,"Dear customer, The rate quoted to you was the card rate before your profile was scored. Your personal loan rate has been sent for review by the credit team. Thank you."
THR000272,LA011104,5,customer,complaint,"Dear sir, My reference is LA011104. SR936942 - Please tell me the outcome of that review in writing. I do not want another verbal answer on my personal loan."
THR000272,LA011104,6,agent,complaint,"Dear madam, The outcome of the review will be sent to your registered email. Nothing on your personal loan will be communicated only by phone. Thanks and regards.
Best regards,
Priya Sharma
Customer Service"
THR000273,LA029075,1,customer,kyc,Dear Sir My home loan application is on hold. The pan card I uploaded was rejected. Can you tell me why the pan card was rejected? Regards.
THR000273,LA029075,2,agent,kyc,"Dear customer, The pan card was rejected because the address on it did not match your application. Please upload a fresh copy of the pan card from your registered login. Thank you.
Best regards,
Anita Desai
Customer Service"
THR000273,LA029075,3,customer,kyc,My reference is LA029075. I have uploaded the pan card again today. How many days does pan card verification take?
THR000273,LA029075,4,agent,kyc,"Hello, This is regarding application LA029075. Your pan card is now under verification. A fresh pan card is normally verified within two working days. https://loanserve.example.in/status Thanks and regards.
Thanks and regards,
Arjun Menon
LoanServe Support"
THR000273,LA029075,5,customer,kyc,"Good morning, Will my home loan sanction be delayed because the pan card was rejected once?"
THR000273,LA029075,6,agent,kyc,"Dear sir, CASE702212 - The home loan sanction will move ahead as soon as the pan card is verified. No further delay is expected on your home loan application. Regards.
Thanks and regards,
Suresh Iyer
LoanServe Support"
THR000274,LA005683,1,customer,payment_issue,My reference is LA005683. CASE752056 - My emi for may has bounced. There was enough balance in my bank account on the emi date.
THR000274,LA005683,2,agent,payment_issue,"Hello, This is regarding application LA005683. The emi bounced because the mandate on your bank account has expired. A fresh mandate has to be registered before the next emi is presented. Thank you."
THR000274,LA005683,3,customer,payment_issue,My reference is LA005683. How do I register a fresh mandate for the emi? Will a bounce charge be applied on this emi?
THR000274,LA005683,4,agent,payment_issue,This is regarding application LA005683. A fresh mandate can be registered from your login under the emi section. The bounce charge of Rs 250 has been waived on this emi. Thank you.
THR000275,LA015113,1,customer,loan_query,"Hi My reference is LA015113. I already hold a vehicle loan with you. Am I eligible for a top up on the same vehicle loan? https://loanserve.example.in/status Regards.
--
Anita Desai
Customer"
THR000275,LA015113,2,agent,loan_query,"Dear sir, A top up on your vehicle loan is possible after twelve emis have been paid on time. Your vehicle loan has eighteen emis paid so far.
Thanks and regards,
Rohit Kulkarni
LoanServe Support"
THR000275,LA015113,3,customer,loan_query,My reference is LA015113. Every emi on that vehicle loan has been paid on time. What top up amount can I expect? Regards.
THR000275,LA015113,4,agent,loan_query,"Dear madam, This is regarding application LA015113. The top up amount depends on the outstanding on your vehicle loan and on your income. A top up of about Rs 150,000 looks possible on your vehicle loan. www.loanserve.example.in/upload Thanks and regards.
Best regards,
Vikram Rao
Customer Service"
THR000275,LA015113,5,customer,loan_query,"Hi team, REF773474 - Rs 150,000 would work for me. Which documents are needed for the top up?"
THR000275,LA015113,6,agent,loan_query,"Dear madam, For the top up we need your latest income proof and bank statement. The vehicle loan documents already with us do not have to be given again. Thank you.
Best regards,
Deepa Pillai
Customer Service"
THR000276,LA014217,1,customer,complaint,The branch told me one interest rate on my personal loan and the sanction letter shows a different rate. I was given wrong information at the branch. www.loanserve.example.in/upload
THR000276,LA014217,2,agent,complaint,"Dear customer, This is regarding application LA014217. REF602723 - We are sorry about the wrong information on your personal loan rate. The rate in the sanction letter is the rate that applies to your personal loan. Thank you."
THR000276,LA014217,3,customer,complaint,"Good morning, My reference is LA014217. TKT520253 - Then why was a lower rate quoted to me at the branch? I took the personal loan only because of the rate I was quoted."
THR000276,LA014217,4,agent,complaint,"The rate quoted to you was the card rate before your profile was scored. Your personal loan rate has been sent for review by the credit team.
On Mon, 12 May 2026, LoanServe Support wrote:
> Please share the document once more."
THR000277,LA028286,1,customer,kyc,SR261250 - My kyc is showing as incomplete on my gold loan. The name printed on my income proof does not match the name in your records.
THR000277,LA028286,2,agent,kyc,"TKT234504 - The name mismatch on your income proof is the reason the kyc is incomplete. Please share a income proof that carries the corrected name. Regards.
Best regards,
Meera Nair
Customer Service"
THR000277,LA028286,3,customer,kyc,"I have attached the corrected income proof with the right name. Does anything else have to change for the kyc? Thanks in advance.
Sent from my iPhone"
THR000277,LA028286,4,agent,kyc,"Hello, SR509115 - The corrected income proof has been received and sent for checking. Nothing else is pending on your kyc right now."
THR000277,LA028286,5,customer,kyc,"How will I know when the kyc is marked complete? Awaiting your response.
On Mon, 12 May 2026, LoanServe Support wrote:
> Please share the document once more."
THR000277,LA028286,6,agent,kyc,"Hello, This is regarding application LA028286. You will get an sms as soon as the kyc is marked complete. The kyc status also shows on your gold loan application page. Thank you."
THR000278,LA015664,1,customer,payment_issue,TKT708319 - My emi for august has bounced. There was enough balance in my bank account on the emi date. Awaitng your response.
THR000278,LA015664,2,agent,payment_issue,"Dear sir, The emi bounced because the mandate on your bank account has expired. A fresh mandate has to be registered before the next emi is presented."
THR000278,LA015664,3,customer,payment_issue,"Hi How do I register a fresh mandate for the emi? Will a bounce charge be applied on this emi? Awaiting your response.
Thanks and regards,
Anita Desai"
THR000278,LA015664,4,agent,payment_issue,"Hello, A fresh mandate can be registered from your login under the emi section. The bounce charge of Rs 750 has been waived on this emi.
Best regards,
Rahul Verma
Customer Service"
THR000278,LA015664,5,customer,payment_issue,"I have registered the fresh mandate today. Will the august emi be presented once more? https://loanserve.example.in/status Regards.
Best regards,
Vikram Rao"
THR000278,LA015664,6,agent,payment_issue,"Dear customer, The august emi will be presented again once the fresh mandate is active. No further action is needed from your side on the emi. Thanks and regards."
THR000279,LA021408,1,customer,loan_query,"Good morning, I have been offered a lower rate by another bank. What is the process to transfer my home loan to that bank?"
THR000279,LA021408,2,agent,loan_query,"This is regarding application LA021408. For a balance transfer of your home loan we issue a foreclosure letter. The other bank pays the outstanding on your home loan against that letter. Thank you.
Best regards,
Meera Nair
Customer Service"
THR000279,LA021408,3,customer,loan_query,"Respected sir, How long does the foreclosure letter take? Is there a charge for the balance transfer? Thanks in advance."
THR000279,LA021408,4,agent,loan_query,"Dear customer, This is regarding application LA021408. The foreclosure letter is issued within seven working days. There is no charge on a floating rate home loan for a balance transfer. Thank you.
Thanks and regards,
Meera Nair
LoanServe Support"
THR000279,LA021408,5,customer,loan_query,"Hello, TKT187380 - Please issue the foreclosure letter for my home loan. Where will the letter be sent?"
THR000279,LA021408,6,agent,loan_query,"This is regarding application LA021408. The foreclosure letter will be sent to your registered email. A copy of the letter can also be collected from the branch. Regards.
On Mon, 12 May 2026, LoanServe Support wrote:
> Please share the document once more."
THR000280,LA011870,1,customer,complaint,"Respected sir, I have written about my gold loan three times and nobody has replied. This is the fourth time I am writing about the same issue."
THR000280,LA011870,2,agent,complaint,"Dear madam, This is regarding application LA011870. We are sorry that your earlier mails on the gold loan went unanswered. Your issue has been escalated to the service manager."
THR000280,LA011870,3,customer,complaint,Escalation is fine but I still have no answer on my gold loan. When will somebody actually reply with an answer?
THR000280,LA011870,4,agent,complaint,"Hello, The service manager will call you on your registered number within two working days. The answer on your gold loan will be given on that call. Thanks and regards."
THR000280,LA011870,5,customer,complaint,"Dear Sir I received the call and the issue on my gold loan is clear now. Please close this complaint.
On Mon, 12 May 2026, LoanServe Support wrote:
> Please share the document once more."
THR000280,LA011870,6,agent,complaint,"Dear customer, TKT863708 - Thank you for confirming that the gold loan issue is clear. This complaint is being closed as resolved. Regards.
Thanks and regards,
Rahul Verma
LoanServe Support"
THR000281,LA003889,1,customer,kyc,"Dear madam, My reference is LA003889. SR152923 - My home loan application is on hold. The bank statement I uploaded was rejected. Can you tell me why the bank statement was rejected? Thanks.
Thanks and regards,
Rohit Kulkarni"
THR000281,LA003889,2,agent,kyc,"Dear sir, CASE529606 - The bank statement was rejected because the scanned copy was not clearly readable. Please upload a fresh copy of the bank statement from your registered login.
Thanks and regards,
Meera Nair
LoanServe Support"
THR000281,LA003889,3,customer,kyc,"I have uploaded the bank statement again today. How many days does bank statement verification take?
On Mon, 12 May 2026, LoanServe Support wrote:
> Please share the document once more.
Sent from my iPhone"
THR000281,LA003889,4,agent,kyc,"Dear madam, Your bank statement is now under verification. A fresh bank statement is normally verified within three working days. www.loanserve.example.in/upload Thanks and regards.
Thanks and regards,
Suresh Iyer
LoanServe Support"
THR000281,LA003889,5,customer,kyc,"Respected sir, Will my home loan sanction be delayed because the bank statement was rejected once?"
THR000281,LA003889,6,agent,kyc,"Dear madam, The home loan sanction will move ahead as soon as the bank statement is verified. No further delay is expected on your home loan application. Thanks and regards.
On Mon, 12 May 2026, LoanServe Support wrote:
> Please share the document once more."
THR000282,LA008916,1,customer,payment_issue,"Hello, CASE929031 - I want to prepay Rs 150,000 on my personal loan. Does a part prepayment reduce the emi or the tenure?"
THR000282,LA008916,2,agent,payment_issue,"Dear customer, This is regarding application LA008916. TKT675774 - A part prepayment of Rs 150,000 can reduce either the emi or the tenure on your personal loan. You have to tell us which of the two you want. Regards.
Thanks and regards,
Rahul Verma
LoanServe Support"
THR000282,LA008916,3,customer,payment_issue,"Hello, Please reduce the tenure and keep the emi as it is. Is there a prepayment charge on my personal loan?"
THR000282,LA008916,4,agent,payment_issue,"Dear madam, REF831151 - There is no prepayment charge on a floating rate personal loan. The tenure will reduce once the prepayment of Rs 150,000 is received.
Thanks and regards,
Arjun Menon
LoanServe Support"
THR000283,LA031517,1,customer,loan_query,My reference is LA031517. I have been offered a lower rate by another bank. What is the process to transfer my home loan to that bank?
THR000283,LA031517,2,agent,loan_query,"Dear customer, SR605943 - For a balance transfer of your home loan we issue a foreclosure letter. The other bank pays the outstanding on your home loan against that letter. Regards.
Thanks and regards,
Rahul Verma
LoanServe Support"
THR000283,LA031517,3,customer,loan_query,"Hi team, SR794912 - How long does the foreclosure letter take? Is there a charge for the balance transfer?"
THR000283,LA031517,4,agent,loan_query,"Hello, SR306530 - The foreclosure letter is issued within two working days. There is no charge on a floating rate home loan for a balance transfer. https://loanserve.example.in/status Thank you.
Best regards,
Rohit Kulkarni
Customer Service"
THR000283,LA031517,5,customer,loan_query,"Dear madam, Please issue the foreclosure letter for my home loan. Where will the letter be sent?"
THR000283,LA031517,6,agent,loan_query,"Dear sir, SR431470 - The foreclosure letter will be sent to your registered email. A copy of the letter can also be collected from the branch. Thank you."
THR000284,LA025120,1,customer,complaint,I have written about my personal loan three times and nobody has replied. This is the fourth time I am writing about the same issue. Thanks in advance.
THR000284,LA025120,2,agent,complaint,"Dear sir, We are sorry that your earlier mails on the personal loan went unanswered. Your issue has been escalated to the service manager. Thanks and regards.
Thanks and regards,
Rohit Kulkarni
LoanServe Support"
THR000284,LA025120,3,customer,complaint,"Hi team, Escalation is fine but I still have no answer on my personal loan. When will somebody actually reply with an answer? Thanks in advance."
THR000284,LA025120,4,agent,complaint,"Dear madam, The service manager will call you on your registered number within five working days. The answer on your personal loan will be given on that call. Thank you.
Best regards,
Kavita Joshi
Customer Service"
THR000284,LA025120,5,customer,complaint,"Dear sir, I received the call and the issue on my personal loan is clear now. Please close this complaint."
THR000284,LA025120,6,agent,complaint,"CASE212663 - Thank you for confirming that the personal loan issue is clear. This complaint is being closed as resolved.
On Mon, 12 May 2026, LoanServe Support wrote:
> Please share the document once more."
THR000285,LA022070,1,customer,kyc,My kyc is showing as incomplete on my gold loan. The name printed on my pan card does not match the name in your records. Thank you.
THR000285,LA022070,2,agent,kyc,"Dear sir, The name mismatch on your pan card is the reason the kyc is incomplete. Please share a pan card that carries the corrected name. https://loanserve.example.in/help/kyc Thanks and regards."
THR000285,LA022070,3,customer,kyc,"Dear sir, My reference is LA022070. I have attached the corrected pan card with the right name. Does anything else have to change for the kyc?
Best regards,
Arjun Menon"
THR000285,LA022070,4,agent,kyc,"Dear madam, The corrected pan card has been received and sent for checking. Nothing else is pending on your kyc right now. Thanks and regards.
On Mon, 12 May 2026, LoanServe Support wrote:
> Please share the document once more.
Best regards,
Rohit Kulkarni
Customer Service"
THR000285,LA022070,5,customer,kyc,My reference is LA022070. How will I know when the kyc is marked complete?
THR000285,LA022070,6,agent,kyc,"REF251385 - You will get an sms as soon as the kyc is marked complete. The kyc status also shows on your gold loan application page. Thanks and regards.
On Mon, 12 May 2026, LoanServe Support wrote:
> Please share the document once more."
THR000286,LA022936,1,customer,payment_issue,"CASE325786 - I want to change my emi date to the 10th of the month. My salary is credited late and the present emi date does not suit me.
Thanks and regards,
Rohit Kulkarni"
THR000286,LA022936,2,agent,payment_issue,This is regarding application LA022936. The emi date can be moved to the 10th from the next cycle. A fresh mandate is needed for the changed emi date. Thanks and regards.
THR000286,LA022936,3,customer,payment_issue,Please go ahead with the change. Is there any charge for changing the emi date?
THR000286,LA022936,4,agent,payment_issue,"Dear sir, This is regarding application LA022936. REF200918 - A charge of Rs 1180 applies for changing the emi date. The new emi date takes effect from the next cycle."
THR000286,LA022936,5,customer,payment_issue,"Hi TKT540909 - The charge is acceptable to me. When will the new emi date show in my account? Thank you.
Thanks and regards,
Rohit Kulkarni"
THR000286,LA022936,6,agent,payment_issue,"Hello, TKT230990 - The new emi date will show in your account once the fresh mandate is active. Your emi amount does not change."
THR000287,LA031051,1,customer,loan_query,REF407155 - I have been offered a lower rate by another bank. What is the process to transfer my vehicle loan to that bank?
THR000287,LA031051,2,agent,loan_query,"Hello, For a balance transfer of your vehicle loan we issue a foreclosure letter. The other bank pays the outstanding on your vehicle loan against that letter. www.loanserve.example.in/upload Thank you."
THR000287,LA031051,3,customer,loan_query,My reference is LA031051. TKT696578 - How long does the foreclosure letter take? Is there a charge for the balance transfer?
THR000287,LA031051,4,agent,loan_query,"Dear sir, CASE180446 - The foreclosure letter is issued within seven working days. There is no charge on a floating rate vehicle loan for a balance transfer. https://loanserve.example.in/status
Thanks and regards,
Vikram Rao
LoanServe Support"
THR000288,LA010567,1,customer,complaint,"Hi team, I have written about my gold loan three times and nobody has replied. This is the fourth time I am writing about the same issue."
THR000288,LA010567,2,agent,complaint,"We are sorry that your earlier mails on the gold loan went unanswered. Your issue has been escalated to the service manager. https://loanserve.example.in/help/kyc Thanks and regards.
Best regards,
Meera Nair
Customer Service"
THR000288,LA010567,3,customer,complaint,"Dear sir, REF545177 - Escalation is fine but I still have no answer on my gold loan. When will somebody actually reply with an answer? Thanks in advance.
--
Deepa Pillai
Customer"
THR000288,LA010567,4,agent,complaint,"The service manager will call you on your registered number within two working days. The answer on your gold loan will be given on that call. Thank you.
Thanks and regards,
Anita Desai
LoanServe Support"
THR000288,LA010567,5,customer,complaint,My reference is LA010567. I received the call and the issue on my gold loan is clear now. Please close this complaint. Awaiting your response.
THR000288,LA010567,6,agent,complaint,This is regarding application LA010567. REF739492 - Thank you for confirming that the gold loan issue is clear. This complaint is being closed as resolved. Thanks and regards.
THR000289,LA017430,1,customer,kyc,I was asked for a salary slip for my vehicle loan but I have already submitted it once. Why is the same salary slip being asked for again? Regards.
THR000289,LA017430,2,agent,kyc,"TKT176885 - The salary slip you submitted earlier was against your older application. A salary slip has to be submitted again for this vehicle loan. Thank you.
Thanks and regards,
Priya Sharma
LoanServe Support"
THR000289,LA017430,3,customer,kyc,That is not convenient but I will send the salary slip again. Can I bring the salary slip to the branch instead of uploading it?
THR000289,LA017430,4,agent,kyc,"CASE501260 - Yes, the salary slip can be submitted at any branch. The branch will scan the salary slip and attach it to your vehicle loan application. Thank you."
THR000290,LA025271,1,customer,payment_issue,"My emi for may has bounced. There was enough balance in my bank account on the emi date. Thanks.
--
Vikram Rao
Customer"
THR000290,LA025271,2,agent,payment_issue,"Dear customer, This is regarding application LA025271. The emi bounced because the mandate on your bank account has expired. A fresh mandate has to be registered before the next emi is presented."
THR000290,LA025271,3,customer,payment_issue,"Hello, SR631740 - How do I register a fresh mandate for the emi? Will a bounce charge be applied on this emi?"
THR000290,LA025271,4,agent,payment_issue,"This is regarding application LA025271. A fresh mandate can be registered from your login under the emi section. The bounce charge of Rs 590 has been waived on this emi.
On Mon, 12 May 2026, LoanServe Support wrote:
> Please share the document once more."
THR000291,LA002463,1,customer,loan_query,"Hi team, Is my home loan eligible for a moratorium? My income has stopped for a few months and I cannot pay the emi. Awaitng your response."
THR000291,LA002463,2,agent,loan_query,"This is regarding application LA002463. TKT591424 - A moratorium on your home loan is considered case by case. Interest keeps adding during the moratorium, so the tenure on your home loan goes up. Regards.
Thanks and regards,
Vikram Rao
LoanServe Support"
THR000291,LA002463,3,customer,loan_query,"Hi team, I understand that the tenure will go up. What do I have to submit to apply for the moratorium? Thanks.
--
Rohit Kulkarni
Customer"
THR000291,LA002463,4,agent,loan_query,"Dear sir, Please submit a written request along with proof of the income loss. The moratorium on your home loan is decided within three working days. Thank you."
THR000292,LA019605,1,customer,complaint,Hi The branch told me one interest rate on my vehicle loan and the sanction letter shows a different rate. I was given wrong information at the branch.
THR000292,LA019605,2,agent,complaint,TKT584791 - We are sorry about the wrong information on your vehicle loan rate. The rate in the sanction letter is the rate that applies to your vehicle loan. https://loanserve.example.in/status
THR000292,LA019605,3,customer,complaint,Hi REF785424 - Then why was a lower rate quoted to me at the branch? I took the vehicle loan only because of the rate I was quoted.
THR000292,LA019605,4,agent,complaint,"Dear sir, This is regarding application LA019605. SR509842 - The rate quoted to you was the card rate before your profile was scored. Your vehicle loan rate has been sent for review by the credit team. https://loanserve.example.in/help/kyc Thanks and regards."
THR000292,LA019605,5,customer,complaint,My reference is LA019605. SR172932 - Please tell me the outcome of that review in writing. I do not want another verbal answer on my vehicle loan.
THR000292,LA019605,6,agent,complaint,"Dear customer, The outcome of the review will be sent to your registered email. Nothing on your vehicle loan will be communicated only by phone. Thank you.
On Mon, 12 May 2026, LoanServe Support wrote:
> Please share the document once more.
Best regards,
Rahul Verma
Customer Service"
THR000293,LA021617,1,customer,kyc,"Dear Sir My reference is LA021617. My home loan application is on hold. The bank statement I uploaded was rejected. Can you tell me why the bank statement was rejected? Thank you.
Thanks and regards,
Arjun Menon"
THR000293,LA021617,2,agent,kyc,"Dear sir, This is regarding application LA021617. The bank statement was rejected because the document had already expired. Please upload a fresh copy of the bank statement from your registered login. Thanks and regards.
Thanks and regards,
Arjun Menon
LoanServe Support"
THR000293,LA021617,3,customer,kyc,My reference is LA021617. I have uploaded the bank statement again today. How many days does bank statement verification take? Thanks.
THR000293,LA021617,4,agent,kyc,"Dear sir, Your bank statement is now under verification. A fresh bank statement is normally verified within five working days. Thanks and regards.
Thanks and regards,
Rahul Verma
LoanServe Support"
THR000294,LA001520,1,customer,payment_issue,"SR572717 - I want to prepay Rs 50,000 on my vehicle loan. Does a part prepayment reduce the emi or the tenure? Regards.
Sent from my iPhone"
THR000294,LA001520,2,agent,payment_issue,"Hello, This is regarding application LA001520. TKT632586 - A part prepayment of Rs 50,000 can reduce either the emi or the tenure on your vehicle loan. You have to tell us which of the two you want. www.loanserve.example.in/upload Thank you.
Thanks and regards,
Deepa Pillai
LoanServe Support"
THR000294,LA001520,3,customer,payment_issue,"Dear madam, Please reduce the tenure and keep the emi as it is. Is there a prepayment charge on my vehicle loan?"
THR000294,LA001520,4,agent,payment_issue,"SR280604 - There is no prepayment charge on a floating rate vehicle loan. The tenure will reduce once the prepayment of Rs 50,000 is received. https://loanserve.example.in/help/kyc"
THR000295,LA016080,1,customer,loan_query,"Dear madam, My reference is LA016080. I already hold a personal loan with you. Am I eligible for a top up on the same personal loan? Awaitng your response.
Thanks and regards,
Suresh Iyer"
THR000295,LA016080,2,agent,loan_query,"This is regarding application LA016080. A top up on your personal loan is possible after twelve emis have been paid on time. Your personal loan has fourteen emis paid so far. www.loanserve.example.in/upload Regards.
Thanks and regards,
Meera Nair
LoanServe Support"
THR000295,LA016080,3,customer,loan_query,"Dear madam, TKT207515 - Every emi on that personal loan has been paid on time. What top up amount can I expect?
Thanks and regards,
Kavita Joshi"
THR000295,LA016080,4,agent,loan_query,"Dear madam, This is regarding application LA016080. CASE456538 - The top up amount depends on the outstanding on your personal loan and on your income. A top up of about Rs 200,000 looks possible on your personal loan."
THR000295,LA016080,5,customer,loan_query,"Hi team, Rs 200,000 would work for me. Which documents are needed for the top up?"
THR000295,LA016080,6,agent,loan_query,For the top up we need your latest income proof and bank statement. The personal loan documents already with us do not have to be given again. Regards.
THR000296,LA019335,1,customer,complaint,"Dear sir, My reference is LA019335. A charge of Rs 250 has been debited on my home loan and I was never told about this charge. Please explain why this charge was taken.
--
Priya Sharma
Customer"
THR000296,LA019335,2,agent,complaint,"Hello, The charge of Rs 250 on your home loan is a late payment charge. It was applied because the august emi was paid after the due date. Thanks and regards."
THR000296,LA019335,3,customer,complaint,"Hi The emi was late because your own mandate failed. Why should a charge be taken from me for a failure at your end? https://loanserve.example.in/help/kyc Awaiting your response.
Sent from my iPhone"
THR000296,LA019335,4,agent,complaint,You are right that the mandate failure was at our end. The charge of Rs 250 is being reversed on your home loan. Thanks and regards.
THR000297,LA002745,1,customer,kyc,"Respected sir, My reference is LA002745. My gold loan application is on hold. The salary slip I uploaded was rejected. Can you tell me why the salary slip was rejected?"
THR000297,LA002745,2,agent,kyc,This is regarding application LA002745. TKT512212 - The salary slip was rejected because only one page of the document was uploaded. Please upload a fresh copy of the salary slip from your registered login. Regards.
THR000297,LA002745,3,customer,kyc,"Good morning, REF385995 - I have uploaded the salary slip again today. How many days does salary slip verification take?
On Mon, 12 May 2026, LoanServe Support wrote:
> Please share the document once more."
THR000297,LA002745,4,agent,kyc,"Dear madam, Your salary slip is now under verification. A fresh salary slip is normally verified within five working days. Regards.
Best regards,
Suresh Iyer
Customer Service"
THR000297,LA002745,5,customer,kyc,Dear Sir Will my gold loan sanction be delayed because the salary slip was rejected once?
THR000297,LA002745,6,agent,kyc,"Dear sir, The gold loan sanction will move ahead as soon as the salary slip is verified. No further delay is expected on your gold loan application. https://loanserve.example.in/status Thank you.
On Mon, 12 May 2026, LoanServe Support wrote:
> Please share the document once more."
THR000298,LA022016,1,customer,payment_issue,"My reference is LA022016. My emi for march has bounced. There was enough balance in my bank account on the emi date.
Thanks and regards,
Anita Desai"
THR000298,LA022016,2,agent,payment_issue,TKT970259 - The emi bounced because the mandate on your bank account has expired. A fresh mandate has to be registered before the next emi is presented. Regards.
THR000298,LA022016,3,customer,payment_issue,"Respected sir, My reference is LA022016. SR372476 - How do I register a fresh mandate for the emi? Will a bounce charge be applied on this emi? Thank you.
--
Vikram Rao
Customer"
THR000298,LA022016,4,agent,payment_issue,"Dear customer, A fresh mandate can be registered from your login under the emi section. The bounce charge of Rs 750 has been waived on this emi. Thank you.
Thanks and regards,
Anita Desai
LoanServe Support"
THR000299,LA008423,1,customer,loan_query,"Hi team, REF921066 - I already hold a home loan with you. Am I eligible for a top up on the same home loan?
--
Rohit Kulkarni
Customer"
THR000299,LA008423,2,agent,loan_query,"Dear sir, This is regarding application LA008423. A top up on your home loan is possible after twelve emis have been paid on time. Your home loan has fourteen emis paid so far.
Thanks and regards,
Rohit Kulkarni
LoanServe Support"
THR000299,LA008423,3,customer,loan_query,"Dear Sir Every emi on that home loan has been paid on time. What top up amount can I expect? Awaitng your response.
On Mon, 12 May 2026, LoanServe Support wrote:
> Please share the document once more."
THR000299,LA008423,4,agent,loan_query,"CASE460418 - The top up amount depends on the outstanding on your home loan and on your income. A top up of about Rs 50,000 looks possible on your home loan. Thank you."
THR000299,LA008423,5,customer,loan_query,"Rs 50,000 would work for me. Which documents are needed for the top up?
Thanks and regards,
Kavita Joshi"
THR000299,LA008423,6,agent,loan_query,For the top up we need your latest income proof and bank statement. The home loan documents already with us do not have to be given again. www.loanserve.example.in/upload Thank you.
THR000300,LA018225,1,customer,complaint,"Respected sir, I have written about my personal loan three times and nobody has replied. This is the fourth time I am writing about the same issue. Awaitng your response."
THR000300,LA018225,2,agent,complaint,"Hello, This is regarding application LA018225. We are sorry that your earlier mails on the personal loan went unanswered. Your issue has been escalated to the service manager.
Thanks and regards,
Rohit Kulkarni
LoanServe Support"
THR000300,LA018225,3,customer,complaint,Hi My reference is LA018225. CASE945431 - Escalation is fine but I still have no answer on my personal loan. When will somebody actually reply with an answer? Thanks.
THR000300,LA018225,4,agent,complaint,"Dear customer, The service manager will call you on your registered number within five working days. The answer on your personal loan will be given on that call. Thanks and regards."
THR000300,LA018225,5,customer,complaint,"Good morning, My reference is LA018225. SR989259 - I received the call and the issue on my personal loan is clear now. Please close this complaint. Thanks."
THR000300,LA018225,6,agent,complaint,"REF563646 - Thank you for confirming that the personal loan issue is clear. This complaint is being closed as resolved.
Best regards,
Anita Desai
Customer Service"
THR000301,LA014073,1,customer,kyc,"Respected sir, My kyc is showing as incomplete on my personal loan. The name printed on my salary slip does not match the name in your records."
THR000301,LA014073,2,agent,kyc,"This is regarding application LA014073. The name mismatch on your salary slip is the reason the kyc is incomplete. Please share a salary slip that carries the corrected name. Thank you.
Thanks and regards,
Meera Nair
LoanServe Support"
THR000301,LA014073,3,customer,kyc,My reference is LA014073. TKT277271 - I have attached the corrected salary slip with the right name. Does anything else have to change for the kyc? Thanks.
THR000301,LA014073,4,agent,kyc,"Dear sir, This is regarding application LA014073. CASE546167 - The corrected salary slip has been received and sent for checking. Nothing else is pending on your kyc right now. www.loanserve.example.in/upload
Thanks and regards,
Rahul Verma
LoanServe Support"
THR000302,LA017843,1,customer,payment_issue,"Hello, My emi for may has bounced. There was enough balance in my bank account on the emi date. Thank you.
Best regards,
Priya Sharma"
THR000302,LA017843,2,agent,payment_issue,"Dear madam, The emi bounced because the mandate on your bank account has expired. A fresh mandate has to be registered before the next emi is presented. https://loanserve.example.in/status Regards.
Thanks and regards,
Arjun Menon
LoanServe Support"
THR000302,LA017843,3,customer,payment_issue,"How do I register a fresh mandate for the emi? Will a bounce charge be applied on this emi?
Sent from my iPhone"
THR000302,LA017843,4,agent,payment_issue,"Dear sir, This is regarding application LA017843. CASE194489 - A fresh mandate can be registered from your login under the emi section. The bounce charge of Rs 590 has been waived on this emi. Thanks and regards."
THR000303,LA024763,1,customer,loan_query,SR783041 - Is my gold loan eligible for a moratorium? My income has stopped for a few months and I cannot pay the emi.
THR000303,LA024763,2,agent,loan_query,"Hello, A moratorium on your gold loan is considered case by case. Interest keeps adding during the moratorium, so the tenure on your gold loan goes up. Thanks and regards."
THR000303,LA024763,3,customer,loan_query,REF205645 - I understand that the tenure will go up. What do I have to submit to apply for the moratorium? Thanks in advance.
THR000303,LA024763,4,agent,loan_query,"Dear madam, SR493325 - Please submit a written request along with proof of the income loss. The moratorium on your gold loan is decided within two working days. Thank you.
Thanks and regards,
Arjun Menon
LoanServe Support"
THR000304,LA032193,1,customer,complaint,A charge of Rs 250 has been debited on my personal loan and I was never told about this charge. Please explain why this charge was taken. Thanks in advance.
THR000304,LA032193,2,agent,complaint,This is regarding application LA032193. The charge of Rs 250 on your personal loan is a late payment charge. It was applied because the may emi was paid after the due date. https://loanserve.example.in/status
THR000304,LA032193,3,customer,complaint,My reference is LA032193. The emi was late because your own mandate failed. Why should a charge be taken from me for a failure at your end?
THR000304,LA032193,4,agent,complaint,"Dear madam, SR917865 - You are right that the mandate failure was at our end. The charge of Rs 250 is being reversed on your personal loan. https://loanserve.example.in/help/kyc
On Mon, 12 May 2026, LoanServe Support wrote:
> Please share the document once more."
THR000305,LA001412,1,customer,kyc,I was asked for a bank statement for my personal loan but I have already submitted it once. Why is the same bank statement being asked for again?
THR000305,LA001412,2,agent,kyc,"Dear customer, The bank statement you submitted earlier was against your older application. A bank statement has to be submitted again for this personal loan.
Best regards,
Meera Nair
Customer Service"
THR000305,LA001412,3,customer,kyc,That is not convenient but I will send the bank statement again. Can I bring the bank statement to the branch instead of uploading it? Awaiting your response.
THR000305,LA001412,4,agent,kyc,"REF918942 - Yes, the bank statement can be submitted at any branch. The branch will scan the bank statement and attach it to your personal loan application. Regards.
Thanks and regards,
Suresh Iyer
LoanServe Support"
THR000306,LA031081,1,customer,payment_issue,Hi My reference is LA031081. REF463427 - I want to change my emi date to the 7th of the month. My salary is credited late and the present emi date does not suit me. Awaiting your response.
THR000306,LA031081,2,agent,payment_issue,The emi date can be moved to the 7th from the next cycle. A fresh mandate is needed for the changed emi date. Thanks and regards.
THR000306,LA031081,3,customer,payment_issue,SR434761 - Please go ahead with the change. Is there any charge for changing the emi date?
THR000306,LA031081,4,agent,payment_issue,"Hello, This is regarding application LA031081. A charge of Rs 590 applies for changing the emi date. The new emi date takes effect from the next cycle."
THR000307,LA028178,1,customer,loan_query,"Dear madam, CASE156162 - I have been offered a lower rate by another bank. What is the process to transfer my home loan to that bank? Thanks.
Best regards,
Priya Sharma"
THR000307,LA028178,2,agent,loan_query,"Dear sir, This is regarding application LA028178. For a balance transfer of your home loan we issue a foreclosure letter. The other bank pays the outstanding on your home loan against that letter. Regards."
THR000307,LA028178,3,customer,loan_query,How long does the foreclosure letter take? Is there a charge for the balance transfer?
THR000307,LA028178,4,agent,loan_query,"Dear customer, The foreclosure letter is issued within five working days. There is no charge on a floating rate home loan for a balance transfer. Thanks and regards."
THR000308,LA026629,1,customer,complaint,"Hi team, My reference is LA026629. I have written about my personal loan three times and nobody has replied. This is the fourth time I am writing about the same issue. Awaitng your response."
THR000308,LA026629,2,agent,complaint,TKT292208 - We are sorry that your earlier mails on the personal loan went unanswered. Your issue has been escalated to the service manager. Thank you.
THR000308,LA026629,3,customer,complaint,"Good morning, My reference is LA026629. Escalation is fine but I still have no answer on my personal loan. When will somebody actually reply with an answer?"
THR000308,LA026629,4,agent,complaint,"Dear customer, This is regarding application LA026629. The service manager will call you on your registered number within two working days. The answer on your personal loan will be given on that call. Thank you."
THR000308,LA026629,5,customer,complaint,"Dear sir, My reference is LA026629. I received the call and the issue on my personal loan is clear now. Please close this complaint. Awaitng your response.
--
Deepa Pillai
Customer"
THR000308,LA026629,6,agent,complaint,"Dear madam, Thank you for confirming that the personal loan issue is clear. This complaint is being closed as resolved."
THR000309,LA020990,1,customer,kyc,"Dear sir, My reference is LA020990. CASE793770 - My gold loan application is on hold. The pan card I uploaded was rejected. Can you tell me why the pan card was rejected? Thank you."
THR000309,LA020990,2,agent,kyc,"Dear customer, This is regarding application LA020990. SR264291 - The pan card was rejected because the scanned copy was not clearly readable. Please upload a fresh copy of the pan card from your registered login. Regards."
THR000309,LA020990,3,customer,kyc,"My reference is LA020990. REF471530 - I have uploaded the pan card again today. How many days does pan card verification take?
On Mon, 12 May 2026, LoanServe Support wrote:
> Please share the document once more.
Thanks and regards,
Anita Desai"
THR000309,LA020990,4,agent,kyc,"Dear customer, This is regarding application LA020990. Your pan card is now under verification. A fresh pan card is normally verified within seven working days. Thanks and regards."
THR000309,LA020990,5,customer,kyc,"Will my gold loan sanction be delayed because the pan card was rejected once? Thanks.
On Mon, 12 May 2026, LoanServe Support wrote:
> Please share the document once more."
THR000309,LA020990,6,agent,kyc,"This is regarding application LA020990. SR351500 - The gold loan sanction will move ahead as soon as the pan card is verified. No further delay is expected on your gold loan application. Regards.
Thanks and regards,
Anita Desai
LoanServe Support"
THR000310,LA021463,1,customer,payment_issue,"My reference is LA021463. I want to prepay Rs 50,000 on my home loan. Does a part prepayment reduce the emi or the tenure? Awaiting your response.
--
Vikram Rao
Customer"
THR000310,LA021463,2,agent,payment_issue,"Dear customer, TKT959196 - A part prepayment of Rs 50,000 can reduce either the emi or the tenure on your home loan. You have to tell us which of the two you want. Thank you."
THR000310,LA021463,3,customer,payment_issue,"Dear madam, My reference is LA021463. Please reduce the tenure and keep the emi as it is. Is there a prepayment charge on my home loan?
Thanks and regards,
Priya Sharma"
THR000310,LA021463,4,agent,payment_issue,"Dear customer, There is no prepayment charge on a floating rate home loan. The tenure will reduce once the prepayment of Rs 50,000 is received. Thank you."
THR000311,LA006632,1,customer,loan_query,I have been offered a lower rate by another bank. What is the process to transfer my gold loan to that bank? www.loanserve.example.in/upload Awaiting your response.
THR000311,LA006632,2,agent,loan_query,TKT838182 - For a balance transfer of your gold loan we issue a foreclosure letter. The other bank pays the outstanding on your gold loan against that letter.
THR000311,LA006632,3,customer,loan_query,"Hi team, My reference is LA006632. How long does the foreclosure letter take? Is there a charge for the balance transfer?"
THR000311,LA006632,4,agent,loan_query,"SR774198 - The foreclosure letter is issued within five working days. There is no charge on a floating rate gold loan for a balance transfer. Thank you.
Best regards,
Rohit Kulkarni
Customer Service"
THR000311,LA006632,5,customer,loan_query,"Hello, Please issue the foreclosure letter for my gold loan. Where will the letter be sent? Thanks.
--
Suresh Iyer
Customer"
THR000311,LA006632,6,agent,loan_query,"Dear madam, This is regarding application LA006632. SR153329 - The foreclosure letter will be sent to your registered email. A copy of the letter can also be collected from the branch. Thanks and regards.
Best regards,
Vikram Rao
Customer Service"
THR000312,LA030231,1,customer,complaint,Hi My reference is LA030231. SR686762 - A charge of Rs 500 has been debited on my gold loan and I was never told about this charge. Please explain why this charge was taken.
THR000312,LA030231,2,agent,complaint,"Dear madam, This is regarding application LA030231. TKT376457 - The charge of Rs 500 on your gold loan is a late payment charge. It was applied because the august emi was paid after the due date. www.loanserve.example.in/upload Thank you.
Best regards,
Suresh Iyer
Customer Service"
THR000312,LA030231,3,customer,complaint,"Hi team, TKT953311 - The emi was late because your own mandate failed. Why should a charge be taken from me for a failure at your end? Awaiting your response."
THR000312,LA030231,4,agent,complaint,"Dear sir, This is regarding application LA030231. You are right that the mandate failure was at our end. The charge of Rs 500 is being reversed on your gold loan. Thanks and regards.
On Mon, 12 May 2026, LoanServe Support wrote:
> Please share the document once more.
Thanks and regards,
Priya Sharma
LoanServe Support"
THR000313,LA011366,1,customer,kyc,"Dear sir, My kyc is showing as incomplete on my personal loan. The name printed on my pan card does not match the name in your records. Regards."
THR000313,LA011366,2,agent,kyc,"Dear madam, REF536010 - The name mismatch on your pan card is the reason the kyc is incomplete. Please share a pan card that carries the corrected name.
Best regards,
Suresh Iyer
Customer Service"
THR000313,LA011366,3,customer,kyc,My reference is LA011366. I have attached the corrected pan card with the right name. Does anything else have to change for the kyc? Awaiting your response.
THR000313,LA011366,4,agent,kyc,"REF765651 - The corrected pan card has been received and sent for checking. Nothing else is pending on your kyc right now. Regards.
Best regards,
Rahul Verma
Customer Service"
THR000313,LA011366,5,customer,kyc,"My reference is LA011366. How will I know when the kyc is marked complete?
On Mon, 12 May 2026, LoanServe Support wrote:
> Please share the document once more."
THR000313,LA011366,6,agent,kyc,"Dear madam, You will get an sms as soon as the kyc is marked complete. The kyc status also shows on your personal loan application page. Regards.
On Mon, 12 May 2026, LoanServe Support wrote:
> Please share the document once more."
THR000314,LA015069,1,customer,payment_issue,"Respected sir, My emi for july has bounced. There was enough balance in my bank account on the emi date. Regards."
THR000314,LA015069,2,agent,payment_issue,"Dear customer, REF702165 - The emi bounced because the mandate on your bank account has expired. A fresh mandate has to be registered before the next emi is presented. Regards.
Best regards,
Vikram Rao
Customer Service"
THR000314,LA015069,3,customer,payment_issue,"Dear madam, My reference is LA015069. How do I register a fresh mandate for the emi? Will a bounce charge be applied on this emi?"
THR000314,LA015069,4,agent,payment_issue,"Dear customer, TKT148887 - A fresh mandate can be registered from your login under the emi section. The bounce charge of Rs 250 has been waived on this emi.
Best regards,
Kavita Joshi
Customer Service"
THR000314,LA015069,5,customer,payment_issue,TKT204346 - I have registered the fresh mandate today. Will the july emi be presented once more? Regards.
THR000314,LA015069,6,agent,payment_issue,"This is regarding application LA015069. The july emi will be presented again once the fresh mandate is active. No further action is needed from your side on the emi. Thanks and regards.
On Mon, 12 May 2026, LoanServe Support wrote:
> Please share the document once more."
THR000315,LA005495,1,customer,loan_query,"Good morning, My reference is LA005495. Is my gold loan eligible for a moratorium? My income has stopped for a few months and I cannot pay the emi."
THR000315,LA005495,2,agent,loan_query,"Dear sir, CASE371133 - A moratorium on your gold loan is considered case by case. Interest keeps adding during the moratorium, so the tenure on your gold loan goes up. Thanks and regards."
THR000315,LA005495,3,customer,loan_query,"Hi team, My reference is LA005495. REF360674 - I understand that the tenure will go up. What do I have to submit to apply for the moratorium? Thank you."
THR000315,LA005495,4,agent,loan_query,"Dear madam, This is regarding application LA005495. Please submit a written request along with proof of the income loss. The moratorium on your gold loan is decided within seven working days. Regards.
Best regards,
Kavita Joshi
Customer Service"
THR000316,LA010134,1,customer,complaint,"Dear sir, A charge of Rs 750 has been debited on my vehicle loan and I was never told about this charge. Please explain why this charge was taken. Thank you.
Thanks and regards,
Vikram Rao"
THR000316,LA010134,2,agent,complaint,"TKT450625 - The charge of Rs 750 on your vehicle loan is a late payment charge. It was applied because the february emi was paid after the due date. Thanks and regards.
Thanks and regards,
Suresh Iyer
LoanServe Support"
THR000316,LA010134,3,customer,complaint,My reference is LA010134. SR432392 - The emi was late because your own mandate failed. Why should a charge be taken from me for a failure at your end?
THR000316,LA010134,4,agent,complaint,This is regarding application LA010134. CASE166950 - You are right that the mandate failure was at our end. The charge of Rs 750 is being reversed on your vehicle loan. Thank you.
THR000317,LA025085,1,customer,kyc,I was asked for a salary slip for my gold loan but I have already submitted it once. Why is the same salary slip being asked for again?
THR000317,LA025085,2,agent,kyc,"Dear madam, This is regarding application LA025085. The salary slip you submitted earlier was against your older application. A salary slip has to be submitted again for this gold loan. Regards.
Thanks and regards,
Meera Nair
LoanServe Support"
THR000317,LA025085,3,customer,kyc,"Hi team, My reference is LA025085. That is not convenient but I will send the salary slip again. Can I bring the salary slip to the branch instead of uploading it?"
THR000317,LA025085,4,agent,kyc,"Dear customer, Yes, the salary slip can be submitted at any branch. The branch will scan the salary slip and attach it to your gold loan application.
Best regards,
Kavita Joshi
Customer Service"
THR000318,LA005184,1,customer,payment_issue,I want to change my emi date to the 7th of the month. My salary is credited late and the present emi date does not suit me.
THR000318,LA005184,2,agent,payment_issue,"Hello, The emi date can be moved to the 7th from the next cycle. A fresh mandate is needed for the changed emi date. Regards.
Thanks and regards,
Kavita Joshi
LoanServe Support"
THR000318,LA005184,3,customer,payment_issue,"Hi team, TKT411035 - Please go ahead with the change. Is there any charge for changing the emi date? Thanks.
Thanks and regards,
Rahul Verma"
THR000318,LA005184,4,agent,payment_issue,"A charge of Rs 250 applies for changing the emi date. The new emi date takes effect from the next cycle. Thanks and regards.
Thanks and regards,
Meera Nair
LoanServe Support"
THR000318,LA005184,5,customer,payment_issue,"Dear madam, The charge is acceptable to me. When will the new emi date show in my account?"
THR000318,LA005184,6,agent,payment_issue,"The new emi date will show in your account once the fresh mandate is active. Your emi amount does not change.
Thanks and regards,
Kavita Joshi
LoanServe Support"
THR000319,LA015474,1,customer,loan_query,"Respected sir, REF408465 - Is my personal loan eligible for a moratorium? My income has stopped for a few months and I cannot pay the emi. Thanks."
THR000319,LA015474,2,agent,loan_query,"Dear customer, A moratorium on your personal loan is considered case by case. Interest keeps adding during the moratorium, so the tenure on your personal loan goes up. Thank you."
THR000319,LA015474,3,customer,loan_query,"Hello, My reference is LA015474. I understand that the tenure will go up. What do I have to submit to apply for the moratorium? Thanks."
THR000319,LA015474,4,agent,loan_query,This is regarding application LA015474. Please submit a written request along with proof of the income loss. The moratorium on your personal loan is decided within five working days. https://loanserve.example.in/status Regards.
THR000320,LA032016,1,customer,complaint,My reference is LA032016. SR348136 - I have written about my gold loan three times and nobody has replied. This is the fourth time I am writing about the same issue. https://loanserve.example.in/help/kyc
THR000320,LA032016,2,agent,complaint,"Dear madam, This is regarding application LA032016. REF412720 - We are sorry that your earlier mails on the gold loan went unanswered. Your issue has been escalated to the service manager. www.loanserve.example.in/upload Thanks and regards."
THR000320,LA032016,3,customer,complaint,"Dear madam, My reference is LA032016. CASE425325 - Escalation is fine but I still have no answer on my gold loan. When will somebody actually reply with an answer? Awaiting your response."
THR000320,LA032016,4,agent,complaint,"Dear customer, This is regarding application LA032016. The service manager will call you on your registered number within seven working days. The answer on your gold loan will be given on that call. Thanks and regards.
Thanks and regards,
Deepa Pillai
LoanServe Support"
THR000320,LA032016,5,customer,complaint,I received the call and the issue on my gold loan is clear now. Please close this complaint.
THR000320,LA032016,6,agent,complaint,"Dear customer, Thank you for confirming that the gold loan issue is clear. This complaint is being closed as resolved. Thank you.
Best regards,
Rahul Verma
Customer Service"
THR000321,LA013911,1,customer,kyc,"Dear madam, CASE411141 - I was asked for a address proof for my gold loan but I have already submitted it once. Why is the same address proof being asked for again?"
THR000321,LA013911,2,agent,kyc,"Hello, This is regarding application LA013911. The address proof you submitted earlier was against your older application. A address proof has to be submitted again for this gold loan. Thank you."
THR000321,LA013911,3,customer,kyc,"Hi team, My reference is LA013911. That is not convenient but I will send the address proof again. Can I bring the address proof to the branch instead of uploading it? Awaitng your response."
THR000321,LA013911,4,agent,kyc,"Dear customer, This is regarding application LA013911. Yes, the address proof can be submitted at any branch. The branch will scan the address proof and attach it to your gold loan application.
Best regards,
Anita Desai
Customer Service"
THR000322,LA010831,1,customer,payment_issue,My reference is LA010831. I want to change my emi date to the 5th of the month. My salary is credited late and the present emi date does not suit me.
THR000322,LA010831,2,agent,payment_issue,"Dear customer, This is regarding application LA010831. The emi date can be moved to the 5th from the next cycle. A fresh mandate is needed for the changed emi date. Regards.
Thanks and regards,
Meera Nair
LoanServe Support"
THR000322,LA010831,3,customer,payment_issue,"TKT326213 - Please go ahead with the change. Is there any charge for changing the emi date? Thanks.
On Mon, 12 May 2026, LoanServe Support wrote:
> Please share the document once more."
THR000322,LA010831,4,agent,payment_issue,"This is regarding application LA010831. TKT801851 - A charge of Rs 750 applies for changing the emi date. The new emi date takes effect from the next cycle. Thanks and regards.
Best regards,
Vikram Rao
Customer Service"
THR000323,LA013587,1,customer,loan_query,"Dear sir, CASE842395 - Is my personal loan eligible for a moratorium? My income has stopped for a few months and I cannot pay the emi. Thanks."
THR000323,LA013587,2,agent,loan_query,"SR523251 - A moratorium on your personal loan is considered case by case. Interest keeps adding during the moratorium, so the tenure on your personal loan goes up. Thanks and regards.
Best regards,
Anita Desai
Customer Service"
THR000323,LA013587,3,customer,loan_query,"TKT277923 - I understand that the tenure will go up. What do I have to submit to apply for the moratorium?
On Mon, 12 May 2026, LoanServe Support wrote:
> Please share the document once more."
THR000323,LA013587,4,agent,loan_query,"Hello, This is regarding application LA013587. Please submit a written request along with proof of the income loss. The moratorium on your personal loan is decided within two working days. https://loanserve.example.in/help/kyc"
THR000324,LA011856,1,customer,complaint,"Respected sir, My reference is LA011856. A charge of Rs 250 has been debited on my gold loan and I was never told about this charge. Please explain why this charge was taken.
Thanks and regards,
Deepa Pillai"
THR000324,LA011856,2,agent,complaint,"This is regarding application LA011856. The charge of Rs 250 on your gold loan is a late payment charge. It was applied because the february emi was paid after the due date.
Thanks and regards,
Priya Sharma
LoanServe Support"
THR000324,LA011856,3,customer,complaint,CASE366593 - The emi was late because your own mandate failed. Why should a charge be taken from me for a failure at your end? Awaiting your response.
THR000324,LA011856,4,agent,complaint,"Dear sir, REF303586 - You are right that the mandate failure was at our end. The charge of Rs 250 is being reversed on your gold loan. Regards."
THR000325,LA021375,1,customer,kyc,I was asked for a income proof for my home loan but I have already submitted it once. Why is the same income proof being asked for again?
THR000325,LA021375,2,agent,kyc,"Hello, This is regarding application LA021375. CASE627039 - The income proof you submitted earlier was against your older application. A income proof has to be submitted again for this home loan. Thank you."
THR000325,LA021375,3,customer,kyc,REF518799 - That is not convenient but I will send the income proof again. Can I bring the income proof to the branch instead of uploading it?
THR000325,LA021375,4,agent,kyc,"Hello, TKT741477 - Yes, the income proof can be submitted at any branch. The branch will scan the income proof and attach it to your home loan application. https://loanserve.example.in/status Thank you."
THR000326,LA022713,1,customer,payment_issue,"Hello, CASE288157 - I want to change my emi date to the 7th of the month. My salary is credited late and the present emi date does not suit me. https://loanserve.example.in/status Thanks in advance."
THR000326,LA022713,2,agent,payment_issue,"Dear customer, The emi date can be moved to the 7th from the next cycle. A fresh mandate is needed for the changed emi date. Thank you."
THR000326,LA022713,3,customer,payment_issue,Dear Sir My reference is LA022713. Please go ahead with the change. Is there any charge for changing the emi date? https://loanserve.example.in/status
THR000326,LA022713,4,agent,payment_issue,A charge of Rs 750 applies for changing the emi date. The new emi date takes effect from the next cycle. Thank you.
THR000327,LA027041,1,customer,loan_query,My reference is LA027041. I already hold a home loan with you. Am I eligible for a top up on the same home loan? Thanks.
THR000327,LA027041,2,agent,loan_query,"Hello, A top up on your home loan is possible after twelve emis have been paid on time. Your home loan has eighteen emis paid so far. Thanks and regards."
THR000327,LA027041,3,customer,loan_query,Every emi on that home loan has been paid on time. What top up amount can I expect? www.loanserve.example.in/upload Awaitng your response.
THR000327,LA027041,4,agent,loan_query,"This is regarding application LA027041. REF535857 - The top up amount depends on the outstanding on your home loan and on your income. A top up of about Rs 200,000 looks possible on your home loan. Thank you."
THR000327,LA027041,5,customer,loan_query,"Good morning, TKT731028 - Rs 200,000 would work for me. Which documents are needed for the top up? Awaiting your response.
On Mon, 12 May 2026, LoanServe Support wrote:
> Please share the document once more."
THR000327,LA027041,6,agent,loan_query,"Dear madam, For the top up we need your latest income proof and bank statement. The home loan documents already with us do not have to be given again. Thanks and regards.
Best regards,
Kavita Joshi
Customer Service"
THR000328,LA011734,1,customer,complaint,I have written about my personal loan three times and nobody has replied. This is the fourth time I am writing about the same issue.
THR000328,LA011734,2,agent,complaint,"Dear sir, We are sorry that your earlier mails on the personal loan went unanswered. Your issue has been escalated to the service manager. Regards.
Thanks and regards,
Arjun Menon
LoanServe Support"
THR000328,LA011734,3,customer,complaint,"Respected sir, My reference is LA011734. Escalation is fine but I still have no answer on my personal loan. When will somebody actually reply with an answer? www.loanserve.example.in/upload Thanks."
THR000328,LA011734,4,agent,complaint,"Dear madam, This is regarding application LA011734. The service manager will call you on your registered number within two working days. The answer on your personal loan will be given on that call. Regards."
THR000329,LA011172,1,customer,kyc,"Hello, My reference is LA011172. My kyc is showing as incomplete on my personal loan. The name printed on my salary slip does not match the name in your records. Thanks in advance.
Best regards,
Rohit Kulkarni"
THR000329,LA011172,2,agent,kyc,"Hello, This is regarding application LA011172. The name mismatch on your salary slip is the reason the kyc is incomplete. Please share a salary slip that carries the corrected name. Thank you.
Thanks and regards,
Deepa Pillai
LoanServe Support"
THR000329,LA011172,3,customer,kyc,My reference is LA011172. I have attached the corrected salary slip with the right name. Does anything else have to change for the kyc?
THR000329,LA011172,4,agent,kyc,"The corrected salary slip has been received and sent for checking. Nothing else is pending on your kyc right now. Regards.
On Mon, 12 May 2026, LoanServe Support wrote:
> Please share the document once more."
THR000329,LA011172,5,customer,kyc,"How will I know when the kyc is marked complete?
--
Vikram Rao
Customer"
THR000329,LA011172,6,agent,kyc,"Dear madam, This is regarding application LA011172. You will get an sms as soon as the kyc is marked complete. The kyc status also shows on your personal loan application page. Thanks and regards."
THR000330,LA021086,1,customer,payment_issue,"Hello, My reference is LA021086. I want to change my emi date to the 15th of the month. My salary is credited late and the present emi date does not suit me."
THR000330,LA021086,2,agent,payment_issue,"REF337339 - The emi date can be moved to the 15th from the next cycle. A fresh mandate is needed for the changed emi date.
Best regards,
Arjun Menon
Customer Service"
THR000330,LA021086,3,customer,payment_issue,"Hi team, Please go ahead with the change. Is there any charge for changing the emi date? Awaitng your response.
On Mon, 12 May 2026, LoanServe Support wrote:
> Please share the document once more.
--
Deepa Pillai
Customer"
THR000330,LA021086,4,agent,payment_issue,"Dear customer, This is regarding application LA021086. A charge of Rs 590 applies for changing the emi date. The new emi date takes effect from the next cycle.
Thanks and regards,
Suresh Iyer
LoanServe Support"
THR000330,LA021086,5,customer,payment_issue,My reference is LA021086. The charge is acceptable to me. When will the new emi date show in my account?
THR000330,LA021086,6,agent,payment_issue,"Hello, This is regarding application LA021086. TKT352192 - The new emi date will show in your account once the fresh mandate is active. Your emi amount does not change. Regards.
Best regards,
Anita Desai
Customer Service"
THR000331,LA028073,1,customer,loan_query,I have been offered a lower rate by another bank. What is the process to transfer my personal loan to that bank?
THR000331,LA028073,2,agent,loan_query,This is regarding application LA028073. For a balance transfer of your personal loan we issue a foreclosure letter. The other bank pays the outstanding on your personal loan against that letter. Regards.
THR000331,LA028073,3,customer,loan_query,SR537845 - How long does the foreclosure letter take? Is there a charge for the balance transfer?
THR000331,LA028073,4,agent,loan_query,"Dear madam, TKT231824 - The foreclosure letter is issued within five working days. There is no charge on a floating rate personal loan for a balance transfer.
On Mon, 12 May 2026, LoanServe Support wrote:
> Please share the document once more."
THR000331,LA028073,5,customer,loan_query,"Respected sir, My reference is LA028073. Please issue the foreclosure letter for my personal loan. Where will the letter be sent? www.loanserve.example.in/upload Thanks.
Thanks and regards,
Meera Nair"
THR000331,LA028073,6,agent,loan_query,This is regarding application LA028073. The foreclosure letter will be sent to your registered email. A copy of the letter can also be collected from the branch. Regards.
THR000332,LA010596,1,customer,complaint,"Dear madam, My reference is LA010596. TKT334948 - The branch told me one interest rate on my personal loan and the sanction letter shows a different rate. I was given wrong information at the branch. https://loanserve.example.in/help/kyc
--
Arjun Menon
Customer"
THR000332,LA010596,2,agent,complaint,"Hello, TKT797325 - We are sorry about the wrong information on your personal loan rate. The rate in the sanction letter is the rate that applies to your personal loan."
THR000332,LA010596,3,customer,complaint,Then why was a lower rate quoted to me at the branch? I took the personal loan only because of the rate I was quoted. Thanks in advance.
THR000332,LA010596,4,agent,complaint,"Dear sir, This is regarding application LA010596. The rate quoted to you was the card rate before your profile was scored. Your personal loan rate has been sent for review by the credit team. Thanks and regards."
THR000333,LA029192,1,customer,kyc,"My gold loan application is on hold. The pan card I uploaded was rejected. Can you tell me why the pan card was rejected?
Best regards,
Vikram Rao"
THR000333,LA029192,2,agent,kyc,"Hello, SR742026 - The pan card was rejected because the scanned copy was not clearly readable. Please upload a fresh copy of the pan card from your registered login. Thank you.
Best regards,
Kavita Joshi
Customer Service"
THR000333,LA029192,3,customer,kyc,"Respected sir, I have uploaded the pan card again today. How many days does pan card verification take?"
THR000333,LA029192,4,agent,kyc,"Dear customer, Your pan card is now under verification. A fresh pan card is normally verified within five working days. https://loanserve.example.in/status Regards."
THR000334,LA008066,1,customer,payment_issue,"Good morning, TKT875931 - I want to change my emi date to the 7th of the month. My salary is credited late and the present emi date does not suit me.
--
Kavita Joshi
Customer"
THR000334,LA008066,2,agent,payment_issue,"This is regarding application LA008066. REF770185 - The emi date can be moved to the 7th from the next cycle. A fresh mandate is needed for the changed emi date. Regards.
Best regards,
Deepa Pillai
Customer Service"
THR000334,LA008066,3,customer,payment_issue,Please go ahead with the change. Is there any charge for changing the emi date?
THR000334,LA008066,4,agent,payment_issue,"This is regarding application LA008066. SR403543 - A charge of Rs 1180 applies for changing the emi date. The new emi date takes effect from the next cycle. Thanks and regards.
On Mon, 12 May 2026, LoanServe Support wrote:
> Please share the document once more."
THR000334,LA008066,5,customer,payment_issue,"Hello, The charge is acceptable to me. When will the new emi date show in my account? Awaiting your response."
THR000334,LA008066,6,agent,payment_issue,"Dear madam, CASE507451 - The new emi date will show in your account once the fresh mandate is active. Your emi amount does not change. Thanks and regards."
THR000335,LA008413,1,customer,loan_query,"I have been offered a lower rate by another bank. What is the process to transfer my gold loan to that bank? https://loanserve.example.in/help/kyc Regards.
--
Arjun Menon
Customer"
THR000335,LA008413,2,agent,loan_query,"This is regarding application LA008413. For a balance transfer of your gold loan we issue a foreclosure letter. The other bank pays the outstanding on your gold loan against that letter. Thanks and regards.
Thanks and regards,
Kavita Joshi
LoanServe Support"
THR000335,LA008413,3,customer,loan_query,Hi My reference is LA008413. How long does the foreclosure letter take? Is there a charge for the balance transfer?
THR000335,LA008413,4,agent,loan_query,This is regarding application LA008413. SR878422 - The foreclosure letter is issued within three working days. There is no charge on a floating rate gold loan for a balance transfer. Thanks and regards.
THR000335,LA008413,5,customer,loan_query,"Hi team, REF107599 - Please issue the foreclosure letter for my gold loan. Where will the letter be sent?
On Mon, 12 May 2026, LoanServe Support wrote:
> Please share the document once more.
Thanks and regards,
Meera Nair"
THR000335,LA008413,6,agent,loan_query,The foreclosure letter will be sent to your registered email. A copy of the letter can also be collected from the branch. Thank you.
THR000336,LA012375,1,customer,complaint,My reference is LA012375. CASE570436 - A charge of Rs 500 has been debited on my home loan and I was never told about this charge. Please explain why this charge was taken. Thanks.
THR000336,LA012375,2,agent,complaint,"This is regarding application LA012375. REF829521 - The charge of Rs 500 on your home loan is a late payment charge. It was applied because the may emi was paid after the due date. Thanks and regards.
Thanks and regards,
Arjun Menon
LoanServe Support"
THR000336,LA012375,3,customer,complaint,"My reference is LA012375. The emi was late because your own mandate failed. Why should a charge be taken from me for a failure at your end?
On Mon, 12 May 2026, LoanServe Support wrote:
> Please share the document once more."
THR000336,LA012375,4,agent,complaint,"Hello, This is regarding application LA012375. You are right that the mandate failure was at our end. The charge of Rs 500 is being reversed on your home loan. Thanks and regards."
THR000337,LA032813,1,customer,kyc,"Hello, My kyc is showing as incomplete on my personal loan. The name printed on my salary slip does not match the name in your records. Awaitng your response.
Sent from my iPhone"
THR000337,LA032813,2,agent,kyc,The name mismatch on your salary slip is the reason the kyc is incomplete. Please share a salary slip that carries the corrected name. Regards.
THR000337,LA032813,3,customer,kyc,"I have attached the corrected salary slip with the right name. Does anything else have to change for the kyc? Regards.
--
Rahul Verma
Customer"
THR000337,LA032813,4,agent,kyc,"Hello, This is regarding application LA032813. The corrected salary slip has been received and sent for checking. Nothing else is pending on your kyc right now. Thanks and regards.
Thanks and regards,
Vikram Rao
LoanServe Support"
THR000337,LA032813,5,customer,kyc,"Respected sir, My reference is LA032813. How will I know when the kyc is marked complete? Awaitng your response.
--
Rahul Verma
Customer"
THR000337,LA032813,6,agent,kyc,"Dear customer, This is regarding application LA032813. You will get an sms as soon as the kyc is marked complete. The kyc status also shows on your personal loan application page. https://loanserve.example.in/status Regards.
Thanks and regards,
Arjun Menon
LoanServe Support"
THR000338,LA019983,1,customer,payment_issue,"Dear madam, My reference is LA019983. I want to prepay Rs 150,000 on my home loan. Does a part prepayment reduce the emi or the tenure?
Thanks and regards,
Anita Desai"
THR000338,LA019983,2,agent,payment_issue,"Dear madam, A part prepayment of Rs 150,000 can reduce either the emi or the tenure on your home loan. You have to tell us which of the two you want. Thanks and regards."
THR000338,LA019983,3,customer,payment_issue,Dear Sir My reference is LA019983. TKT220926 - Please reduce the tenure and keep the emi as it is. Is there a prepayment charge on my home loan? Thank you.
THR000338,LA019983,4,agent,payment_issue,"This is regarding application LA019983. TKT720078 - There is no prepayment charge on a floating rate home loan. The tenure will reduce once the prepayment of Rs 150,000 is received."
THR000339,LA014516,1,customer,loan_query,"Good morning, I have been offered a lower rate by another bank. What is the process to transfer my personal loan to that bank? Awaitng your response."
THR000339,LA014516,2,agent,loan_query,"Hello, CASE783959 - For a balance transfer of your personal loan we issue a foreclosure letter. The other bank pays the outstanding on your personal loan against that letter. Thanks and regards."
THR000339,LA014516,3,customer,loan_query,"Respected sir, My reference is LA014516. How long does the foreclosure letter take? Is there a charge for the balance transfer? Thanks."
THR000339,LA014516,4,agent,loan_query,"This is regarding application LA014516. The foreclosure letter is issued within five working days. There is no charge on a floating rate personal loan for a balance transfer. https://loanserve.example.in/help/kyc Thanks and regards.
On Mon, 12 May 2026, LoanServe Support wrote:
> Please share the document once more."
THR000339,LA014516,5,customer,loan_query,"Dear madam, Please issue the foreclosure letter for my personal loan. Where will the letter be sent? Awaitng your response."
THR000339,LA014516,6,agent,loan_query,"Dear sir, The foreclosure letter will be sent to your registered email. A copy of the letter can also be collected from the branch. Regards."
THR000340,LA027371,1,customer,complaint,"My reference is LA027371. REF114327 - I have written about my gold loan three times and nobody has replied. This is the fourth time I am writing about the same issue. Awaitng your response.
Sent from my iPhone"
THR000340,LA027371,2,agent,complaint,"Hello, We are sorry that your earlier mails on the gold loan went unanswered. Your issue has been escalated to the service manager. Thanks and regards.
Thanks and regards,
Suresh Iyer
LoanServe Support"
THR000340,LA027371,3,customer,complaint,"Hello, My reference is LA027371. Escalation is fine but I still have no answer on my gold loan. When will somebody actually reply with an answer?"
THR000340,LA027371,4,agent,complaint,"Dear sir, CASE708094 - The service manager will call you on your registered number within seven working days. The answer on your gold loan will be given on that call. Regards.
On Mon, 12 May 2026, LoanServe Support wrote:
> Please share the document once more."
THR000340,LA027371,5,customer,complaint,Dear Sir My reference is LA027371. I received the call and the issue on my gold loan is clear now. Please close this complaint.
THR000340,LA027371,6,agent,complaint,"Dear sir, Thank you for confirming that the gold loan issue is clear. This complaint is being closed as resolved. https://loanserve.example.in/status
Thanks and regards,
Anita Desai
LoanServe Support"
THR000341,LA030104,1,customer,kyc,"Hi team, I was asked for a pan card for my personal loan but I have already submitted it once. Why is the same pan card being asked for again? Awaitng your response."
THR000341,LA030104,2,agent,kyc,"Dear sir, This is regarding application LA030104. The pan card you submitted earlier was against your older application. A pan card has to be submitted again for this personal loan. www.loanserve.example.in/upload Thanks and regards."
THR000341,LA030104,3,customer,kyc,"Hi team, SR108175 - That is not convenient but I will send the pan card again. Can I bring the pan card to the branch instead of uploading it? Thanks in advance.
Thanks and regards,
Anita Desai"
THR000341,LA030104,4,agent,kyc,"Dear customer, This is regarding application LA030104. Yes, the pan card can be submitted at any branch. The branch will scan the pan card and attach it to your personal loan application. https://loanserve.example.in/help/kyc Thank you."
THR000342,LA031896,1,customer,payment_issue,Hi TKT723633 - I want to change my emi date to the 15th of the month. My salary is credited late and the present emi date does not suit me. Thank you.
THR000342,LA031896,2,agent,payment_issue,"Dear madam, This is regarding application LA031896. CASE730206 - The emi date can be moved to the 15th from the next cycle. A fresh mandate is needed for the changed emi date. Thanks and regards.
Best regards,
Meera Nair
Customer Service"
THR000342,LA031896,3,customer,payment_issue,Hi REF588781 - Please go ahead with the change. Is there any charge for changing the emi date? www.loanserve.example.in/upload Thanks in advance.
THR000342,LA031896,4,agent,payment_issue,"This is regarding application LA031896. SR754515 - A charge of Rs 250 applies for changing the emi date. The new emi date takes effect from the next cycle.
On Mon, 12 May 2026, LoanServe Support wrote:
> Please share the document once more."
THR000342,LA031896,5,customer,payment_issue,The charge is acceptable to me. When will the new emi date show in my account? https://loanserve.example.in/help/kyc Regards.
THR000342,LA031896,6,agent,payment_issue,SR421284 - The new emi date will show in your account once the fresh mandate is active. Your emi amount does not change. www.loanserve.example.in/upload Thank you.
THR000343,LA029218,1,customer,loan_query,Hi My reference is LA029218. I already hold a home loan with you. Am I eligible for a top up on the same home loan? Awaitng your response.
THR000343,LA029218,2,agent,loan_query,"Dear sir, A top up on your home loan is possible after twelve emis have been paid on time. Your home loan has twenty two emis paid so far. Thank you."
THR000343,LA029218,3,customer,loan_query,CASE746070 - Every emi on that home loan has been paid on time. What top up amount can I expect?
THR000343,LA029218,4,agent,loan_query,"SR702158 - The top up amount depends on the outstanding on your home loan and on your income. A top up of about Rs 200,000 looks possible on your home loan. https://loanserve.example.in/status Thank you.
Best regards,
Arjun Menon
Customer Service"
THR000343,LA029218,5,customer,loan_query,"Dear Sir Rs 200,000 would work for me. Which documents are needed for the top up?
--
Vikram Rao
Customer"
THR000343,LA029218,6,agent,loan_query,"For the top up we need your latest income proof and bank statement. The home loan documents already with us do not have to be given again. Regards.
Thanks and regards,
Suresh Iyer
LoanServe Support"
THR000344,LA007414,1,customer,complaint,"Hello, CASE981869 - The branch told me one interest rate on my gold loan and the sanction letter shows a different rate. I was given wrong information at the branch. Thank you."
THR000344,LA007414,2,agent,complaint,"Dear customer, This is regarding application LA007414. We are sorry about the wrong information on your gold loan rate. The rate in the sanction letter is the rate that applies to your gold loan."
THR000344,LA007414,3,customer,complaint,My reference is LA007414. Then why was a lower rate quoted to me at the branch? I took the gold loan only because of the rate I was quoted. Thanks in advance.
THR000344,LA007414,4,agent,complaint,This is regarding application LA007414. The rate quoted to you was the card rate before your profile was scored. Your gold loan rate has been sent for review by the credit team. Regards.
THR000345,LA002158,1,customer,kyc,My vehicle loan application is on hold. The address proof I uploaded was rejected. Can you tell me why the address proof was rejected? Awaitng your response.
THR000345,LA002158,2,agent,kyc,"Hello, CASE597067 - The address proof was rejected because the address on it did not match your application. Please upload a fresh copy of the address proof from your registered login. Thanks and regards."
THR000345,LA002158,3,customer,kyc,"Dear Sir My reference is LA002158. I have uploaded the address proof again today. How many days does address proof verification take? Thanks.
On Mon, 12 May 2026, LoanServe Support wrote:
> Please share the document once more."
THR000345,LA002158,4,agent,kyc,"Hello, Your address proof is now under verification. A fresh address proof is normally verified within five working days. www.loanserve.example.in/upload Regards."
THR000346,LA017132,1,customer,payment_issue,"Hello, My reference is LA017132. SR178632 - I want to prepay Rs 75,000 on my vehicle loan. Does a part prepayment reduce the emi or the tenure? Regards.
Thanks and regards,
Anita Desai"
THR000346,LA017132,2,agent,payment_issue,"Dear customer, This is regarding application LA017132. A part prepayment of Rs 75,000 can reduce either the emi or the tenure on your vehicle loan. You have to tell us which of the two you want.
Best regards,
Kavita Joshi
Customer Service"
THR000346,LA017132,3,customer,payment_issue,"Hello, My reference is LA017132. Please reduce the tenure and keep the emi as it is. Is there a prepayment charge on my vehicle loan? Thank you."
THR000346,LA017132,4,agent,payment_issue,"Hello, CASE551780 - There is no prepayment charge on a floating rate vehicle loan. The tenure will reduce once the prepayment of Rs 75,000 is received. Regards."
THR000347,LA031685,1,customer,loan_query,"Hello, My reference is LA031685. I have been offered a lower rate by another bank. What is the process to transfer my gold loan to that bank? https://loanserve.example.in/status"
THR000347,LA031685,2,agent,loan_query,"Dear madam, This is regarding application LA031685. For a balance transfer of your gold loan we issue a foreclosure letter. The other bank pays the outstanding on your gold loan against that letter. Regards."
THR000347,LA031685,3,customer,loan_query,Dear Sir My reference is LA031685. How long does the foreclosure letter take? Is there a charge for the balance transfer?
THR000347,LA031685,4,agent,loan_query,"The foreclosure letter is issued within three working days. There is no charge on a floating rate gold loan for a balance transfer. Regards.
Best regards,
Meera Nair
Customer Service"
THR000347,LA031685,5,customer,loan_query,"Hello, Please issue the foreclosure letter for my gold loan. Where will the letter be sent? https://loanserve.example.in/help/kyc Thanks in advance.
On Mon, 12 May 2026, LoanServe Support wrote:
> Please share the document once more.
Best regards,
Kavita Joshi"
THR000347,LA031685,6,agent,loan_query,This is regarding application LA031685. The foreclosure letter will be sent to your registered email. A copy of the letter can also be collected from the branch. Thanks and regards.
THR000348,LA027159,1,customer,complaint,"Dear madam, A charge of Rs 500 has been debited on my home loan and I was never told about this charge. Please explain why this charge was taken. Regards.
Sent from my iPhone"
THR000348,LA027159,2,agent,complaint,"Hello, This is regarding application LA027159. The charge of Rs 500 on your home loan is a late payment charge. It was applied because the january emi was paid after the due date.
Thanks and regards,
Rahul Verma
LoanServe Support"
THR000348,LA027159,3,customer,complaint,My reference is LA027159. The emi was late because your own mandate failed. Why should a charge be taken from me for a failure at your end?
THR000348,LA027159,4,agent,complaint,"Dear customer, You are right that the mandate failure was at our end. The charge of Rs 500 is being reversed on your home loan. https://loanserve.example.in/status Thanks and regards."
THR000349,LA011324,1,customer,kyc,"TKT896808 - My kyc is showing as incomplete on my gold loan. The name printed on my salary slip does not match the name in your records.
--
Kavita Joshi
Customer"
THR000349,LA011324,2,agent,kyc,"Dear customer, SR430933 - The name mismatch on your salary slip is the reason the kyc is incomplete. Please share a salary slip that carries the corrected name. Regards."
THR000349,LA011324,3,customer,kyc,I have attached the corrected salary slip with the right name. Does anything else have to change for the kyc?
THR000349,LA011324,4,agent,kyc,"This is regarding application LA011324. The corrected salary slip has been received and sent for checking. Nothing else is pending on your kyc right now.
Best regards,
Vikram Rao
Customer Service"
THR000349,LA011324,5,customer,kyc,"Hi team, SR513860 - How will I know when the kyc is marked complete?"
THR000349,LA011324,6,agent,kyc,"Dear madam, You will get an sms as soon as the kyc is marked complete. The kyc status also shows on your gold loan application page.
Best regards,
Priya Sharma
Customer Service"
THR000350,LA013232,1,customer,payment_issue,Dear Sir My emi for june has bounced. There was enough balance in my bank account on the emi date. Awaiting your response.
THR000350,LA013232,2,agent,payment_issue,"Hello, The emi bounced because the mandate on your bank account has expired. A fresh mandate has to be registered before the next emi is presented. https://loanserve.example.in/status"
THR000350,LA013232,3,customer,payment_issue,"Dear sir, My reference is LA013232. How do I register a fresh mandate for the emi? Will a bounce charge be applied on this emi? www.loanserve.example.in/upload"
THR000350,LA013232,4,agent,payment_issue,"This is regarding application LA013232. A fresh mandate can be registered from your login under the emi section. The bounce charge of Rs 500 has been waived on this emi. https://loanserve.example.in/help/kyc Regards.
Best regards,
Rohit Kulkarni
Customer Service"
THR000351,LA030300,1,customer,loan_query,"My reference is LA030300. I already hold a home loan with you. Am I eligible for a top up on the same home loan? Thanks.
Sent from my iPhone"
THR000351,LA030300,2,agent,loan_query,"Dear sir, This is regarding application LA030300. CASE867430 - A top up on your home loan is possible after twelve emis have been paid on time. Your home loan has twenty two emis paid so far. Thanks and regards.
Best regards,
Arjun Menon
Customer Service"
THR000351,LA030300,3,customer,loan_query,"Dear madam, CASE473579 - Every emi on that home loan has been paid on time. What top up amount can I expect?"
THR000351,LA030300,4,agent,loan_query,"CASE932746 - The top up amount depends on the outstanding on your home loan and on your income. A top up of about Rs 75,000 looks possible on your home loan. https://loanserve.example.in/help/kyc Thank you."
THR000351,LA030300,5,customer,loan_query,"Dear madam, My reference is LA030300. Rs 75,000 would work for me. Which documents are needed for the top up? Awaiting your response."
THR000351,LA030300,6,agent,loan_query,CASE808597 - For the top up we need your latest income proof and bank statement. The home loan documents already with us do not have to be given again.
THR000352,LA017769,1,customer,complaint,The branch told me one interest rate on my home loan and the sanction letter shows a different rate. I was given wrong information at the branch.
THR000352,LA017769,2,agent,complaint,"Dear sir, We are sorry about the wrong information on your home loan rate. The rate in the sanction letter is the rate that applies to your home loan. Regards."
THR000352,LA017769,3,customer,complaint,Hi Then why was a lower rate quoted to me at the branch? I took the home loan only because of the rate I was quoted.
THR000352,LA017769,4,agent,complaint,"Dear customer, This is regarding application LA017769. The rate quoted to you was the card rate before your profile was scored. Your home loan rate has been sent for review by the credit team. www.loanserve.example.in/upload
On Mon, 12 May 2026, LoanServe Support wrote:
> Please share the document once more.
Thanks and regards,
Rohit Kulkarni
LoanServe Support"
THR000352,LA017769,5,customer,complaint,"My reference is LA017769. Please tell me the outcome of that review in writing. I do not want another verbal answer on my home loan.
On Mon, 12 May 2026, LoanServe Support wrote:
> Please share the document once more."
THR000352,LA017769,6,agent,complaint,"Dear madam, The outcome of the review will be sent to your registered email. Nothing on your home loan will be communicated only by phone. Thanks and regards.
Thanks and regards,
Meera Nair
LoanServe Support"
THR000353,LA032799,1,customer,kyc,"Hi team, REF857643 - My home loan application is on hold. The pan card I uploaded was rejected. Can you tell me why the pan card was rejected?"
THR000353,LA032799,2,agent,kyc,This is regarding application LA032799. The pan card was rejected because only one page of the document was uploaded. Please upload a fresh copy of the pan card from your registered login. Thanks and regards.
THR000353,LA032799,3,customer,kyc,Hi CASE909419 - I have uploaded the pan card again today. How many days does pan card verification take? Thanks.
THR000353,LA032799,4,agent,kyc,SR856024 - Your pan card is now under verification. A fresh pan card is normally verified within two working days. Regards.
THR000354,LA024637,1,customer,payment_issue,"Hi My emi for june has bounced. There was enough balance in my bank account on the emi date. www.loanserve.example.in/upload
--
Rahul Verma
Customer"
THR000354,LA024637,2,agent,payment_issue,"Dear sir, The emi bounced because the mandate on your bank account has expired. A fresh mandate has to be registered before the next emi is presented. Thank you."
THR000354,LA024637,3,customer,payment_issue,"Good morning, SR921727 - How do I register a fresh mandate for the emi? Will a bounce charge be applied on this emi?
On Mon, 12 May 2026, LoanServe Support wrote:
> Please share the document once more.
Best regards,
Anita Desai"
THR000354,LA024637,4,agent,payment_issue,This is regarding application LA024637. A fresh mandate can be registered from your login under the emi section. The bounce charge of Rs 1180 has been waived on this emi. Thanks and regards.
THR000355,LA026252,1,customer,loan_query,My reference is LA026252. Is my home loan eligible for a moratorium? My income has stopped for a few months and I cannot pay the emi.
THR000355,LA026252,2,agent,loan_query,"Dear customer, A moratorium on your home loan is considered case by case. Interest keeps adding during the moratorium, so the tenure on your home loan goes up. Regards."
THR000355,LA026252,3,customer,loan_query,Dear Sir I understand that the tenure will go up. What do I have to submit to apply for the moratorium?
THR000355,LA026252,4,agent,loan_query,"Dear customer, Please submit a written request along with proof of the income loss. The moratorium on your home loan is decided within two working days. Thanks and regards."
THR000356,LA022930,1,customer,complaint,"Hi team, A charge of Rs 250 has been debited on my gold loan and I was never told about this charge. Please explain why this charge was taken."
THR000356,LA022930,2,agent,complaint,"Hello, The charge of Rs 250 on your gold loan is a late payment charge. It was applied because the april emi was paid after the due date. Thank you."
THR000356,LA022930,3,customer,complaint,"Hello, My reference is LA022930. The emi was late because your own mandate failed. Why should a charge be taken from me for a failure at your end? Thank you.
Sent from my iPhone"
THR000356,LA022930,4,agent,complaint,You are right that the mandate failure was at our end. The charge of Rs 250 is being reversed on your gold loan.
THR000357,LA012168,1,customer,kyc,"Dear sir, My reference is LA012168. My kyc is showing as incomplete on my gold loan. The name printed on my salary slip does not match the name in your records. Thank you.
Thanks and regards,
Priya Sharma"
THR000357,LA012168,2,agent,kyc,"Dear customer, This is regarding application LA012168. The name mismatch on your salary slip is the reason the kyc is incomplete. Please share a salary slip that carries the corrected name. Thanks and regards."
THR000357,LA012168,3,customer,kyc,"I have attached the corrected salary slip with the right name. Does anything else have to change for the kyc? Awaitng your response.
On Mon, 12 May 2026, LoanServe Support wrote:
> Please share the document once more."
THR000357,LA012168,4,agent,kyc,TKT536587 - The corrected salary slip has been received and sent for checking. Nothing else is pending on your kyc right now. Regards.
THR000357,LA012168,5,customer,kyc,Dear Sir How will I know when the kyc is marked complete? www.loanserve.example.in/upload Awaiting your response.
THR000357,LA012168,6,agent,kyc,"Dear madam, You will get an sms as soon as the kyc is marked complete. The kyc status also shows on your gold loan application page. Thank you."
THR000358,LA029012,1,customer,payment_issue,I want to change my emi date to the 7th of the month. My salary is credited late and the present emi date does not suit me. Awaiting your response.
THR000358,LA029012,2,agent,payment_issue,"Dear customer, SR186701 - The emi date can be moved to the 7th from the next cycle. A fresh mandate is needed for the changed emi date. Thanks and regards.
Best regards,
Meera Nair
Customer Service"
THR000358,LA029012,3,customer,payment_issue,"Hi CASE156630 - Please go ahead with the change. Is there any charge for changing the emi date?
--
Rohit Kulkarni
Customer"
THR000358,LA029012,4,agent,payment_issue,A charge of Rs 1180 applies for changing the emi date. The new emi date takes effect from the next cycle. Regards.
THR000358,LA029012,5,customer,payment_issue,Dear Sir My reference is LA029012. The charge is acceptable to me. When will the new emi date show in my account?
THR000358,LA029012,6,agent,payment_issue,"Dear customer, The new emi date will show in your account once the fresh mandate is active. Your emi amount does not change."
THR000359,LA006869,1,customer,loan_query,"I already hold a personal loan with you. Am I eligible for a top up on the same personal loan? https://loanserve.example.in/help/kyc Awaitng your response.
Sent from my iPhone"
THR000359,LA006869,2,agent,loan_query,"Hello, This is regarding application LA006869. A top up on your personal loan is possible after twelve emis have been paid on time. Your personal loan has nine emis paid so far. Thanks and regards.
Best regards,
Rahul Verma
Customer Service"
THR000359,LA006869,3,customer,loan_query,"Respected sir, CASE142654 - Every emi on that personal loan has been paid on time. What top up amount can I expect?
--
Rohit Kulkarni
Customer"
THR000359,LA006869,4,agent,loan_query,"CASE748561 - The top up amount depends on the outstanding on your personal loan and on your income. A top up of about Rs 75,000 looks possible on your personal loan. Thank you.
Best regards,
Arjun Menon
Customer Service"
THR000359,LA006869,5,customer,loan_query,"Rs 75,000 would work for me. Which documents are needed for the top up? https://loanserve.example.in/status Awaitng your response."
THR000359,LA006869,6,agent,loan_query,"Dear customer, REF525866 - For the top up we need your latest income proof and bank statement. The personal loan documents already with us do not have to be given again. https://loanserve.example.in/status Thank you.
Best regards,
Meera Nair
Customer Service"
THR000360,LA003483,1,customer,complaint,The branch told me one interest rate on my personal loan and the sanction letter shows a different rate. I was given wrong information at the branch.
THR000360,LA003483,2,agent,complaint,"Dear customer, This is regarding application LA003483. We are sorry about the wrong information on your personal loan rate. The rate in the sanction letter is the rate that applies to your personal loan. Thank you.
Best regards,
Kavita Joshi
Customer Service"
THR000360,LA003483,3,customer,complaint,Then why was a lower rate quoted to me at the branch? I took the personal loan only because of the rate I was quoted. Awaitng your response.
THR000360,LA003483,4,agent,complaint,"Dear sir, This is regarding application LA003483. The rate quoted to you was the card rate before your profile was scored. Your personal loan rate has been sent for review by the credit team. Regards."
THR000360,LA003483,5,customer,complaint,"Good morning, Please tell me the outcome of that review in writing. I do not want another verbal answer on my personal loan.
--
Arjun Menon
Customer"
THR000360,LA003483,6,agent,complaint,"Dear sir, The outcome of the review will be sent to your registered email. Nothing on your personal loan will be communicated only by phone. Thanks and regards.
Thanks and regards,
Deepa Pillai
LoanServe Support"
THR000361,LA001814,1,customer,kyc,"Respected sir, My reference is LA001814. REF365883 - I was asked for a address proof for my home loan but I have already submitted it once. Why is the same address proof being asked for again?
Thanks and regards,
Arjun Menon"
THR000361,LA001814,2,agent,kyc,"The address proof you submitted earlier was against your older application. A address proof has to be submitted again for this home loan. Regards.
Best regards,
Vikram Rao
Customer Service"
THR000361,LA001814,3,customer,kyc,"Hi TKT788084 - That is not convenient but I will send the address proof again. Can I bring the address proof to the branch instead of uploading it? Thanks.
Thanks and regards,
Vikram Rao"
THR000361,LA001814,4,agent,kyc,"Dear customer, This is regarding application LA001814. Yes, the address proof can be submitted at any branch. The branch will scan the address proof and attach it to your home loan application. Regards.
Thanks and regards,
Suresh Iyer
LoanServe Support"
THR000362,LA029811,1,customer,payment_issue,"My emi for january has bounced. There was enough balance in my bank account on the emi date.
Best regards,
Arjun Menon"
THR000362,LA029811,2,agent,payment_issue,TKT700449 - The emi bounced because the mandate on your bank account has expired. A fresh mandate has to be registered before the next emi is presented.
THR000362,LA029811,3,customer,payment_issue,How do I register a fresh mandate for the emi? Will a bounce charge be applied on this emi? Thanks.
THR000362,LA029811,4,agent,payment_issue,"Dear madam, This is regarding application LA029811. A fresh mandate can be registered from your login under the emi section. The bounce charge of Rs 1180 has been waived on this emi. Regards.
On Mon, 12 May 2026, LoanServe Support wrote:
> Please share the document once more."
THR000362,LA029811,5,customer,payment_issue,"Hi team, I have registered the fresh mandate today. Will the january emi be presented once more?"
THR000362,LA029811,6,agent,payment_issue,"Hello, The january emi will be presented again once the fresh mandate is active. No further action is needed from your side on the emi. https://loanserve.example.in/status Thank you.
On Mon, 12 May 2026, LoanServe Support wrote:
> Please share the document once more.
Best regards,
Suresh Iyer
Customer Service"
THR000363,LA019702,1,customer,loan_query,"Good morning, Is my gold loan eligible for a moratorium? My income has stopped for a few months and I cannot pay the emi. Regards."
THR000363,LA019702,2,agent,loan_query,"Dear madam, A moratorium on your gold loan is considered case by case. Interest keeps adding during the moratorium, so the tenure on your gold loan goes up. Regards."
THR000363,LA019702,3,customer,loan_query,"Respected sir, My reference is LA019702. TKT658949 - I understand that the tenure will go up. What do I have to submit to apply for the moratorium? Awaitng your response."
THR000363,LA019702,4,agent,loan_query,"Hello, This is regarding application LA019702. Please submit a written request along with proof of the income loss. The moratorium on your gold loan is decided within two working days."
THR000364,LA004576,1,customer,complaint,"Hi My reference is LA004576. REF926299 - I have written about my home loan three times and nobody has replied. This is the fourth time I am writing about the same issue.
--
Suresh Iyer
Customer"
THR000364,LA004576,2,agent,complaint,"Hello, SR352659 - We are sorry that your earlier mails on the home loan went unanswered. Your issue has been escalated to the service manager."
THR000364,LA004576,3,customer,complaint,"Dear madam, Escalation is fine but I still have no answer on my home loan. When will somebody actually reply with an answer?"
THR000364,LA004576,4,agent,complaint,"Hello, The service manager will call you on your registered number within five working days. The answer on your home loan will be given on that call. Thanks and regards.
On Mon, 12 May 2026, LoanServe Support wrote:
> Please share the document once more.
Thanks and regards,
Arjun Menon
LoanServe Support"
THR000364,LA004576,5,customer,complaint,"Respected sir, I received the call and the issue on my home loan is clear now. Please close this complaint. Thank you."
THR000364,LA004576,6,agent,complaint,"Hello, Thank you for confirming that the home loan issue is clear. This complaint is being closed as resolved. Thank you."
THR000365,LA007297,1,customer,kyc,CASE163618 - My vehicle loan application is on hold. The income proof I uploaded was rejected. Can you tell me why the income proof was rejected?
THR000365,LA007297,2,agent,kyc,"Dear customer, This is regarding application LA007297. CASE189924 - The income proof was rejected because the address on it did not match your application. Please upload a fresh copy of the income proof from your registered login. Thank you."
THR000365,LA007297,3,customer,kyc,My reference is LA007297. I have uploaded the income proof again today. How many days does income proof verification take? Awaitng your response.
THR000365,LA007297,4,agent,kyc,"Dear sir, Your income proof is now under verification. A fresh income proof is normally verified within five working days. Thank you."
THR000365,LA007297,5,customer,kyc,"My reference is LA007297. Will my vehicle loan sanction be delayed because the income proof was rejected once?
Best regards,
Meera Nair"
THR000365,LA007297,6,agent,kyc,"Dear customer, This is regarding application LA007297. The vehicle loan sanction will move ahead as soon as the income proof is verified. No further delay is expected on your vehicle loan application. Regards.
Best regards,
Arjun Menon
Customer Service"
THR000366,LA007487,1,customer,payment_issue,"CASE934437 - I want to prepay Rs 50,000 on my personal loan. Does a part prepayment reduce the emi or the tenure?"
THR000366,LA007487,2,agent,payment_issue,"Dear customer, This is regarding application LA007487. A part prepayment of Rs 50,000 can reduce either the emi or the tenure on your personal loan. You have to tell us which of the two you want."
THR000366,LA007487,3,customer,payment_issue,"Good morning, Please reduce the tenure and keep the emi as it is. Is there a prepayment charge on my personal loan?"
THR000366,LA007487,4,agent,payment_issue,"Dear sir, There is no prepayment charge on a floating rate personal loan. The tenure will reduce once the prepayment of Rs 50,000 is received. https://loanserve.example.in/help/kyc
Best regards,
Rahul Verma
Customer Service"
THR000367,LA031047,1,customer,loan_query,"My reference is LA031047. SR697871 - Is my home loan eligible for a moratorium? My income has stopped for a few months and I cannot pay the emi. Thanks in advance.
Sent from my iPhone"
THR000367,LA031047,2,agent,loan_query,"Hello, A moratorium on your home loan is considered case by case. Interest keeps adding during the moratorium, so the tenure on your home loan goes up. https://loanserve.example.in/help/kyc Regards."
THR000367,LA031047,3,customer,loan_query,"Dear Sir I understand that the tenure will go up. What do I have to submit to apply for the moratorium?
Sent from my iPhone"
THR000367,LA031047,4,agent,loan_query,SR954779 - Please submit a written request along with proof of the income loss. The moratorium on your home loan is decided within five working days. Regards.
THR000368,LA028583,1,customer,complaint,A charge of Rs 250 has been debited on my personal loan and I was never told about this charge. Please explain why this charge was taken.
THR000368,LA028583,2,agent,complaint,"Dear madam, The charge of Rs 250 on your personal loan is a late payment charge. It was applied because the march emi was paid after the due date."
THR000368,LA028583,3,customer,complaint,"Dear madam, The emi was late because your own mandate failed. Why should a charge be taken from me for a failure at your end? Thanks."
THR000368,LA028583,4,agent,complaint,"Dear sir, REF208667 - You are right that the mandate failure was at our end. The charge of Rs 250 is being reversed on your personal loan.
On Mon, 12 May 2026, LoanServe Support wrote:
> Please share the document once more."
THR000369,LA031146,1,customer,kyc,"Dear Sir REF537204 - My gold loan application is on hold. The pan card I uploaded was rejected. Can you tell me why the pan card was rejected? Regards.
Best regards,
Arjun Menon"
THR000369,LA031146,2,agent,kyc,"Dear madam, This is regarding application LA031146. REF490094 - The pan card was rejected because the address on it did not match your application. Please upload a fresh copy of the pan card from your registered login. Thanks and regards.
Thanks and regards,
Suresh Iyer
LoanServe Support"
THR000369,LA031146,3,customer,kyc,"Hi team, My reference is LA031146. I have uploaded the pan card again today. How many days does pan card verification take?"
THR000369,LA031146,4,agent,kyc,"Dear customer, Your pan card is now under verification. A fresh pan card is normally verified within seven working days. Thanks and regards.
Best regards,
Arjun Menon
Customer Service"
THR000370,LA002409,1,customer,payment_issue,"Respected sir, My reference is LA002409. My emi for june has bounced. There was enough balance in my bank account on the emi date."
THR000370,LA002409,2,agent,payment_issue,"Dear customer, CASE643644 - The emi bounced because the mandate on your bank account has expired. A fresh mandate has to be registered before the next emi is presented. https://loanserve.example.in/status Thanks and regards."
THR000370,LA002409,3,customer,payment_issue,CASE918469 - How do I register a fresh mandate for the emi? Will a bounce charge be applied on this emi? Regards.
THR000370,LA002409,4,agent,payment_issue,"Dear customer, This is regarding application LA002409. A fresh mandate can be registered from your login under the emi section. The bounce charge of Rs 750 has been waived on this emi. Thank you."
THR000371,LA022034,1,customer,loan_query,"Dear sir, My reference is LA022034. TKT128195 - I have been offered a lower rate by another bank. What is the process to transfer my home loan to that bank? Thanks in advance."
THR000371,LA022034,2,agent,loan_query,"Hello, For a balance transfer of your home loan we issue a foreclosure letter. The other bank pays the outstanding on your home loan against that letter. Thanks and regards.
Best regards,
Meera Nair
Customer Service"
THR000371,LA022034,3,customer,loan_query,My reference is LA022034. How long does the foreclosure letter take? Is there a charge for the balance transfer?
THR000371,LA022034,4,agent,loan_query,SR412631 - The foreclosure letter is issued within two working days. There is no charge on a floating rate home loan for a balance transfer. https://loanserve.example.in/help/kyc Thank you.
THR000371,LA022034,5,customer,loan_query,"SR221946 - Please issue the foreclosure letter for my home loan. Where will the letter be sent? Regards.
--
Anita Desai
Customer"
THR000371,LA022034,6,agent,loan_query,"Dear sir, The foreclosure letter will be sent to your registered email. A copy of the letter can also be collected from the branch. Thanks and regards.
On Mon, 12 May 2026, LoanServe Support wrote:
> Please share the document once more.
Best regards,
Kavita Joshi
Customer Service"
THR000372,LA025378,1,customer,complaint,"Dear madam, A charge of Rs 750 has been debited on my gold loan and I was never told about this charge. Please explain why this charge was taken."
THR000372,LA025378,2,agent,complaint,"The charge of Rs 750 on your gold loan is a late payment charge. It was applied because the february emi was paid after the due date. Thank you.
Thanks and regards,
Vikram Rao
LoanServe Support"
THR000372,LA025378,3,customer,complaint,"Respected sir, The emi was late because your own mandate failed. Why should a charge be taken from me for a failure at your end?
Best regards,
Priya Sharma"
THR000372,LA025378,4,agent,complaint,"Hello, REF180740 - You are right that the mandate failure was at our end. The charge of Rs 750 is being reversed on your gold loan. https://loanserve.example.in/status Thank you."
THR000373,LA020489,1,customer,kyc,"Dear sir, My reference is LA020489. My kyc is showing as incomplete on my gold loan. The name printed on my income proof does not match the name in your records. Awaitng your response."
THR000373,LA020489,2,agent,kyc,This is regarding application LA020489. The name mismatch on your income proof is the reason the kyc is incomplete. Please share a income proof that carries the corrected name. www.loanserve.example.in/upload Thanks and regards.
THR000373,LA020489,3,customer,kyc,"Dear madam, CASE360061 - I have attached the corrected income proof with the right name. Does anything else have to change for the kyc?"
THR000373,LA020489,4,agent,kyc,"Dear madam, This is regarding application LA020489. TKT808042 - The corrected income proof has been received and sent for checking. Nothing else is pending on your kyc right now. Thank you.
Best regards,
Rohit Kulkarni
Customer Service"
THR000373,LA020489,5,customer,kyc,"Dear madam, My reference is LA020489. How will I know when the kyc is marked complete? Thanks.
On Mon, 12 May 2026, LoanServe Support wrote:
> Please share the document once more."
THR000373,LA020489,6,agent,kyc,"Dear madam, This is regarding application LA020489. You will get an sms as soon as the kyc is marked complete. The kyc status also shows on your gold loan application page. Thank you."
THR000374,LA028007,1,customer,payment_issue,"Good morning, My emi for april has bounced. There was enough balance in my bank account on the emi date. Thank you."
THR000374,LA028007,2,agent,payment_issue,"Dear sir, This is regarding application LA028007. The emi bounced because the mandate on your bank account has expired. A fresh mandate has to be registered before the next emi is presented. Regards."
THR000374,LA028007,3,customer,payment_issue,Dear Sir SR732871 - How do I register a fresh mandate for the emi? Will a bounce charge be applied on this emi?
THR000374,LA028007,4,agent,payment_issue,"A fresh mandate can be registered from your login under the emi section. The bounce charge of Rs 250 has been waived on this emi. Thank you.
Best regards,
Suresh Iyer
Customer Service"
THR000375,LA023608,1,customer,loan_query,CASE607161 - I have been offered a lower rate by another bank. What is the process to transfer my home loan to that bank? Thanks.
THR000375,LA023608,2,agent,loan_query,"Dear madam, This is regarding application LA023608. TKT337220 - For a balance transfer of your home loan we issue a foreclosure letter. The other bank pays the outstanding on your home loan against that letter. Thank you."
THR000375,LA023608,3,customer,loan_query,"TKT272833 - How long does the foreclosure letter take? Is there a charge for the balance transfer?
Best regards,
Deepa Pillai"
THR000375,LA023608,4,agent,loan_query,"The foreclosure letter is issued within five working days. There is no charge on a floating rate home loan for a balance transfer. Regards.
Thanks and regards,
Kavita Joshi
LoanServe Support"
THR000375,LA023608,5,customer,loan_query,Dear Sir My reference is LA023608. CASE704486 - Please issue the foreclosure letter for my home loan. Where will the letter be sent? Thanks.
THR000375,LA023608,6,agent,loan_query,"Dear madam, The foreclosure letter will be sent to your registered email. A copy of the letter can also be collected from the branch. https://loanserve.example.in/help/kyc Thanks and regards.
On Mon, 12 May 2026, LoanServe Support wrote:
> Please share the document once more."
THR000376,LA007047,1,customer,complaint,"Hello, A charge of Rs 590 has been debited on my home loan and I was never told about this charge. Please explain why this charge was taken."
THR000376,LA007047,2,agent,complaint,This is regarding application LA007047. TKT898800 - The charge of Rs 590 on your home loan is a late payment charge. It was applied because the august emi was paid after the due date. https://loanserve.example.in/help/kyc Regards.
THR000376,LA007047,3,customer,complaint,"Hello, My reference is LA007047. CASE846535 - The emi was late because your own mandate failed. Why should a charge be taken from me for a failure at your end?
Thanks and regards,
Rohit Kulkarni"
THR000376,LA007047,4,agent,complaint,"Dear madam, SR640240 - You are right that the mandate failure was at our end. The charge of Rs 590 is being reversed on your home loan. www.loanserve.example.in/upload Thank you.
Thanks and regards,
Deepa Pillai
LoanServe Support"
THR000377,LA014070,1,customer,kyc,"Good morning, REF539446 - I was asked for a address proof for my personal loan but I have already submitted it once. Why is the same address proof being asked for again?"
THR000377,LA014070,2,agent,kyc,The address proof you submitted earlier was against your older application. A address proof has to be submitted again for this personal loan. https://loanserve.example.in/status Thank you.
THR000377,LA014070,3,customer,kyc,"SR623391 - That is not convenient but I will send the address proof again. Can I bring the address proof to the branch instead of uploading it? Thanks in advance.
Best regards,
Kavita Joshi"
THR000377,LA014070,4,agent,kyc,"Dear customer, CASE637635 - Yes, the address proof can be submitted at any branch. The branch will scan the address proof and attach it to your personal loan application. Regards."
THR000378,LA005396,1,customer,payment_issue,"My reference is LA005396. I want to change my emi date to the 5th of the month. My salary is credited late and the present emi date does not suit me.
Sent from my iPhone"
THR000378,LA005396,2,agent,payment_issue,The emi date can be moved to the 5th from the next cycle. A fresh mandate is needed for the changed emi date. Thank you.
THR000378,LA005396,3,customer,payment_issue,"Dear madam, Please go ahead with the change. Is there any charge for changing the emi date? Awaitng your response."
THR000378,LA005396,4,agent,payment_issue,"Dear sir, This is regarding application LA005396. A charge of Rs 750 applies for changing the emi date. The new emi date takes effect from the next cycle. https://loanserve.example.in/help/kyc Thanks and regards."
THR000379,LA022185,1,customer,loan_query,"Dear madam, Is my home loan eligible for a moratorium? My income has stopped for a few months and I cannot pay the emi."
THR000379,LA022185,2,agent,loan_query,"Hello, A moratorium on your home loan is considered case by case. Interest keeps adding during the moratorium, so the tenure on your home loan goes up. Thank you."
THR000379,LA022185,3,customer,loan_query,"Hello, I understand that the tenure will go up. What do I have to submit to apply for the moratorium?
On Mon, 12 May 2026, LoanServe Support wrote:
> Please share the document once more."
THR000379,LA022185,4,agent,loan_query,"Dear sir, This is regarding application LA022185. TKT743101 - Please submit a written request along with proof of the income loss. The moratorium on your home loan is decided within seven working days. Regards."
THR000380,LA016753,1,customer,complaint,"Dear madam, I have written about my vehicle loan three times and nobody has replied. This is the fourth time I am writing about the same issue.
Thanks and regards,
Suresh Iyer"
THR000380,LA016753,2,agent,complaint,"Dear customer, We are sorry that your earlier mails on the vehicle loan went unanswered. Your issue has been escalated to the service manager.
Thanks and regards,
Vikram Rao
LoanServe Support"
THR000380,LA016753,3,customer,complaint,"My reference is LA016753. Escalation is fine but I still have no answer on my vehicle loan. When will somebody actually reply with an answer? Regards.
On Mon, 12 May 2026, LoanServe Support wrote:
> Please share the document once more."
THR000380,LA016753,4,agent,complaint,"Dear madam, The service manager will call you on your registered number within two working days. The answer on your vehicle loan will be given on that call."
THR000380,LA016753,5,customer,complaint,"I received the call and the issue on my vehicle loan is clear now. Please close this complaint.
On Mon, 12 May 2026, LoanServe Support wrote:
> Please share the document once more."
THR000380,LA016753,6,agent,complaint,"Dear customer, This is regarding application LA016753. SR585881 - Thank you for confirming that the vehicle loan issue is clear. This complaint is being closed as resolved. Thanks and regards.
Best regards,
Kavita Joshi
Customer Service"
THR000381,LA005933,1,customer,kyc,Dear Sir My reference is LA005933. My personal loan application is on hold. The salary slip I uploaded was rejected. Can you tell me why the salary slip was rejected? Thanks in advance.
THR000381,LA005933,2,agent,kyc,"This is regarding application LA005933. The salary slip was rejected because the document had already expired. Please upload a fresh copy of the salary slip from your registered login. Thanks and regards.
Best regards,
Rohit Kulkarni
Customer Service"
THR000381,LA005933,3,customer,kyc,"Dear madam, My reference is LA005933. I have uploaded the salary slip again today. How many days does salary slip verification take?"
THR000381,LA005933,4,agent,kyc,"Dear madam, Your salary slip is now under verification. A fresh salary slip is normally verified within five working days. https://loanserve.example.in/status Regards."
THR000382,LA010618,1,customer,payment_issue,"Hi My reference is LA010618. TKT601757 - I want to prepay Rs 300,000 on my vehicle loan. Does a part prepayment reduce the emi or the tenure?
Sent from my iPhone"
THR000382,LA010618,2,agent,payment_issue,"CASE345437 - A part prepayment of Rs 300,000 can reduce either the emi or the tenure on your vehicle loan. You have to tell us which of the two you want. Thanks and regards."
THR000382,LA010618,3,customer,payment_issue,"Please reduce the tenure and keep the emi as it is. Is there a prepayment charge on my vehicle loan? https://loanserve.example.in/status Thanks.
Thanks and regards,
Deepa Pillai"
THR000382,LA010618,4,agent,payment_issue,"Dear madam, There is no prepayment charge on a floating rate vehicle loan. The tenure will reduce once the prepayment of Rs 300,000 is received. Thanks and regards."
THR000383,LA007763,1,customer,loan_query,CASE343880 - I have been offered a lower rate by another bank. What is the process to transfer my vehicle loan to that bank? https://loanserve.example.in/status Awaitng your response.
THR000383,LA007763,2,agent,loan_query,"For a balance transfer of your vehicle loan we issue a foreclosure letter. The other bank pays the outstanding on your vehicle loan against that letter. https://loanserve.example.in/help/kyc Regards.
Thanks and regards,
Priya Sharma
LoanServe Support"
THR000383,LA007763,3,customer,loan_query,"Dear sir, My reference is LA007763. How long does the foreclosure letter take? Is there a charge for the balance transfer?"
THR000383,LA007763,4,agent,loan_query,"This is regarding application LA007763. The foreclosure letter is issued within three working days. There is no charge on a floating rate vehicle loan for a balance transfer. Regards.
Best regards,
Vikram Rao
Customer Service"
THR000384,LA015085,1,customer,complaint,"Hi A charge of Rs 250 has been debited on my vehicle loan and I was never told about this charge. Please explain why this charge was taken. www.loanserve.example.in/upload Regards.
Best regards,
Anita Desai"
THR000384,LA015085,2,agent,complaint,"Dear customer, The charge of Rs 250 on your vehicle loan is a late payment charge. It was applied because the april emi was paid after the due date.
Thanks and regards,
Meera Nair
LoanServe Support"
THR000384,LA015085,3,customer,complaint,The emi was late because your own mandate failed. Why should a charge be taken from me for a failure at your end? Awaitng your response.
THR000384,LA015085,4,agent,complaint,"Dear customer, This is regarding application LA015085. REF278592 - You are right that the mandate failure was at our end. The charge of Rs 250 is being reversed on your vehicle loan. Thanks and regards.
Thanks and regards,
Anita Desai
LoanServe Support"
THR000385,LA024915,1,customer,kyc,"Dear sir, TKT797631 - My vehicle loan application is on hold. The pan card I uploaded was rejected. Can you tell me why the pan card was rejected?"
THR000385,LA024915,2,agent,kyc,"Dear customer, TKT673545 - The pan card was rejected because only one page of the document was uploaded. Please upload a fresh copy of the pan card from your registered login. Thanks and regards.
Best regards,
Meera Nair
Customer Service"
THR000385,LA024915,3,customer,kyc,"Dear madam, SR615605 - I have uploaded the pan card again today. How many days does pan card verification take? https://loanserve.example.in/help/kyc
Sent from my iPhone"
THR000385,LA024915,4,agent,kyc,"Dear customer, Your pan card is now under verification. A fresh pan card is normally verified within seven working days. Thanks and regards.
Best regards,
Deepa Pillai
Customer Service"
THR000385,LA024915,5,customer,kyc,CASE674936 - Will my vehicle loan sanction be delayed because the pan card was rejected once? Awaiting your response.
THR000385,LA024915,6,agent,kyc,"Hello, This is regarding application LA024915. The vehicle loan sanction will move ahead as soon as the pan card is verified. No further delay is expected on your vehicle loan application."
THR000386,LA009070,1,customer,payment_issue,"Dear sir, TKT138297 - I want to change my emi date to the 7th of the month. My salary is credited late and the present emi date does not suit me."
THR000386,LA009070,2,agent,payment_issue,"Hello, This is regarding application LA009070. REF607620 - The emi date can be moved to the 7th from the next cycle. A fresh mandate is needed for the changed emi date."
THR000386,LA009070,3,customer,payment_issue,"Dear sir, My reference is LA009070. SR621316 - Please go ahead with the change. Is there any charge for changing the emi date? Awaiting your response.
Best regards,
Anita Desai"
THR000386,LA009070,4,agent,payment_issue,"Hello, This is regarding application LA009070. TKT958709 - A charge of Rs 500 applies for changing the emi date. The new emi date takes effect from the next cycle. https://loanserve.example.in/help/kyc Thanks and regards."
THR000386,LA009070,5,customer,payment_issue,Hi TKT458680 - The charge is acceptable to me. When will the new emi date show in my account?
THR000386,LA009070,6,agent,payment_issue,"The new emi date will show in your account once the fresh mandate is active. Your emi amount does not change. Thank you.
Best regards,
Anita Desai
Customer Service"
THR000387,LA028845,1,customer,loan_query,"Hi team, My reference is LA028845. REF737448 - I already hold a home loan with you. Am I eligible for a top up on the same home loan?"
THR000387,LA028845,2,agent,loan_query,"Hello, This is regarding application LA028845. A top up on your home loan is possible after twelve emis have been paid on time. Your home loan has nine emis paid so far. Thank you."
THR000387,LA028845,3,customer,loan_query,"Dear sir, TKT134268 - Every emi on that home loan has been paid on time. What top up amount can I expect? https://loanserve.example.in/status Thanks in advance."
THR000387,LA028845,4,agent,loan_query,"Dear customer, SR738369 - The top up amount depends on the outstanding on your home loan and on your income. A top up of about Rs 200,000 looks possible on your home loan. Thanks and regards."
THR000388,LA031441,1,customer,complaint,"Dear madam, CASE252241 - The branch told me one interest rate on my home loan and the sanction letter shows a different rate. I was given wrong information at the branch. Awaiting your response."
THR000388,LA031441,2,agent,complaint,We are sorry about the wrong information on your home loan rate. The rate in the sanction letter is the rate that applies to your home loan. Thank you.
THR000388,LA031441,3,customer,complaint,Then why was a lower rate quoted to me at the branch? I took the home loan only because of the rate I was quoted. Awaitng your response.
THR000388,LA031441,4,agent,complaint,"Dear customer, The rate quoted to you was the card rate before your profile was scored. Your home loan rate has been sent for review by the credit team. Regards.
Best regards,
Meera Nair
Customer Service"
THR000388,LA031441,5,customer,complaint,Please tell me the outcome of that review in writing. I do not want another verbal answer on my home loan. Thanks in advance.
THR000388,LA031441,6,agent,complaint,"Hello, The outcome of the review will be sent to your registered email. Nothing on your home loan will be communicated only by phone. Thank you.
Best regards,
Deepa Pillai
Customer Service"
THR000389,LA031534,1,customer,kyc,My reference is LA031534. My kyc is showing as incomplete on my vehicle loan. The name printed on my income proof does not match the name in your records.
THR000389,LA031534,2,agent,kyc,"Dear sir, This is regarding application LA031534. REF751775 - The name mismatch on your income proof is the reason the kyc is incomplete. Please share a income proof that carries the corrected name.
Thanks and regards,
Rohit Kulkarni
LoanServe Support"
THR000389,LA031534,3,customer,kyc,"Hi team, My reference is LA031534. I have attached the corrected income proof with the right name. Does anything else have to change for the kyc?"
THR000389,LA031534,4,agent,kyc,"Dear madam, The corrected income proof has been received and sent for checking. Nothing else is pending on your kyc right now.
Best regards,
Rahul Verma
Customer Service"
THR000389,LA031534,5,customer,kyc,My reference is LA031534. How will I know when the kyc is marked complete? Thanks in advance.
THR000389,LA031534,6,agent,kyc,"Dear customer, You will get an sms as soon as the kyc is marked complete. The kyc status also shows on your vehicle loan application page. Thanks and regards."
THR000390,LA028091,1,customer,payment_issue,"Dear sir, My reference is LA028091. I want to prepay Rs 75,000 on my vehicle loan. Does a part prepayment reduce the emi or the tenure? Regards."
THR000390,LA028091,2,agent,payment_issue,"Dear customer, This is regarding application LA028091. A part prepayment of Rs 75,000 can reduce either the emi or the tenure on your vehicle loan. You have to tell us which of the two you want. Thank you.
Thanks and regards,
Priya Sharma
LoanServe Support"
THR000390,LA028091,3,customer,payment_issue,"Dear madam, My reference is LA028091. Please reduce the tenure and keep the emi as it is. Is there a prepayment charge on my vehicle loan? Thanks."
THR000390,LA028091,4,agent,payment_issue,"Dear customer, There is no prepayment charge on a floating rate vehicle loan. The tenure will reduce once the prepayment of Rs 75,000 is received. Thanks and regards."
THR000391,LA027562,1,customer,loan_query,"Dear madam, Is my gold loan eligible for a moratorium? My income has stopped for a few months and I cannot pay the emi."
THR000391,LA027562,2,agent,loan_query,"This is regarding application LA027562. A moratorium on your gold loan is considered case by case. Interest keeps adding during the moratorium, so the tenure on your gold loan goes up. Thank you."
THR000391,LA027562,3,customer,loan_query,I understand that the tenure will go up. What do I have to submit to apply for the moratorium?
THR000391,LA027562,4,agent,loan_query,"Dear customer, This is regarding application LA027562. REF229830 - Please submit a written request along with proof of the income loss. The moratorium on your gold loan is decided within three working days. https://loanserve.example.in/status"
THR000392,LA000772,1,customer,complaint,A charge of Rs 250 has been debited on my gold loan and I was never told about this charge. Please explain why this charge was taken. https://loanserve.example.in/help/kyc
THR000392,LA000772,2,agent,complaint,"The charge of Rs 250 on your gold loan is a late payment charge. It was applied because the january emi was paid after the due date.
Thanks and regards,
Deepa Pillai
LoanServe Support"
THR000392,LA000772,3,customer,complaint,"Dear madam, The emi was late because your own mandate failed. Why should a charge be taken from me for a failure at your end? Awaiting your response."
THR000392,LA000772,4,agent,complaint,"Dear customer, This is regarding application LA000772. You are right that the mandate failure was at our end. The charge of Rs 250 is being reversed on your gold loan. Thanks and regards.
On Mon, 12 May 2026, LoanServe Support wrote:
> Please share the document once more."
THR000393,LA020936,1,customer,kyc,"My reference is LA020936. CASE702448 - My kyc is showing as incomplete on my vehicle loan. The name printed on my salary slip does not match the name in your records.
--
Priya Sharma
Customer"
THR000393,LA020936,2,agent,kyc,"Dear customer, TKT114992 - The name mismatch on your salary slip is the reason the kyc is incomplete. Please share a salary slip that carries the corrected name. Thanks and regards.
Thanks and regards,
Anita Desai
LoanServe Support"
THR000393,LA020936,3,customer,kyc,"Hi team, My reference is LA020936. I have attached the corrected salary slip with the right name. Does anything else have to change for the kyc? Thank you.
On Mon, 12 May 2026, LoanServe Support wrote:
> Please share the document once more."
THR000393,LA020936,4,agent,kyc,"Hello, The corrected salary slip has been received and sent for checking. Nothing else is pending on your kyc right now. Thank you."
THR000394,LA022894,1,customer,payment_issue,I want to change my emi date to the 7th of the month. My salary is credited late and the present emi date does not suit me.
THR000394,LA022894,2,agent,payment_issue,"Dear madam, This is regarding application LA022894. The emi date can be moved to the 7th from the next cycle. A fresh mandate is needed for the changed emi date. Thanks and regards."
THR000394,LA022894,3,customer,payment_issue,Please go ahead with the change. Is there any charge for changing the emi date? Thanks in advance.
THR000394,LA022894,4,agent,payment_issue,REF413125 - A charge of Rs 500 applies for changing the emi date. The new emi date takes effect from the next cycle. Regards.
THR000394,LA022894,5,customer,payment_issue,"Dear sir, The charge is acceptable to me. When will the new emi date show in my account?"
THR000394,LA022894,6,agent,payment_issue,"Dear customer, REF578837 - The new emi date will show in your account once the fresh mandate is active. Your emi amount does not change. Thank you."
THR000395,LA027521,1,customer,loan_query,Hi TKT548796 - Is my vehicle loan eligible for a moratorium? My income has stopped for a few months and I cannot pay the emi. Regards.
THR000395,LA027521,2,agent,loan_query,"Hello, A moratorium on your vehicle loan is considered case by case. Interest keeps adding during the moratorium, so the tenure on your vehicle loan goes up."
THR000395,LA027521,3,customer,loan_query,"My reference is LA027521. I understand that the tenure will go up. What do I have to submit to apply for the moratorium?
Sent from my iPhone"
THR000395,LA027521,4,agent,loan_query,"Hello, This is regarding application LA027521. Please submit a written request along with proof of the income loss. The moratorium on your vehicle loan is decided within five working days. https://loanserve.example.in/status Thanks and regards.
Best regards,
Meera Nair
Customer Service"
THR000396,LA001967,1,customer,complaint,"My reference is LA001967. The branch told me one interest rate on my home loan and the sanction letter shows a different rate. I was given wrong information at the branch.
Best regards,
Deepa Pillai"
THR000396,LA001967,2,agent,complaint,"Dear customer, SR607736 - We are sorry about the wrong information on your home loan rate. The rate in the sanction letter is the rate that applies to your home loan. https://loanserve.example.in/status Thanks and regards."
THR000396,LA001967,3,customer,complaint,"Good morning, My reference is LA001967. Then why was a lower rate quoted to me at the branch? I took the home loan only because of the rate I was quoted. Thanks in advance.
Thanks and regards,
Vikram Rao"
THR000396,LA001967,4,agent,complaint,"Hello, This is regarding application LA001967. The rate quoted to you was the card rate before your profile was scored. Your home loan rate has been sent for review by the credit team."
THR000396,LA001967,5,customer,complaint,"My reference is LA001967. Please tell me the outcome of that review in writing. I do not want another verbal answer on my home loan.
On Mon, 12 May 2026, LoanServe Support wrote:
> Please share the document once more."
THR000396,LA001967,6,agent,complaint,"Hello, The outcome of the review will be sent to your registered email. Nothing on your home loan will be communicated only by phone. Thanks and regards."
THR000397,LA031368,1,customer,kyc,"Hi My reference is LA031368. My personal loan application is on hold. The salary slip I uploaded was rejected. Can you tell me why the salary slip was rejected? Thanks.
Sent from my iPhone"
THR000397,LA031368,2,agent,kyc,This is regarding application LA031368. The salary slip was rejected because the address on it did not match your application. Please upload a fresh copy of the salary slip from your registered login.
THR000397,LA031368,3,customer,kyc,CASE728983 - I have uploaded the salary slip again today. How many days does salary slip verification take?
THR000397,LA031368,4,agent,kyc,This is regarding application LA031368. Your salary slip is now under verification. A fresh salary slip is normally verified within three working days. www.loanserve.example.in/upload Thank you.
THR000397,LA031368,5,customer,kyc,"Hello, Will my personal loan sanction be delayed because the salary slip was rejected once?"
THR000397,LA031368,6,agent,kyc,"Dear sir, This is regarding application LA031368. REF299425 - The personal loan sanction will move ahead as soon as the salary slip is verified. No further delay is expected on your personal loan application. Regards.
Thanks and regards,
Priya Sharma
LoanServe Support"
THR000398,LA022426,1,customer,payment_issue,"CASE411918 - I want to prepay Rs 100,000 on my home loan. Does a part prepayment reduce the emi or the tenure?"
THR000398,LA022426,2,agent,payment_issue,"Dear customer, A part prepayment of Rs 100,000 can reduce either the emi or the tenure on your home loan. You have to tell us which of the two you want. Regards.
Best regards,
Meera Nair
Customer Service"
THR000398,LA022426,3,customer,payment_issue,"Hi team, Please reduce the tenure and keep the emi as it is. Is there a prepayment charge on my home loan? Thank you.
On Mon, 12 May 2026, LoanServe Support wrote:
> Please share the document once more."
THR000398,LA022426,4,agent,payment_issue,"TKT290213 - There is no prepayment charge on a floating rate home loan. The tenure will reduce once the prepayment of Rs 100,000 is received.
Thanks and regards,
Kavita Joshi
LoanServe Support"
THR000399,LA006603,1,customer,loan_query,"Respected sir, My reference is LA006603. I have been offered a lower rate by another bank. What is the process to transfer my vehicle loan to that bank? Thanks."
THR000399,LA006603,2,agent,loan_query,"Dear sir, For a balance transfer of your vehicle loan we issue a foreclosure letter. The other bank pays the outstanding on your vehicle loan against that letter. https://loanserve.example.in/help/kyc Thank you."
THR000399,LA006603,3,customer,loan_query,"Hi team, How long does the foreclosure letter take? Is there a charge for the balance transfer?
On Mon, 12 May 2026, LoanServe Support wrote:
> Please share the document once more."
THR000399,LA006603,4,agent,loan_query,"Dear madam, The foreclosure letter is issued within two working days. There is no charge on a floating rate vehicle loan for a balance transfer. Thank you.
Thanks and regards,
Kavita Joshi
LoanServe Support"
THR000399,LA006603,5,customer,loan_query,"Good morning, Please issue the foreclosure letter for my vehicle loan. Where will the letter be sent?"
THR000399,LA006603,6,agent,loan_query,"Hello, This is regarding application LA006603. The foreclosure letter will be sent to your registered email. A copy of the letter can also be collected from the branch. Thank you."
THR000400,LA008200,1,customer,complaint,Hi I have written about my home loan three times and nobody has replied. This is the fourth time I am writing about the same issue. Awaiting your response.
THR000400,LA008200,2,agent,complaint,"We are sorry that your earlier mails on the home loan went unanswered. Your issue has been escalated to the service manager.
Thanks and regards,
Rohit Kulkarni
LoanServe Support"
THR000400,LA008200,3,customer,complaint,"TKT206581 - Escalation is fine but I still have no answer on my home loan. When will somebody actually reply with an answer? Regards.
Best regards,
Anita Desai"
THR000400,LA008200,4,agent,complaint,"Dear sir, This is regarding application LA008200. REF470083 - The service manager will call you on your registered number within seven working days. The answer on your home loan will be given on that call. Thank you."
THR000401,LA019284,1,customer,kyc,"Hello, My kyc is showing as incomplete on my gold loan. The name printed on my income proof does not match the name in your records.
Sent from my iPhone"
THR000401,LA019284,2,agent,kyc,"Hello, The name mismatch on your income proof is the reason the kyc is incomplete. Please share a income proof that carries the corrected name."
THR000401,LA019284,3,customer,kyc,"Dear sir, SR641434 - I have attached the corrected income proof with the right name. Does anything else have to change for the kyc?"
THR000401,LA019284,4,agent,kyc,"Hello, The corrected income proof has been received and sent for checking. Nothing else is pending on your kyc right now. https://loanserve.example.in/help/kyc Thank you."
THR000401,LA019284,5,customer,kyc,REF780289 - How will I know when the kyc is marked complete? www.loanserve.example.in/upload
THR000401,LA019284,6,agent,kyc,"Hello, This is regarding application LA019284. You will get an sms as soon as the kyc is marked complete. The kyc status also shows on your gold loan application page."
THR000402,LA003115,1,customer,payment_issue,My reference is LA003115. TKT895430 - My emi for july has bounced. There was enough balance in my bank account on the emi date. Awaiting your response.
THR000402,LA003115,2,agent,payment_issue,The emi bounced because the mandate on your bank account has expired. A fresh mandate has to be registered before the next emi is presented. Thank you.
THR000402,LA003115,3,customer,payment_issue,"How do I register a fresh mandate for the emi? Will a bounce charge be applied on this emi? Regards.
On Mon, 12 May 2026, LoanServe Support wrote:
> Please share the document once more."
THR000402,LA003115,4,agent,payment_issue,A fresh mandate can be registered from your login under the emi section. The bounce charge of Rs 750 has been waived on this emi. Thanks and regards.
THR000402,LA003115,5,customer,payment_issue,"My reference is LA003115. I have registered the fresh mandate today. Will the july emi be presented once more? Regards.
On Mon, 12 May 2026, LoanServe Support wrote:
> Please share the document once more."
THR000402,LA003115,6,agent,payment_issue,"Hello, CASE483199 - The july emi will be presented again once the fresh mandate is active. No further action is needed from your side on the emi. Thanks and regards."
THR000403,LA010186,1,customer,loan_query,REF573401 - I have been offered a lower rate by another bank. What is the process to transfer my home loan to that bank? Thanks in advance.
THR000403,LA010186,2,agent,loan_query,"This is regarding application LA010186. For a balance transfer of your home loan we issue a foreclosure letter. The other bank pays the outstanding on your home loan against that letter. Thanks and regards.
Thanks and regards,
Vikram Rao
LoanServe Support"
THR000403,LA010186,3,customer,loan_query,"Good morning, How long does the foreclosure letter take? Is there a charge for the balance transfer? Thank you."
THR000403,LA010186,4,agent,loan_query,"Dear customer, This is regarding application LA010186. The foreclosure letter is issued within five working days. There is no charge on a floating rate home loan for a balance transfer."
THR000403,LA010186,5,customer,loan_query,"REF701602 - Please issue the foreclosure letter for my home loan. Where will the letter be sent? Thanks.
Sent from my iPhone"
THR000403,LA010186,6,agent,loan_query,"Dear customer, This is regarding application LA010186. The foreclosure letter will be sent to your registered email. A copy of the letter can also be collected from the branch. https://loanserve.example.in/status Thank you."
THR000404,LA027155,1,customer,complaint,"My reference is LA027155. TKT336740 - A charge of Rs 250 has been debited on my gold loan and I was never told about this charge. Please explain why this charge was taken.
--
Vikram Rao
Customer"
THR000404,LA027155,2,agent,complaint,"Dear madam, REF742451 - The charge of Rs 250 on your gold loan is a late payment charge. It was applied because the may emi was paid after the due date. Thank you.
Thanks and regards,
Priya Sharma
LoanServe Support"
THR000404,LA027155,3,customer,complaint,The emi was late because your own mandate failed. Why should a charge be taken from me for a failure at your end? Regards.
THR000404,LA027155,4,agent,complaint,"Dear sir, This is regarding application LA027155. You are right that the mandate failure was at our end. The charge of Rs 250 is being reversed on your gold loan. https://loanserve.example.in/help/kyc Thank you.
On Mon, 12 May 2026, LoanServe Support wrote:
> Please share the document once more."
THR000405,LA002212,1,customer,kyc,My reference is LA002212. My vehicle loan application is on hold. The salary slip I uploaded was rejected. Can you tell me why the salary slip was rejected? Regards.
THR000405,LA002212,2,agent,kyc,"The salary slip was rejected because the scanned copy was not clearly readable. Please upload a fresh copy of the salary slip from your registered login.
Thanks and regards,
Vikram Rao
LoanServe Support"
THR000405,LA002212,3,customer,kyc,CASE307482 - I have uploaded the salary slip again today. How many days does salary slip verification take?
THR000405,LA002212,4,agent,kyc,"This is regarding application LA002212. Your salary slip is now under verification. A fresh salary slip is normally verified within three working days. https://loanserve.example.in/help/kyc Regards.
Best regards,
Meera Nair
Customer Service"
THR000405,LA002212,5,customer,kyc,"Dear madam, Will my vehicle loan sanction be delayed because the salary slip was rejected once? Awaiting your response."
THR000405,LA002212,6,agent,kyc,"Dear sir, This is regarding application LA002212. SR244165 - The vehicle loan sanction will move ahead as soon as the salary slip is verified. No further delay is expected on your vehicle loan application. Regards.
Thanks and regards,
Rahul Verma
LoanServe Support"
THR000406,LA021844,1,customer,payment_issue,"Hi REF300106 - I want to change my emi date to the 15th of the month. My salary is credited late and the present emi date does not suit me. Thanks in advance.
Sent from my iPhone"
THR000406,LA021844,2,agent,payment_issue,"Hello, This is regarding application LA021844. TKT459905 - The emi date can be moved to the 15th from the next cycle. A fresh mandate is needed for the changed emi date."
THR000406,LA021844,3,customer,payment_issue,"My reference is LA021844. TKT778335 - Please go ahead with the change. Is there any charge for changing the emi date? Thank you.
On Mon, 12 May 2026, LoanServe Support wrote:
> Please share the document once more.
Sent from my iPhone"
THR000406,LA021844,4,agent,payment_issue,"Dear madam, CASE520654 - A charge of Rs 590 applies for changing the emi date. The new emi date takes effect from the next cycle."
THR000407,LA007459,1,customer,loan_query,Dear Sir Is my gold loan eligible for a moratorium? My income has stopped for a few months and I cannot pay the emi. Thanks in advance.
THR000407,LA007459,2,agent,loan_query,"Dear madam, This is regarding application LA007459. A moratorium on your gold loan is considered case by case. Interest keeps adding during the moratorium, so the tenure on your gold loan goes up. Thanks and regards.
Thanks and regards,
Priya Sharma
LoanServe Support"
THR000407,LA007459,3,customer,loan_query,"Good morning, TKT372791 - I understand that the tenure will go up. What do I have to submit to apply for the moratorium?
Thanks and regards,
Priya Sharma"
THR000407,LA007459,4,agent,loan_query,"Dear customer, This is regarding application LA007459. Please submit a written request along with proof of the income loss. The moratorium on your gold loan is decided within three working days. Regards.
Best regards,
Rohit Kulkarni
Customer Service"
THR000408,LA024705,1,customer,complaint,A charge of Rs 250 has been debited on my home loan and I was never told about this charge. Please explain why this charge was taken. Thanks in advance.
THR000408,LA024705,2,agent,complaint,"Dear sir, The charge of Rs 250 on your home loan is a late payment charge. It was applied because the july emi was paid after the due date. Thanks and regards."
THR000408,LA024705,3,customer,complaint,Dear Sir The emi was late because your own mandate failed. Why should a charge be taken from me for a failure at your end? https://loanserve.example.in/help/kyc Regards.
THR000408,LA024705,4,agent,complaint,"Dear sir, This is regarding application LA024705. TKT932887 - You are right that the mandate failure was at our end. The charge of Rs 250 is being reversed on your home loan. Regards."
THR000409,LA015088,1,customer,kyc,"Dear sir, My reference is LA015088. I was asked for a salary slip for my gold loan but I have already submitted it once. Why is the same salary slip being asked for again? Awaitng your response."
THR000409,LA015088,2,agent,kyc,"Dear customer, The salary slip you submitted earlier was against your older application. A salary slip has to be submitted again for this gold loan. Regards.
Best regards,
Vikram Rao
Customer Service"
THR000409,LA015088,3,customer,kyc,"Dear sir, That is not convenient but I will send the salary slip again. Can I bring the salary slip to the branch instead of uploading it? Regards."
THR000409,LA015088,4,agent,kyc,"Dear sir, Yes, the salary slip can be submitted at any branch. The branch will scan the salary slip and attach it to your gold loan application. Thank you."
THR000410,LA021834,1,customer,payment_issue,"My reference is LA021834. TKT169964 - I want to prepay Rs 150,000 on my vehicle loan. Does a part prepayment reduce the emi or the tenure? Awaitng your response."
THR000410,LA021834,2,agent,payment_issue,"Hello, This is regarding application LA021834. A part prepayment of Rs 150,000 can reduce either the emi or the tenure on your vehicle loan. You have to tell us which of the two you want."
THR000410,LA021834,3,customer,payment_issue,"Good morning, Please reduce the tenure and keep the emi as it is. Is there a prepayment charge on my vehicle loan?
On Mon, 12 May 2026, LoanServe Support wrote:
> Please share the document once more.
Best regards,
Deepa Pillai"
THR000410,LA021834,4,agent,payment_issue,"Dear customer, There is no prepayment charge on a floating rate vehicle loan. The tenure will reduce once the prepayment of Rs 150,000 is received. www.loanserve.example.in/upload Thank you."
THR000411,LA010201,1,customer,loan_query,"Respected sir, My reference is LA010201. I have been offered a lower rate by another bank. What is the process to transfer my vehicle loan to that bank?
--
Anita Desai
Customer"
THR000411,LA010201,2,agent,loan_query,This is regarding application LA010201. For a balance transfer of your vehicle loan we issue a foreclosure letter. The other bank pays the outstanding on your vehicle loan against that letter. Regards.
THR000411,LA010201,3,customer,loan_query,"Hello, How long does the foreclosure letter take? Is there a charge for the balance transfer?"
THR000411,LA010201,4,agent,loan_query,This is regarding application LA010201. The foreclosure letter is issued within two working days. There is no charge on a floating rate vehicle loan for a balance transfer. www.loanserve.example.in/upload Thank you.
THR000411,LA010201,5,customer,loan_query,"Hi REF806313 - Please issue the foreclosure letter for my vehicle loan. Where will the letter be sent? Awaiting your response.
On Mon, 12 May 2026, LoanServe Support wrote:
> Please share the document once more."
THR000411,LA010201,6,agent,loan_query,"Dear customer, This is regarding application LA010201. The foreclosure letter will be sent to your registered email. A copy of the letter can also be collected from the branch. Thanks and regards."
THR000412,LA006046,1,customer,complaint,Hi The branch told me one interest rate on my personal loan and the sanction letter shows a different rate. I was given wrong information at the branch. Awaiting your response.
THR000412,LA006046,2,agent,complaint,This is regarding application LA006046. We are sorry about the wrong information on your personal loan rate. The rate in the sanction letter is the rate that applies to your personal loan. Thanks and regards.
THR000412,LA006046,3,customer,complaint,My reference is LA006046. Then why was a lower rate quoted to me at the branch? I took the personal loan only because of the rate I was quoted.
THR000412,LA006046,4,agent,complaint,"Dear sir, The rate quoted to you was the card rate before your profile was scored. Your personal loan rate has been sent for review by the credit team. www.loanserve.example.in/upload Thank you.
Best regards,
Deepa Pillai
Customer Service"
THR000412,LA006046,5,customer,complaint,"Dear madam, Please tell me the outcome of that review in writing. I do not want another verbal answer on my personal loan.
--
Arjun Menon
Customer"
THR000412,LA006046,6,agent,complaint,"This is regarding application LA006046. SR670341 - The outcome of the review will be sent to your registered email. Nothing on your personal loan will be communicated only by phone. Thank you.
Best regards,
Suresh Iyer
Customer Service"
THR000413,LA012851,1,customer,kyc,My kyc is showing as incomplete on my vehicle loan. The name printed on my bank statement does not match the name in your records.
THR000413,LA012851,2,agent,kyc,"Dear sir, The name mismatch on your bank statement is the reason the kyc is incomplete. Please share a bank statement that carries the corrected name.
Thanks and regards,
Rahul Verma
LoanServe Support"
THR000413,LA012851,3,customer,kyc,"Good morning, REF803585 - I have attached the corrected bank statement with the right name. Does anything else have to change for the kyc? Thanks.
On Mon, 12 May 2026, LoanServe Support wrote:
> Please share the document once more."
THR000413,LA012851,4,agent,kyc,"Hello, The corrected bank statement has been received and sent for checking. Nothing else is pending on your kyc right now. Regards."
THR000413,LA012851,5,customer,kyc,"Hi team, My reference is LA012851. How will I know when the kyc is marked complete? Awaiting your response."
THR000413,LA012851,6,agent,kyc,This is regarding application LA012851. CASE534643 - You will get an sms as soon as the kyc is marked complete. The kyc status also shows on your vehicle loan application page.
THR000414,LA008752,1,customer,payment_issue,"My reference is LA008752. TKT874028 - I want to prepay Rs 150,000 on my vehicle loan. Does a part prepayment reduce the emi or the tenure?"
THR000414,LA008752,2,agent,payment_issue,"A part prepayment of Rs 150,000 can reduce either the emi or the tenure on your vehicle loan. You have to tell us which of the two you want."
THR000414,LA008752,3,customer,payment_issue,My reference is LA008752. Please reduce the tenure and keep the emi as it is. Is there a prepayment charge on my vehicle loan? Thank you.
THR000414,LA008752,4,agent,payment_issue,"Dear customer, TKT317448 - There is no prepayment charge on a floating rate vehicle loan. The tenure will reduce once the prepayment of Rs 150,000 is received."
THR000415,LA005814,1,customer,loan_query,Dear Sir TKT914780 - I already hold a gold loan with you. Am I eligible for a top up on the same gold loan?
THR000415,LA005814,2,agent,loan_query,"Hello, A top up on your gold loan is possible after twelve emis have been paid on time. Your gold loan has eighteen emis paid so far. Thank you."
THR000415,LA005814,3,customer,loan_query,Dear Sir My reference is LA005814. Every emi on that gold loan has been paid on time. What top up amount can I expect? https://loanserve.example.in/help/kyc
THR000415,LA005814,4,agent,loan_query,"Dear madam, TKT664203 - The top up amount depends on the outstanding on your gold loan and on your income. A top up of about Rs 300,000 looks possible on your gold loan. Thanks and regards."
THR000415,LA005814,5,customer,loan_query,"Rs 300,000 would work for me. Which documents are needed for the top up? Thank you."
THR000415,LA005814,6,agent,loan_query,"Dear sir, This is regarding application LA005814. SR790368 - For the top up we need your latest income proof and bank statement. The gold loan documents already with us do not have to be given again. Thanks and regards.
Thanks and regards,
Rahul Verma
LoanServe Support"
THR000416,LA025378,1,customer,complaint,"A charge of Rs 500 has been debited on my personal loan and I was never told about this charge. Please explain why this charge was taken. Thanks.
Thanks and regards,
Deepa Pillai"
THR000416,LA025378,2,agent,complaint,"This is regarding application LA025378. The charge of Rs 500 on your personal loan is a late payment charge. It was applied because the march emi was paid after the due date. Regards.
Thanks and regards,
Deepa Pillai
LoanServe Support"
THR000416,LA025378,3,customer,complaint,"Good morning, The emi was late because your own mandate failed. Why should a charge be taken from me for a failure at your end?"
THR000416,LA025378,4,agent,complaint,"Hello, This is regarding application LA025378. You are right that the mandate failure was at our end. The charge of Rs 500 is being reversed on your personal loan. Thank you.
Thanks and regards,
Meera Nair
LoanServe Support"
THR000417,LA005065,1,customer,kyc,"Hi team, My kyc is showing as incomplete on my gold loan. The name printed on my address proof does not match the name in your records."
THR000417,LA005065,2,agent,kyc,This is regarding application LA005065. The name mismatch on your address proof is the reason the kyc is incomplete. Please share a address proof that carries the corrected name. Regards.
THR000417,LA005065,3,customer,kyc,My reference is LA005065. I have attached the corrected address proof with the right name. Does anything else have to change for the kyc? Awaiting your response.
THR000417,LA005065,4,agent,kyc,"Hello, The corrected address proof has been received and sent for checking. Nothing else is pending on your kyc right now.
On Mon, 12 May 2026, LoanServe Support wrote:
> Please share the document once more."
THR000418,LA019867,1,customer,payment_issue,"Respected sir, My reference is LA019867. I want to change my emi date to the 10th of the month. My salary is credited late and the present emi date does not suit me."
THR000418,LA019867,2,agent,payment_issue,"Dear sir, The emi date can be moved to the 10th from the next cycle. A fresh mandate is needed for the changed emi date. Regards.
Thanks and regards,
Rahul Verma
LoanServe Support"
THR000418,LA019867,3,customer,payment_issue,Please go ahead with the change. Is there any charge for changing the emi date?
THR000418,LA019867,4,agent,payment_issue,"Dear customer, This is regarding application LA019867. A charge of Rs 500 applies for changing the emi date. The new emi date takes effect from the next cycle."
THR000418,LA019867,5,customer,payment_issue,"Hi team, The charge is acceptable to me. When will the new emi date show in my account? Thanks.
Sent from my iPhone"
THR000418,LA019867,6,agent,payment_issue,"Dear customer, SR515839 - The new emi date will show in your account once the fresh mandate is active. Your emi amount does not change. Regards.
On Mon, 12 May 2026, LoanServe Support wrote:
> Please share the document once more.
Best regards,
Vikram Rao
Customer Service"
THR000419,LA030867,1,customer,loan_query,"Dear madam, Is my home loan eligible for a moratorium? My income has stopped for a few months and I cannot pay the emi.
Thanks and regards,
Rahul Verma"
THR000419,LA030867,2,agent,loan_query,"Dear sir, REF638502 - A moratorium on your home loan is considered case by case. Interest keeps adding during the moratorium, so the tenure on your home loan goes up.
Best regards,
Kavita Joshi
Customer Service"
THR000419,LA030867,3,customer,loan_query,I understand that the tenure will go up. What do I have to submit to apply for the moratorium? Regards.
THR000419,LA030867,4,agent,loan_query,"Dear sir, Please submit a written request along with proof of the income loss. The moratorium on your home loan is decided within five working days. https://loanserve.example.in/help/kyc Regards."
THR000420,LA032204,1,customer,complaint,Hi My reference is LA032204. A charge of Rs 750 has been debited on my vehicle loan and I was never told about this charge. Please explain why this charge was taken.
THR000420,LA032204,2,agent,complaint,"Dear customer, This is regarding application LA032204. The charge of Rs 750 on your vehicle loan is a late payment charge. It was applied because the june emi was paid after the due date."
THR000420,LA032204,3,customer,complaint,SR372708 - The emi was late because your own mandate failed. Why should a charge be taken from me for a failure at your end? Thanks.
THR000420,LA032204,4,agent,complaint,"Dear madam, You are right that the mandate failure was at our end. The charge of Rs 750 is being reversed on your vehicle loan. Thank you.
Thanks and regards,
Rohit Kulkarni
LoanServe Support"
THR000421,LA000465,1,customer,kyc,"Respected sir, I was asked for a salary slip for my home loan but I have already submitted it once. Why is the same salary slip being asked for again?"
THR000421,LA000465,2,agent,kyc,"Hello, This is regarding application LA000465. The salary slip you submitted earlier was against your older application. A salary slip has to be submitted again for this home loan. www.loanserve.example.in/upload Thank you.
Best regards,
Kavita Joshi
Customer Service"
THR000421,LA000465,3,customer,kyc,"That is not convenient but I will send the salary slip again. Can I bring the salary slip to the branch instead of uploading it? www.loanserve.example.in/upload Thanks in advance.
--
Anita Desai
Customer"
THR000421,LA000465,4,agent,kyc,"Dear madam, Yes, the salary slip can be submitted at any branch. The branch will scan the salary slip and attach it to your home loan application. https://loanserve.example.in/help/kyc Thank you."
THR000422,LA005284,1,customer,payment_issue,"My emi for may has bounced. There was enough balance in my bank account on the emi date. Thank you.
Best regards,
Anita Desai"
THR000422,LA005284,2,agent,payment_issue,The emi bounced because the mandate on your bank account has expired. A fresh mandate has to be registered before the next emi is presented.
THR000422,LA005284,3,customer,payment_issue,My reference is LA005284. REF209393 - How do I register a fresh mandate for the emi? Will a bounce charge be applied on this emi?
THR000422,LA005284,4,agent,payment_issue,"Hello, This is regarding application LA005284. A fresh mandate can be registered from your login under the emi section. The bounce charge of Rs 590 has been waived on this emi. Regards."
THR000422,LA005284,5,customer,payment_issue,TKT506261 - I have registered the fresh mandate today. Will the may emi be presented once more? Awaitng your response.
THR000422,LA005284,6,agent,payment_issue,"Dear customer, This is regarding application LA005284. The may emi will be presented again once the fresh mandate is active. No further action is needed from your side on the emi.
On Mon, 12 May 2026, LoanServe Support wrote:
> Please share the document once more."
THR000423,LA000166,1,customer,loan_query,I have been offered a lower rate by another bank. What is the process to transfer my vehicle loan to that bank?
THR000423,LA000166,2,agent,loan_query,"Dear customer, This is regarding application LA000166. For a balance transfer of your vehicle loan we issue a foreclosure letter. The other bank pays the outstanding on your vehicle loan against that letter.
Thanks and regards,
Vikram Rao
LoanServe Support"
THR000423,LA000166,3,customer,loan_query,Hi My reference is LA000166. CASE237579 - How long does the foreclosure letter take? Is there a charge for the balance transfer? Thanks in advance.
THR000423,LA000166,4,agent,loan_query,The foreclosure letter is issued within two working days. There is no charge on a floating rate vehicle loan for a balance transfer.
THR000424,LA029223,1,customer,complaint,Dear Sir CASE295081 - A charge of Rs 500 has been debited on my home loan and I was never told about this charge. Please explain why this charge was taken.
THR000424,LA029223,2,agent,complaint,"Dear customer, This is regarding application LA029223. The charge of Rs 500 on your home loan is a late payment charge. It was applied because the may emi was paid after the due date. https://loanserve.example.in/help/kyc Thank you."
THR000424,LA029223,3,customer,complaint,"Hi team, My reference is LA029223. REF893294 - The emi was late because your own mandate failed. Why should a charge be taken from me for a failure at your end?
On Mon, 12 May 2026, LoanServe Support wrote:
> Please share the document once more.
Best regards,
Rahul Verma"
THR000424,LA029223,4,agent,complaint,"Dear sir, You are right that the mandate failure was at our end. The charge of Rs 500 is being reversed on your home loan. Thanks and regards.
Best regards,
Rohit Kulkarni
Customer Service"
THR000425,LA023083,1,customer,kyc,"Good morning, My reference is LA023083. SR448008 - My kyc is showing as incomplete on my vehicle loan. The name printed on my income proof does not match the name in your records."
THR000425,LA023083,2,agent,kyc,This is regarding application LA023083. The name mismatch on your income proof is the reason the kyc is incomplete. Please share a income proof that carries the corrected name. Thanks and regards.
THR000425,LA023083,3,customer,kyc,"Dear madam, SR885588 - I have attached the corrected income proof with the right name. Does anything else have to change for the kyc? www.loanserve.example.in/upload Awaiting your response.
On Mon, 12 May 2026, LoanServe Support wrote:
> Please share the document once more."
THR000425,LA023083,4,agent,kyc,"Hello, The corrected income proof has been received and sent for checking. Nothing else is pending on your kyc right now. Thank you."
THR000425,LA023083,5,customer,kyc,"Dear madam, My reference is LA023083. How will I know when the kyc is marked complete? Awaiting your response.
On Mon, 12 May 2026, LoanServe Support wrote:
> Please share the document once more."
THR000425,LA023083,6,agent,kyc,"Dear sir, CASE743515 - You will get an sms as soon as the kyc is marked complete. The kyc status also shows on your vehicle loan application page. Regards.
Thanks and regards,
Vikram Rao
LoanServe Support"
THR000426,LA002648,1,customer,payment_issue,"Hi team, My reference is LA002648. I want to change my emi date to the 10th of the month. My salary is credited late and the present emi date does not suit me.
Best regards,
Arjun Menon"
THR000426,LA002648,2,agent,payment_issue,"Dear sir, This is regarding application LA002648. SR927732 - The emi date can be moved to the 10th from the next cycle. A fresh mandate is needed for the changed emi date.
Best regards,
Priya Sharma
Customer Service"
THR000426,LA002648,3,customer,payment_issue,"Hi team, SR862260 - Please go ahead with the change. Is there any charge for changing the emi date?
Thanks and regards,
Suresh Iyer"
THR000426,LA002648,4,agent,payment_issue,"Hello, A charge of Rs 250 applies for changing the emi date. The new emi date takes effect from the next cycle. Thank you."
THR000427,LA002832,1,customer,loan_query,"Dear madam, My reference is LA002832. I already hold a gold loan with you. Am I eligible for a top up on the same gold loan? Awaitng your response."
THR000427,LA002832,2,agent,loan_query,"Dear customer, This is regarding application LA002832. A top up on your gold loan is possible after twelve emis have been paid on time. Your gold loan has twenty two emis paid so far. www.loanserve.example.in/upload Thank you."
THR000427,LA002832,3,customer,loan_query,"Hello, Every emi on that gold loan has been paid on time. What top up amount can I expect?
On Mon, 12 May 2026, LoanServe Support wrote:
> Please share the document once more.
Thanks and regards,
Kavita Joshi"
THR000427,LA002832,4,agent,loan_query,"Dear madam, This is regarding application LA002832. The top up amount depends on the outstanding on your gold loan and on your income. A top up of about Rs 75,000 looks possible on your gold loan. Regards.
Thanks and regards,
Meera Nair
LoanServe Support"
THR000427,LA002832,5,customer,loan_query,"Dear madam, Rs 75,000 would work for me. Which documents are needed for the top up?"
THR000427,LA002832,6,agent,loan_query,"Dear madam, This is regarding application LA002832. CASE696408 - For the top up we need your latest income proof and bank statement. The gold loan documents already with us do not have to be given again. Thank you."
THR000428,LA002131,1,customer,complaint,"The branch told me one interest rate on my home loan and the sanction letter shows a different rate. I was given wrong information at the branch.
Thanks and regards,
Arjun Menon"
THR000428,LA002131,2,agent,complaint,We are sorry about the wrong information on your home loan rate. The rate in the sanction letter is the rate that applies to your home loan. Regards.
THR000428,LA002131,3,customer,complaint,Then why was a lower rate quoted to me at the branch? I took the home loan only because of the rate I was quoted.
THR000428,LA002131,4,agent,complaint,"Dear sir, This is regarding application LA002131. The rate quoted to you was the card rate before your profile was scored. Your home loan rate has been sent for review by the credit team."
THR000428,LA002131,5,customer,complaint,Please tell me the outcome of that review in writing. I do not want another verbal answer on my home loan.
THR000428,LA002131,6,agent,complaint,"Dear sir, The outcome of the review will be sent to your registered email. Nothing on your home loan will be communicated only by phone. Thanks and regards.
Best regards,
Vikram Rao
Customer Service"
THR000429,LA008428,1,customer,kyc,"Hello, CASE911153 - My home loan application is on hold. The salary slip I uploaded was rejected. Can you tell me why the salary slip was rejected?"
THR000429,LA008428,2,agent,kyc,"Dear customer, This is regarding application LA008428. The salary slip was rejected because only one page of the document was uploaded. Please upload a fresh copy of the salary slip from your registered login.
Best regards,
Rohit Kulkarni
Customer Service"
THR000429,LA008428,3,customer,kyc,Dear Sir CASE858935 - I have uploaded the salary slip again today. How many days does salary slip verification take?
THR000429,LA008428,4,agent,kyc,"Hello, Your salary slip is now under verification. A fresh salary slip is normally verified within two working days. www.loanserve.example.in/upload Regards."
THR000429,LA008428,5,customer,kyc,"My reference is LA008428. Will my home loan sanction be delayed because the salary slip was rejected once? www.loanserve.example.in/upload
--
Anita Desai
Customer"
THR000429,LA008428,6,agent,kyc,"This is regarding application LA008428. The home loan sanction will move ahead as soon as the salary slip is verified. No further delay is expected on your home loan application. Thank you.
Best regards,
Deepa Pillai
Customer Service"
THR000430,LA008764,1,customer,payment_issue,"Hi team, TKT140838 - My emi for may has bounced. There was enough balance in my bank account on the emi date. Awaiting your response."
THR000430,LA008764,2,agent,payment_issue,"This is regarding application LA008764. The emi bounced because the mandate on your bank account has expired. A fresh mandate has to be registered before the next emi is presented. Thank you.
Best regards,
Meera Nair
Customer Service"
THR000430,LA008764,3,customer,payment_issue,"Hello, My reference is LA008764. SR191766 - How do I register a fresh mandate for the emi? Will a bounce charge be applied on this emi? Thanks."
THR000430,LA008764,4,agent,payment_issue,"Hello, This is regarding application LA008764. A fresh mandate can be registered from your login under the emi section. The bounce charge of Rs 250 has been waived on this emi. Thanks and regards.
Best regards,
Rohit Kulkarni
Customer Service"
THR000430,LA008764,5,customer,payment_issue,Dear Sir I have registered the fresh mandate today. Will the may emi be presented once more? Regards.
THR000430,LA008764,6,agent,payment_issue,"Dear madam, The may emi will be presented again once the fresh mandate is active. No further action is needed from your side on the emi.
Best regards,
Vikram Rao
Customer Service"
THR000431,LA023302,1,customer,loan_query,My reference is LA023302. REF432733 - I already hold a personal loan with you. Am I eligible for a top up on the same personal loan? Thanks.
THR000431,LA023302,2,agent,loan_query,"Dear sir, SR919544 - A top up on your personal loan is possible after twelve emis have been paid on time. Your personal loan has twenty two emis paid so far. Thanks and regards."
THR000431,LA023302,3,customer,loan_query,"Dear madam, Every emi on that personal loan has been paid on time. What top up amount can I expect?"
THR000431,LA023302,4,agent,loan_query,"This is regarding application LA023302. The top up amount depends on the outstanding on your personal loan and on your income. A top up of about Rs 100,000 looks possible on your personal loan. Thanks and regards.
On Mon, 12 May 2026, LoanServe Support wrote:
> Please share the document once more.
Best regards,
Rahul Verma
Customer Service"
THR000431,LA023302,5,customer,loan_query,"Dear sir, Rs 100,000 would work for me. Which documents are needed for the top up? Thanks in advance.
On Mon, 12 May 2026, LoanServe Support wrote:
> Please share the document once more."
THR000431,LA023302,6,agent,loan_query,"Dear madam, TKT311081 - For the top up we need your latest income proof and bank statement. The personal loan documents already with us do not have to be given again. Thank you."
THR000432,LA021570,1,customer,complaint,"Hello, The branch told me one interest rate on my gold loan and the sanction letter shows a different rate. I was given wrong information at the branch. Awaiting your response."
THR000432,LA021570,2,agent,complaint,"This is regarding application LA021570. CASE302313 - We are sorry about the wrong information on your gold loan rate. The rate in the sanction letter is the rate that applies to your gold loan. https://loanserve.example.in/status Thanks and regards.
Best regards,
Rahul Verma
Customer Service"
THR000432,LA021570,3,customer,complaint,"Hi My reference is LA021570. Then why was a lower rate quoted to me at the branch? I took the gold loan only because of the rate I was quoted.
Sent from my iPhone"
THR000432,LA021570,4,agent,complaint,"The rate quoted to you was the card rate before your profile was scored. Your gold loan rate has been sent for review by the credit team. Thanks and regards.
Best regards,
Kavita Joshi
Customer Service"
THR000433,LA014517,1,customer,kyc,"REF983637 - My kyc is showing as incomplete on my gold loan. The name printed on my bank statement does not match the name in your records.
Sent from my iPhone"
THR000433,LA014517,2,agent,kyc,"Dear customer, The name mismatch on your bank statement is the reason the kyc is incomplete. Please share a bank statement that carries the corrected name. https://loanserve.example.in/status Thank you."
THR000433,LA014517,3,customer,kyc,My reference is LA014517. I have attached the corrected bank statement with the right name. Does anything else have to change for the kyc?
THR000433,LA014517,4,agent,kyc,"Hello, TKT103719 - The corrected bank statement has been received and sent for checking. Nothing else is pending on your kyc right now. Thanks and regards."
THR000433,LA014517,5,customer,kyc,Hi REF690123 - How will I know when the kyc is marked complete? Thanks.
THR000433,LA014517,6,agent,kyc,"Dear customer, This is regarding application LA014517. SR472456 - You will get an sms as soon as the kyc is marked complete. The kyc status also shows on your gold loan application page. Thank you."
THR000434,LA021793,1,customer,payment_issue,"Hi team, My reference is LA021793. REF487801 - I want to prepay Rs 150,000 on my vehicle loan. Does a part prepayment reduce the emi or the tenure? Thanks."
THR000434,LA021793,2,agent,payment_issue,"A part prepayment of Rs 150,000 can reduce either the emi or the tenure on your vehicle loan. You have to tell us which of the two you want. Thanks and regards."
THR000434,LA021793,3,customer,payment_issue,"My reference is LA021793. Please reduce the tenure and keep the emi as it is. Is there a prepayment charge on my vehicle loan?
Best regards,
Kavita Joshi"
THR000434,LA021793,4,agent,payment_issue,"CASE905720 - There is no prepayment charge on a floating rate vehicle loan. The tenure will reduce once the prepayment of Rs 150,000 is received. Thank you."
THR000435,LA022196,1,customer,loan_query,REF910733 - Is my vehicle loan eligible for a moratorium? My income has stopped for a few months and I cannot pay the emi.
THR000435,LA022196,2,agent,loan_query,"Hello, REF737437 - A moratorium on your vehicle loan is considered case by case. Interest keeps adding during the moratorium, so the tenure on your vehicle loan goes up. Thank you."
THR000435,LA022196,3,customer,loan_query,"Hi team, My reference is LA022196. I understand that the tenure will go up. What do I have to submit to apply for the moratorium? Thank you.
On Mon, 12 May 2026, LoanServe Support wrote:
> Please share the document once more.
Best regards,
Anita Desai"
THR000435,LA022196,4,agent,loan_query,"Please submit a written request along with proof of the income loss. The moratorium on your vehicle loan is decided within five working days.
Best regards,
Meera Nair
Customer Service"
THR000436,LA031231,1,customer,complaint,SR523234 - I have written about my home loan three times and nobody has replied. This is the fourth time I am writing about the same issue. Awaitng your response.
THR000436,LA031231,2,agent,complaint,"Dear sir, We are sorry that your earlier mails on the home loan went unanswered. Your issue has been escalated to the service manager. Thanks and regards.
Thanks and regards,
Kavita Joshi
LoanServe Support"
THR000436,LA031231,3,customer,complaint,"Dear madam, CASE426788 - Escalation is fine but I still have no answer on my home loan. When will somebody actually reply with an answer?"
THR000436,LA031231,4,agent,complaint,"This is regarding application LA031231. The service manager will call you on your registered number within seven working days. The answer on your home loan will be given on that call. Regards.
On Mon, 12 May 2026, LoanServe Support wrote:
> Please share the document once more.
Thanks and regards,
Priya Sharma
LoanServe Support"
THR000436,LA031231,5,customer,complaint,"Good morning, I received the call and the issue on my home loan is clear now. Please close this complaint. Awaiting your response."
THR000436,LA031231,6,agent,complaint,"Dear madam, Thank you for confirming that the home loan issue is clear. This complaint is being closed as resolved. https://loanserve.example.in/help/kyc Thank you.
Best regards,
Deepa Pillai
Customer Service"
THR000437,LA026047,1,customer,kyc,"Dear sir, My reference is LA026047. My personal loan application is on hold. The income proof I uploaded was rejected. Can you tell me why the income proof was rejected?"
THR000437,LA026047,2,agent,kyc,"This is regarding application LA026047. REF980803 - The income proof was rejected because the document had already expired. Please upload a fresh copy of the income proof from your registered login. Regards.
Best regards,
Kavita Joshi
Customer Service"
THR000437,LA026047,3,customer,kyc,"My reference is LA026047. REF565309 - I have uploaded the income proof again today. How many days does income proof verification take? Thanks.
Thanks and regards,
Priya Sharma"
THR000437,LA026047,4,agent,kyc,"Dear madam, Your income proof is now under verification. A fresh income proof is normally verified within five working days. www.loanserve.example.in/upload Thank you."
THR000438,LA020485,1,customer,payment_issue,TKT917087 - My emi for june has bounced. There was enough balance in my bank account on the emi date. Awaiting your response.
THR000438,LA020485,2,agent,payment_issue,The emi bounced because the mandate on your bank account has expired. A fresh mandate has to be registered before the next emi is presented. https://loanserve.example.in/status Thank you.
THR000438,LA020485,3,customer,payment_issue,My reference is LA020485. How do I register a fresh mandate for the emi? Will a bounce charge be applied on this emi?
THR000438,LA020485,4,agent,payment_issue,"Dear madam, CASE343124 - A fresh mandate can be registered from your login under the emi section. The bounce charge of Rs 250 has been waived on this emi.
Best regards,
Kavita Joshi
Customer Service"
THR000438,LA020485,5,customer,payment_issue,"I have registered the fresh mandate today. Will the june emi be presented once more?
On Mon, 12 May 2026, LoanServe Support wrote:
> Please share the document once more."
THR000438,LA020485,6,agent,payment_issue,"Hello, This is regarding application LA020485. TKT777961 - The june emi will be presented again once the fresh mandate is active. No further action is needed from your side on the emi. Thanks and regards."
THR000439,LA002015,1,customer,loan_query,My reference is LA002015. Is my vehicle loan eligible for a moratorium? My income has stopped for a few months and I cannot pay the emi. Thank you.
THR000439,LA002015,2,agent,loan_query,"Dear customer, A moratorium on your vehicle loan is considered case by case. Interest keeps adding during the moratorium, so the tenure on your vehicle loan goes up. Regards.
Thanks and regards,
Anita Desai
LoanServe Support"
THR000439,LA002015,3,customer,loan_query,"Respected sir, REF167544 - I understand that the tenure will go up. What do I have to submit to apply for the moratorium? Regards."
THR000439,LA002015,4,agent,loan_query,"Dear customer, This is regarding application LA002015. Please submit a written request along with proof of the income loss. The moratorium on your vehicle loan is decided within three working days.
On Mon, 12 May 2026, LoanServe Support wrote:
> Please share the document once more."
THR000440,LA003514,1,customer,complaint,"Hello, My reference is LA003514. I have written about my vehicle loan three times and nobody has replied. This is the fourth time I am writing about the same issue.
Thanks and regards,
Rahul Verma"
THR000440,LA003514,2,agent,complaint,SR126394 - We are sorry that your earlier mails on the vehicle loan went unanswered. Your issue has been escalated to the service manager. Thanks and regards.
THR000440,LA003514,3,customer,complaint,"My reference is LA003514. TKT797693 - Escalation is fine but I still have no answer on my vehicle loan. When will somebody actually reply with an answer? https://loanserve.example.in/status Regards.
On Mon, 12 May 2026, LoanServe Support wrote:
> Please share the document once more."
THR000440,LA003514,4,agent,complaint,"This is regarding application LA003514. The service manager will call you on your registered number within three working days. The answer on your vehicle loan will be given on that call.
On Mon, 12 May 2026, LoanServe Support wrote:
> Please share the document once more."
THR000440,LA003514,5,customer,complaint,CASE114906 - I received the call and the issue on my vehicle loan is clear now. Please close this complaint. Thanks.
THR000440,LA003514,6,agent,complaint,"Dear madam, Thank you for confirming that the vehicle loan issue is clear. This complaint is being closed as resolved. https://loanserve.example.in/status Regards.
Best regards,
Arjun Menon
Customer Service"
THR000441,LA025742,1,customer,kyc,SR465234 - I was asked for a address proof for my gold loan but I have already submitted it once. Why is the same address proof being asked for again?
THR000441,LA025742,2,agent,kyc,"Dear sir, SR290294 - The address proof you submitted earlier was against your older application. A address proof has to be submitted again for this gold loan. Thank you.
Best regards,
Deepa Pillai
Customer Service"
THR000441,LA025742,3,customer,kyc,"Dear madam, My reference is LA025742. REF353002 - That is not convenient but I will send the address proof again. Can I bring the address proof to the branch instead of uploading it?
Sent from my iPhone"
THR000441,LA025742,4,agent,kyc,"Dear sir, Yes, the address proof can be submitted at any branch. The branch will scan the address proof and attach it to your gold loan application. https://loanserve.example.in/status Thank you.
Best regards,
Kavita Joshi
Customer Service"
THR000442,LA030737,1,customer,payment_issue,"Respected sir, I want to change my emi date to the 15th of the month. My salary is credited late and the present emi date does not suit me."
THR000442,LA030737,2,agent,payment_issue,"Dear madam, This is regarding application LA030737. The emi date can be moved to the 15th from the next cycle. A fresh mandate is needed for the changed emi date. Regards.
Thanks and regards,
Arjun Menon
LoanServe Support"
THR000442,LA030737,3,customer,payment_issue,"Please go ahead with the change. Is there any charge for changing the emi date? Awaitng your response.
Best regards,
Rohit Kulkarni"
THR000442,LA030737,4,agent,payment_issue,"Dear customer, A charge of Rs 1180 applies for changing the emi date. The new emi date takes effect from the next cycle. Thanks and regards."
THR000442,LA030737,5,customer,payment_issue,My reference is LA030737. The charge is acceptable to me. When will the new emi date show in my account?
THR000442,LA030737,6,agent,payment_issue,"Dear customer, The new emi date will show in your account once the fresh mandate is active. Your emi amount does not change. Thanks and regards.
Best regards,
Suresh Iyer
Customer Service"
THR000443,LA030143,1,customer,loan_query,"Hi team, REF251056 - I have been offered a lower rate by another bank. What is the process to transfer my personal loan to that bank? Awaiting your response."
THR000443,LA030143,2,agent,loan_query,This is regarding application LA030143. For a balance transfer of your personal loan we issue a foreclosure letter. The other bank pays the outstanding on your personal loan against that letter. Thank you.
THR000443,LA030143,3,customer,loan_query,Dear Sir My reference is LA030143. How long does the foreclosure letter take? Is there a charge for the balance transfer?
THR000443,LA030143,4,agent,loan_query,"Dear madam, The foreclosure letter is issued within seven working days. There is no charge on a floating rate personal loan for a balance transfer.
Thanks and regards,
Arjun Menon
LoanServe Support"
THR000444,LA004245,1,customer,complaint,I have written about my personal loan three times and nobody has replied. This is the fourth time I am writing about the same issue.
THR000444,LA004245,2,agent,complaint,"Dear customer, TKT408929 - We are sorry that your earlier mails on the personal loan went unanswered. Your issue has been escalated to the service manager. Regards.
Best regards,
Kavita Joshi
Customer Service"
THR000444,LA004245,3,customer,complaint,"Dear sir, SR181800 - Escalation is fine but I still have no answer on my personal loan. When will somebody actually reply with an answer?"
THR000444,LA004245,4,agent,complaint,"Dear sir, The service manager will call you on your registered number within five working days. The answer on your personal loan will be given on that call. https://loanserve.example.in/status Thank you."
THR000444,LA004245,5,customer,complaint,"Respected sir, I received the call and the issue on my personal loan is clear now. Please close this complaint.
Thanks and regards,
Rahul Verma"
THR000444,LA004245,6,agent,complaint,"Hello, This is regarding application LA004245. Thank you for confirming that the personal loan issue is clear. This complaint is being closed as resolved. www.loanserve.example.in/upload Thank you.
On Mon, 12 May 2026, LoanServe Support wrote:
> Please share the document once more."
THR000445,LA014785,1,customer,kyc,Dear Sir My gold loan application is on hold. The income proof I uploaded was rejected. Can you tell me why the income proof was rejected?
THR000445,LA014785,2,agent,kyc,"Dear madam, The income proof was rejected because the scanned copy was not clearly readable. Please upload a fresh copy of the income proof from your registered login. https://loanserve.example.in/status Regards."
THR000445,LA014785,3,customer,kyc,"Hi team, My reference is LA014785. I have uploaded the income proof again today. How many days does income proof verification take? Thanks in advance."
THR000445,LA014785,4,agent,kyc,"Dear customer, Your income proof is now under verification. A fresh income proof is normally verified within seven working days. https://loanserve.example.in/status Thanks and regards."
THR000446,LA006094,1,customer,payment_issue,"Hi team, I want to prepay Rs 50,000 on my gold loan. Does a part prepayment reduce the emi or the tenure? Regards."
THR000446,LA006094,2,agent,payment_issue,"Dear madam, CASE785684 - A part prepayment of Rs 50,000 can reduce either the emi or the tenure on your gold loan. You have to tell us which of the two you want. Thank you."
THR000446,LA006094,3,customer,payment_issue,Hi Please reduce the tenure and keep the emi as it is. Is there a prepayment charge on my gold loan? Regards.
THR000446,LA006094,4,agent,payment_issue,"REF433048 - There is no prepayment charge on a floating rate gold loan. The tenure will reduce once the prepayment of Rs 50,000 is received. Thanks and regards."
THR000447,LA025370,1,customer,loan_query,Hi TKT185045 - Is my vehicle loan eligible for a moratorium? My income has stopped for a few months and I cannot pay the emi. Thanks in advance.
THR000447,LA025370,2,agent,loan_query,"Dear madam, This is regarding application LA025370. CASE350860 - A moratorium on your vehicle loan is considered case by case. Interest keeps adding during the moratorium, so the tenure on your vehicle loan goes up. Thanks and regards."
THR000447,LA025370,3,customer,loan_query,"Dear madam, My reference is LA025370. I understand that the tenure will go up. What do I have to submit to apply for the moratorium? Thank you.
On Mon, 12 May 2026, LoanServe Support wrote:
> Please share the document once more."
THR000447,LA025370,4,agent,loan_query,"CASE722444 - Please submit a written request along with proof of the income loss. The moratorium on your vehicle loan is decided within three working days. Thank you.
Best regards,
Suresh Iyer
Customer Service"
THR000448,LA029837,1,customer,complaint,"Respected sir, The branch told me one interest rate on my home loan and the sanction letter shows a different rate. I was given wrong information at the branch."
THR000448,LA029837,2,agent,complaint,"Dear customer, We are sorry about the wrong information on your home loan rate. The rate in the sanction letter is the rate that applies to your home loan. https://loanserve.example.in/help/kyc"
THR000448,LA029837,3,customer,complaint,Hi CASE908105 - Then why was a lower rate quoted to me at the branch? I took the home loan only because of the rate I was quoted.
THR000448,LA029837,4,agent,complaint,"Dear sir, TKT358372 - The rate quoted to you was the card rate before your profile was scored. Your home loan rate has been sent for review by the credit team. Thank you."
THR000448,LA029837,5,customer,complaint,Please tell me the outcome of that review in writing. I do not want another verbal answer on my home loan. www.loanserve.example.in/upload Thanks in advance.
THR000448,LA029837,6,agent,complaint,"Dear sir, This is regarding application LA029837. The outcome of the review will be sent to your registered email. Nothing on your home loan will be communicated only by phone. Regards."
THR000449,LA012334,1,customer,kyc,"My reference is LA012334. My personal loan application is on hold. The pan card I uploaded was rejected. Can you tell me why the pan card was rejected?
Sent from my iPhone"
THR000449,LA012334,2,agent,kyc,"Hello, This is regarding application LA012334. The pan card was rejected because the scanned copy was not clearly readable. Please upload a fresh copy of the pan card from your registered login. Thanks and regards."
THR000449,LA012334,3,customer,kyc,"Respected sir, CASE510629 - I have uploaded the pan card again today. How many days does pan card verification take?"
THR000449,LA012334,4,agent,kyc,"Hello, Your pan card is now under verification. A fresh pan card is normally verified within five working days. https://loanserve.example.in/help/kyc Regards."
THR000450,LA013822,1,customer,payment_issue,TKT324010 - I want to change my emi date to the 10th of the month. My salary is credited late and the present emi date does not suit me.
THR000450,LA013822,2,agent,payment_issue,"Dear madam, The emi date can be moved to the 10th from the next cycle. A fresh mandate is needed for the changed emi date. Thanks and regards."
THR000450,LA013822,3,customer,payment_issue,"Dear madam, Please go ahead with the change. Is there any charge for changing the emi date?"
THR000450,LA013822,4,agent,payment_issue,"Dear madam, This is regarding application LA013822. SR503804 - A charge of Rs 250 applies for changing the emi date. The new emi date takes effect from the next cycle. Thanks and regards.
Thanks and regards,
Deepa Pillai
LoanServe Support"
THR000451,LA007986,1,customer,loan_query,"Good morning, I have been offered a lower rate by another bank. What is the process to transfer my gold loan to that bank? Thanks in advance."
THR000451,LA007986,2,agent,loan_query,"Hello, This is regarding application LA007986. TKT700675 - For a balance transfer of your gold loan we issue a foreclosure letter. The other bank pays the outstanding on your gold loan against that letter.
Thanks and regards,
Anita Desai
LoanServe Support"
THR000451,LA007986,3,customer,loan_query,"How long does the foreclosure letter take? Is there a charge for the balance transfer?
Best regards,
Vikram Rao"
THR000451,LA007986,4,agent,loan_query,"Dear sir, CASE527229 - The foreclosure letter is issued within three working days. There is no charge on a floating rate gold loan for a balance transfer. Regards.
On Mon, 12 May 2026, LoanServe Support wrote:
> Please share the document once more.
Best regards,
Vikram Rao
Customer Service"
THR000451,LA007986,5,customer,loan_query,"Hi team, Please issue the foreclosure letter for my gold loan. Where will the letter be sent?
On Mon, 12 May 2026, LoanServe Support wrote:
> Please share the document once more."
THR000451,LA007986,6,agent,loan_query,This is regarding application LA007986. The foreclosure letter will be sent to your registered email. A copy of the letter can also be collected from the branch. Regards.
THR000452,LA020668,1,customer,complaint,"Dear sir, My reference is LA020668. I have written about my personal loan three times and nobody has replied. This is the fourth time I am writing about the same issue.
Best regards,
Rahul Verma"
THR000452,LA020668,2,agent,complaint,"Dear sir, We are sorry that your earlier mails on the personal loan went unanswered. Your issue has been escalated to the service manager. Thank you."
THR000452,LA020668,3,customer,complaint,Escalation is fine but I still have no answer on my personal loan. When will somebody actually reply with an answer?
THR000452,LA020668,4,agent,complaint,"Dear customer, REF142642 - The service manager will call you on your registered number within three working days. The answer on your personal loan will be given on that call. Thank you."
THR000453,LA002028,1,customer,kyc,SR627623 - My kyc is showing as incomplete on my vehicle loan. The name printed on my salary slip does not match the name in your records. Regards.
THR000453,LA002028,2,agent,kyc,"Dear madam, The name mismatch on your salary slip is the reason the kyc is incomplete. Please share a salary slip that carries the corrected name. Thank you."
THR000453,LA002028,3,customer,kyc,"Dear madam, I have attached the corrected salary slip with the right name. Does anything else have to change for the kyc? Thanks in advance."
THR000453,LA002028,4,agent,kyc,"Dear customer, The corrected salary slip has been received and sent for checking. Nothing else is pending on your kyc right now. Thanks and regards."
THR000453,LA002028,5,customer,kyc,My reference is LA002028. How will I know when the kyc is marked complete? Thanks.
THR000453,LA002028,6,agent,kyc,"Dear sir, REF562465 - You will get an sms as soon as the kyc is marked complete. The kyc status also shows on your vehicle loan application page. Regards.
Thanks and regards,
Meera Nair
LoanServe Support"
THR000454,LA022934,1,customer,payment_issue,"Dear sir, CASE446188 - I want to prepay Rs 200,000 on my vehicle loan. Does a part prepayment reduce the emi or the tenure?
Thanks and regards,
Rahul Verma"
THR000454,LA022934,2,agent,payment_issue,"REF634848 - A part prepayment of Rs 200,000 can reduce either the emi or the tenure on your vehicle loan. You have to tell us which of the two you want. https://loanserve.example.in/status Thank you.
Best regards,
Rohit Kulkarni
Customer Service"
THR000454,LA022934,3,customer,payment_issue,Hi Please reduce the tenure and keep the emi as it is. Is there a prepayment charge on my vehicle loan? Thank you.
THR000454,LA022934,4,agent,payment_issue,"There is no prepayment charge on a floating rate vehicle loan. The tenure will reduce once the prepayment of Rs 200,000 is received. Thank you."
THR000455,LA015729,1,customer,loan_query,Is my home loan eligible for a moratorium? My income has stopped for a few months and I cannot pay the emi.
THR000455,LA015729,2,agent,loan_query,"This is regarding application LA015729. SR430800 - A moratorium on your home loan is considered case by case. Interest keeps adding during the moratorium, so the tenure on your home loan goes up. Regards.
Best regards,
Deepa Pillai
Customer Service"
THR000455,LA015729,3,customer,loan_query,"Hello, My reference is LA015729. I understand that the tenure will go up. What do I have to submit to apply for the moratorium?
Sent from my iPhone"
THR000455,LA015729,4,agent,loan_query,"Dear sir, Please submit a written request along with proof of the income loss. The moratorium on your home loan is decided within five working days. www.loanserve.example.in/upload
Best regards,
Rohit Kulkarni
Customer Service"
THR000456,LA001754,1,customer,complaint,Dear Sir I have written about my gold loan three times and nobody has replied. This is the fourth time I am writing about the same issue.
THR000456,LA001754,2,agent,complaint,"Hello, This is regarding application LA001754. We are sorry that your earlier mails on the gold loan went unanswered. Your issue has been escalated to the service manager. Thanks and regards.
Thanks and regards,
Rohit Kulkarni
LoanServe Support"
THR000456,LA001754,3,customer,complaint,"Good morning, My reference is LA001754. Escalation is fine but I still have no answer on my gold loan. When will somebody actually reply with an answer? Thank you."
THR000456,LA001754,4,agent,complaint,CASE721559 - The service manager will call you on your registered number within two working days. The answer on your gold loan will be given on that call. Regards.
THR000456,LA001754,5,customer,complaint,"Hi team, My reference is LA001754. I received the call and the issue on my gold loan is clear now. Please close this complaint."
THR000456,LA001754,6,agent,complaint,"Thank you for confirming that the gold loan issue is clear. This complaint is being closed as resolved. Thank you.
Best regards,
Deepa Pillai
Customer Service"
THR000457,LA017237,1,customer,kyc,I was asked for a address proof for my vehicle loan but I have already submitted it once. Why is the same address proof being asked for again? Thank you.
THR000457,LA017237,2,agent,kyc,"The address proof you submitted earlier was against your older application. A address proof has to be submitted again for this vehicle loan. Thank you.
Best regards,
Rahul Verma
Customer Service"
THR000457,LA017237,3,customer,kyc,"Respected sir, My reference is LA017237. That is not convenient but I will send the address proof again. Can I bring the address proof to the branch instead of uploading it?"
THR000457,LA017237,4,agent,kyc,"Dear customer, REF789679 - Yes, the address proof can be submitted at any branch. The branch will scan the address proof and attach it to your vehicle loan application. Regards."
THR000458,LA009501,1,customer,payment_issue,My reference is LA009501. TKT386786 - I want to change my emi date to the 10th of the month. My salary is credited late and the present emi date does not suit me. Thanks.
THR000458,LA009501,2,agent,payment_issue,"Hello, The emi date can be moved to the 10th from the next cycle. A fresh mandate is needed for the changed emi date. Thanks and regards."
THR000458,LA009501,3,customer,payment_issue,Please go ahead with the change. Is there any charge for changing the emi date?
THR000458,LA009501,4,agent,payment_issue,"Hello, This is regarding application LA009501. A charge of Rs 750 applies for changing the emi date. The new emi date takes effect from the next cycle. Thank you."
THR000458,LA009501,5,customer,payment_issue,My reference is LA009501. CASE548810 - The charge is acceptable to me. When will the new emi date show in my account?
THR000458,LA009501,6,agent,payment_issue,SR669098 - The new emi date will show in your account once the fresh mandate is active. Your emi amount does not change.
THR000459,LA018097,1,customer,loan_query,Dear Sir I have been offered a lower rate by another bank. What is the process to transfer my personal loan to that bank? Awaiting your response.
THR000459,LA018097,2,agent,loan_query,For a balance transfer of your personal loan we issue a foreclosure letter. The other bank pays the outstanding on your personal loan against that letter.
THR000459,LA018097,3,customer,loan_query,"How long does the foreclosure letter take? Is there a charge for the balance transfer?
Best regards,
Rohit Kulkarni"
THR000459,LA018097,4,agent,loan_query,"Dear sir, This is regarding application LA018097. CASE994939 - The foreclosure letter is issued within five working days. There is no charge on a floating rate personal loan for a balance transfer. Thanks and regards."
THR000460,LA013188,1,customer,complaint,"Dear sir, REF939442 - The branch told me one interest rate on my gold loan and the sanction letter shows a different rate. I was given wrong information at the branch. Thanks in advance."
THR000460,LA013188,2,agent,complaint,"Dear sir, This is regarding application LA013188. We are sorry about the wrong information on your gold loan rate. The rate in the sanction letter is the rate that applies to your gold loan. Thanks and regards."
THR000460,LA013188,3,customer,complaint,"Then why was a lower rate quoted to me at the branch? I took the gold loan only because of the rate I was quoted.
Best regards,
Suresh Iyer"
THR000460,LA013188,4,agent,complaint,"Dear customer, This is regarding application LA013188. SR162432 - The rate quoted to you was the card rate before your profile was scored. Your gold loan rate has been sent for review by the credit team. Regards."
THR000461,LA014464,1,customer,kyc,"Dear madam, I was asked for a address proof for my personal loan but I have already submitted it once. Why is the same address proof being asked for again? Awaiting your response."
THR000461,LA014464,2,agent,kyc,"Hello, This is regarding application LA014464. The address proof you submitted earlier was against your older application. A address proof has to be submitted again for this personal loan."
THR000461,LA014464,3,customer,kyc,"Dear madam, That is not convenient but I will send the address proof again. Can I bring the address proof to the branch instead of uploading it?
Sent from my iPhone"
THR000461,LA014464,4,agent,kyc,"Dear madam, CASE282863 - Yes, the address proof can be submitted at any branch. The branch will scan the address proof and attach it to your personal loan application."
THR000462,LA017266,1,customer,payment_issue,"Hi team, My reference is LA017266. My emi for august has bounced. There was enough balance in my bank account on the emi date. www.loanserve.example.in/upload"
THR000462,LA017266,2,agent,payment_issue,"Dear customer, This is regarding application LA017266. SR900581 - The emi bounced because the mandate on your bank account has expired. A fresh mandate has to be registered before the next emi is presented. Regards.
Best regards,
Suresh Iyer
Customer Service"
THR000462,LA017266,3,customer,payment_issue,"Good morning, My reference is LA017266. How do I register a fresh mandate for the emi? Will a bounce charge be applied on this emi?"
THR000462,LA017266,4,agent,payment_issue,"Dear madam, TKT248867 - A fresh mandate can be registered from your login under the emi section. The bounce charge of Rs 500 has been waived on this emi. Regards."
THR000463,LA002698,1,customer,loan_query,Is my home loan eligible for a moratorium? My income has stopped for a few months and I cannot pay the emi.
THR000463,LA002698,2,agent,loan_query,"This is regarding application LA002698. A moratorium on your home loan is considered case by case. Interest keeps adding during the moratorium, so the tenure on your home loan goes up. www.loanserve.example.in/upload Thank you."
THR000463,LA002698,3,customer,loan_query,"Hello, TKT515702 - I understand that the tenure will go up. What do I have to submit to apply for the moratorium?"
THR000463,LA002698,4,agent,loan_query,"Dear sir, This is regarding application LA002698. CASE173688 - Please submit a written request along with proof of the income loss. The moratorium on your home loan is decided within three working days. Thank you."
THR000464,LA004067,1,customer,complaint,"Dear Sir CASE830267 - The branch told me one interest rate on my vehicle loan and the sanction letter shows a different rate. I was given wrong information at the branch. Awaiting your response.
Thanks and regards,
Deepa Pillai"
THR000464,LA004067,2,agent,complaint,"Dear sir, We are sorry about the wrong information on your vehicle loan rate. The rate in the sanction letter is the rate that applies to your vehicle loan. Thank you."
THR000464,LA004067,3,customer,complaint,"Hello, My reference is LA004067. Then why was a lower rate quoted to me at the branch? I took the vehicle loan only because of the rate I was quoted. Awaitng your response."
THR000464,LA004067,4,agent,complaint,"This is regarding application LA004067. The rate quoted to you was the card rate before your profile was scored. Your vehicle loan rate has been sent for review by the credit team. Thank you.
On Mon, 12 May 2026, LoanServe Support wrote:
> Please share the document once more."
THR000464,LA004067,5,customer,complaint,Please tell me the outcome of that review in writing. I do not want another verbal answer on my vehicle loan. Regards.
THR000464,LA004067,6,agent,complaint,"Dear sir, The outcome of the review will be sent to your registered email. Nothing on your vehicle loan will be communicated only by phone. Regards."
THR000465,LA019095,1,customer,kyc,"Hello, My reference is LA019095. I was asked for a salary slip for my home loan but I have already submitted it once. Why is the same salary slip being asked for again?"
THR000465,LA019095,2,agent,kyc,"Dear customer, This is regarding application LA019095. TKT824770 - The salary slip you submitted earlier was against your older application. A salary slip has to be submitted again for this home loan. Thank you.
Thanks and regards,
Kavita Joshi
LoanServe Support"
THR000465,LA019095,3,customer,kyc,My reference is LA019095. That is not convenient but I will send the salary slip again. Can I bring the salary slip to the branch instead of uploading it? Thanks in advance.
THR000465,LA019095,4,agent,kyc,"Dear customer, This is regarding application LA019095. Yes, the salary slip can be submitted at any branch. The branch will scan the salary slip and attach it to your home loan application. Regards."
THR000466,LA020690,1,customer,payment_issue,My reference is LA020690. SR158650 - I want to change my emi date to the 15th of the month. My salary is credited late and the present emi date does not suit me.
THR000466,LA020690,2,agent,payment_issue,"Hello, The emi date can be moved to the 15th from the next cycle. A fresh mandate is needed for the changed emi date. Regards.
Best regards,
Suresh Iyer
Customer Service"
THR000466,LA020690,3,customer,payment_issue,"Dear sir, My reference is LA020690. Please go ahead with the change. Is there any charge for changing the emi date? Thanks in advance."
THR000466,LA020690,4,agent,payment_issue,"A charge of Rs 1180 applies for changing the emi date. The new emi date takes effect from the next cycle. Thank you.
Thanks and regards,
Deepa Pillai
LoanServe Support"
THR000466,LA020690,5,customer,payment_issue,"Hi team, The charge is acceptable to me. When will the new emi date show in my account? Regards.
Best regards,
Rahul Verma"
THR000466,LA020690,6,agent,payment_issue,"Dear sir, The new emi date will show in your account once the fresh mandate is active. Your emi amount does not change.
Best regards,
Rohit Kulkarni
Customer Service"
THR000467,LA008390,1,customer,loan_query,"Dear madam, My reference is LA008390. I have been offered a lower rate by another bank. What is the process to transfer my home loan to that bank? Thanks."
THR000467,LA008390,2,agent,loan_query,For a balance transfer of your home loan we issue a foreclosure letter. The other bank pays the outstanding on your home loan against that letter. Thank you.
THR000467,LA008390,3,customer,loan_query,"Dear sir, How long does the foreclosure letter take? Is there a charge for the balance transfer? Thanks."
THR000467,LA008390,4,agent,loan_query,"Dear customer, This is regarding application LA008390. The foreclosure letter is issued within seven working days. There is no charge on a floating rate home loan for a balance transfer. Thank you."
THR000467,LA008390,5,customer,loan_query,"Hi My reference is LA008390. Please issue the foreclosure letter for my home loan. Where will the letter be sent? Awaiting your response.
Thanks and regards,
Arjun Menon"
THR000467,LA008390,6,agent,loan_query,"Hello, The foreclosure letter will be sent to your registered email. A copy of the letter can also be collected from the branch. Thank you.
Best regards,
Rahul Verma
Customer Service"
THR000468,LA032917,1,customer,complaint,"Respected sir, My reference is LA032917. SR540818 - The branch told me one interest rate on my gold loan and the sanction letter shows a different rate. I was given wrong information at the branch. Thank you."
THR000468,LA032917,2,agent,complaint,"Hello, We are sorry about the wrong information on your gold loan rate. The rate in the sanction letter is the rate that applies to your gold loan. Thank you."
THR000468,LA032917,3,customer,complaint,"Dear madam, My reference is LA032917. Then why was a lower rate quoted to me at the branch? I took the gold loan only because of the rate I was quoted. Thanks in advance."
THR000468,LA032917,4,agent,complaint,"Hello, TKT282899 - The rate quoted to you was the card rate before your profile was scored. Your gold loan rate has been sent for review by the credit team. Thanks and regards."
THR000468,LA032917,5,customer,complaint,TKT374292 - Please tell me the outcome of that review in writing. I do not want another verbal answer on my gold loan.
THR000468,LA032917,6,agent,complaint,"This is regarding application LA032917. REF409059 - The outcome of the review will be sent to your registered email. Nothing on your gold loan will be communicated only by phone. Thanks and regards.
Thanks and regards,
Arjun Menon
LoanServe Support"
THR000469,LA010607,1,customer,kyc,"Respected sir, SR650287 - I was asked for a income proof for my gold loan but I have already submitted it once. Why is the same income proof being asked for again? Regards."
THR000469,LA010607,2,agent,kyc,"Hello, TKT439786 - The income proof you submitted earlier was against your older application. A income proof has to be submitted again for this gold loan. Regards."
THR000469,LA010607,3,customer,kyc,That is not convenient but I will send the income proof again. Can I bring the income proof to the branch instead of uploading it?
THR000469,LA010607,4,agent,kyc,"Hello, Yes, the income proof can be submitted at any branch. The branch will scan the income proof and attach it to your gold loan application. Regards.
Best regards,
Meera Nair
Customer Service"
THR000470,LA024170,1,customer,payment_issue,"Respected sir, My reference is LA024170. REF193749 - My emi for july has bounced. There was enough balance in my bank account on the emi date."
THR000470,LA024170,2,agent,payment_issue,"Dear sir, REF637655 - The emi bounced because the mandate on your bank account has expired. A fresh mandate has to be registered before the next emi is presented. Thanks and regards.
Thanks and regards,
Arjun Menon
LoanServe Support"
THR000470,LA024170,3,customer,payment_issue,How do I register a fresh mandate for the emi? Will a bounce charge be applied on this emi? Awaitng your response.
THR000470,LA024170,4,agent,payment_issue,"Dear madam, A fresh mandate can be registered from your login under the emi section. The bounce charge of Rs 500 has been waived on this emi. Regards."
THR000470,LA024170,5,customer,payment_issue,"Hello, I have registered the fresh mandate today. Will the july emi be presented once more? https://loanserve.example.in/help/kyc Thank you."
THR000470,LA024170,6,agent,payment_issue,REF118779 - The july emi will be presented again once the fresh mandate is active. No further action is needed from your side on the emi. https://loanserve.example.in/status Thank you.
THR000471,LA007879,1,customer,loan_query,My reference is LA007879. I already hold a personal loan with you. Am I eligible for a top up on the same personal loan?
THR000471,LA007879,2,agent,loan_query,A top up on your personal loan is possible after twelve emis have been paid on time. Your personal loan has twenty two emis paid so far. https://loanserve.example.in/status Regards.
THR000471,LA007879,3,customer,loan_query,"Dear sir, Every emi on that personal loan has been paid on time. What top up amount can I expect?"
THR000471,LA007879,4,agent,loan_query,"Hello, TKT471448 - The top up amount depends on the outstanding on your personal loan and on your income. A top up of about Rs 200,000 looks possible on your personal loan. https://loanserve.example.in/status Thank you."
THR000472,LA029073,1,customer,complaint,I have written about my gold loan three times and nobody has replied. This is the fourth time I am writing about the same issue.
THR000472,LA029073,2,agent,complaint,"Hello, We are sorry that your earlier mails on the gold loan went unanswered. Your issue has been escalated to the service manager. Thank you.
Best regards,
Arjun Menon
Customer Service"
THR000472,LA029073,3,customer,complaint,Escalation is fine but I still have no answer on my gold loan. When will somebody actually reply with an answer? Thank you.
THR000472,LA029073,4,agent,complaint,"Dear sir, The service manager will call you on your registered number within three working days. The answer on your gold loan will be given on that call. www.loanserve.example.in/upload Thanks and regards.
On Mon, 12 May 2026, LoanServe Support wrote:
> Please share the document once more.
Best regards,
Priya Sharma
Customer Service"
THR000472,LA029073,5,customer,complaint,"Dear madam, I received the call and the issue on my gold loan is clear now. Please close this complaint. Thanks."
THR000472,LA029073,6,agent,complaint,This is regarding application LA029073. Thank you for confirming that the gold loan issue is clear. This complaint is being closed as resolved. Thank you.
THR000473,LA014351,1,customer,kyc,"Dear sir, My personal loan application is on hold. The income proof I uploaded was rejected. Can you tell me why the income proof was rejected? Awaitng your response.
Thanks and regards,
Vikram Rao"
THR000473,LA014351,2,agent,kyc,The income proof was rejected because the document had already expired. Please upload a fresh copy of the income proof from your registered login. https://loanserve.example.in/status Regards.
THR000473,LA014351,3,customer,kyc,"Good morning, REF932346 - I have uploaded the income proof again today. How many days does income proof verification take?"
THR000473,LA014351,4,agent,kyc,Your income proof is now under verification. A fresh income proof is normally verified within three working days. Thanks and regards.
THR000473,LA014351,5,customer,kyc,REF371844 - Will my personal loan sanction be delayed because the income proof was rejected once? Awaitng your response.
THR000473,LA014351,6,agent,kyc,"Hello, The personal loan sanction will move ahead as soon as the income proof is verified. No further delay is expected on your personal loan application. Thank you.
Best regards,
Rahul Verma
Customer Service"
THR000474,LA010865,1,customer,payment_issue,"My reference is LA010865. I want to change my emi date to the 15th of the month. My salary is credited late and the present emi date does not suit me. Awaiting your response.
Thanks and regards,
Meera Nair"
THR000474,LA010865,2,agent,payment_issue,"Dear sir, This is regarding application LA010865. TKT976917 - The emi date can be moved to the 15th from the next cycle. A fresh mandate is needed for the changed emi date. https://loanserve.example.in/help/kyc Thank you."
THR000474,LA010865,3,customer,payment_issue,My reference is LA010865. Please go ahead with the change. Is there any charge for changing the emi date? Awaitng your response.
THR000474,LA010865,4,agent,payment_issue,"This is regarding application LA010865. REF336395 - A charge of Rs 590 applies for changing the emi date. The new emi date takes effect from the next cycle. Thank you.
On Mon, 12 May 2026, LoanServe Support wrote:
> Please share the document once more.
Best regards,
Suresh Iyer
Customer Service"
THR000475,LA002993,1,customer,loan_query,Is my gold loan eligible for a moratorium? My income has stopped for a few months and I cannot pay the emi.
THR000475,LA002993,2,agent,loan_query,"Dear customer, A moratorium on your gold loan is considered case by case. Interest keeps adding during the moratorium, so the tenure on your gold loan goes up."
THR000475,LA002993,3,customer,loan_query,"Dear sir, My reference is LA002993. I understand that the tenure will go up. What do I have to submit to apply for the moratorium?
On Mon, 12 May 2026, LoanServe Support wrote:
> Please share the document once more."
THR000475,LA002993,4,agent,loan_query,"Dear sir, This is regarding application LA002993. CASE863459 - Please submit a written request along with proof of the income loss. The moratorium on your gold loan is decided within five working days. Regards."
THR000476,LA002767,1,customer,complaint,"Good morning, My reference is LA002767. SR626268 - A charge of Rs 250 has been debited on my home loan and I was never told about this charge. Please explain why this charge was taken. https://loanserve.example.in/status
Best regards,
Arjun Menon"
THR000476,LA002767,2,agent,complaint,This is regarding application LA002767. The charge of Rs 250 on your home loan is a late payment charge. It was applied because the march emi was paid after the due date. https://loanserve.example.in/status Thanks and regards.
THR000476,LA002767,3,customer,complaint,"Dear sir, My reference is LA002767. SR913739 - The emi was late because your own mandate failed. Why should a charge be taken from me for a failure at your end? Awaitng your response."
THR000476,LA002767,4,agent,complaint,"Dear customer, REF232852 - You are right that the mandate failure was at our end. The charge of Rs 250 is being reversed on your home loan. Thank you.
Best regards,
Arjun Menon
Customer Service"
THR000477,LA025099,1,customer,kyc,Hi My reference is LA025099. My kyc is showing as incomplete on my home loan. The name printed on my income proof does not match the name in your records.
THR000477,LA025099,2,agent,kyc,"Dear customer, This is regarding application LA025099. The name mismatch on your income proof is the reason the kyc is incomplete. Please share a income proof that carries the corrected name. Thank you."
THR000477,LA025099,3,customer,kyc,"Hi team, My reference is LA025099. I have attached the corrected income proof with the right name. Does anything else have to change for the kyc? Awaiting your response.
On Mon, 12 May 2026, LoanServe Support wrote:
> Please share the document once more."
THR000477,LA025099,4,agent,kyc,"Hello, This is regarding application LA025099. The corrected income proof has been received and sent for checking. Nothing else is pending on your kyc right now. Thank you."
THR000478,LA017218,1,customer,payment_issue,"I want to prepay Rs 300,000 on my vehicle loan. Does a part prepayment reduce the emi or the tenure?"
THR000478,LA017218,2,agent,payment_issue,"Hello, A part prepayment of Rs 300,000 can reduce either the emi or the tenure on your vehicle loan. You have to tell us which of the two you want. Regards."
THR000478,LA017218,3,customer,payment_issue,"Respected sir, Please reduce the tenure and keep the emi as it is. Is there a prepayment charge on my vehicle loan? Thanks.
On Mon, 12 May 2026, LoanServe Support wrote:
> Please share the document once more."
THR000478,LA017218,4,agent,payment_issue,"There is no prepayment charge on a floating rate vehicle loan. The tenure will reduce once the prepayment of Rs 300,000 is received.
Thanks and regards,
Rahul Verma
LoanServe Support"
THR000479,LA018134,1,customer,loan_query,SR599600 - Is my vehicle loan eligible for a moratorium? My income has stopped for a few months and I cannot pay the emi.
THR000479,LA018134,2,agent,loan_query,"Dear customer, A moratorium on your vehicle loan is considered case by case. Interest keeps adding during the moratorium, so the tenure on your vehicle loan goes up."
THR000479,LA018134,3,customer,loan_query,"Dear sir, I understand that the tenure will go up. What do I have to submit to apply for the moratorium?"
THR000479,LA018134,4,agent,loan_query,This is regarding application LA018134. Please submit a written request along with proof of the income loss. The moratorium on your vehicle loan is decided within five working days. www.loanserve.example.in/upload Thanks and regards.
THR000480,LA014055,1,customer,complaint,"Hello, SR706177 - I have written about my home loan three times and nobody has replied. This is the fourth time I am writing about the same issue.
Best regards,
Suresh Iyer"
THR000480,LA014055,2,agent,complaint,"Dear customer, CASE732839 - We are sorry that your earlier mails on the home loan went unanswered. Your issue has been escalated to the service manager. Thanks and regards."
THR000480,LA014055,3,customer,complaint,"Good morning, TKT995422 - Escalation is fine but I still have no answer on my home loan. When will somebody actually reply with an answer? Regards.
Thanks and regards,
Meera Nair"
THR000480,LA014055,4,agent,complaint,"Hello, This is regarding application LA014055. REF754810 - The service manager will call you on your registered number within five working days. The answer on your home loan will be given on that call. Thank you."
THR000480,LA014055,5,customer,complaint,My reference is LA014055. REF215251 - I received the call and the issue on my home loan is clear now. Please close this complaint. Thanks in advance.
THR000480,LA014055,6,agent,complaint,"Dear sir, This is regarding application LA014055. Thank you for confirming that the home loan issue is clear. This complaint is being closed as resolved. Thank you."
THR000481,LA022840,1,customer,kyc,"Dear sir, REF784922 - My kyc is showing as incomplete on my vehicle loan. The name printed on my income proof does not match the name in your records."
THR000481,LA022840,2,agent,kyc,"Dear customer, The name mismatch on your income proof is the reason the kyc is incomplete. Please share a income proof that carries the corrected name."
THR000481,LA022840,3,customer,kyc,"I have attached the corrected income proof with the right name. Does anything else have to change for the kyc?
Thanks and regards,
Priya Sharma"
THR000481,LA022840,4,agent,kyc,"Dear madam, This is regarding application LA022840. The corrected income proof has been received and sent for checking. Nothing else is pending on your kyc right now. https://loanserve.example.in/status"
THR000481,LA022840,5,customer,kyc,"Good morning, My reference is LA022840. How will I know when the kyc is marked complete?"
THR000481,LA022840,6,agent,kyc,"Dear customer, CASE925554 - You will get an sms as soon as the kyc is marked complete. The kyc status also shows on your vehicle loan application page. www.loanserve.example.in/upload Regards.
Best regards,
Rahul Verma
Customer Service"
THR000482,LA006514,1,customer,payment_issue,I want to change my emi date to the 7th of the month. My salary is credited late and the present emi date does not suit me.
THR000482,LA006514,2,agent,payment_issue,"Dear madam, This is regarding application LA006514. The emi date can be moved to the 7th from the next cycle. A fresh mandate is needed for the changed emi date. Thanks and regards."
THR000482,LA006514,3,customer,payment_issue,"My reference is LA006514. SR422253 - Please go ahead with the change. Is there any charge for changing the emi date?
--
Arjun Menon
Customer"
THR000482,LA006514,4,agent,payment_issue,"Dear madam, A charge of Rs 590 applies for changing the emi date. The new emi date takes effect from the next cycle.
On Mon, 12 May 2026, LoanServe Support wrote:
> Please share the document once more."
THR000482,LA006514,5,customer,payment_issue,"Hi team, REF616635 - The charge is acceptable to me. When will the new emi date show in my account? Thank you.
On Mon, 12 May 2026, LoanServe Support wrote:
> Please share the document once more."
THR000482,LA006514,6,agent,payment_issue,"Dear sir, This is regarding application LA006514. The new emi date will show in your account once the fresh mandate is active. Your emi amount does not change. Regards."
THR000483,LA010936,1,customer,loan_query,My reference is LA010936. CASE218423 - Is my vehicle loan eligible for a moratorium? My income has stopped for a few months and I cannot pay the emi.
THR000483,LA010936,2,agent,loan_query,"Dear customer, This is regarding application LA010936. CASE512745 - A moratorium on your vehicle loan is considered case by case. Interest keeps adding during the moratorium, so the tenure on your vehicle loan goes up. https://loanserve.example.in/help/kyc Thanks and regards."
THR000483,LA010936,3,customer,loan_query,REF291782 - I understand that the tenure will go up. What do I have to submit to apply for the moratorium?
THR000483,LA010936,4,agent,loan_query,"Dear customer, This is regarding application LA010936. REF788163 - Please submit a written request along with proof of the income loss. The moratorium on your vehicle loan is decided within five working days. Thank you.
Thanks and regards,
Rahul Verma
LoanServe Support"
THR000484,LA017264,1,customer,complaint,I have written about my gold loan three times and nobody has replied. This is the fourth time I am writing about the same issue. Awaiting your response.
THR000484,LA017264,2,agent,complaint,"This is regarding application LA017264. We are sorry that your earlier mails on the gold loan went unanswered. Your issue has been escalated to the service manager.
Thanks and regards,
Anita Desai
LoanServe Support"
THR000484,LA017264,3,customer,complaint,"Dear madam, Escalation is fine but I still have no answer on my gold loan. When will somebody actually reply with an answer? Awaitng your response."
THR000484,LA017264,4,agent,complaint,"Hello, This is regarding application LA017264. The service manager will call you on your registered number within seven working days. The answer on your gold loan will be given on that call."
THR000484,LA017264,5,customer,complaint,I received the call and the issue on my gold loan is clear now. Please close this complaint.
THR000484,LA017264,6,agent,complaint,"CASE593136 - Thank you for confirming that the gold loan issue is clear. This complaint is being closed as resolved. Regards.
Best regards,
Rahul Verma
Customer Service"
THR000485,LA006065,1,customer,kyc,TKT268324 - My kyc is showing as incomplete on my personal loan. The name printed on my income proof does not match the name in your records.
THR000485,LA006065,2,agent,kyc,"Dear sir, This is regarding application LA006065. The name mismatch on your income proof is the reason the kyc is incomplete. Please share a income proof that carries the corrected name.
Best regards,
Vikram Rao
Customer Service"
THR000485,LA006065,3,customer,kyc,I have attached the corrected income proof with the right name. Does anything else have to change for the kyc? Thank you.
THR000485,LA006065,4,agent,kyc,"Dear customer, The corrected income proof has been received and sent for checking. Nothing else is pending on your kyc right now. Regards."
THR000485,LA006065,5,customer,kyc,How will I know when the kyc is marked complete?
THR000485,LA006065,6,agent,kyc,"Dear customer, You will get an sms as soon as the kyc is marked complete. The kyc status also shows on your personal loan application page. Regards."
THR000486,LA011392,1,customer,payment_issue,"I want to change my emi date to the 7th of the month. My salary is credited late and the present emi date does not suit me. Thank you.
Best regards,
Deepa Pillai"
THR000486,LA011392,2,agent,payment_issue,"Dear customer, The emi date can be moved to the 7th from the next cycle. A fresh mandate is needed for the changed emi date. Thank you.
Best regards,
Vikram Rao
Customer Service"
THR000486,LA011392,3,customer,payment_issue,"CASE935924 - Please go ahead with the change. Is there any charge for changing the emi date? https://loanserve.example.in/status
Best regards,
Meera Nair"
THR000486,LA011392,4,agent,payment_issue,"SR100742 - A charge of Rs 1180 applies for changing the emi date. The new emi date takes effect from the next cycle. https://loanserve.example.in/help/kyc
On Mon, 12 May 2026, LoanServe Support wrote:
> Please share the document once more."
THR000486,LA011392,5,customer,payment_issue,"Hello, The charge is acceptable to me. When will the new emi date show in my account? Thanks."
THR000486,LA011392,6,agent,payment_issue,"Dear customer, The new emi date will show in your account once the fresh mandate is active. Your emi amount does not change. Regards.
Thanks and regards,
Meera Nair
LoanServe Support"
THR000487,LA029843,1,customer,loan_query,"Dear sir, Is my vehicle loan eligible for a moratorium? My income has stopped for a few months and I cannot pay the emi. Thanks in advance."
THR000487,LA029843,2,agent,loan_query,"Dear sir, A moratorium on your vehicle loan is considered case by case. Interest keeps adding during the moratorium, so the tenure on your vehicle loan goes up. Regards.
Best regards,
Priya Sharma
Customer Service"
THR000487,LA029843,3,customer,loan_query,"I understand that the tenure will go up. What do I have to submit to apply for the moratorium? www.loanserve.example.in/upload Regards.
Sent from my iPhone"
THR000487,LA029843,4,agent,loan_query,This is regarding application LA029843. Please submit a written request along with proof of the income loss. The moratorium on your vehicle loan is decided within seven working days. Thank you.
THR000488,LA031411,1,customer,complaint,"My reference is LA031411. I have written about my vehicle loan three times and nobody has replied. This is the fourth time I am writing about the same issue.
Thanks and regards,
Kavita Joshi"
THR000488,LA031411,2,agent,complaint,"Dear sir, This is regarding application LA031411. We are sorry that your earlier mails on the vehicle loan went unanswered. Your issue has been escalated to the service manager. https://loanserve.example.in/help/kyc Thanks and regards.
Thanks and regards,
Vikram Rao
LoanServe Support"
THR000488,LA031411,3,customer,complaint,"Hi team, Escalation is fine but I still have no answer on my vehicle loan. When will somebody actually reply with an answer? Regards.
On Mon, 12 May 2026, LoanServe Support wrote:
> Please share the document once more."
THR000488,LA031411,4,agent,complaint,"Dear sir, The service manager will call you on your registered number within two working days. The answer on your vehicle loan will be given on that call. https://loanserve.example.in/status Thanks and regards."
THR000489,LA003667,1,customer,kyc,"Hi team, REF273788 - My vehicle loan application is on hold. The bank statement I uploaded was rejected. Can you tell me why the bank statement was rejected? Regards."
THR000489,LA003667,2,agent,kyc,"This is regarding application LA003667. The bank statement was rejected because the scanned copy was not clearly readable. Please upload a fresh copy of the bank statement from your registered login.
Thanks and regards,
Arjun Menon
LoanServe Support"
THR000489,LA003667,3,customer,kyc,"Respected sir, My reference is LA003667. CASE942350 - I have uploaded the bank statement again today. How many days does bank statement verification take? Regards."
THR000489,LA003667,4,agent,kyc,"Hello, This is regarding application LA003667. Your bank statement is now under verification. A fresh bank statement is normally verified within five working days. Thanks and regards."
THR000490,LA023696,1,customer,payment_issue,"Hello, My reference is LA023696. I want to prepay Rs 75,000 on my home loan. Does a part prepayment reduce the emi or the tenure? Thanks."
THR000490,LA023696,2,agent,payment_issue,"This is regarding application LA023696. A part prepayment of Rs 75,000 can reduce either the emi or the tenure on your home loan. You have to tell us which of the two you want. www.loanserve.example.in/upload"
THR000490,LA023696,3,customer,payment_issue,"Dear sir, TKT856009 - Please reduce the tenure and keep the emi as it is. Is there a prepayment charge on my home loan? Thanks.
On Mon, 12 May 2026, LoanServe Support wrote:
> Please share the document once more.
Thanks and regards,
Meera Nair"
THR000490,LA023696,4,agent,payment_issue,"This is regarding application LA023696. There is no prepayment charge on a floating rate home loan. The tenure will reduce once the prepayment of Rs 75,000 is received. Thank you."
THR000491,LA015693,1,customer,loan_query,"Good morning, My reference is LA015693. SR488829 - I have been offered a lower rate by another bank. What is the process to transfer my personal loan to that bank?"
THR000491,LA015693,2,agent,loan_query,"Dear customer, For a balance transfer of your personal loan we issue a foreclosure letter. The other bank pays the outstanding on your personal loan against that letter. Thank you."
THR000491,LA015693,3,customer,loan_query,Dear Sir How long does the foreclosure letter take? Is there a charge for the balance transfer?
THR000491,LA015693,4,agent,loan_query,The foreclosure letter is issued within two working days. There is no charge on a floating rate personal loan for a balance transfer. www.loanserve.example.in/upload
THR000492,LA020738,1,customer,complaint,Dear Sir I have written about my home loan three times and nobody has replied. This is the fourth time I am writing about the same issue.
THR000492,LA020738,2,agent,complaint,We are sorry that your earlier mails on the home loan went unanswered. Your issue has been escalated to the service manager. Thank you.
THR000492,LA020738,3,customer,complaint,"CASE739330 - Escalation is fine but I still have no answer on my home loan. When will somebody actually reply with an answer? Thanks.
Best regards,
Rahul Verma"
THR000492,LA020738,4,agent,complaint,"Dear customer, CASE786938 - The service manager will call you on your registered number within two working days. The answer on your home loan will be given on that call. Thanks and regards."
THR000493,LA023029,1,customer,kyc,My reference is LA023029. I was asked for a pan card for my gold loan but I have already submitted it once. Why is the same pan card being asked for again? Awaiting your response.
THR000493,LA023029,2,agent,kyc,"Dear customer, REF581674 - The pan card you submitted earlier was against your older application. A pan card has to be submitted again for this gold loan. Thanks and regards.
Best regards,
Rohit Kulkarni
Customer Service"
THR000493,LA023029,3,customer,kyc,"Respected sir, TKT315825 - That is not convenient but I will send the pan card again. Can I bring the pan card to the branch instead of uploading it?"
THR000493,LA023029,4,agent,kyc,"Dear madam, This is regarding application LA023029. Yes, the pan card can be submitted at any branch. The branch will scan the pan card and attach it to your gold loan application. https://loanserve.example.in/help/kyc Thank you."
THR000494,LA005282,1,customer,payment_issue,"Dear sir, I want to change my emi date to the 15th of the month. My salary is credited late and the present emi date does not suit me."
THR000494,LA005282,2,agent,payment_issue,"Dear madam, SR623205 - The emi date can be moved to the 15th from the next cycle. A fresh mandate is needed for the changed emi date. Regards."
THR000494,LA005282,3,customer,payment_issue,Hi My reference is LA005282. Please go ahead with the change. Is there any charge for changing the emi date?
THR000494,LA005282,4,agent,payment_issue,"Dear madam, This is regarding application LA005282. A charge of Rs 590 applies for changing the emi date. The new emi date takes effect from the next cycle. https://loanserve.example.in/status Thanks and regards."
THR000495,LA011974,1,customer,loan_query,"Dear sir, TKT411187 - I have been offered a lower rate by another bank. What is the process to transfer my personal loan to that bank? Awaiting your response."
THR000495,LA011974,2,agent,loan_query,"This is regarding application LA011974. For a balance transfer of your personal loan we issue a foreclosure letter. The other bank pays the outstanding on your personal loan against that letter. Regards.
Best regards,
Suresh Iyer
Customer Service"
THR000495,LA011974,3,customer,loan_query,How long does the foreclosure letter take? Is there a charge for the balance transfer?
THR000495,LA011974,4,agent,loan_query,"This is regarding application LA011974. The foreclosure letter is issued within seven working days. There is no charge on a floating rate personal loan for a balance transfer. Thanks and regards.
Best regards,
Rohit Kulkarni
Customer Service"
THR000495,LA011974,5,customer,loan_query,Hi Please issue the foreclosure letter for my personal loan. Where will the letter be sent?
THR000495,LA011974,6,agent,loan_query,"This is regarding application LA011974. SR417312 - The foreclosure letter will be sent to your registered email. A copy of the letter can also be collected from the branch.
Best regards,
Anita Desai
Customer Service"
THR000496,LA002957,1,customer,complaint,"Hello, I have written about my home loan three times and nobody has replied. This is the fourth time I am writing about the same issue."
THR000496,LA002957,2,agent,complaint,"We are sorry that your earlier mails on the home loan went unanswered. Your issue has been escalated to the service manager. Regards.
Thanks and regards,
Rohit Kulkarni
LoanServe Support"
THR000496,LA002957,3,customer,complaint,My reference is LA002957. Escalation is fine but I still have no answer on my home loan. When will somebody actually reply with an answer? Regards.
THR000496,LA002957,4,agent,complaint,"Dear customer, This is regarding application LA002957. The service manager will call you on your registered number within three working days. The answer on your home loan will be given on that call. Thank you."
THR000496,LA002957,5,customer,complaint,"Dear madam, TKT541734 - I received the call and the issue on my home loan is clear now. Please close this complaint.
Thanks and regards,
Priya Sharma"
THR000496,LA002957,6,agent,complaint,"Dear sir, This is regarding application LA002957. REF987774 - Thank you for confirming that the home loan issue is clear. This complaint is being closed as resolved.
Best regards,
Rahul Verma
Customer Service"
THR000497,LA020154,1,customer,kyc,"Hello, My reference is LA020154. My kyc is showing as incomplete on my gold loan. The name printed on my bank statement does not match the name in your records.
Sent from my iPhone"
THR000497,LA020154,2,agent,kyc,"Dear sir, TKT512841 - The name mismatch on your bank statement is the reason the kyc is incomplete. Please share a bank statement that carries the corrected name. Regards."
THR000497,LA020154,3,customer,kyc,"I have attached the corrected bank statement with the right name. Does anything else have to change for the kyc?
On Mon, 12 May 2026, LoanServe Support wrote:
> Please share the document once more."
THR000497,LA020154,4,agent,kyc,"Dear sir, The corrected bank statement has been received and sent for checking. Nothing else is pending on your kyc right now. Thanks and regards."
THR000498,LA023156,1,customer,payment_issue,"Respected sir, My reference is LA023156. CASE440834 - I want to change my emi date to the 10th of the month. My salary is credited late and the present emi date does not suit me. Thanks.
Sent from my iPhone"
THR000498,LA023156,2,agent,payment_issue,The emi date can be moved to the 10th from the next cycle. A fresh mandate is needed for the changed emi date.
THR000498,LA023156,3,customer,payment_issue,Please go ahead with the change. Is there any charge for changing the emi date?
THR000498,LA023156,4,agent,payment_issue,"Dear customer, This is regarding application LA023156. TKT642711 - A charge of Rs 590 applies for changing the emi date. The new emi date takes effect from the next cycle. Regards."
THR000498,LA023156,5,customer,payment_issue,"Dear Sir SR423473 - The charge is acceptable to me. When will the new emi date show in my account?
--
Vikram Rao
Customer"
THR000498,LA023156,6,agent,payment_issue,"Hello, The new emi date will show in your account once the fresh mandate is active. Your emi amount does not change. Thank you."
THR000499,LA019373,1,customer,loan_query,Is my personal loan eligible for a moratorium? My income has stopped for a few months and I cannot pay the emi. Regards.
THR000499,LA019373,2,agent,loan_query,"A moratorium on your personal loan is considered case by case. Interest keeps adding during the moratorium, so the tenure on your personal loan goes up. Thank you."
THR000499,LA019373,3,customer,loan_query,"Hello, I understand that the tenure will go up. What do I have to submit to apply for the moratorium? Awaiting your response."
THR000499,LA019373,4,agent,loan_query,"Please submit a written request along with proof of the income loss. The moratorium on your personal loan is decided within seven working days.
On Mon, 12 May 2026, LoanServe Support wrote:
> Please share the document once more."
THR000500,LA025159,1,customer,complaint,"Dear madam, SR217623 - The branch told me one interest rate on my personal loan and the sanction letter shows a different rate. I was given wrong information at the branch. Thank you."
THR000500,LA025159,2,agent,complaint,"Dear sir, We are sorry about the wrong information on your personal loan rate. The rate in the sanction letter is the rate that applies to your personal loan. Thanks and regards.
Best regards,
Vikram Rao
Customer Service"
THR000500,LA025159,3,customer,complaint,"Respected sir, TKT296367 - Then why was a lower rate quoted to me at the branch? I took the personal loan only because of the rate I was quoted. Thanks in advance.
Thanks and regards,
Rohit Kulkarni"
THR000500,LA025159,4,agent,complaint,"This is regarding application LA025159. The rate quoted to you was the card rate before your profile was scored. Your personal loan rate has been sent for review by the credit team. Regards.
Best regards,
Vikram Rao
Customer Service"
THR000500,LA025159,5,customer,complaint,"Hello, Please tell me the outcome of that review in writing. I do not want another verbal answer on my personal loan. Awaiting your response.
On Mon, 12 May 2026, LoanServe Support wrote:
> Please share the document once more."
THR000500,LA025159,6,agent,complaint,"Dear sir, TKT839686 - The outcome of the review will be sent to your registered email. Nothing on your personal loan will be communicated only by phone. www.loanserve.example.in/upload"
THR000501,LA003596,1,customer,kyc,"Dear sir, REF110627 - I was asked for a bank statement for my home loan but I have already submitted it once. Why is the same bank statement being asked for again? Thanks in advance."
THR000501,LA003596,2,agent,kyc,The bank statement you submitted earlier was against your older application. A bank statement has to be submitted again for this home loan.
THR000501,LA003596,3,customer,kyc,"Hi team, My reference is LA003596. That is not convenient but I will send the bank statement again. Can I bring the bank statement to the branch instead of uploading it? Thanks in advance."
THR000501,LA003596,4,agent,kyc,"This is regarding application LA003596. Yes, the bank statement can be submitted at any branch. The branch will scan the bank statement and attach it to your home loan application. Thank you."
THR000502,LA029404,1,customer,payment_issue,My reference is LA029404. CASE608089 - My emi for april has bounced. There was enough balance in my bank account on the emi date.
THR000502,LA029404,2,agent,payment_issue,The emi bounced because the mandate on your bank account has expired. A fresh mandate has to be registered before the next emi is presented.
THR000502,LA029404,3,customer,payment_issue,"Dear madam, My reference is LA029404. How do I register a fresh mandate for the emi? Will a bounce charge be applied on this emi? https://loanserve.example.in/help/kyc
On Mon, 12 May 2026, LoanServe Support wrote:
> Please share the document once more."
THR000502,LA029404,4,agent,payment_issue,"This is regarding application LA029404. A fresh mandate can be registered from your login under the emi section. The bounce charge of Rs 500 has been waived on this emi.
On Mon, 12 May 2026, LoanServe Support wrote:
> Please share the document once more."
THR000503,LA003147,1,customer,loan_query,"Good morning, My reference is LA003147. Is my vehicle loan eligible for a moratorium? My income has stopped for a few months and I cannot pay the emi. https://loanserve.example.in/status"
THR000503,LA003147,2,agent,loan_query,"This is regarding application LA003147. A moratorium on your vehicle loan is considered case by case. Interest keeps adding during the moratorium, so the tenure on your vehicle loan goes up. https://loanserve.example.in/help/kyc Thank you."
THR000503,LA003147,3,customer,loan_query,"Hello, CASE558481 - I understand that the tenure will go up. What do I have to submit to apply for the moratorium? Regards.
On Mon, 12 May 2026, LoanServe Support wrote:
> Please share the document once more.
Thanks and regards,
Rahul Verma"
THR000503,LA003147,4,agent,loan_query,"Dear sir, This is regarding application LA003147. TKT489908 - Please submit a written request along with proof of the income loss. The moratorium on your vehicle loan is decided within two working days. Thanks and regards.
Thanks and regards,
Anita Desai
LoanServe Support"
THR000504,LA026709,1,customer,complaint,"Respected sir, REF320953 - I have written about my gold loan three times and nobody has replied. This is the fourth time I am writing about the same issue. Thanks in advance.
Best regards,
Priya Sharma"
THR000504,LA026709,2,agent,complaint,"Dear sir, We are sorry that your earlier mails on the gold loan went unanswered. Your issue has been escalated to the service manager. https://loanserve.example.in/status Thanks and regards.
Best regards,
Vikram Rao
Customer Service"
THR000504,LA026709,3,customer,complaint,"Dear sir, Escalation is fine but I still have no answer on my gold loan. When will somebody actually reply with an answer?
On Mon, 12 May 2026, LoanServe Support wrote:
> Please share the document once more."
THR000504,LA026709,4,agent,complaint,"Dear madam, CASE435302 - The service manager will call you on your registered number within seven working days. The answer on your gold loan will be given on that call.
Thanks and regards,
Meera Nair
LoanServe Support"
THR000504,LA026709,5,customer,complaint,My reference is LA026709. I received the call and the issue on my gold loan is clear now. Please close this complaint. Regards.
THR000504,LA026709,6,agent,complaint,This is regarding application LA026709. Thank you for confirming that the gold loan issue is clear. This complaint is being closed as resolved. Regards.
THR000505,LA020195,1,customer,kyc,TKT705196 - I was asked for a pan card for my home loan but I have already submitted it once. Why is the same pan card being asked for again?
THR000505,LA020195,2,agent,kyc,"The pan card you submitted earlier was against your older application. A pan card has to be submitted again for this home loan.
Best regards,
Vikram Rao
Customer Service"
THR000505,LA020195,3,customer,kyc,CASE828577 - That is not convenient but I will send the pan card again. Can I bring the pan card to the branch instead of uploading it? Thanks.
THR000505,LA020195,4,agent,kyc,"Dear madam, Yes, the pan card can be submitted at any branch. The branch will scan the pan card and attach it to your home loan application. Regards.
Thanks and regards,
Rahul Verma
LoanServe Support"
THR000506,LA030624,1,customer,payment_issue,"My reference is LA030624. I want to prepay Rs 300,000 on my personal loan. Does a part prepayment reduce the emi or the tenure?"
THR000506,LA030624,2,agent,payment_issue,"Dear sir, REF897781 - A part prepayment of Rs 300,000 can reduce either the emi or the tenure on your personal loan. You have to tell us which of the two you want. Regards.
Best regards,
Meera Nair
Customer Service"
THR000506,LA030624,3,customer,payment_issue,My reference is LA030624. SR923886 - Please reduce the tenure and keep the emi as it is. Is there a prepayment charge on my personal loan?
THR000506,LA030624,4,agent,payment_issue,"There is no prepayment charge on a floating rate personal loan. The tenure will reduce once the prepayment of Rs 300,000 is received. Thanks and regards."
THR000507,LA014831,1,customer,loan_query,Dear Sir My reference is LA014831. TKT464707 - Is my vehicle loan eligible for a moratorium? My income has stopped for a few months and I cannot pay the emi.
THR000507,LA014831,2,agent,loan_query,"Hello, This is regarding application LA014831. SR812376 - A moratorium on your vehicle loan is considered case by case. Interest keeps adding during the moratorium, so the tenure on your vehicle loan goes up. Thanks and regards.
Best regards,
Deepa Pillai
Customer Service"
THR000507,LA014831,3,customer,loan_query,My reference is LA014831. I understand that the tenure will go up. What do I have to submit to apply for the moratorium? https://loanserve.example.in/status
THR000507,LA014831,4,agent,loan_query,"Dear sir, This is regarding application LA014831. Please submit a written request along with proof of the income loss. The moratorium on your vehicle loan is decided within two working days. Thank you."
THR000508,LA000767,1,customer,complaint,"Dear madam, My reference is LA000767. A charge of Rs 500 has been debited on my vehicle loan and I was never told about this charge. Please explain why this charge was taken.
Sent from my iPhone"
THR000508,LA000767,2,agent,complaint,"Dear madam, The charge of Rs 500 on your vehicle loan is a late payment charge. It was applied because the april emi was paid after the due date. Thank you.
Thanks and regards,
Deepa Pillai
LoanServe Support"
THR000508,LA000767,3,customer,complaint,"Good morning, The emi was late because your own mandate failed. Why should a charge be taken from me for a failure at your end? Thanks in advance."
THR000508,LA000767,4,agent,complaint,"You are right that the mandate failure was at our end. The charge of Rs 500 is being reversed on your vehicle loan. Regards.
Best regards,
Arjun Menon
Customer Service"
THR000509,LA027693,1,customer,kyc,"Good morning, I was asked for a bank statement for my personal loan but I have already submitted it once. Why is the same bank statement being asked for again? Thanks."
THR000509,LA027693,2,agent,kyc,This is regarding application LA027693. The bank statement you submitted earlier was against your older application. A bank statement has to be submitted again for this personal loan. Regards.
THR000509,LA027693,3,customer,kyc,"Good morning, That is not convenient but I will send the bank statement again. Can I bring the bank statement to the branch instead of uploading it? Regards.
On Mon, 12 May 2026, LoanServe Support wrote:
> Please share the document once more."
THR000509,LA027693,4,agent,kyc,"Hello, This is regarding application LA027693. TKT901176 - Yes, the bank statement can be submitted at any branch. The branch will scan the bank statement and attach it to your personal loan application. Regards."
THR000510,LA026458,1,customer,payment_issue,"Dear Sir I want to prepay Rs 150,000 on my personal loan. Does a part prepayment reduce the emi or the tenure? https://loanserve.example.in/help/kyc Thanks in advance."
THR000510,LA026458,2,agent,payment_issue,"This is regarding application LA026458. SR143721 - A part prepayment of Rs 150,000 can reduce either the emi or the tenure on your personal loan. You have to tell us which of the two you want. Regards.
Thanks and regards,
Meera Nair
LoanServe Support"
THR000510,LA026458,3,customer,payment_issue,"Dear madam, CASE513217 - Please reduce the tenure and keep the emi as it is. Is there a prepayment charge on my personal loan? Thanks in advance."
THR000510,LA026458,4,agent,payment_issue,"This is regarding application LA026458. TKT237454 - There is no prepayment charge on a floating rate personal loan. The tenure will reduce once the prepayment of Rs 150,000 is received. Thanks and regards.
Thanks and regards,
Rahul Verma
LoanServe Support"
THR000511,LA025388,1,customer,loan_query,My reference is LA025388. I have been offered a lower rate by another bank. What is the process to transfer my personal loan to that bank?
THR000511,LA025388,2,agent,loan_query,"Dear sir, For a balance transfer of your personal loan we issue a foreclosure letter. The other bank pays the outstanding on your personal loan against that letter. https://loanserve.example.in/status Thank you."
THR000511,LA025388,3,customer,loan_query,"Hello, How long does the foreclosure letter take? Is there a charge for the balance transfer?"
THR000511,LA025388,4,agent,loan_query,"Dear customer, The foreclosure letter is issued within seven working days. There is no charge on a floating rate personal loan for a balance transfer.
On Mon, 12 May 2026, LoanServe Support wrote:
> Please share the document once more.
Thanks and regards,
Vikram Rao
LoanServe Support"
THR000512,LA005085,1,customer,complaint,"Dear sir, My reference is LA005085. I have written about my home loan three times and nobody has replied. This is the fourth time I am writing about the same issue. Thank you."
THR000512,LA005085,2,agent,complaint,"This is regarding application LA005085. We are sorry that your earlier mails on the home loan went unanswered. Your issue has been escalated to the service manager. Thanks and regards.
Thanks and regards,
Meera Nair
LoanServe Support"
THR000512,LA005085,3,customer,complaint,Escalation is fine but I still have no answer on my home loan. When will somebody actually reply with an answer?
THR000512,LA005085,4,agent,complaint,"Dear sir, This is regarding application LA005085. The service manager will call you on your registered number within two working days. The answer on your home loan will be given on that call. https://loanserve.example.in/status"
THR000512,LA005085,5,customer,complaint,"Good morning, My reference is LA005085. SR741092 - I received the call and the issue on my home loan is clear now. Please close this complaint."
THR000512,LA005085,6,agent,complaint,"Hello, This is regarding application LA005085. Thank you for confirming that the home loan issue is clear. This complaint is being closed as resolved. Thank you."
THR000513,LA007209,1,customer,kyc,"Good morning, My reference is LA007209. TKT303623 - I was asked for a bank statement for my gold loan but I have already submitted it once. Why is the same bank statement being asked for again?
Sent from my iPhone"
THR000513,LA007209,2,agent,kyc,"Dear sir, This is regarding application LA007209. The bank statement you submitted earlier was against your older application. A bank statement has to be submitted again for this gold loan. Regards.
Thanks and regards,
Anita Desai
LoanServe Support"
THR000513,LA007209,3,customer,kyc,My reference is LA007209. REF853310 - That is not convenient but I will send the bank statement again. Can I bring the bank statement to the branch instead of uploading it? Regards.
THR000513,LA007209,4,agent,kyc,"Dear customer, This is regarding application LA007209. Yes, the bank statement can be submitted at any branch. The branch will scan the bank statement and attach it to your gold loan application. Thanks and regards."
THR000514,LA007068,1,customer,payment_issue,"Dear madam, I want to change my emi date to the 7th of the month. My salary is credited late and the present emi date does not suit me. Regards."
THR000514,LA007068,2,agent,payment_issue,"Hello, This is regarding application LA007068. The emi date can be moved to the 7th from the next cycle. A fresh mandate is needed for the changed emi date. Thanks and regards."
THR000514,LA007068,3,customer,payment_issue,"Good morning, My reference is LA007068. CASE725836 - Please go ahead with the change. Is there any charge for changing the emi date?"
THR000514,LA007068,4,agent,payment_issue,"Dear sir, A charge of Rs 590 applies for changing the emi date. The new emi date takes effect from the next cycle. Thank you.
Thanks and regards,
Meera Nair
LoanServe Support"
THR000514,LA007068,5,customer,payment_issue,"The charge is acceptable to me. When will the new emi date show in my account? Thanks.
--
Rohit Kulkarni
Customer"
THR000514,LA007068,6,agent,payment_issue,"Dear customer, The new emi date will show in your account once the fresh mandate is active. Your emi amount does not change. Regards.
On Mon, 12 May 2026, LoanServe Support wrote:
> Please share the document once more."
THR000515,LA011584,1,customer,loan_query,"Dear Sir My reference is LA011584. Is my vehicle loan eligible for a moratorium? My income has stopped for a few months and I cannot pay the emi. Regards.
Sent from my iPhone"
THR000515,LA011584,2,agent,loan_query,"Dear customer, A moratorium on your vehicle loan is considered case by case. Interest keeps adding during the moratorium, so the tenure on your vehicle loan goes up. https://loanserve.example.in/status
Best regards,
Suresh Iyer
Customer Service"
THR000515,LA011584,3,customer,loan_query,"Dear madam, REF334627 - I understand that the tenure will go up. What do I have to submit to apply for the moratorium? Awaitng your response."
THR000515,LA011584,4,agent,loan_query,"Hello, REF190506 - Please submit a written request along with proof of the income loss. The moratorium on your vehicle loan is decided within two working days. Thanks and regards."
THR000516,LA021294,1,customer,complaint,My reference is LA021294. I have written about my home loan three times and nobody has replied. This is the fourth time I am writing about the same issue. Thanks.
THR000516,LA021294,2,agent,complaint,"This is regarding application LA021294. We are sorry that your earlier mails on the home loan went unanswered. Your issue has been escalated to the service manager. Thank you.
Best regards,
Vikram Rao
Customer Service"
THR000516,LA021294,3,customer,complaint,"Hi team, Escalation is fine but I still have no answer on my home loan. When will somebody actually reply with an answer? Thanks."
THR000516,LA021294,4,agent,complaint,"Dear customer, This is regarding application LA021294. The service manager will call you on your registered number within five working days. The answer on your home loan will be given on that call. Thanks and regards.
Thanks and regards,
Meera Nair
LoanServe Support"
THR000517,LA005721,1,customer,kyc,Dear Sir My reference is LA005721. I was asked for a bank statement for my vehicle loan but I have already submitted it once. Why is the same bank statement being asked for again?
THR000517,LA005721,2,agent,kyc,"Dear customer, The bank statement you submitted earlier was against your older application. A bank statement has to be submitted again for this vehicle loan. Regards."
THR000517,LA005721,3,customer,kyc,That is not convenient but I will send the bank statement again. Can I bring the bank statement to the branch instead of uploading it? Regards.
THR000517,LA005721,4,agent,kyc,"Hello, This is regarding application LA005721. Yes, the bank statement can be submitted at any branch. The branch will scan the bank statement and attach it to your vehicle loan application.
Best regards,
Meera Nair
Customer Service"
THR000518,LA016994,1,customer,payment_issue,"My emi for may has bounced. There was enough balance in my bank account on the emi date. Awaitng your response.
--
Kavita Joshi
Customer"
THR000518,LA016994,2,agent,payment_issue,SR894069 - The emi bounced because the mandate on your bank account has expired. A fresh mandate has to be registered before the next emi is presented. https://loanserve.example.in/status Thank you.
THR000518,LA016994,3,customer,payment_issue,"Dear madam, How do I register a fresh mandate for the emi? Will a bounce charge be applied on this emi?"
THR000518,LA016994,4,agent,payment_issue,"Hello, This is regarding application LA016994. A fresh mandate can be registered from your login under the emi section. The bounce charge of Rs 590 has been waived on this emi. Regards."
THR000518,LA016994,5,customer,payment_issue,"Dear madam, TKT481434 - I have registered the fresh mandate today. Will the may emi be presented once more?
--
Rahul Verma
Customer"
THR000518,LA016994,6,agent,payment_issue,"Dear madam, The may emi will be presented again once the fresh mandate is active. No further action is needed from your side on the emi. Regards.
On Mon, 12 May 2026, LoanServe Support wrote:
> Please share the document once more."
THR000519,LA029228,1,customer,loan_query,"Is my personal loan eligible for a moratorium? My income has stopped for a few months and I cannot pay the emi. Thank you.
--
Priya Sharma
Customer"
THR000519,LA029228,2,agent,loan_query,"Dear madam, This is regarding application LA029228. TKT625839 - A moratorium on your personal loan is considered case by case. Interest keeps adding during the moratorium, so the tenure on your personal loan goes up.
Thanks and regards,
Meera Nair
LoanServe Support"
THR000519,LA029228,3,customer,loan_query,My reference is LA029228. TKT346932 - I understand that the tenure will go up. What do I have to submit to apply for the moratorium?
THR000519,LA029228,4,agent,loan_query,"Dear sir, This is regarding application LA029228. Please submit a written request along with proof of the income loss. The moratorium on your personal loan is decided within two working days. Thank you."
THR000520,LA014990,1,customer,complaint,A charge of Rs 250 has been debited on my home loan and I was never told about this charge. Please explain why this charge was taken.
THR000520,LA014990,2,agent,complaint,"Dear madam, CASE913739 - The charge of Rs 250 on your home loan is a late payment charge. It was applied because the march emi was paid after the due date. Thanks and regards."
THR000520,LA014990,3,customer,complaint,My reference is LA014990. The emi was late because your own mandate failed. Why should a charge be taken from me for a failure at your end?
THR000520,LA014990,4,agent,complaint,"Dear customer, You are right that the mandate failure was at our end. The charge of Rs 250 is being reversed on your home loan."
