application_id,default_probability,loan_amount_inr,monthly_installment_inr,installment_to_income,credit_band,decision
LP002454,0.939025,1297000,44644.01,0.6674,poor,refer
LP001870,0.938558,722000,16987.42,0.5061,poor,refer
LP004710,0.938216,1060000,29232.63,0.5115,poor,refer
LP003685,0.936332,1318000,45366.85,0.703,poor,refer
LP004492,0.936053,1215000,58623.06,0.7672,poor,refer
LP001637,0.935556,1500000,41366.93,0.561,poor,refer
LP004077,0.934829,770000,21235.02,0.5771,poor,refer
LP004511,0.934191,805000,27708.89,0.6269,poor,refer
LP004537,0.93396,607000,20893.53,0.5207,poor,refer
LP002108,0.93381,733000,25230.58,0.5833,poor,refer
LP003367,0.932539,413000,14215.86,0.5344,poor,refer
LP004522,0.931989,1131000,38930.13,0.5665,poor,refer
LP003576,0.931375,937000,25840.54,0.4099,poor,refer
LP001446,0.931116,1020000,28129.51,0.581,poor,refer
LP001004,0.930309,1404000,38719.45,0.5527,poor,refer
LP003897,0.929982,409000,36819.22,0.7366,poor,refer
LP001038,0.928386,690000,33292.11,0.5862,poor,refer
LP001704,0.928136,849000,40963.76,0.7223,poor,refer
LP001380,0.927633,905000,24958.05,0.459,poor,refer
LP002896,0.926789,1203000,41408.44,0.4411,poor,refer
LP003079,0.92615,824000,22724.23,0.5411,poor,refer
LP000693,0.92592,1209000,41614.96,0.5195,poor,refer
LP003957,0.925498,489000,44021.02,0.6657,fair,refer
LP004450,0.925158,1050000,24704.7,0.445,poor,refer
LP004729,0.925119,491000,44201.07,0.7438,poor,refer
LP004550,0.924913,533000,47982.02,0.7561,poor,refer
LP001052,0.924532,404000,36369.11,0.4965,poor,refer
LP000063,0.924112,321000,28897.24,0.6819,poor,refer
LP003642,0.924082,331000,29797.46,0.7092,poor,refer
LP000925,0.923829,1500000,51631.47,0.5785,poor,refer
LP002092,0.923346,768000,21179.87,0.4093,poor,refer
LP003705,0.922972,1364000,37616.33,0.4497,poor,refer
LP000533,0.922453,406000,36549.15,0.6275,poor,refer
LP001170,0.922065,1500000,41366.93,0.4736,poor,refer
LP000100,0.922031,711000,19607.92,0.5318,fair,refer
LP000529,0.92159,977000,26943.66,0.545,poor,refer
LP003096,0.920982,974000,26860.93,0.4785,poor,refer
LP004839,0.920964,612000,55093.8,0.5889,poor,refer
LP003331,0.920926,762000,21014.4,0.5295,poor,refer
LP002844,0.920815,1500000,51631.47,0.5253,poor,refer
LP001108,0.920578,800000,38599.54,0.5016,poor,refer
LP001240,0.919944,1145000,39412.02,0.6314,poor,refer
LP004957,0.919545,1326000,31198.5,0.5043,poor,refer
LP000799,0.91842,705000,19442.46,0.4974,poor,refer
LP004914,0.918113,416000,36524.66,1.0068,poor,refer
LP000274,0.917296,204000,18364.6,0.7277,poor,refer
LP003061,0.917292,1500000,41366.93,0.5528,poor,refer
LP003314,0.916826,858000,29533.2,0.4587,poor,refer
LP004677,0.916723,819000,22586.34,0.494,poor,refer
LP001250,0.915472,1077000,25339.96,0.4817,poor,refer
LP003489,0.91542,1143000,26892.83,0.499,poor,refer
LP002688,0.91493,867000,29842.99,0.4062,poor,refer
LP000558,0.914678,442000,39789.97,0.6679,poor,refer
LP001148,0.914517,1500000,51631.47,0.5637,poor,refer
LP003763,0.914502,1016000,28019.2,0.4681,fair,refer
LP000026,0.913794,349000,9624.71,0.5078,poor,refer
LP003851,0.91347,1110000,30611.53,0.5295,poor,refer
LP004250,0.913327,1177000,32459.25,0.445,poor,refer
LP002190,0.91323,429000,38619.67,0.6637,poor,refer
LP001115,0.913188,506000,45551.41,0.6222,poor,refer
LP003254,0.912702,608000,16767.4,0.4299,poor,refer
LP000837,0.912577,486000,13402.89,0.4051,poor,refer
LP002203,0.912329,1312000,36182.27,0.4986,poor,refer
LP000238,0.912293,955000,26336.94,0.5861,fair,refer
LP001559,0.912001,735000,17293.29,0.4196,poor,refer
LP002073,0.91014,142000,12783.2,0.5468,poor,refer
LP004287,0.909777,267000,12882.6,0.3876,poor,refer
LP000728,0.908705,1500000,41366.93,0.4476,poor,refer
LP001056,0.90846,631000,21719.64,0.393,poor,refer
LP003653,0.908252,1161000,27316.33,0.4184,poor,refer
LP001414,0.907699,1219000,41959.17,0.6076,poor,refer
LP004905,0.907264,1276000,35189.47,0.4709,poor,refer
LP000866,0.906052,1461000,40291.39,0.5935,poor,refer
LP002967,0.905797,853000,20069.62,0.4399,poor,refer
LP000342,0.905238,825000,39805.78,0.4866,poor,refer
LP004237,0.905166,1002000,90202.59,0.8437,poor,refer
LP002805,0.904889,1500000,41366.93,0.5286,fair,refer
LP001304,0.903868,521000,12258.23,0.4907,fair,refer
LP000285,0.903674,462000,10870.07,0.5049,poor,refer
LP004779,0.903279,1373000,47260.0,0.6277,poor,refer
LP003232,0.903213,999000,48201.18,0.563,poor,refer
LP000595,0.902851,912000,21457.79,0.4728,poor,refer
LP004724,0.902424,1308000,30774.99,0.5004,poor,refer
LP004935,0.902114,1474000,34680.69,0.481,poor,refer
LP002761,0.902074,308000,7246.71,0.5007,poor,refer
LP000846,0.901782,1134000,31273.4,0.4626,poor,refer
LP000283,0.901648,325000,15681.06,0.4817,poor,refer
LP002478,0.901274,394000,13561.87,0.4302,poor,refer
LP000701,0.90065,493000,16969.54,0.5654,poor,refer
LP000313,0.900453,416000,20071.76,0.5449,poor,refer
LP002709,0.900431,471000,11081.82,0.3979,poor,refer
LP004035,0.900083,738000,66436.64,1.0727,fair,refer
LP001289,0.899694,632000,17429.27,0.5498,poor,refer
LP003842,0.899513,872000,20516.66,0.4602,fair,refer
LP000177,0.899417,866000,23882.51,0.4493,poor,refer
LP003461,0.898868,224000,10807.87,0.4537,poor,refer
LP003731,0.898723,961000,46367.7,0.5492,poor,refer
LP004970,0.898262,397000,13665.13,0.3943,fair,refer
LP003445,0.89769,555000,17843.22,0.6012,poor,refer
LP001530,0.897688,300000,27006.76,0.4037,poor,refer
LP004673,0.897346,893000,21010.76,0.4781,poor,refer
LP004700,0.896898,595000,53563.41,0.948,poor,refer
LP003772,0.896483,669000,58737.97,0.8074,poor,refer
LP000377,0.896348,306000,10532.82,0.4331,poor,refer
LP001566,0.896318,647000,22270.37,0.4805,poor,refer
LP003221,0.89628,250000,22505.64,0.3501,poor,refer
LP002577,0.895453,1143000,39343.18,0.5706,fair,refer
LP003965,0.89544,415000,20023.51,0.5089,poor,refer
LP002640,0.895032,649000,15269.85,0.4394,poor,refer
LP003573,0.893924,543000,48882.24,0.7504,poor,refer
LP002063,0.893691,530000,14616.32,0.5354,poor,refer
LP004871,0.893367,1500000,41366.93,0.5639,poor,refer
LP001627,0.892486,1209000,28445.69,0.4954,poor,refer
LP002129,0.892455,413000,14215.86,0.4785,poor,refer
LP000804,0.891453,1081000,37209.08,0.5421,fair,refer
LP003411,0.891245,249000,22415.61,1.0439,fair,refer
LP002825,0.89124,458000,22098.24,0.4712,poor,refer
LP001081,0.89096,741000,18704.83,0.586,poor,refer
LP003178,0.890774,1500000,51631.47,0.5205,poor,refer
LP003242,0.890763,651000,22408.06,0.6644,fair,refer
LP001134,0.890294,908000,22920.36,0.5746,poor,refer
LP002029,0.89021,688000,23681.63,0.4392,poor,refer
LP001321,0.890092,1436000,30334.41,0.6331,poor,refer
LP002165,0.889893,916000,31529.62,0.6081,fair,refer
LP002401,0.88904,620000,15650.47,0.5516,poor,refer
LP002037,0.888943,1076000,37036.97,0.6472,fair,refer
LP000327,0.888924,475000,16349.96,0.2463,poor,refer
LP000967,0.88888,555000,13058.2,0.4738,fair,refer
LP001259,0.888255,282000,13606.34,0.7028,poor,refer
LP001928,0.887972,475000,16349.96,0.3866,poor,refer
LP001932,0.887955,1493000,72036.4,0.726,poor,refer
LP003102,0.887706,733000,20214.64,0.5462,fair,refer
LP003826,0.887493,325000,8962.83,0.4383,poor,refer
LP001192,0.887094,865000,23854.93,0.3841,poor,refer
LP004412,0.886558,1156000,31880.11,0.5771,poor,refer
LP001384,0.88632,453000,15592.7,0.4276,poor,refer
LP001580,0.885469,490000,13513.2,0.3579,poor,refer
LP003928,0.885128,1197000,30215.5,0.6118,poor,refer
LP004512,0.884956,997000,27495.22,0.4136,poor,refer
LP004416,0.883381,914000,31460.77,0.5517,poor,refer
LP002765,0.883255,496000,13678.66,0.4023,poor,refer
LP003091,0.883047,259000,23315.84,0.4782,poor,refer
LP002303,0.882891,510000,24607.21,0.4998,poor,refer
LP002691,0.882827,792000,21841.74,0.5012,poor,refer
LP000015,0.88258,1428000,49153.16,0.498,fair,refer
LP001648,0.882287,1226000,42200.12,0.7022,fair,refer
LP000036,0.882041,1022000,28184.67,0.5054,poor,refer
LP003111,0.881923,1461000,36879.57,0.7555,poor,refer
LP004736,0.881565,343000,15788.16,0.5965,poor,refer
LP001229,0.881459,1223000,28775.09,0.5034,poor,refer
LP000431,0.881207,1293000,35658.29,0.4407,fair,refer
LP000834,0.880557,527000,14533.58,0.4211,poor,refer
LP002649,0.880279,1092000,30115.12,0.3335,poor,refer
LP002745,0.879884,409000,9623.07,0.4708,poor,refer
LP003185,0.879479,1500000,35292.42,0.4267,poor,refer
LP001792,0.879374,193000,17374.35,0.7449,fair,refer
LP000364,0.87914,804000,18916.74,0.4244,fair,refer
LP000046,0.878823,425000,14628.92,0.4828,poor,refer
LP002865,0.878766,526000,18105.43,0.5127,fair,refer
LP000818,0.878103,909000,31288.67,0.6783,poor,refer
LP000463,0.878054,219000,19714.94,0.5889,poor,refer
LP002091,0.877923,1154000,101320.8,0.8762,poor,refer
LP001899,0.877645,1204000,33203.86,0.4457,poor,refer
LP001059,0.877342,448000,10540.67,0.4556,fair,refer
LP003306,0.877182,845000,27166.7,0.5096,poor,refer
LP000270,0.877154,1162000,102023.2,1.0103,poor,refer
LP004942,0.877008,1070000,36830.45,0.5632,fair,refer
LP002514,0.876844,683000,23509.53,0.4511,poor,refer
LP004909,0.876277,632000,20318.76,0.5309,poor,refer
LP002836,0.875662,1207000,58237.06,0.7262,poor,refer
LP001349,0.875501,1500000,35292.42,0.4547,poor,refer
LP004193,0.874998,1500000,41366.93,0.3872,poor,refer
LP000057,0.874789,845000,19881.4,0.2946,poor,refer
LP003946,0.874563,407000,11224.23,0.4872,fair,refer
LP001878,0.874475,729000,20104.33,0.4109,poor,refer
LP001650,0.87446,534000,46885.02,0.6527,poor,refer
LP002379,0.873728,340000,9376.5,0.5111,fair,refer
LP002881,0.873611,865000,27809.7,0.5467,poor,refer
LP003604,0.87327,1352000,31810.24,0.4837,poor,refer
LP000907,0.873155,289000,9947.66,0.3699,poor,refer
LP004594,0.872993,437000,20114.95,0.5046,poor,refer
LP004213,0.87257,376000,18141.78,0.5447,fair,refer
LP001447,0.872484,1437000,30355.54,0.4595,poor,refer
LP001365,0.87218,514000,23659.23,0.5551,poor,refer
LP000583,0.871172,640000,20575.96,0.7395,poor,refer
LP000747,0.870661,1015000,21441.11,0.5046,poor,refer
LP004865,0.870222,1500000,72374.14,0.84,poor,refer
LP001190,0.869831,1500000,51631.47,0.4979,poor,refer
LP004995,0.869751,828000,26620.15,0.52,poor,refer
LP001766,0.8696,429000,10093.63,0.3922,poor,refer
LP002476,0.869548,763000,36814.31,0.3171,poor,refer
LP000861,0.869455,1445000,49738.31,0.5015,fair,refer
LP002663,0.869388,1220000,28704.5,0.476,poor,refer
LP001468,0.869121,685000,18890.9,0.4788,poor,refer
LP001147,0.868977,838000,23110.32,0.4304,poor,refer
LP004849,0.868726,503000,45281.34,0.4385,poor,refer
LP003277,0.868349,109000,5259.19,0.3989,poor,refer
LP002849,0.868208,620000,17098.33,0.5281,poor,refer
LP000562,0.868108,1076000,29673.88,0.5322,poor,refer
LP000047,0.868001,716000,34546.59,0.5492,poor,refer
LP001539,0.867843,782000,26917.2,0.4918,poor,refer
LP004678,0.867343,440000,39609.92,0.4901,poor,refer
LP002733,0.867284,504000,17348.17,0.5589,fair,refer
LP000216,0.866799,700000,32220.74,0.5961,poor,refer
LP002822,0.866734,1025000,35281.5,0.5514,poor,refer
LP001295,0.866504,980000,33732.56,0.4333,fair,refer
LP003202,0.866283,750000,20683.46,0.5594,fair,refer
LP003885,0.865753,486000,16728.6,0.6482,fair,refer
LP004783,0.865566,817000,39419.78,0.5444,fair,refer
LP003235,0.865438,577000,15912.48,0.4893,poor,refer
LP000695,0.865339,984000,47477.44,0.7203,fair,refer
LP003317,0.865202,1080000,37174.66,0.538,poor,refer
LP001140,0.865071,1500000,35292.42,0.3927,fair,refer
LP000261,0.864832,1381000,38085.15,0.4495,fair,refer
LP003988,0.864465,482000,16590.91,0.4904,poor,refer
LP004576,0.86443,971000,22845.96,0.5045,fair,refer
LP002661,0.864306,1257000,31730.06,0.5498,poor,refer
LP001872,0.863868,907000,25013.2,0.4681,poor,refer
LP004132,0.8635,959000,30831.79,0.4266,poor,refer
LP000793,0.863423,276000,13316.84,0.5239,poor,refer
LP001810,0.863202,1500000,41366.93,0.4944,fair,refer
LP003648,0.863138,798000,18775.57,0.3809,poor,refer
LP001771,0.863068,1188000,27951.6,0.4769,fair,refer
LP004777,0.862478,355000,17128.55,0.413,poor,refer
LP004762,0.862305,679000,32761.36,0.4794,fair,refer
LP003711,0.861877,498000,17141.65,0.6497,poor,refer
LP001373,0.861862,607000,14281.67,0.3368,poor,refer
LP002225,0.861561,528000,14561.16,0.381,poor,refer
LP003429,0.86108,467000,42040.53,0.4244,poor,refer
LP004208,0.861063,284000,25566.4,0.5009,fair,refer
LP003844,0.86079,506000,24414.21,0.3491,poor,refer
LP003614,0.860283,522000,13176.68,0.6415,poor,refer
LP003272,0.859857,782000,26917.2,0.3423,poor,refer
LP003902,0.859691,1252000,60408.28,0.5994,poor,refer
LP003746,0.859216,898000,30910.04,0.4269,poor,refer
LP002169,0.858584,411000,11334.54,0.4456,poor,refer
LP003632,0.857878,1500000,35292.42,0.3723,poor,refer
LP002694,0.857451,423000,11665.47,0.519,poor,refer
LP002892,0.856201,681000,16022.76,0.4081,poor,refer
LP003449,0.856066,1074000,36968.13,0.3906,poor,refer
LP004242,0.855597,2112000,44614.4,0.5822,poor,refer
LP003296,0.855386,1012000,25545.6,0.5015,poor,refer
LP002998,0.855332,523000,14423.27,0.5259,poor,refer
LP002056,0.855324,785000,21648.69,0.4112,fair,refer
LP003677,0.854956,844000,17828.86,0.5295,poor,refer
LP003953,0.854681,1500000,41366.93,0.3826,poor,refer
LP001325,0.854563,1476000,34727.74,0.339,poor,refer
LP000657,0.854349,541000,26102.94,0.3951,poor,refer
LP000139,0.853885,315000,28357.1,0.4673,poor,refer
LP001125,0.853707,1053000,24775.28,0.5016,fair,refer
LP001430,0.85358,768000,37055.56,0.429,poor,refer
LP003193,0.85348,1500000,35292.42,0.4648,poor,refer
LP001686,0.853462,764000,26297.63,0.3181,poor,refer
LP003939,0.853298,1080000,25410.54,0.4518,poor,refer
LP001897,0.852975,446000,15351.76,0.5167,fair,refer
LP004472,0.852489,1374000,37892.11,0.4475,poor,refer
LP004797,0.852072,320000,15439.82,0.3874,poor,refer
LP003612,0.851949,1500000,41366.93,0.4757,poor,refer
LP003550,0.851533,1500000,35292.42,0.4554,poor,refer
LP003016,0.851239,1500000,41366.93,0.4849,poor,refer
LP004888,0.851198,1500000,41366.93,0.4823,poor,refer
LP003424,0.851096,261000,23495.88,0.3939,fair,refer
LP002928,0.850921,395000,10893.29,0.3912,poor,refer
LP004577,0.850592,671000,15787.48,0.4323,fair,refer
LP004697,0.850345,463000,10893.59,0.4753,fair,refer
LP000450,0.850258,1299000,59792.48,0.7273,poor,refer
LP001200,0.850094,396000,13630.71,0.3736,poor,refer
LP004590,0.84981,381000,8964.28,0.371,fair,refer
LP003955,0.849388,496000,13678.66,0.3859,fair,refer
LP000219,0.849331,824000,74178.58,0.6533,fair,refer
LP004741,0.84857,1500000,41366.93,0.405,fair,refer
LP004256,0.848476,1348000,37175.08,0.5843,fair,refer
LP004322,0.84819,580000,27984.67,0.5207,fair,refer
LP001836,0.848131,680000,32809.61,0.3782,poor,refer
LP004686,0.848036,331000,11393.34,0.4802,poor,refer
LP001846,0.847976,658000,15481.61,0.4508,poor,refer
LP001390,0.847671,554000,15278.19,0.5084,poor,refer
LP002833,0.847469,461000,10846.54,0.443,fair,refer
LP004151,0.847053,931000,32045.93,0.5227,fair,refer
LP000860,0.846983,289000,13944.08,0.388,fair,refer
LP004712,0.846713,692000,33388.6,0.4646,poor,refer
LP003917,0.845955,1198000,55143.49,0.8051,poor,refer
LP001303,0.845953,314000,7926.21,0.536,poor,refer
LP001759,0.845783,304000,27366.85,0.611,poor,refer
LP002989,0.844734,698000,16422.74,0.4808,poor,refer
LP001987,0.84405,279000,13461.59,0.4518,fair,refer
LP002409,0.843934,1235000,39705.18,0.4653,poor,refer
LP003624,0.843582,180000,6195.78,0.481,poor,refer
LP000490,0.843271,238000,6563.55,0.3857,poor,refer
LP004218,0.842922,357000,9845.33,0.5936,fair,refer
LP001862,0.842809,1024000,21631.23,0.4682,poor,refer
LP001127,0.842753,917000,23147.55,0.5051,poor,refer
LP004592,0.842468,455000,15661.54,0.4546,poor,refer
LP000253,0.842012,1249000,60263.54,0.5514,fair,refer
LP003109,0.841384,1106000,50908.76,0.4952,poor,refer
LP001783,0.841013,812000,19104.96,0.488,poor,refer
LP001998,0.840734,406000,18688.03,0.3772,poor,refer
LP004219,0.840163,913000,82190.58,1.1005,fair,refer
LP002721,0.839856,2500000,63106.73,0.6298,poor,refer
LP002132,0.837413,855000,23579.15,0.4269,fair,refer
LP003002,0.837175,701000,33822.85,0.4644,fair,refer
LP004679,0.837143,1252000,34527.6,0.5711,poor,refer
LP001438,0.836452,1500000,51631.47,0.5002,poor,refer
LP000518,0.83592,299000,14426.58,0.4706,poor,refer
LP003137,0.834989,390000,13424.18,0.4144,fair,refer
LP003718,0.834107,1500000,35292.42,0.3779,poor,refer
LP002799,0.83375,649000,13709.63,0.5401,poor,refer
LP004896,0.83251,335000,11531.03,0.3678,poor,refer
LP001503,0.831924,445000,12272.19,0.3419,fair,refer
LP004878,0.831625,1500000,51631.47,0.6157,poor,refer
LP001796,0.83138,388000,18720.78,0.3983,fair,refer
LP003211,0.830496,344000,9486.82,0.4579,poor,refer
LP000273,0.83046,944000,43451.97,0.9334,poor,refer
LP002735,0.82966,1500000,72374.14,0.6279,poor,refer
LP004559,0.8292,1024000,21631.23,0.6128,poor,refer
LP004225,0.829053,1403000,38691.87,0.5664,fair,refer
LP002743,0.82825,190000,9167.39,0.3666,poor,refer
LP000068,0.827953,2500000,52810.61,0.5429,poor,refer
LP004226,0.827016,795000,18704.98,0.4947,fair,refer
LP000962,0.826964,1402000,38664.29,0.3699,poor,refer
LP002021,0.826928,1500000,51631.47,0.6059,poor,refer
LP003914,0.826902,643000,15128.68,0.3931,fair,refer
LP003871,0.826384,489000,42934.03,0.6763,poor,refer
LP003285,0.826335,268000,46110.62,0.503,poor,refer
LP003427,0.826266,208000,10035.88,0.5623,fair,refer
LP003188,0.826258,1500000,35292.42,0.3749,fair,refer
LP002682,0.826032,892000,22516.48,0.5734,poor,refer
LP004875,0.825876,728000,18376.68,0.5673,poor,refer
LP004750,0.824472,686000,33099.11,0.4282,poor,refer
LP001945,0.824351,388000,13355.34,0.2851,poor,refer
LP004510,0.824338,382000,34388.61,1.0759,fair,refer
LP002792,0.82379,1436000,33786.61,0.459,fair,refer
LP002529,0.823682,460000,10823.01,0.476,poor,refer
LP004587,0.823478,750000,20683.46,0.3849,fair,refer
LP000083,0.823431,1500000,51631.47,0.4702,poor,refer
LP001416,0.82292,1500000,135033.82,0.6364,poor,refer
LP002609,0.822691,1120000,38551.49,0.4736,fair,refer
LP000779,0.822121,945000,15566.32,0.4877,poor,refer
LP000441,0.821748,1381000,32492.56,0.4822,fair,refer
LP004479,0.82163,736000,25333.84,0.4199,poor,refer
LP002873,0.821313,1547000,32679.2,0.5665,poor,refer
LP000882,0.820278,1500000,35292.42,0.424,fair,refer
LP003173,0.819876,10767000,82788.91,0.5294,poor,refer
LP001276,0.818708,1021000,25772.79,0.6487,poor,refer
LP002780,0.818518,970000,26750.61,0.4623,poor,refer
LP002243,0.818251,224000,10807.87,0.4248,fair,refer
LP001215,0.817096,418000,13438.68,0.4043,poor,refer
LP002994,0.816888,774000,19537.84,0.5469,poor,refer
LP000610,0.816372,1356000,43595.32,0.4834,poor,refer
LP002760,0.814847,1500000,35292.42,0.2902,poor,refer
LP001090,0.814758,1248000,31502.88,0.6483,poor,refer
LP002776,0.814671,1284000,44196.54,0.4552,poor,refer
LP001829,0.814515,796000,18728.51,0.4818,fair,refer
LP002820,0.814229,624000,54786.99,0.5714,fair,refer
LP002357,0.813708,1018000,21504.48,0.4818,poor,refer
LP001821,0.813193,883000,20775.47,0.349,poor,refer
LP003251,0.811939,1288000,32512.59,0.6602,poor,refer
LP004030,0.810726,186000,16744.19,0.4639,poor,refer
LP003680,0.8102,293000,8080.34,0.2787,fair,refer
LP004610,0.810137,484000,23352.72,0.4299,fair,refer
LP004890,0.810037,370000,17852.29,0.4346,fair,refer
LP001488,0.809809,1043000,22032.59,0.5668,poor,refer
LP004141,0.809053,678000,17114.54,0.5298,poor,refer
LP000639,0.80837,2500000,63106.73,0.6135,poor,refer
LP003144,0.808347,241000,21695.43,0.4656,poor,refer
LP000255,0.808159,451000,12437.66,0.3668,poor,refer
LP002895,0.808008,1140000,18778.42,0.4876,poor,refer
LP000298,0.807923,1244000,39994.53,0.729,poor,refer
LP004882,0.807912,132000,11882.98,0.3277,fair,refer
LP001994,0.807856,1290000,113261.56,0.6268,poor,refer
LP001347,0.807301,1461000,50289.05,0.497,poor,refer
LP001394,0.807229,1761000,37199.79,0.4774,poor,refer
LP001364,0.807148,1210000,25560.33,0.502,poor,refer
LP001359,0.806935,387000,34838.73,0.6466,fair,refer
LP002612,0.806436,2121000,44804.52,0.4755,poor,refer
LP002561,0.805727,1153000,37068.88,0.5713,poor,refer
LP001096,0.80563,374000,17215.08,0.5538,poor,refer
LP000651,0.805407,1073000,49389.79,0.5371,poor,refer
LP001208,0.805342,1099000,23215.54,0.4373,poor,refer
LP000409,0.805257,871000,14347.37,0.4419,poor,refer
LP001884,0.804916,570000,15719.43,0.4775,fair,refer
LP004051,0.804774,180000,8684.9,0.2828,poor,refer
LP004929,0.803586,692000,19083.94,0.4104,fair,refer
LP003490,0.802871,761000,26194.36,0.5474,fair,refer
LP004041,0.802349,1391000,32727.84,0.3925,poor,refer
LP002937,0.8008,2082000,43980.68,0.6182,poor,refer
LP001478,0.800001,1400000,48189.37,0.4732,fair,refer
LP000509,0.799846,1719000,36312.57,0.5181,poor,refer
LP000981,0.799838,978000,26971.24,0.5111,poor,refer
LP003934,0.799636,1500000,41366.93,0.3975,poor,refer
LP002639,0.799504,724000,24920.79,0.4255,poor,refer
LP000964,0.799483,873000,30049.51,0.4587,fair,refer
LP003769,0.799049,1500000,35292.42,0.243,poor,refer
LP001138,0.798743,849000,23413.68,0.4321,poor,refer
LP001989,0.797906,679000,15975.7,0.3397,poor,refer
LP001020,0.797563,638000,21960.58,0.5169,fair,refer
LP003880,0.79671,1500000,35292.42,0.4581,poor,refer
LP001801,0.796246,370000,32485.87,0.6573,poor,refer
LP001212,0.795412,1213000,41752.65,0.5387,fair,refer
LP000397,0.795192,752000,17693.27,0.4558,poor,refer
LP004496,0.795058,1500000,35292.42,0.4598,fair,refer
LP003832,0.794878,839000,75528.92,0.9193,fair,refer
LP003014,0.794635,532000,12517.05,0.3773,poor,refer
LP004916,0.794599,322000,28987.26,0.6139,fair,refer
LP003197,0.794322,1500000,51631.47,0.4514,poor,refer
LP003991,0.794041,440000,12134.3,0.4251,poor,refer
LP003758,0.792793,327000,15051.69,0.4791,fair,refer
LP001401,0.792406,1260000,26616.55,0.4742,poor,refer
LP004307,0.792353,1872000,39544.58,0.5086,poor,refer
LP002067,0.79215,540000,12705.27,0.3687,poor,refer
LP004611,0.792122,1415000,68272.94,0.5493,fair,refer
LP002962,0.791924,801000,16920.52,0.5478,poor,refer
LP004973,0.791892,1255000,20672.73,0.4335,poor,refer
LP003208,0.791815,694000,62475.65,0.9517,fair,refer
LP001432,0.791526,1500000,11533.7,0.8782,fair,refer
LP001770,0.790596,1294000,30445.6,0.4201,poor,refer
LP002838,0.789951,6856000,52716.71,0.505,poor,refer
LP002589,0.789841,151000,13593.4,0.5807,poor,refer
LP001748,0.789647,1513000,38192.19,0.4845,poor,refer
LP002992,0.789458,1229000,56570.41,0.6492,poor,refer
LP004126,0.788988,1044000,33564.54,0.334,poor,refer
LP003183,0.78839,976000,20617.26,0.5998,poor,refer
LP000001,0.788132,1500000,41366.93,0.3798,poor,refer
LP003904,0.787991,816000,73458.4,0.5066,poor,refer
LP003055,0.787945,1500000,51631.47,0.385,poor,refer
LP003963,0.78726,1434000,39546.78,0.4115,poor,refer
LP002552,0.787117,797000,21979.63,0.5137,fair,refer
LP002716,0.786737,232000,11193.87,0.2558,poor,refer
LP004078,0.784857,1317000,36320.16,0.4923,fair,refer
LP000602,0.783667,825000,39805.78,0.4452,fair,refer
LP001799,0.783117,567000,51042.78,0.9201,good,refer
LP001407,0.782965,426000,14663.34,0.3494,poor,refer
LP000642,0.782579,1279000,44024.43,0.366,poor,refer
LP000784,0.782128,1500000,35292.42,0.383,poor,refer
LP003786,0.781919,259000,8915.03,0.3188,fair,refer
LP001340,0.781821,1136000,26728.13,0.4563,fair,refer
LP002370,0.781545,480000,23159.73,0.3906,fair,refer
LP003747,0.781306,1500000,13017.35,1.0047,poor,refer
LP002010,0.780624,1588000,33545.3,0.562,poor,refer
LP003707,0.780363,1207000,41546.12,0.4174,poor,refer
LP004198,0.780242,13229000,106523.49,0.5388,poor,refer
LP000504,0.780099,606000,19482.86,0.4284,poor,refer
LP004419,0.779832,1500000,51631.47,0.4403,fair,refer
LP004354,0.779452,539000,17328.82,0.4356,poor,refer
LP001735,0.779181,459000,22146.49,0.4614,poor,refer
LP001027,0.778666,850000,19999.04,0.5055,fair,refer
LP002452,0.778168,699000,16446.27,0.4325,fair,refer
LP002378,0.777188,983000,20765.13,0.399,poor,refer
LP004694,0.776773,786000,27054.89,0.3723,poor,refer
LP000016,0.775885,699000,42302.46,0.4965,poor,refer
LP002166,0.775691,1273000,20969.23,0.415,poor,refer
LP001308,0.775466,882000,18631.58,0.5238,poor,refer
LP004651,0.77534,686000,60629.82,0.6215,poor,refer
LP003174,0.774877,4290000,32986.39,0.5083,poor,refer
LP000133,0.774374,212000,19084.78,0.4733,poor,refer
LP002120,0.774357,1209000,58333.56,0.4656,poor,refer
LP000209,0.774044,527000,18139.86,0.4822,poor,refer
LP002567,0.773038,1137000,24018.27,0.5407,poor,refer
LP004851,0.772898,273000,13172.09,0.5205,fair,refer
LP001377,0.772195,789000,69273.93,0.541,poor,refer
LP000479,0.772138,411000,14147.02,0.2565,fair,refer
LP001444,0.771389,1804000,57998.49,0.4843,poor,refer
LP001694,0.771212,1379000,32445.5,0.4015,poor,refer
LP002427,0.77067,1500000,41366.93,0.3698,poor,refer
LP002695,0.770531,1500000,35292.42,0.4121,poor,refer
LP002193,0.770006,1209000,19915.01,0.424,poor,refer
LP001638,0.769253,623000,28676.46,0.5739,poor,refer
LP001419,0.769059,4851000,37299.99,0.5137,poor,refer
LP001152,0.768795,835000,17638.74,0.4448,poor,refer
LP003404,0.767926,608000,19547.16,0.5282,poor,refer
LP000425,0.767634,1283000,44162.11,0.4686,fair,refer
LP002479,0.76718,2229000,56265.96,0.5823,fair,refer
LP000339,0.767136,412000,14181.44,0.3003,fair,refer
LP002039,0.76691,1002000,16505.24,0.4683,poor,refer
LP004525,0.765752,874000,30083.93,0.5816,fair,refer
LP004838,0.764535,806000,70766.52,0.5352,poor,refer
LP001790,0.764455,445000,12272.19,0.4491,fair,refer
LP002534,0.764451,345000,15880.22,0.4437,poor,refer
LP002192,0.763894,228000,20018.32,0.8027,poor,refer
LP004795,0.763521,1947000,41128.9,0.6117,poor,refer
LP002791,0.761756,423000,38079.54,0.9224,good,refer
LP003372,0.761491,1943000,41044.41,0.6008,poor,refer
LP000990,0.7609,1313000,42212.87,0.5086,poor,refer
LP002397,0.760578,2500000,63106.73,0.4053,poor,refer
LP002936,0.760434,782000,25141.25,0.4854,poor,refer
LP002587,0.759788,1500000,72374.14,0.5489,poor,refer
LP003875,0.759274,1500000,72374.14,0.4753,fair,refer
LP000355,0.758489,902000,14858.01,0.4588,poor,refer
LP001806,0.758463,725000,17058.0,0.4704,poor,refer
LP000102,0.757495,370000,33308.34,0.7298,good,refer
LP000101,0.756749,1626000,41044.62,0.5702,poor,refer
LP001195,0.756095,398000,19203.27,0.4808,fair,refer
LP000356,0.755633,418000,71918.8,0.7081,poor,refer
LP001555,0.754771,1603000,40464.03,0.5653,poor,refer
LP002893,0.754292,490000,13513.2,0.4634,fair,refer
LP001275,0.753924,572000,13458.18,0.4626,fair,refer
LP000278,0.7537,343000,30877.73,0.6707,good,refer
LP001788,0.753666,1420000,45652.92,0.5291,poor,refer
LP003062,0.753606,422000,37989.51,0.6272,fair,refer
LP004984,0.753574,1500000,135033.82,0.4855,poor,refer
LP004671,0.753102,2206000,46600.08,0.5109,fair,refer
LP004120,0.753066,2362000,59623.24,0.5981,poor,refer
LP003006,0.753011,2109000,44551.03,0.3942,poor,refer
LP004069,0.751662,237000,21335.34,0.4167,poor,refer
LP000785,0.751388,1171000,32293.78,0.4566,fair,refer
LP004601,0.751091,943000,15533.38,0.4066,poor,refer
LP003719,0.750775,366000,32948.25,1.4974,excellent,refer
LP001975,0.750298,431000,38799.72,0.4492,poor,refer
LP002656,0.749485,1243000,26257.43,0.4539,poor,refer
LP001372,0.748588,569000,27453.92,0.4968,fair,refer
LP004733,0.748471,260000,44734.18,0.741,poor,refer
LP001855,0.74829,1380000,66584.21,0.4772,poor,refer
LP002103,0.747318,1435000,129182.35,0.603,poor,refer
LP002447,0.747025,827000,38066.5,0.4434,poor,refer
LP003530,0.74689,472000,42490.64,0.8034,good,refer
LP003533,0.746883,635000,30638.39,0.3739,fair,refer
LP002332,0.746784,1293000,35658.29,0.3259,fair,refer
LP001995,0.746052,1013000,21398.86,0.419,fair,refer
LP001851,0.745776,229000,20615.16,0.7019,fair,refer
LP004778,0.745737,1447000,49807.15,0.3529,fair,refer
LP000616,0.744481,1009000,34730.77,0.4809,fair,refer
LP002687,0.744138,1500000,72374.14,0.4766,poor,refer
LP002467,0.743967,680000,17165.03,0.4816,poor,refer
LP002521,0.743134,1180000,24926.61,0.293,poor,refer
LP004816,0.742875,255000,12303.6,0.5426,fair,refer
LP003518,0.742815,335000,30157.55,0.68,good,refer
LP002894,0.74261,2489000,80021.2,0.6468,fair,refer
LP002045,0.740237,1500000,51631.47,0.3232,poor,refer
LP004707,0.740164,1188000,40892.12,0.4427,fair,refer
LP003120,0.739905,2492000,52641.62,0.5575,poor,refer
LP001599,0.737368,562000,18068.27,0.5149,poor,refer
LP004530,0.737132,1500000,13017.35,0.6763,poor,refer
LP000484,0.735386,781000,47264.98,0.5005,poor,refer
LP001445,0.73447,465000,41097.47,0.5635,poor,refer
LP000851,0.734194,313000,10773.77,0.4015,fair,refer
LP003661,0.734114,351000,8258.43,0.4614,fair,refer
LP003375,0.733463,1140000,31438.87,0.4652,fair,refer
LP000659,0.733415,862000,27713.25,0.5233,fair,refer
LP004183,0.732742,435000,10980.57,0.4381,poor,refer
LP000869,0.731076,1500000,51631.47,0.4213,fair,refer
LP001328,0.730028,712000,16752.14,0.4922,fair,refer
LP003802,0.729768,1500000,51631.47,0.4921,fair,refer
LP003041,0.72973,6702000,51532.58,0.5278,poor,refer
LP002385,0.729611,2500000,63106.73,0.4509,poor,refer
LP004553,0.72918,1500000,35292.42,0.3112,poor,refer
LP004656,0.728223,1117000,30804.57,0.517,good,refer
LP003215,0.728174,180000,8684.9,0.2561,poor,refer
LP004034,0.728042,290000,26106.54,0.799,good,refer
LP003054,0.727762,322000,15536.32,0.7422,fair,refer
LP001012,0.727221,729000,35173.83,0.3378,poor,refer
LP004915,0.72688,472000,81209.75,0.983,poor,refer
LP004471,0.726544,903000,21246.04,0.4488,fair,refer
LP000418,0.726125,1609000,51729.26,0.5824,poor,refer
LP002626,0.725843,868000,41880.5,0.7319,fair,refer
LP003931,0.724902,1002000,21166.49,0.4453,fair,refer
LP003148,0.724835,8754000,75969.25,0.5236,poor,refer
LP003575,0.723224,2500000,63106.73,0.4998,poor,refer
LP004959,0.722915,1504000,31770.86,0.515,poor,refer
LP000844,0.72289,415000,37359.36,0.7615,good,refer
LP000003,0.722756,1500000,72374.14,0.3864,poor,refer
LP003125,0.722475,4353000,33470.8,0.5001,poor,refer
LP004518,0.722178,555000,49962.51,0.693,fair,refer
LP003451,0.722036,1035000,24351.77,0.3672,poor,refer
LP004394,0.722001,1031000,24257.66,0.3681,fair,refer
LP000456,0.721032,626000,55326.92,0.5157,poor,refer
LP004675,0.720486,1500000,41366.93,0.387,fair,refer
LP001776,0.720244,444000,15282.91,0.3558,poor,refer
LP004491,0.718907,734000,64444.95,1.1146,fair,refer
LP000620,0.718593,689000,23716.05,0.6154,fair,refer
LP003081,0.71732,172000,8298.9,0.4101,fair,refer
LP001436,0.716916,1356000,65426.22,0.4154,poor,refer
LP004273,0.716376,1348000,46399.48,0.4006,fair,refer
LP001383,0.715959,1282000,30163.26,0.4485,fair,refer
LP000702,0.715915,415000,71402.64,0.5786,poor,refer
LP004053,0.715352,1193000,19651.45,0.4826,poor,refer
LP004195,0.715306,380000,33585.03,0.6138,poor,refer
LP001315,0.715192,1647000,34791.63,0.4348,poor,refer
LP001782,0.713538,1500000,51631.47,0.421,fair,refer
LP004352,0.71268,1500000,51631.47,0.6169,fair,refer
LP002545,0.712447,2500000,52810.61,0.4784,poor,refer
LP000316,0.710741,760000,68417.13,0.7974,excellent,refer
LP002672,0.710577,980000,23057.72,0.4427,poor,refer
LP001078,0.71025,811000,73008.28,0.8654,good,refer
LP000858,0.709964,1500000,135033.82,0.8033,fair,refer
LP004336,0.709565,11161000,85818.43,0.4761,poor,refer
LP001175,0.709067,894000,24654.69,0.4405,poor,refer
LP003808,0.709027,1500000,72374.14,0.4526,fair,refer
LP004217,0.709,909000,25068.36,0.4223,poor,refer
LP001515,0.707352,571000,19654.38,0.4291,fair,refer
LP001740,0.707068,263000,12105.79,0.3761,poor,refer
LP000080,0.706682,13454000,103449.62,0.4237,poor,refer
LP002081,0.706242,622000,10245.77,0.4818,poor,refer
LP000111,0.706065,1500000,41366.93,0.3246,poor,refer
LP000324,0.705947,1500000,35292.42,0.3966,poor,refer
LP004062,0.70552,1951000,49248.49,0.3973,poor,refer
LP002496,0.705332,705000,34015.85,0.6045,good,refer
LP003882,0.70474,598000,16491.62,0.424,poor,refer
LP000194,0.703063,5093000,41010.22,0.5161,poor,refer
LP002461,0.702815,707000,63645.94,0.8238,excellent,refer
LP002331,0.702465,4156000,31956.04,0.5433,poor,refer
LP000743,0.701552,366000,22149.79,0.5394,poor,refer
LP000517,0.70131,575000,13528.76,0.2879,fair,refer
LP000465,0.700599,1500000,11533.7,0.4312,poor,refer
LP001822,0.699969,8179000,62889.43,0.5047,poor,refer
LP004784,0.69961,7296000,63316.38,0.5971,poor,refer
LP000629,0.699261,349000,30845.2,0.3065,poor,refer
LP003175,0.698987,304000,9773.58,0.3469,poor,refer
LP000134,0.698189,1500000,72374.14,0.7711,fair,refer
LP000889,0.696694,3557000,27350.25,0.5213,poor,refer
LP003106,0.696119,1093000,98394.64,1.0259,good,refer
LP004861,0.695199,1416000,29911.93,0.6014,poor,refer
LP002753,0.695032,431000,20795.5,0.4324,fair,refer
LP004266,0.69459,1264000,31906.76,0.4282,poor,refer
LP002336,0.694578,1109000,18267.78,0.4602,poor,refer
LP004619,0.69439,1582000,33418.55,0.3698,poor,refer
LP002283,0.693991,706000,19470.03,0.4241,fair,refer
LP000681,0.693525,2322000,17854.17,0.5513,poor,refer
LP002831,0.692528,1083000,17839.5,0.4097,poor,refer
LP003516,0.692447,446000,39158.65,0.9345,fair,refer
LP002773,0.692213,398000,6555.97,0.4877,poor,refer
LP000783,0.691528,342000,58842.66,0.4668,poor,refer
LP004676,0.691294,3483000,26781.26,0.5343,poor,refer
LP000776,0.69115,633000,56984.27,0.3901,poor,refer
LP000438,0.69081,5565000,42790.04,0.5068,poor,refer
LP003031,0.69014,1683000,35552.1,0.4533,poor,refer
LP002958,0.690069,803000,38744.29,0.7595,good,refer
LP003126,0.690018,476000,28806.83,0.3891,poor,refer
LP004572,0.690011,5010000,38522.57,0.4797,poor,refer
LP000039,0.688958,863000,77689.46,0.8085,good,refer
LP002290,0.688953,1500000,51631.47,0.4296,fair,refer
LP000315,0.688445,564000,19413.43,0.3947,fair,refer
LP000048,0.688139,1029000,21736.85,0.5474,poor,refer
LP002237,0.687836,326000,15729.31,0.4991,fair,refer
LP003846,0.687604,309000,8521.59,0.3961,poor,refer
LP004953,0.687485,712000,19635.5,0.4054,poor,refer
LP002352,0.6873,450000,15489.44,0.5128,fair,refer
LP003074,0.687244,562000,19344.59,0.6127,good,refer
LP001270,0.686731,1211000,55741.88,1.0683,fair,refer
LP002459,0.686725,1191000,19618.5,0.4696,poor,refer
LP001057,0.686477,1500000,51631.47,0.3497,poor,refer
LP001073,0.686171,4028000,34955.92,0.5445,poor,refer
LP000646,0.685914,494000,22738.63,0.56,poor,refer
LP001163,0.685449,373000,12839.02,0.5198,fair,refer
LP000417,0.685266,1311000,30845.58,0.4463,fair,refer
LP002366,0.68507,1203000,19816.17,0.4228,poor,refer
LP003847,0.684297,1477000,37283.45,0.5871,poor,refer
LP000730,0.683955,2500000,52810.61,0.4341,poor,refer
LP000318,0.682184,415000,9764.24,0.5078,fair,refer
LP000085,0.681897,599000,16519.19,0.4163,poor,refer
LP000053,0.681769,1479000,71360.9,0.4816,fair,refer
LP004280,0.681732,999000,34386.56,0.4844,fair,refer
LP003564,0.681222,704000,33967.6,0.5011,excellent,refer
LP001668,0.680915,400000,19299.77,0.4682,fair,refer
LP002576,0.680847,738000,20352.53,0.5442,good,refer
LP003739,0.679263,585000,100651.91,0.4184,poor,refer
LP002756,0.678391,409000,19734.02,0.6648,good,refer
LP003768,0.677996,568000,13364.06,0.4893,fair,refer
LP004260,0.677677,1246000,26320.81,0.4623,poor,refer
LP002033,0.677371,1419000,33386.63,0.4433,poor,refer
LP003347,0.675345,970000,33388.35,0.4801,fair,refer
LP002448,0.675134,552000,15223.03,0.4641,fair,refer
LP002362,0.675049,1500000,13017.35,0.4543,poor,refer
LP004687,0.673782,800000,38599.54,0.4396,poor,refer
LP000499,0.672721,7449000,57276.37,0.5407,poor,refer
LP001279,0.672537,492000,16935.12,0.4392,poor,refer
LP000081,0.672396,796000,27399.1,0.5372,fair,refer
LP001774,0.672032,922000,21693.08,0.4076,fair,refer
LP002298,0.671927,634000,29182.78,0.5858,fair,refer
LP000742,0.671316,1500000,35292.42,0.266,poor,refer
LP000404,0.671172,1332000,45848.74,0.5049,fair,refer
LP001893,0.670932,4517000,34731.82,0.535,poor,refer
LP001484,0.670927,1169000,29508.71,0.6017,fair,refer
LP004625,0.670147,2500000,52810.61,0.4534,poor,refer
LP003715,0.670078,631000,14846.35,0.449,fair,refer
LP003765,0.66945,896000,41242.54,0.869,poor,refer
LP003646,0.668631,702000,16516.85,0.4626,fair,refer
LP004109,0.668538,1013000,91192.84,0.7204,excellent,refer
LP000772,0.668473,339000,30517.64,0.5983,fair,refer
LP004666,0.667592,770000,21235.02,0.5905,fair,refer
LP004614,0.667566,621000,13118.16,0.3583,poor,refer
LP003032,0.667437,548000,9026.82,0.4414,fair,refer
LP001622,0.667417,651000,29965.29,0.9778,poor,refer
LP004070,0.667018,597000,36129.57,0.3664,poor,refer
LP004886,0.667012,120000,20646.55,0.6664,fair,refer
LP001996,0.66663,500000,16074.97,0.3916,poor,refer
LP003092,0.666531,2500000,80374.85,0.5259,poor,refer
LP004083,0.666075,710000,19580.35,0.5443,fair,refer
LP001902,0.665886,542000,14947.25,0.3832,poor,refer
LP003437,0.665697,671000,23096.48,0.5807,fair,refer
LP000432,0.665528,1686000,12963.88,0.526,poor,refer
LP002880,0.66503,702000,14829.22,0.5694,poor,refer
LP002570,0.66414,412000,18964.21,0.4362,poor,refer
LP004094,0.66376,2852000,22965.08,0.5796,poor,refer
LP000624,0.663503,811000,19081.44,0.5053,fair,refer
LP003005,0.662464,795000,18704.98,0.3469,fair,refer
LP003051,0.662462,608000,20927.95,0.6322,good,refer
LP004373,0.662145,1500000,41366.93,0.2927,poor,refer
LP003702,0.661793,128000,22022.98,0.5393,poor,refer
LP001547,0.661771,886000,18716.08,0.5728,poor,refer
LP001097,0.661748,403000,35383.26,0.7906,fair,refer
LP001569,0.661663,389000,35018.77,0.4008,fair,refer
LP004370,0.661002,1500000,11533.7,0.3792,poor,refer
LP004514,0.660701,638000,21960.58,0.5694,fair,refer
LP002925,0.660692,10231000,78667.54,0.52,poor,refer
LP004734,0.660457,763000,26263.21,0.3574,poor,refer
LP003910,0.660363,3397000,27353.56,0.516,poor,refer
LP001988,0.66032,591000,20342.8,0.567,fair,refer
LP001983,0.659832,327000,28710.49,0.9098,fair,refer
LP002244,0.659594,258000,22652.31,0.6811,poor,refer
LP004764,0.659076,635000,14940.46,0.4689,fair,refer
LP002750,0.659036,531000,47801.97,0.6578,good,refer
LP000875,0.658648,5095000,41026.32,0.5615,poor,refer
LP000771,0.658611,1187000,27928.07,0.4902,fair,refer
LP002419,0.658253,420000,20264.76,0.4026,fair,refer
LP000715,0.657829,414000,9740.71,0.4557,fair,refer
LP002420,0.657351,743000,66886.75,0.4661,fair,refer
LP000532,0.657254,1225000,33782.99,0.5535,fair,refer
LP004506,0.657179,6468000,49733.32,0.4685,poor,refer
LP004166,0.656294,1500000,14771.09,0.402,poor,refer
LP001920,0.656094,1000000,16472.3,0.4494,fair,refer
LP000107,0.655819,3631000,27919.25,0.4909,poor,refer
LP002548,0.655512,1428000,49153.16,0.5602,fair,refer
LP004049,0.655398,2597000,20911.75,0.4635,poor,refer
LP001045,0.655174,818000,73638.44,0.4695,fair,refer
LP004029,0.655053,515000,12117.06,0.3715,poor,refer
LP001980,0.653707,886000,28484.85,0.476,poor,refer
LP001497,0.653353,504000,44544.36,0.4373,poor,refer
LP001795,0.653205,658000,21154.66,0.4203,poor,refer
LP001863,0.653196,1085000,37346.76,0.5722,fair,refer
LP004688,0.652887,186000,16744.19,0.69,good,refer
LP000426,0.652775,1098000,35300.64,0.5285,fair,refer
LP000262,0.652635,1292000,30398.54,0.4631,fair,refer
LP001387,0.652266,311000,15005.57,0.4179,fair,refer
LP000010,0.652194,497000,13706.24,0.3265,fair,refer
LP004507,0.651831,1336000,45986.43,0.3183,poor,refer
LP004705,0.651699,5966000,58749.56,0.5282,poor,refer
LP002837,0.651559,762000,36766.06,0.4395,poor,refer
LP001273,0.651253,178000,8193.27,0.3982,poor,refer
LP002472,0.650664,886000,77790.5,0.6669,poor,refer
LP001586,0.650172,864000,41687.51,0.3997,fair,refer
LP004487,0.650068,1500000,41366.93,0.2819,poor,refer
LP002430,0.65003,1847000,46623.25,0.5092,fair,refer
LP004127,0.649964,1195000,41133.07,0.612,fair,refer
LP000428,0.649789,7674000,66596.75,0.5455,poor,refer
LP001435,0.649711,941000,56947.95,0.4695,poor,refer
LP004527,0.649475,782000,70397.63,0.9078,excellent,refer
LP003464,0.649401,433000,11941.25,0.4793,good,refer
LP001641,0.648903,692000,19083.94,0.3819,poor,refer
LP000413,0.648802,6820000,52439.9,0.5347,poor,refer
LP002157,0.648047,1500000,35292.42,0.4154,fair,refer
LP004674,0.647927,3115000,25082.82,0.5013,poor,refer
LP004645,0.647602,1500000,14771.09,0.4975,poor,refer
LP000996,0.647458,1202000,38644.23,0.3612,poor,refer
LP000605,0.646805,1140000,36650.93,0.4652,poor,refer
LP004328,0.646766,292000,26286.58,0.8431,excellent,refer
LP004357,0.646531,2500000,63106.73,0.3836,poor,refer
LP000116,0.645955,1001000,23551.81,0.4107,poor,refer
LP003298,0.645942,565000,18164.72,0.7254,fair,refer
LP002953,0.645472,1749000,44149.47,0.4958,fair,refer
LP003587,0.645395,1072000,17658.3,0.4677,fair,refer
LP004660,0.645318,5266000,45699.57,0.4559,poor,refer
LP001854,0.645155,1058000,29177.47,0.5905,excellent,refer
LP001519,0.644923,978000,23010.66,0.4726,fair,refer
LP002389,0.643879,1107000,38104.02,0.5195,good,refer
LP003150,0.64385,1229000,25961.7,0.4675,poor,refer
LP002351,0.643447,4017000,32345.97,0.5763,poor,refer
LP004117,0.643218,6201000,47680.33,0.4878,poor,refer
LP000816,0.643064,8414000,67751.81,0.5552,poor,refer
LP004032,0.642886,1864000,30704.36,0.4418,poor,refer
LP004048,0.642826,1291000,30375.01,0.4748,fair,refer
LP001860,0.642776,1317000,30986.75,0.5022,good,refer
LP000994,0.642087,713000,22922.91,0.5989,fair,refer
LP004156,0.641454,7722000,62179.64,0.4358,poor,refer
LP004005,0.640993,750000,36187.07,0.4303,fair,refer
LP004885,0.640668,1718000,43366.94,0.4081,fair,refer
LP001898,0.640594,440000,10352.44,0.4321,fair,refer
LP002627,0.640382,599000,14093.44,0.3233,poor,refer
LP004922,0.63985,757000,26056.68,0.2836,poor,refer
LP002834,0.639536,483000,10203.01,0.3919,fair,refer
LP002107,0.639293,432000,9125.67,0.6265,fair,refer
LP003309,0.639219,709000,19552.77,0.3577,poor,refer
LP004403,0.638676,211000,18525.73,0.8553,good,refer
LP003262,0.637549,2074000,15947.27,0.5426,poor,refer
LP004917,0.636911,383000,10562.36,0.4686,fair,refer
LP003755,0.636358,869000,18356.97,0.5762,poor,refer
LP001236,0.636199,1009000,34730.77,0.4951,excellent,refer
LP000825,0.635911,13196000,101465.82,0.5075,poor,refer
LP000637,0.635537,1487000,31411.75,0.5281,fair,refer
LP004460,0.634243,1560000,39378.6,0.6714,poor,refer
LP004624,0.634049,281000,17005.71,0.4538,poor,refer
LP004171,0.632875,1015000,34937.29,0.4833,fair,refer
LP002016,0.632731,761000,24466.11,0.4291,poor,refer
LP000913,0.632086,3746000,30163.81,0.3635,poor,refer
LP000071,0.632069,494000,44471.14,0.5364,good,refer
LP001025,0.631796,635000,14940.46,0.4345,poor,refer
LP002533,0.631546,1009000,21314.36,0.5083,poor,refer
LP002630,0.631534,1500000,12078.41,0.5117,fair,refer
LP004500,0.631275,12276000,94391.82,0.4529,poor,refer
LP004189,0.631215,802000,27605.62,0.5943,good,refer
LP000932,0.630046,8161000,70823.05,0.5863,poor,refer
LP001919,0.629885,4116000,40531.88,0.4423,poor,refer
LP000849,0.62956,643000,17732.62,0.5457,fair,refer
LP000789,0.628519,642000,30976.13,0.3623,poor,refer
LP002342,0.628469,413000,24994.16,0.3469,poor,refer
LP004545,0.627895,879000,14479.15,0.4644,poor,refer
LP000537,0.627853,867000,39907.68,0.5956,fair,refer
LP001028,0.627731,5693000,43774.24,0.5337,poor,refer
LP003583,0.627132,1153000,27128.11,0.4796,fair,refer
LP004690,0.626973,1500000,51631.47,0.427,poor,refer
LP003278,0.626617,544000,18725.01,0.492,good,refer
LP002104,0.626501,1169000,29508.71,0.4641,poor,refer
LP000029,0.62609,3270000,26330.93,0.5719,poor,refer
LP002794,0.625993,3291000,25304.94,0.4625,fair,refer
LP004731,0.625728,7727000,67056.7,0.5188,poor,refer
LP004319,0.625441,166000,14943.74,0.4649,fair,refer
LP004864,0.625247,4680000,35985.15,0.509,poor,refer
LP004940,0.625148,345000,9514.39,0.2434,poor,refer
LP002373,0.624185,409000,19734.02,0.4122,fair,refer
LP001139,0.624105,2198000,55483.44,0.5526,poor,refer
LP001618,0.624003,2296000,73816.26,0.7844,fair,refer
LP001929,0.623961,5422000,43659.41,0.4211,poor,refer
LP000264,0.62369,812000,27949.83,0.3813,fair,refer
LP001712,0.623235,1500000,35292.42,0.4487,fair,refer
LP000091,0.623092,6489000,49894.8,0.5289,poor,refer
LP000405,0.622132,8233000,63304.65,0.3981,poor,refer
LP000228,0.621933,1362000,37561.17,0.5791,excellent,refer
LP001241,0.621628,543000,48882.24,0.4901,good,refer
LP003664,0.621392,1536000,12368.29,0.2695,poor,refer
LP002118,0.621118,988000,27247.02,0.5364,fair,refer
LP001720,0.620108,298000,51272.26,0.9788,poor,refer
LP002862,0.619885,375000,17261.11,0.4513,poor,refer
LP002574,0.619158,531000,46930.66,0.4898,poor,refer
LP001219,0.618991,1186000,27904.54,0.5061,excellent,refer
LP002511,0.618739,2500000,52810.61,0.5023,poor,refer
LP003358,0.618424,745000,67066.8,0.5013,fair,refer
LP001199,0.618107,679000,61125.31,0.6486,good,refer
LP004179,0.618084,1500000,35292.42,0.3756,poor,refer
LP003321,0.617777,422000,10652.42,0.4994,fair,refer
LP001886,0.617741,1294000,41602.02,0.5828,poor,refer
LP000980,0.617612,1497000,51528.2,0.3964,poor,refer
LP000109,0.617607,9139000,79310.37,0.4761,poor,refer
LP000423,0.616999,861000,23744.62,0.5701,good,refer
LP002410,0.616897,3708000,36514.14,0.5486,poor,refer
LP001093,0.616699,4234000,36743.64,0.5584,poor,refer
LP001868,0.615631,304000,7152.6,0.4114,poor,refer
LP004728,0.615442,3351000,26983.16,0.4827,poor,refer
LP000470,0.614462,1500000,51631.47,0.6146,fair,refer
LP004105,0.614271,3314000,28759.66,0.6039,poor,refer
LP002535,0.614014,3456000,26573.65,0.5006,fair,refer
LP000554,0.613298,1500000,72374.14,0.6102,fair,refer
LP001742,0.612296,876000,24158.29,0.4748,excellent,refer
LP001895,0.61154,525000,18071.01,0.4842,fair,refer
LP003613,0.611495,1500000,35292.42,0.4262,good,refer
LP001136,0.611389,1903000,23594.48,0.4525,poor,refer
LP004727,0.611156,8795000,67625.94,0.5466,poor,refer
LP000049,0.611132,481000,82758.24,0.7702,poor,refer
LP004054,0.611071,15000000,115337.02,0.4577,poor,refer
LP000172,0.610958,2046000,16474.95,0.4099,poor,refer
LP003888,0.6108,2253000,17323.62,0.5509,poor,refer
LP002596,0.610782,660000,18201.45,0.3872,good,refer
LP004430,0.610631,924000,29706.55,0.5769,poor,refer
LP001166,0.610275,869000,29911.83,0.5103,good,refer
LP003477,0.610268,1199000,41270.75,0.4809,fair,refer
LP001542,0.609903,1115000,18366.61,0.475,poor,refer
LP001725,0.609723,15000000,115337.02,0.4488,poor,refer
LP004086,0.609548,2469000,18984.47,0.5182,poor,refer
LP001237,0.608673,580000,50923.8,1.2888,fair,refer
LP004494,0.608539,569000,15691.86,0.4181,fair,refer
LP000378,0.608435,3048000,30014.86,0.4726,poor,refer
LP004196,0.608218,444000,10446.56,0.4261,poor,refer
LP004804,0.608063,320000,15439.82,0.5144,good,refer
LP003085,0.607717,3845000,30960.98,0.3608,poor,refer
LP000160,0.607671,517000,14257.8,0.501,good,refer
LP001307,0.60765,552000,26633.68,0.4034,fair,refer
LP001337,0.607293,672000,23130.9,0.3297,poor,refer
LP001557,0.607031,572000,26328.95,0.6271,fair,refer
LP001598,0.606371,648000,22304.79,0.4222,fair,refer
LP001600,0.606041,515000,24848.46,0.4583,fair,refer
LP000414,0.605898,442000,39789.97,0.3453,poor,refer
LP004866,0.605876,1157000,27222.22,0.4658,fair,refer
LP001585,0.605311,7332000,63628.8,0.3912,poor,refer
LP001621,0.605275,1500000,41366.93,0.3021,fair,refer
LP003814,0.605081,4292000,37246.97,0.457,poor,refer
LP004627,0.604471,968000,22775.38,0.4071,fair,refer
LP004968,0.604394,280000,9637.87,0.3775,fair,refer
LP002665,0.604173,303000,18337.12,0.5207,poor,refer
LP000801,0.604146,595000,16408.88,0.4329,poor,refer
LP002299,0.603755,219000,19228.12,0.5874,fair,refer
LP003003,0.603706,624000,54786.99,0.7138,fair,refer
LP003574,0.603443,321000,14775.51,0.4403,poor,refer
LP001549,0.603343,431000,26083.49,0.3981,poor,refer
LP000814,0.602763,1500000,41366.93,0.3765,poor,refer
LP000734,0.602755,631000,30445.39,0.4321,poor,refer
LP003340,0.602554,5579000,44923.62,0.4974,poor,refer
LP001196,0.602409,841000,21229.1,0.529,poor,refer
LP002437,0.602253,657000,18118.72,0.52,fair,refer
LP001921,0.601938,1053000,26580.55,0.4469,poor,refer
LP003937,0.601937,3820000,29372.5,0.4514,poor,refer
LP000940,0.601868,4187000,33714.86,0.5638,fair,refer
LP002480,0.60154,1172000,29584.43,0.4573,fair,refer
LP001162,0.601368,1500000,35292.42,0.4757,fair,refer
LP004144,0.601204,2944000,36501.39,0.4242,poor,refer
LP003353,0.600865,332000,15473.8,0.4287,poor,refer
LP001594,0.600756,1500000,135033.82,1.3906,excellent,refer
LP002098,0.600671,921000,21669.55,0.432,poor,refer
LP002510,0.600487,655000,22545.74,0.4002,good,refer
LP002009,0.600474,603000,16629.51,0.4008,poor,refer
LP001338,0.599989,439000,15110.81,0.4388,fair,approve
LP002748,0.599715,1003000,48394.18,0.589,fair,approve
LP004282,0.599227,889000,18779.45,0.5007,poor,approve
LP000498,0.59911,145000,4991.04,0.1688,poor,approve
LP003332,0.598896,9829000,75576.51,0.5164,poor,approve
LP001189,0.598678,3853000,33437.23,0.5552,poor,approve
LP001811,0.59827,8073000,65005.98,0.5677,poor,approve
LP002964,0.598253,6111000,53032.68,0.4259,poor,approve
LP000235,0.598233,844000,23275.79,0.4627,good,approve
LP003166,0.598194,10335000,83220.22,0.4829,poor,approve
LP004267,0.598147,778000,35811.05,0.722,fair,approve
LP003706,0.597858,154000,7088.56,0.407,poor,approve
LP001399,0.597812,2283000,73398.32,0.5983,poor,approve
LP003833,0.597667,321000,15488.07,0.3358,fair,approve
LP004056,0.597323,768000,26435.31,0.5362,excellent,approve
LP003239,0.596987,514000,12093.54,0.4272,poor,approve
LP004650,0.596933,2515000,19338.17,0.5053,poor,approve
LP001775,0.596671,2046000,51646.55,0.6542,fair,approve
LP001274,0.596607,1086000,29949.66,0.3949,poor,approve
LP002549,0.595987,1089000,52543.63,0.4102,poor,approve
LP004415,0.59519,863000,23799.77,0.5147,fair,approve
LP000222,0.594944,1566000,39530.05,0.4192,poor,approve
LP003038,0.594782,155000,9380.37,0.2625,poor,approve
LP001828,0.593782,548000,48433.15,0.7861,poor,approve
LP003287,0.59375,265000,45594.46,0.7564,poor,approve
LP001612,0.593671,3875000,31202.55,0.4119,poor,approve
LP000531,0.593264,371000,17900.54,0.4778,fair,approve
LP001913,0.593037,536000,18449.64,0.4363,good,approve
LP002859,0.59275,451000,77596.6,0.4817,poor,approve
LP004240,0.592668,340000,58498.55,0.703,poor,approve
LP001261,0.59221,999000,25217.45,0.4583,poor,approve
LP004215,0.591391,584000,18775.57,0.544,fair,approve
LP002188,0.591191,3817000,37587.51,0.5157,poor,approve
LP002182,0.591144,1314000,45229.16,0.4518,fair,approve
LP000189,0.591029,8505000,68484.56,0.5623,poor,approve
LP002607,0.590952,1070000,17625.36,0.4933,poor,approve
LP000979,0.590949,417000,11500.01,0.5244,fair,approve
LP002196,0.590765,703000,16540.38,0.412,good,approve
LP002160,0.590517,6592000,50686.78,0.517,fair,approve
LP002945,0.590324,1032000,16999.41,0.3854,poor,approve
LP004118,0.590031,1991000,15309.07,0.5456,poor,approve
LP001737,0.589651,747000,65586.34,0.8445,good,approve
LP000527,0.589303,734000,15505.19,0.614,poor,approve
LP001469,0.589178,653000,18008.4,0.5244,excellent,approve
LP001721,0.588549,743000,25574.79,0.3552,fair,approve
LP002891,0.587614,1500000,14771.09,0.5973,fair,approve
LP004252,0.587525,40000,6882.18,0.3434,poor,approve
LP002082,0.587354,558000,19206.91,0.2882,poor,approve
LP003732,0.587191,716000,34546.59,0.4264,good,approve
LP000086,0.587187,329000,9073.15,0.3683,poor,approve
LP004843,0.586419,568000,50200.78,0.4963,poor,approve
LP002231,0.585911,1753000,56358.85,0.5312,fair,approve
LP002471,0.585595,2015000,64782.13,0.6391,fair,approve
LP001041,0.585405,2500000,80374.85,0.4158,fair,approve
LP004730,0.585086,275000,7583.94,0.2868,poor,approve
LP001574,0.584461,1500000,35292.42,0.3996,good,approve
LP000258,0.584227,8407000,67695.44,0.5427,fair,approve
LP000476,0.58406,542000,18656.17,0.4382,good,approve
LP000557,0.583961,1019000,49166.17,0.56,good,approve
LP004006,0.583952,1052000,92365.24,0.8791,good,approve
LP004618,0.583492,603000,29094.41,0.559,good,approve
LP000472,0.583114,790000,21786.58,0.5413,excellent,approve
LP000705,0.583105,403000,69337.98,0.7679,fair,approve
LP002462,0.58296,402000,24328.45,0.4678,poor,approve
LP003903,0.58257,1031000,28432.87,0.4687,fair,approve
LP003293,0.58194,1165000,102286.6,0.8654,fair,approve
LP002084,0.581892,617000,55543.91,0.7731,excellent,approve
LP000704,0.581826,3813000,33090.1,0.4551,poor,approve
LP004869,0.581671,1500000,41366.93,0.4638,good,approve
LP004483,0.581466,298000,26826.72,0.7584,excellent,approve
LP001068,0.581331,575000,19792.06,0.2813,poor,approve
LP002960,0.581224,896000,24709.85,0.5564,excellent,approve
LP002145,0.580581,216000,19090.44,0.4379,poor,approve
LP004718,0.580573,1042000,24516.47,0.4953,excellent,approve
LP001649,0.580201,1030000,28405.29,0.4599,good,approve
LP004413,0.580135,5642000,43382.1,0.5167,poor,approve
LP000319,0.580099,1500000,12078.41,0.5471,poor,approve
LP003828,0.580088,1500000,41366.93,0.519,good,approve
LP003900,0.580075,1046000,26403.85,0.5251,fair,approve
LP000090,0.579979,1022000,35178.24,0.6772,good,approve
LP000317,0.578956,6272000,54429.87,0.6135,poor,approve
LP002238,0.578912,3017000,23198.12,0.421,poor,approve
LP001625,0.57891,851000,29292.25,0.4916,good,approve
LP003527,0.578256,719000,24748.68,0.4881,good,approve
LP002676,0.578088,914000,25206.25,0.5438,good,approve
LP002068,0.577717,1202000,41374.01,0.4097,poor,approve
LP000724,0.577697,229000,20615.16,0.5685,fair,approve
LP004087,0.577242,776000,37441.56,0.4544,fair,approve
LP000382,0.577029,879000,24241.02,0.5429,good,approve
LP001785,0.576991,1449000,66696.93,0.4592,fair,approve
LP004855,0.576913,660000,22717.85,0.2344,poor,approve
LP003936,0.576869,1326000,36568.37,0.512,good,approve
LP001572,0.576742,2500000,52810.61,0.5368,poor,approve
LP004101,0.576415,1008000,23716.51,0.3295,poor,approve
LP001683,0.57608,1085000,29922.08,0.521,good,approve
LP001428,0.575974,288000,17429.34,0.4443,poor,approve
LP001892,0.575914,1996000,50384.41,0.6492,fair,approve
LP004991,0.575913,739000,25437.1,0.4263,excellent,approve
LP004235,0.575306,2322000,49050.49,0.5159,fair,approve
LP003442,0.574755,660000,22717.85,0.346,excellent,approve
LP004999,0.574382,1500000,41366.93,0.4477,good,approve
LP000511,0.573812,487000,83790.56,0.5924,poor,approve
LP001049,0.573544,736000,25333.84,0.2754,fair,approve
LP003243,0.572902,1500000,51631.47,0.3201,poor,approve
LP004900,0.57277,846000,74278.51,1.2517,good,approve
LP003255,0.572261,696000,17568.91,0.682,fair,approve
LP003279,0.571726,8317000,72176.86,0.4501,poor,approve
LP003176,0.571687,529000,14588.74,0.4677,fair,approve
LP003636,0.571672,670000,16912.6,0.5458,fair,approve
LP001329,0.571609,8658000,69716.56,0.506,poor,approve
LP004076,0.571573,3903000,31428.01,0.5752,poor,approve
LP002359,0.571379,1231000,28963.31,0.4456,excellent,approve
LP003008,0.571344,970000,26750.61,0.5916,excellent,approve
LP002399,0.571127,817000,39419.78,0.4943,excellent,approve
LP004765,0.570532,422000,14525.65,0.6064,good,approve
LP001300,0.570453,1500000,51631.47,0.6003,good,approve
LP000606,0.570052,1024000,35247.08,0.4108,good,approve
LP003700,0.570025,6974000,53624.03,0.4758,poor,approve
LP001561,0.568667,785000,21648.69,0.4128,fair,approve
LP000369,0.568622,254000,8742.93,0.2187,poor,approve
LP003159,0.568516,1475000,40677.48,0.5752,fair,approve
LP002603,0.568437,372000,33488.39,0.5685,excellent,approve
LP002771,0.568201,7602000,58452.8,0.5221,fair,approve
LP003952,0.567947,2121000,34937.74,0.4574,poor,approve
LP000009,0.567552,648000,17870.51,0.5107,good,approve
LP002350,0.567403,180000,6195.78,0.4023,poor,approve
LP001113,0.566659,219000,7538.19,0.2656,poor,approve
LP004227,0.566325,1056000,36348.55,0.2673,fair,approve
LP002384,0.566095,3132000,25219.71,0.4804,poor,approve
LP004538,0.565846,1650000,27179.29,0.4426,fair,approve
LP004756,0.565806,5072000,44015.99,0.4984,poor,approve
LP004588,0.565501,2016000,42586.48,0.6143,fair,approve
LP001755,0.565221,173000,8347.15,0.4186,fair,approve
LP001917,0.565078,244000,11231.23,0.4505,fair,approve
LP003362,0.564931,774000,26641.84,0.5492,excellent,approve
LP001888,0.564686,5670000,45656.38,0.5492,poor,approve
LP002575,0.56465,961000,26502.41,0.3254,fair,approve
LP001558,0.564645,476000,16384.39,0.5482,excellent,approve
LP003791,0.56442,2144000,54120.33,0.4795,poor,approve
LP003841,0.564053,1145000,26939.88,0.4241,good,approve
LP004818,0.564008,1500000,41366.93,0.3165,poor,approve
LP000942,0.563956,1500000,51631.47,0.5457,good,approve
LP001265,0.563413,540000,48612.17,0.3677,fair,approve
LP003999,0.563056,642000,30976.13,0.4376,excellent,approve
LP004211,0.562696,1033000,26075.7,0.4233,fair,approve
LP000680,0.561866,6367000,48956.72,0.5139,fair,approve
LP003534,0.56152,803000,22145.1,0.4697,good,approve
LP003067,0.561442,3838000,37794.3,0.5258,poor,approve
LP004633,0.561388,877000,77000.3,0.753,good,approve
LP002398,0.561327,11645000,89539.98,0.5038,poor,approve
LP004583,0.561211,438000,15076.39,0.413,good,approve
LP003821,0.561169,1500000,41366.93,0.4857,good,approve
LP001575,0.560946,3642000,31606.12,0.5187,poor,approve
LP001253,0.560651,1099000,30308.17,0.5401,excellent,approve
LP004787,0.560637,1008000,27798.58,0.5817,good,approve
LP003879,0.560466,3697000,28426.73,0.4278,poor,approve
LP003549,0.559998,759000,17857.97,0.5023,good,approve
LP003865,0.559942,1934000,14870.79,0.4707,poor,approve
LP001393,0.559904,1160000,31990.43,0.566,good,approve
LP002487,0.559788,1162000,27339.86,0.4058,good,approve
LP000214,0.559309,500000,24124.71,0.5878,excellent,approve
LP004036,0.559287,1783000,37664.53,0.3806,fair,approve
LP000357,0.559199,931000,56342.76,0.3399,poor,approve
LP004482,0.559174,4066000,32740.53,0.3419,poor,approve
LP003658,0.558973,441000,21278.0,0.3534,good,approve
LP001441,0.558834,973000,16027.54,0.4048,fair,approve
LP001267,0.558485,280000,9637.87,0.3057,good,approve
LP001160,0.558271,628000,21616.37,0.5556,good,approve
LP004420,0.558269,2369000,50043.33,0.4624,poor,approve
LP002234,0.557894,2500000,80374.85,0.3531,poor,approve
LP002025,0.557655,1206000,33259.01,0.5229,good,approve
LP003105,0.557438,458000,10775.95,0.3757,excellent,approve
LP003191,0.557414,1250000,40187.43,0.644,fair,approve
LP000337,0.55732,10367000,83477.89,0.4974,poor,approve
LP000006,0.557115,1305000,114578.55,0.9403,fair,approve
LP003360,0.557055,1098000,30280.59,0.4572,good,approve
LP000958,0.556542,862000,20281.38,0.432,excellent,approve
LP003617,0.55642,1089000,37484.44,0.4886,good,approve
LP001944,0.556166,868000,21910.66,0.3976,fair,approve
LP001885,0.555663,284000,25566.4,0.587,excellent,approve
LP001498,0.555122,437000,10281.86,0.4919,fair,approve
LP004462,0.55484,11498000,92585.01,0.5562,fair,approve
LP004517,0.554771,298000,26826.72,0.5314,good,approve
LP001601,0.554334,1500000,13017.35,0.3097,poor,approve
LP001718,0.554007,1193000,32900.5,0.4232,good,approve
LP001114,0.553426,757000,20876.51,0.5147,good,approve
LP000040,0.553356,1500000,41366.93,0.1974,poor,approve
LP000655,0.553283,1263000,34830.95,0.303,poor,approve
LP003967,0.553244,1102000,27817.45,0.6771,fair,approve
LP001462,0.553076,1296000,32714.53,0.571,poor,approve
LP002637,0.552959,724000,63566.95,1.018,fair,approve
LP003436,0.552873,590000,51801.8,0.6689,fair,approve
LP002308,0.552836,504000,11858.25,0.4555,fair,approve
LP000442,0.552821,576000,13552.29,0.3954,good,approve
LP003797,0.552748,426000,10023.05,0.4693,excellent,approve
LP001064,0.552372,9049000,69578.98,0.5367,poor,approve
LP004575,0.552363,785000,21648.69,0.4148,fair,approve
LP004911,0.551939,670000,18477.23,0.4363,good,approve
LP003378,0.551281,815000,26202.2,0.4717,fair,approve
LP001608,0.551187,1500000,41366.93,0.4837,fair,approve
LP001326,0.551122,78000,6893.77,0.4354,poor,approve
LP001181,0.551036,378000,8893.69,0.4105,excellent,approve
LP004019,0.550698,784000,37827.55,0.5923,excellent,approve
LP000236,0.550632,2496000,21660.87,0.3694,poor,approve
LP001551,0.550447,959000,46271.2,0.4859,good,approve
LP002464,0.550408,588000,20239.53,0.4166,poor,approve
LP003961,0.550401,2955000,23794.46,0.4719,poor,approve
LP002988,0.550229,1333000,31363.2,0.4807,good,approve
LP000706,0.549955,1500000,51631.47,0.2813,fair,approve
LP001681,0.549793,1219000,25750.45,0.4916,fair,approve
LP000408,0.54976,709000,63825.99,0.5546,good,approve
LP004313,0.548929,1456000,34257.18,0.4732,good,approve
LP000969,0.548385,1058000,34014.64,0.3818,poor,approve
LP004286,0.548343,3695000,36386.13,0.6194,poor,approve
LP004309,0.548196,3906000,30033.76,0.4553,fair,approve
LP004580,0.548154,2306000,20012.0,0.5164,poor,approve
LP004516,0.547394,785000,18469.7,0.488,good,approve
LP003397,0.547295,5050000,38830.13,0.5376,fair,approve
LP002036,0.547199,309000,14909.07,0.4848,excellent,approve
LP001040,0.547113,671000,21572.61,0.3093,fair,approve
LP001954,0.546591,235000,11338.62,0.4954,excellent,approve
LP003216,0.545929,532000,12517.05,0.4106,excellent,approve
LP002170,0.545912,1500000,35292.42,0.4162,fair,approve
LP001728,0.545403,2790000,21452.69,0.4917,poor,approve
LP002364,0.54532,712000,24507.74,0.4958,good,approve
LP004291,0.545291,330000,29707.44,0.4372,poor,approve
LP002993,0.545127,695000,17543.67,0.4943,poor,approve
LP001122,0.544995,708000,14955.96,0.5549,fair,approve
LP003609,0.544979,1085000,27388.32,0.5093,fair,approve
LP003304,0.54494,1500000,72374.14,0.7576,excellent,approve
LP003782,0.544816,1149000,27033.99,0.41,good,approve
LP000853,0.544652,1428000,68900.18,0.5735,excellent,approve
LP004402,0.544526,559000,13152.31,0.3664,excellent,approve
LP004988,0.544481,586000,16160.68,0.48,good,approve
LP004045,0.544364,612000,14399.31,0.316,excellent,approve
LP000993,0.544357,266000,23509.52,0.3934,poor,approve
LP000912,0.544304,616000,14493.42,0.4652,fair,approve
LP003933,0.544048,1500000,35292.42,0.3284,poor,approve
LP003443,0.543755,694000,23888.16,0.6357,excellent,approve
LP004782,0.543737,402000,11086.34,0.525,excellent,approve
LP004113,0.543712,445000,21471.0,0.4418,fair,approve
LP001222,0.543359,1027000,28322.56,0.3756,poor,approve
LP003045,0.543319,896000,22617.45,0.3339,poor,approve
LP000205,0.543274,2936000,22575.3,0.3126,poor,approve
LP004304,0.543069,4173000,33602.13,0.4935,poor,approve
LP003621,0.542819,532000,12517.05,0.484,good,approve
LP004759,0.542287,1653000,41726.17,0.4541,poor,approve
LP003887,0.542067,3232000,28048.05,0.5097,poor,approve
LP001716,0.542008,2342000,59118.38,0.4496,poor,approve
LP001879,0.541672,679000,41092.09,0.4848,poor,approve
LP003171,0.541658,612000,14399.31,0.5025,excellent,approve
LP000348,0.541375,1154000,37101.03,0.4639,poor,approve
LP004489,0.541371,3642000,29326.37,0.4695,poor,approve
LP004448,0.540794,712000,16752.14,0.2799,poor,approve
LP000733,0.540608,1399000,29552.82,0.5715,poor,approve
LP004828,0.540177,5501000,44295.54,0.48,fair,approve
LP001817,0.540094,440000,21229.75,0.2893,fair,approve
LP000360,0.539834,1174000,32376.52,0.4813,excellent,approve
LP004134,0.539783,333000,11462.19,0.4848,good,approve
LP002806,0.539776,1406000,33080.76,0.4846,excellent,approve
LP002659,0.539549,1347000,31692.59,0.3983,good,approve
LP002032,0.539385,845000,19881.4,0.3702,excellent,approve
LP001523,0.539213,804000,27674.47,0.5949,excellent,approve
LP000920,0.539208,1608000,12948.05,0.3851,poor,approve
LP000149,0.539203,1500000,51631.47,0.5493,excellent,approve
LP003187,0.539063,462000,40832.33,0.5734,poor,approve
LP000791,0.538528,285000,9809.98,0.3989,fair,approve
LP004031,0.538487,1500000,51631.47,0.2947,poor,approve
LP004429,0.538161,10071000,77437.28,0.4956,fair,approve
LP002121,0.538017,612000,37037.35,0.4245,poor,approve
LP003104,0.537937,1072000,25222.32,0.383,excellent,approve
LP000574,0.537936,1500000,35292.42,0.2559,poor,approve
LP004236,0.537687,2966000,25739.64,0.4593,poor,approve
LP001950,0.537624,224000,7710.3,0.3287,poor,approve
LP003775,0.537594,1855000,30556.11,0.4772,poor,approve
LP004659,0.537442,307000,8466.43,0.5727,good,approve
LP003976,0.537234,3747000,28811.19,0.5204,fair,approve
LP004332,0.537137,359000,12357.13,0.3239,poor,approve
LP000924,0.537033,1168000,32211.05,0.3561,poor,approve
LP000280,0.536766,1493000,37687.34,0.5163,fair,approve
LP000634,0.536359,1812000,29847.8,0.4641,poor,approve
LP001760,0.536232,446000,12299.77,0.4247,fair,approve
LP000079,0.535878,9345000,71854.97,0.5467,fair,approve
LP002819,0.535634,5769000,44358.62,0.4791,poor,approve
LP001990,0.535595,641000,30927.88,0.4126,good,approve
LP004642,0.535447,6144000,49473.15,0.5788,fair,approve
LP002407,0.535431,1500000,41366.93,0.4115,poor,approve
LP000960,0.535142,6421000,51703.63,0.4555,poor,approve
LP001528,0.535049,524000,13227.17,0.4257,fair,approve
LP004243,0.534934,515000,24848.46,0.4223,good,approve
LP003800,0.534892,446000,10493.61,0.4589,excellent,approve
LP000712,0.534638,1321000,31080.86,0.4925,fair,approve
LP003595,0.534515,1462000,34398.35,0.4352,excellent,approve
LP004735,0.534427,902000,31047.72,0.3881,good,approve
LP004099,0.534365,287000,9878.82,0.5435,excellent,approve
LP000282,0.534217,1948000,14978.43,0.4514,poor,approve
LP002942,0.534136,229000,39400.49,0.7515,fair,approve
LP002176,0.533955,1150000,27057.52,0.4838,excellent,approve
LP001815,0.533868,15000000,115337.02,0.3078,poor,approve
LP002421,0.53345,357000,9845.33,0.3917,fair,approve
LP003413,0.53338,277000,16763.64,0.3629,poor,approve
LP002469,0.533173,1500000,51631.47,0.4436,fair,approve
LP001232,0.533081,573000,19723.22,0.3876,fair,approve
LP001856,0.532556,602000,29046.16,0.3955,fair,approve
LP002617,0.532144,1189000,107036.81,0.6839,excellent,approve
LP002689,0.532104,1134000,39033.39,0.3953,poor,approve
LP004497,0.532081,565000,26006.74,0.5062,poor,approve
LP003892,0.53186,316000,8714.63,0.3275,poor,approve
LP004536,0.531678,1156000,39790.65,0.2494,poor,approve
LP003108,0.531524,2290000,48374.52,0.443,poor,approve
LP001562,0.531522,6685000,53829.43,0.4141,poor,approve
LP001082,0.531477,1061000,29260.21,0.5059,good,approve
LP003290,0.531425,458000,41230.33,0.4349,poor,approve
LP001131,0.531208,2024000,42755.47,0.5531,poor,approve
LP000213,0.531099,1500000,35292.42,0.2577,poor,approve
LP002537,0.531084,11986000,96514.52,0.5686,fair,approve
LP001381,0.530581,537000,14809.36,0.2709,fair,approve
LP003559,0.53058,957000,32940.88,0.4461,excellent,approve
LP002279,0.530546,620000,14587.53,0.3259,poor,approve
LP001669,0.53025,557000,26874.93,0.424,good,approve
LP000788,0.530005,12481000,100500.39,0.4835,fair,approve
LP000926,0.529868,697000,19221.83,0.5516,excellent,approve
LP000987,0.529777,363000,10010.8,0.4913,good,approve
LP001896,0.529498,559000,13152.31,0.4993,good,approve
LP004447,0.529024,6052000,52520.66,0.4849,poor,approve
LP004177,0.528736,715000,19718.24,0.4387,fair,approve
LP000848,0.528627,486000,22370.4,0.4072,fair,approve
LP003198,0.528405,1500000,14771.09,0.4535,poor,approve
LP002334,0.528267,278000,25026.27,0.4831,fair,approve
LP000467,0.528244,264000,6211.47,0.2602,poor,approve
LP004418,0.526521,677000,18670.27,0.5463,excellent,approve
LP004985,0.526515,1128000,23828.15,0.506,poor,approve
LP001703,0.526471,1845000,14186.45,0.3573,poor,approve
LP000718,0.526412,743000,25574.79,0.4706,excellent,approve
LP000203,0.526225,175000,10590.74,0.524,fair,approve
LP004074,0.526062,499000,16042.82,0.6046,fair,approve
LP000018,0.525725,1261000,34775.8,0.359,poor,approve
LP000577,0.525362,623000,14658.12,0.3626,fair,approve
LP001030,0.52474,542000,26151.19,0.2332,poor,approve
LP001491,0.524693,577000,13575.82,0.4445,fair,approve
LP002655,0.52465,928000,31942.67,0.2435,poor,approve
LP004115,0.524202,99000,5991.34,0.3349,poor,approve
LP000420,0.523589,2363000,18169.43,0.4812,poor,approve
LP002782,0.523181,1500000,41366.93,0.4673,fair,approve
LP003354,0.522657,1500000,51631.47,0.3549,fair,approve
LP004131,0.522479,224000,38540.22,0.7415,fair,approve
LP003021,0.522469,2431000,18692.29,0.5472,poor,approve
LP001933,0.522441,1332000,31339.67,0.4968,excellent,approve
LP000138,0.522342,1500000,41366.93,0.4282,fair,approve
LP001410,0.522317,528000,18174.28,0.2788,poor,approve
LP003523,0.521974,984000,27136.71,0.4176,excellent,approve
LP003339,0.521943,1500000,41366.93,0.3297,poor,approve
LP000272,0.521612,7716000,75982.5,0.5059,fair,approve
LP000024,0.521608,1500000,35292.42,0.1656,poor,approve
LP000682,0.5212,264000,45422.4,0.4177,fair,approve
LP001335,0.520972,822000,22669.08,0.2511,fair,approve
LP000929,0.520947,446000,26991.27,0.4556,fair,approve
LP003292,0.520723,5752000,44227.9,0.5493,poor,approve
LP004103,0.520335,682000,32906.11,0.3467,poor,approve
LP001750,0.519972,10911000,83896.15,0.4967,poor,approve
LP003426,0.519614,243000,14706.01,0.3529,poor,approve
LP003647,0.519509,1500000,35292.42,0.4018,excellent,approve
LP001958,0.519426,2320000,17838.79,0.4682,poor,approve
LP004877,0.519156,388000,10700.25,0.3431,poor,approve
LP003777,0.519065,6174000,76548.76,0.6687,fair,approve
LP003319,0.518714,1500000,41366.93,0.3362,good,approve
LP000508,0.518602,6507000,50033.2,0.5292,poor,approve
LP002061,0.518554,660000,15528.67,0.2708,fair,approve
LP000237,0.518433,1500000,14771.09,0.5888,fair,approve
LP003049,0.51837,1195000,41133.07,0.6169,excellent,approve
LP003322,0.517641,468000,12906.48,0.3615,poor,approve
LP002034,0.517556,1252000,34527.6,0.2241,poor,approve
LP002832,0.517192,1463000,50357.89,0.3925,fair,approve
LP000820,0.516883,473000,11939.79,0.4399,fair,approve
LP000505,0.51674,1425000,33527.8,0.3713,fair,approve
LP000921,0.51658,944000,26033.59,0.4348,good,approve
LP000159,0.516454,459000,15799.23,0.1788,poor,approve
LP001439,0.516362,584000,52573.17,0.4857,fair,approve
LP003862,0.516327,393000,10838.14,0.3928,poor,approve
LP001101,0.516325,1500000,35292.42,0.4546,fair,approve
LP000031,0.516278,1500000,41366.93,0.2481,fair,approve
LP000631,0.516044,350000,9652.28,0.3593,poor,approve
LP002109,0.515755,12388000,95253.0,0.5181,poor,approve
LP004025,0.515665,313000,53853.07,0.6426,poor,approve
LP002124,0.515579,272000,9362.51,0.4565,excellent,approve
LP004502,0.515552,739000,25437.1,0.5572,excellent,approve
LP003749,0.515539,1390000,32704.31,0.4964,good,approve
LP002041,0.515283,1141000,26845.77,0.4194,poor,approve
LP003252,0.514874,604000,16657.08,0.3048,good,approve
LP001367,0.514833,1500000,41366.93,0.3846,good,approve
LP004187,0.514754,261000,15795.34,0.4285,poor,approve
LP003128,0.514694,652000,22442.48,0.5468,excellent,approve
LP000293,0.514647,641000,17677.47,0.2333,poor,approve
LP004739,0.514529,1500000,41366.93,0.3462,fair,approve
LP003780,0.514474,340000,16404.81,0.562,excellent,approve
LP000807,0.514091,1606000,33925.54,0.428,poor,approve
LP000873,0.51405,1035000,35625.71,0.5518,excellent,approve
LP001635,0.51339,671000,18504.81,0.4261,fair,approve
LP003190,0.513236,1035000,28543.18,0.501,excellent,approve
LP004987,0.512887,4929000,37899.75,0.46,poor,approve
LP001324,0.5126,6067000,46649.98,0.5024,poor,approve
LP002985,0.512518,315000,27656.89,0.5343,poor,approve
LP000656,0.512349,486000,16728.6,0.5507,excellent,approve
LP002520,0.512329,2355000,23190.62,0.4034,poor,approve
LP002085,0.512271,644000,22167.11,0.2962,poor,approve
LP004021,0.512127,6030000,48555.19,0.3819,fair,approve
LP002816,0.511671,298000,10257.45,0.3805,good,approve
LP004826,0.511568,913000,44051.73,0.6761,excellent,approve
LP002878,0.51156,1000000,46607.84,0.241,poor,approve
LP004626,0.511272,2615000,20107.09,0.5177,poor,approve
LP001509,0.510484,180000,4964.03,0.3079,fair,approve
LP002634,0.510414,872000,30015.09,0.4458,fair,approve
LP004857,0.510232,1500000,35292.42,0.2991,fair,approve
LP000367,0.510136,903000,21246.04,0.4401,fair,approve
LP002327,0.509875,734000,33785.74,0.4262,poor,approve
LP004465,0.509346,1500000,41366.93,0.2861,poor,approve
LP004232,0.509063,2500000,41180.74,0.3063,poor,approve
LP001789,0.508903,721000,19883.7,0.351,poor,approve
LP002171,0.508449,1500000,41366.93,0.3142,poor,approve
LP004569,0.508403,581000,13669.93,0.4621,good,approve
LP004548,0.508287,1123000,26422.26,0.3463,good,approve
LP000644,0.507967,268000,9224.82,0.4414,excellent,approve
LP001406,0.507747,449000,12382.5,0.3501,fair,approve
LP004966,0.507583,1368000,37726.64,0.385,fair,approve
LP000894,0.507582,1500000,13017.35,0.4504,fair,approve
LP000808,0.507456,1500000,72374.14,0.3019,poor,approve
LP000977,0.507449,601000,28997.91,0.3863,poor,approve
LP004542,0.507346,1500000,51631.47,0.512,fair,approve
LP003357,0.507159,1223000,28775.09,0.4093,excellent,approve
LP000131,0.507084,334000,11496.61,0.3643,poor,approve
LP002057,0.50707,324000,11152.4,0.3425,good,approve
LP002739,0.506306,618000,17043.17,0.2969,poor,approve
LP004832,0.50626,793000,20017.45,0.5499,fair,approve
LP002526,0.506159,127000,21850.93,0.3093,poor,approve
LP003635,0.5061,342000,10995.28,0.3465,poor,approve
LP001741,0.505809,681000,18780.59,0.346,poor,approve
LP000251,0.505723,1731000,28513.54,0.4452,fair,approve
LP000439,0.505378,1500000,41366.93,0.4645,fair,approve
LP001084,0.505347,1500000,41366.93,0.5314,excellent,approve
LP003843,0.504993,410000,19782.27,0.4434,fair,approve
LP004716,0.504851,461000,22242.99,0.3934,poor,approve
LP004958,0.504708,752000,25884.58,0.3336,poor,approve
LP003392,0.504649,573000,19723.22,0.4377,excellent,approve
LP001018,0.504029,643000,17732.62,0.158,poor,approve
LP003835,0.503966,1244000,111988.05,0.3571,fair,approve
LP001655,0.503964,713000,16775.66,0.4391,fair,approve
LP003465,0.503895,352000,31687.94,0.423,good,approve
LP004259,0.503813,1001000,48297.68,0.6078,excellent,approve
LP004104,0.502723,797000,25623.5,0.8471,fair,approve
LP001019,0.50269,1500000,35292.42,0.4313,fair,approve
LP004216,0.502605,12432000,107887.78,0.511,fair,approve
LP000762,0.502533,5020000,40422.4,0.4794,fair,approve
LP000008,0.502272,850000,39125.18,0.4151,fair,approve
LP001353,0.50206,1045000,50420.65,0.3988,poor,approve
LP000025,0.501956,1161000,32018.0,0.2252,poor,approve
LP000454,0.501789,407000,9576.01,0.3706,fair,approve
LP002667,0.501694,5024000,38630.21,0.4996,fair,approve
LP000218,0.50139,440000,15145.23,0.3532,poor,approve
LP004566,0.5011,897000,21104.87,0.3752,good,approve
LP000127,0.501018,954000,32837.61,0.4531,fair,approve
LP002345,0.500941,1500000,41366.93,0.19,poor,approve
LP003616,0.500765,557000,19172.48,0.3865,good,approve
LP002287,0.500515,861000,20257.85,0.4816,good,approve
LP001797,0.500423,887000,42797.24,0.2753,poor,approve
LP002734,0.500344,1500000,41366.93,0.3991,poor,approve
LP003323,0.499618,79000,13592.31,0.521,fair,approve
LP001494,0.499271,7509000,57737.71,0.4118,fair,approve
LP000186,0.499207,779000,18328.53,0.4027,poor,approve
LP001768,0.498724,1358000,46743.69,0.3537,fair,approve
LP004776,0.498719,7045000,56728.25,0.5133,poor,approve
LP000502,0.49864,265000,12786.1,0.6746,excellent,approve
LP004224,0.498336,4073000,31317.85,0.524,fair,approve
LP001967,0.498236,1500000,41366.93,0.252,poor,approve
LP002388,0.498094,540000,32680.01,0.5314,poor,approve
LP000678,0.497985,1356000,65426.22,0.3994,poor,approve
LP003316,0.497943,752000,20738.62,0.4061,good,approve
LP002642,0.497804,3385000,26027.72,0.4243,poor,approve
LP000368,0.497792,734000,64444.95,0.8799,excellent,approve
LP001657,0.497571,740000,35704.58,0.2902,good,approve
LP000523,0.497224,561000,19310.17,0.3666,poor,approve
LP004066,0.497162,454000,21159.96,0.323,poor,approve
LP002798,0.497046,3651000,29398.84,0.5189,poor,approve
LP004519,0.496894,387000,10672.67,0.4094,good,approve
LP000798,0.496847,1350000,37230.24,0.4537,good,approve
LP003640,0.496697,379000,12184.83,0.3792,fair,approve
LP002258,0.496577,970000,26750.61,0.4186,fair,approve
LP002556,0.496239,1500000,35292.42,0.2056,poor,approve
LP001104,0.496206,959000,22563.62,0.401,poor,approve
LP001731,0.496106,1500000,41366.93,0.3345,poor,approve
LP002774,0.495938,572000,27598.67,0.3155,poor,approve
LP001777,0.49541,626000,17263.8,0.3958,good,approve
LP001361,0.495281,212000,7297.25,0.4845,good,approve
LP001121,0.495212,302000,14571.33,0.2887,poor,approve
LP002330,0.495146,427000,11775.79,0.4792,excellent,approve
LP002355,0.495111,1500000,35292.42,0.3966,excellent,approve
LP004464,0.494903,545000,15029.98,0.4963,excellent,approve
LP000501,0.494586,2459000,79056.7,0.3489,fair,approve
LP003740,0.494246,8262000,63527.63,0.5144,poor,approve
LP000392,0.494101,751000,20711.04,0.2938,good,approve
LP001309,0.493653,2500000,63106.73,0.4063,poor,approve
LP001545,0.493638,1460000,50254.63,0.5087,good,approve
LP004976,0.493553,329000,11324.5,0.2795,poor,approve
LP000748,0.493347,310000,27217.89,0.7884,excellent,approve
LP000723,0.493284,358000,9872.91,0.3416,poor,approve
LP000737,0.493194,2239000,71983.72,0.5095,poor,approve
LP001284,0.492903,1128000,18580.75,0.4695,poor,approve
LP001589,0.492839,3775000,37173.92,0.4023,poor,approve
LP004261,0.492797,835000,19646.11,0.4402,good,approve
LP002481,0.492774,843000,29016.88,0.3363,poor,approve
LP000854,0.492706,119000,10712.68,0.3724,fair,approve
LP002643,0.492702,406000,13974.92,0.2379,poor,approve
LP003010,0.491947,763000,17952.08,0.4625,good,approve
LP004421,0.491938,1775000,44805.78,0.3419,poor,approve
LP004473,0.491918,4226000,36674.21,0.4183,poor,approve
LP004055,0.491427,706000,19470.03,0.2583,poor,approve
LP004595,0.491346,260000,7170.27,0.1974,poor,approve
LP004903,0.491274,717000,16869.78,0.3281,excellent,approve
LP004946,0.49126,897000,30875.62,0.3293,fair,approve
LP001193,0.491199,442000,21326.25,0.2627,good,approve
LP002054,0.491177,488000,23545.72,0.3255,poor,approve
LP000819,0.490977,405000,19541.02,0.3541,fair,approve
LP002847,0.490248,1146000,36843.83,0.2661,poor,approve
LP003752,0.490128,552000,15223.03,0.2496,good,approve
LP004023,0.489781,202000,18184.55,0.4211,poor,approve
LP002144,0.489663,1500000,41366.93,0.3064,fair,approve
LP002135,0.489498,411000,11334.54,0.4296,good,approve
LP000398,0.48926,2431000,19575.07,0.4745,poor,approve
LP001362,0.489085,480000,23159.73,0.2751,poor,approve
LP003169,0.489041,374000,33668.43,0.4242,good,approve
LP004276,0.48902,2500000,80374.85,0.4497,fair,approve
LP002382,0.488984,1500000,41366.93,0.4048,fair,approve
LP003098,0.488834,8416000,64711.76,0.4999,fair,approve
LP000371,0.48864,642000,22098.27,0.338,poor,approve
LP000809,0.488272,320000,28807.21,0.3626,excellent,approve
LP001039,0.488261,666000,22924.37,0.4338,good,approve
LP002341,0.488243,2073000,16692.36,0.3481,poor,approve
LP002657,0.48819,517000,14257.8,0.329,poor,approve
LP002259,0.488175,6237000,47957.13,0.5519,poor,approve
LP003770,0.488089,5323000,46194.23,0.4186,fair,approve
LP003767,0.488078,665000,15646.31,0.5012,excellent,approve
LP002755,0.48799,1500000,51631.47,0.5121,good,approve
LP003643,0.487929,5545000,42636.25,0.5273,fair,approve
LP003537,0.487799,349000,16839.05,0.3989,good,approve
LP002946,0.487196,1500000,35292.42,0.3784,poor,approve
LP000947,0.487019,335000,16163.56,0.3978,good,approve
LP001793,0.48648,302000,10395.14,0.3297,poor,approve
LP004883,0.486169,172000,8298.9,0.2309,poor,approve
LP002492,0.485958,1500000,41366.93,0.3923,fair,approve
LP004233,0.485918,580000,13646.4,0.4796,excellent,approve
LP000902,0.485791,454000,10681.84,0.3711,excellent,approve
LP000306,0.485713,413000,9717.18,0.2757,excellent,approve
LP001135,0.485576,1765000,17380.65,0.386,fair,approve
LP000354,0.485487,3333000,26838.22,0.4568,fair,approve
LP000014,0.48519,278000,9569.03,0.3668,excellent,approve
LP001221,0.485003,764000,21069.56,0.2915,fair,approve
LP000536,0.484963,1500000,41366.93,0.3819,poor,approve
LP004356,0.484908,326000,11221.24,0.2423,poor,approve
LP001986,0.484737,126000,11136.09,0.4142,fair,approve
LP002246,0.484262,884000,30428.14,0.5251,excellent,approve
LP004258,0.48411,345000,16646.05,0.2918,fair,approve
LP003396,0.483928,1500000,51631.47,0.3875,good,approve
LP002133,0.483825,1500000,41366.93,0.2734,poor,approve
LP003849,0.483734,3670000,28219.12,0.4696,fair,approve
LP003665,0.483664,284000,9775.56,0.3224,poor,approve
LP002060,0.48332,861000,23744.62,0.4539,fair,approve
LP004027,0.482644,1500000,135033.82,0.3198,poor,approve
LP004142,0.48212,2498000,20114.57,0.4961,fair,approve
LP002248,0.481806,1941000,14924.61,0.4582,poor,approve
LP002560,0.481395,426000,38349.6,0.441,fair,approve
LP004229,0.481192,1500000,41366.93,0.167,poor,approve
LP000266,0.481163,815000,19175.55,0.3718,poor,approve
LP002307,0.481137,854000,20093.15,0.4181,fair,approve
LP000510,0.480514,305000,14716.08,0.3589,poor,approve
LP000141,0.480454,970000,22822.43,0.3787,poor,approve
LP003476,0.480405,621000,28584.4,0.5779,fair,approve
LP000566,0.480032,576000,15884.9,0.3834,fair,approve
LP004702,0.479437,605000,14234.61,0.3745,excellent,approve
LP002685,0.479297,774000,26641.84,0.3122,poor,approve
LP002065,0.479235,218000,19624.92,0.4358,poor,approve
LP000239,0.478864,3019000,24309.81,0.4469,poor,approve
LP002869,0.47866,536000,25861.69,0.3882,poor,approve
LP000059,0.478532,1500000,35292.42,0.3711,poor,approve
LP004893,0.478371,378000,18238.28,0.3523,good,approve
LP004615,0.478227,1390000,32704.31,0.2983,excellent,approve
LP001965,0.478173,11757000,102029.98,0.5385,poor,approve
LP001942,0.478099,262000,7225.42,0.2508,good,approve
LP003425,0.478044,3548000,27281.05,0.3924,poor,approve
LP000755,0.477953,401000,13802.81,0.2532,poor,approve
LP003078,0.47789,736000,17316.81,0.3387,good,approve
LP002871,0.477676,451000,15523.86,0.3946,excellent,approve
LP001398,0.477341,539000,18552.91,0.4327,good,approve
LP001972,0.47723,874000,20563.72,0.3463,excellent,approve
LP000245,0.477227,252000,12158.86,0.5098,good,approve
LP001400,0.476857,1193000,32900.5,0.5231,excellent,approve
LP000946,0.476347,368000,22270.82,0.5043,fair,approve
LP001670,0.476301,1678000,42357.24,0.4847,fair,approve
LP004647,0.476157,273000,16521.56,0.4986,fair,approve
LP002205,0.47574,2624000,21129.16,0.5456,poor,approve
LP003568,0.47574,706000,16610.97,0.4941,excellent,approve
LP000687,0.47571,1376000,66391.21,0.5695,good,approve
LP003206,0.4757,1500000,35292.42,0.3666,poor,approve
LP004568,0.475315,304000,14667.83,0.3703,fair,approve
LP002494,0.475062,1500000,51631.47,0.5477,excellent,approve
LP000427,0.474936,703000,16540.38,0.4925,good,approve
LP000549,0.474314,2500000,41180.74,0.3785,poor,approve
LP001692,0.474312,3143000,25308.29,0.4191,poor,approve
LP004977,0.47419,1500000,51631.47,0.3021,fair,approve
LP001948,0.474024,577000,15912.48,0.2154,poor,approve
LP002241,0.473608,1500000,41366.93,0.3783,poor,approve
LP003838,0.473544,275000,9465.77,0.1679,poor,approve
LP001495,0.473288,4369000,37915.2,0.5589,poor,approve
LP003622,0.472839,381000,13114.39,0.3899,fair,approve
LP002400,0.472743,1318000,45366.85,0.5424,good,approve
LP000539,0.472574,673000,18559.96,0.4337,excellent,approve
LP002266,0.472566,5990000,46057.92,0.4534,fair,approve
LP000665,0.47242,6376000,51341.28,0.2638,poor,approve
LP000663,0.472241,2478000,40818.35,0.4723,poor,approve
LP002227,0.471848,169000,15213.81,0.3682,good,approve
LP003993,0.471718,1416000,39050.38,0.5052,good,approve
LP004798,0.471513,283000,9741.14,0.1821,poor,approve
LP001238,0.4715,1934000,48819.36,0.4765,poor,approve
LP000301,0.470949,694000,23888.16,0.2426,poor,approve
LP002888,0.470863,515000,17726.8,0.2953,poor,approve
LP003201,0.470672,4453000,38644.17,0.4559,poor,approve
LP003981,0.470474,15000000,120784.06,0.5116,fair,approve
LP003448,0.470395,966000,31056.84,0.3844,fair,approve
LP003497,0.470295,960000,22587.15,0.3167,fair,approve
LP000552,0.470247,281000,25296.34,0.4108,poor,approve
LP004824,0.469978,1007000,34661.92,0.3224,poor,approve
LP004509,0.469839,6973000,60513.31,0.4721,poor,approve
LP001955,0.469314,1465000,24131.91,0.4727,poor,approve
LP003447,0.468827,259000,8915.03,0.301,poor,approve
LP002433,0.468662,790000,21786.58,0.4582,excellent,approve
LP003086,0.467745,134000,4612.41,0.2404,poor,approve
LP001198,0.467131,498000,17141.65,0.3963,good,approve
LP002211,0.467029,1500000,35292.42,0.2888,poor,approve
LP002143,0.46692,1500000,51631.47,0.5085,good,approve
LP004695,0.466703,379000,10452.04,0.3234,fair,approve
LP001593,0.466236,606000,20859.11,0.2853,fair,approve
LP004293,0.466076,3943000,31750.1,0.4814,poor,approve
LP001640,0.465895,6170000,47441.96,0.4677,fair,approve
LP003723,0.465868,1500000,41366.93,0.4997,good,approve
LP004039,0.465489,796000,27399.1,0.3675,fair,approve
LP001982,0.465341,510000,17554.7,0.2381,poor,approve
LP000002,0.464842,1500000,35292.42,0.4197,fair,approve
LP002309,0.46476,1250000,29410.35,0.4043,fair,approve
LP001535,0.464096,341000,8023.14,0.3775,fair,approve
LP000007,0.463528,1175000,24820.99,0.4312,fair,approve
LP002159,0.46326,88000,4245.95,0.3538,fair,approve
LP004986,0.463113,613000,37097.87,0.4813,poor,approve
LP000717,0.462749,1206000,28375.11,0.4111,fair,approve
LP000840,0.462738,382000,8987.8,0.428,fair,approve
LP000823,0.462412,843000,23248.21,0.4538,good,approve
LP001754,0.462249,329000,11324.5,0.2694,fair,approve
LP004393,0.461964,1282000,35354.94,0.2909,poor,approve
LP003877,0.461748,1500000,51631.47,0.3576,poor,approve
LP001682,0.461477,458000,15764.81,0.3288,poor,approve
LP002757,0.461424,1500000,51631.47,0.5668,excellent,approve
LP004813,0.461159,668000,18422.07,0.4008,fair,approve
LP002300,0.461087,1500000,41366.93,0.1775,poor,approve
LP000307,0.460859,7639000,58737.3,0.4744,fair,approve
LP004147,0.460448,1170000,27528.09,0.4647,good,approve
LP000859,0.460205,442000,10399.5,0.3444,fair,approve
LP003499,0.460006,1500000,41366.93,0.2612,poor,approve
LP004821,0.459649,965000,33216.24,0.4582,good,approve
LP004082,0.459421,1500000,35292.42,0.3318,poor,approve
LP000935,0.459419,738000,20352.53,0.4357,fair,approve
LP004330,0.459367,189000,32518.31,0.5536,fair,approve
LP004122,0.458642,1148000,39515.28,0.2875,poor,approve
LP004206,0.458593,264000,12737.85,0.3594,poor,approve
LP000156,0.458229,286000,7887.29,0.1366,poor,approve
LP000976,0.458195,529000,14588.74,0.3175,fair,approve
LP002850,0.457885,560000,19275.75,0.4316,fair,approve
LP002150,0.457856,1500000,41366.93,0.4575,good,approve
LP000137,0.457769,1051000,92277.44,0.751,excellent,approve
LP002277,0.457638,739000,20380.11,0.4777,excellent,approve
LP000794,0.457415,954000,26309.37,0.4016,good,approve
LP000361,0.457288,411000,14147.02,0.1421,poor,approve
LP004028,0.457176,1309000,36099.54,0.4936,good,approve
LP002762,0.457124,2363000,19027.52,0.3909,poor,approve
LP000030,0.456522,208000,7159.56,0.3166,poor,approve
LP002087,0.45612,1301000,35878.92,0.4316,good,approve
LP003076,0.456008,1017000,23928.26,0.5029,excellent,approve
LP001560,0.455927,588000,20239.53,0.314,fair,approve
LP000740,0.455749,1078000,52012.88,0.3982,excellent,approve
LP003598,0.455328,462000,22291.24,0.3616,poor,approve
LP000341,0.45524,526000,18105.43,0.2837,poor,approve
LP002598,0.454984,1150000,55486.84,0.5882,excellent,approve
LP000948,0.454932,2500000,80374.85,0.4588,excellent,approve
LP003145,0.454243,1500000,41366.93,0.28,poor,approve
LP004453,0.454184,722000,34836.09,0.2924,good,approve
LP002251,0.454179,3065000,23567.2,0.3385,poor,approve
LP002233,0.454044,566000,27309.18,0.3241,fair,approve
LP004892,0.453724,359000,12357.13,0.2274,poor,approve
LP003205,0.453341,1500000,41366.93,0.3688,poor,approve
LP000387,0.453269,5524000,44480.74,0.4431,poor,approve
LP000106,0.453259,609000,19937.88,0.2927,poor,approve
LP004521,0.453127,1449000,49876.0,0.5245,excellent,approve
LP003180,0.453093,1215000,33507.21,0.4692,excellent,approve
LP001496,0.452837,1500000,35292.42,0.2732,poor,approve
LP004981,0.452793,634000,17484.42,0.2216,poor,approve
LP002693,0.452754,738000,35608.08,0.5664,excellent,approve
LP003460,0.452749,282000,7776.98,0.2707,fair,approve
LP002815,0.452677,335000,11531.03,0.25,excellent,approve
LP003418,0.452614,356000,12253.87,0.3954,good,approve
LP003995,0.452488,1253000,34555.17,0.439,good,approve
LP001877,0.452337,1448000,39932.88,0.464,excellent,approve
LP000703,0.451846,1062000,24987.03,0.4358,fair,approve
LP000519,0.451747,263000,9052.72,0.228,poor,approve
LP004844,0.451304,890000,30634.67,0.5081,excellent,approve
LP002126,0.450869,172000,15101.54,0.592,fair,approve
LP000013,0.449982,279000,7694.25,0.3646,poor,approve
LP000736,0.449695,565000,19447.85,0.3498,fair,approve
LP000435,0.449653,1005000,23645.92,0.4342,excellent,approve
LP001492,0.449435,821000,28259.62,0.1574,poor,approve
LP003369,0.449423,352000,12116.18,0.2833,poor,approve
LP001358,0.448899,182000,8482.63,0.3398,poor,approve
LP002524,0.448742,1500000,35292.42,0.3053,poor,approve
LP003355,0.448627,1500000,41366.93,0.3433,poor,approve
LP000669,0.448524,1209000,30518.41,0.3943,fair,approve
LP003697,0.448275,585000,28225.92,0.4421,excellent,approve
LP000865,0.448196,1740000,14010.95,0.4813,fair,approve
LP004381,0.448187,590000,16270.99,0.349,fair,approve
LP004181,0.448008,7843000,77233.12,0.5149,fair,approve
LP004670,0.447979,1500000,35292.42,0.4006,poor,approve
LP003984,0.447903,1810000,14574.61,0.3991,fair,approve
LP001486,0.447889,341000,20636.82,0.4512,poor,approve
LP001475,0.447808,677000,23303.0,0.2796,fair,approve
LP003572,0.447611,8452000,68057.79,0.4399,poor,approve
LP004529,0.447493,445000,26930.75,0.4892,fair,approve
LP000983,0.447402,237000,14342.89,0.4752,poor,approve
LP003907,0.446558,1500000,41366.93,0.4848,excellent,approve
LP004853,0.445913,406000,13052.88,0.2887,fair,approve
LP001277,0.44567,581000,28032.92,0.3515,fair,approve
LP003246,0.445538,415000,9764.24,0.4368,excellent,approve
LP003143,0.445051,1043000,50324.15,0.4048,fair,approve
LP002586,0.444966,4265000,34342.94,0.393,poor,approve
LP004347,0.444874,1500000,51631.47,0.3167,poor,approve
LP000710,0.44446,1500000,41366.93,0.2969,excellent,approve
LP001832,0.44393,465000,28141.12,0.4019,poor,approve
LP003650,0.4439,1366000,32139.63,0.372,fair,approve
LP002509,0.44382,388000,34928.75,0.3492,fair,approve
LP003909,0.44365,801000,36869.73,0.8607,good,approve
LP000330,0.443531,430000,20747.25,0.2635,poor,approve
LP002438,0.443484,878000,24213.44,0.3945,good,approve
LP000632,0.443241,952000,32768.77,0.2958,good,approve
LP003219,0.443071,1500000,51631.47,0.4045,fair,approve
LP001211,0.442983,1832000,18040.43,0.4037,fair,approve
LP003898,0.442968,346000,11909.66,0.2099,poor,approve
LP001344,0.442924,2755000,23908.53,0.3265,poor,approve
LP002728,0.442913,478000,13182.26,0.2593,fair,approve
LP001675,0.442788,1002000,27633.11,0.4645,excellent,approve
LP003382,0.442675,205000,9891.13,0.2614,poor,approve
LP000850,0.442486,453000,21856.99,0.2899,poor,approve
LP001804,0.442428,759000,26125.52,0.1667,fair,approve
LP000550,0.442313,535000,25813.44,0.3964,good,approve
LP004921,0.442149,197000,17734.44,0.5087,good,approve
LP002550,0.442045,7091000,57098.65,0.3312,poor,approve
LP002614,0.442008,1411000,33198.4,0.5005,good,approve
LP001803,0.441267,473000,22821.98,0.352,fair,approve
LP004802,0.441114,350000,8234.9,0.4689,excellent,approve
LP002508,0.440904,972000,22869.49,0.3735,excellent,approve
LP004504,0.44064,564000,13269.95,0.4224,good,approve
LP002809,0.440395,14958000,120445.87,0.4555,poor,approve
LP004339,0.440139,838000,23110.32,0.4462,excellent,approve
LP003593,0.440112,736000,35511.58,0.4054,good,approve
LP001666,0.439983,6548000,52726.27,0.4165,poor,approve
LP004064,0.439965,1500000,135033.82,0.5636,excellent,approve
LP001629,0.439554,4240000,34141.63,0.4608,poor,approve
LP002311,0.439528,385000,34658.68,0.5065,good,approve
LP003526,0.43941,768000,26435.31,0.1813,poor,approve
LP000822,0.439387,271000,7473.63,0.2575,poor,approve
LP003275,0.439297,1276000,30022.09,0.4516,good,approve
LP001252,0.43879,1049000,24681.17,0.4136,fair,approve
LP000037,0.438706,2028000,33405.82,0.4229,poor,approve
LP003852,0.438498,521000,14368.11,0.3417,poor,approve
LP002793,0.438215,661000,15552.19,0.3765,excellent,approve
LP004771,0.43814,1500000,35292.42,0.3616,excellent,approve
LP002590,0.43814,567000,15636.7,0.2741,poor,approve
LP002136,0.43792,1013000,27936.47,0.3457,fair,approve
LP001514,0.43789,760000,17881.49,0.3386,fair,approve
LP000066,0.437741,1082000,29839.34,0.246,fair,approve
LP000803,0.437011,1267000,111242.17,0.6016,fair,approve
LP001421,0.436722,2777000,21352.73,0.4547,poor,approve
LP003168,0.436716,770000,37152.06,0.2991,poor,approve
LP002466,0.436582,309000,14909.07,0.3486,good,approve
LP000842,0.436087,304000,8383.7,0.2408,fair,approve
LP002875,0.435885,1275000,35161.89,0.4316,excellent,approve
LP002499,0.435786,188000,9070.89,0.3022,poor,approve
LP001459,0.435783,61000,10495.33,0.4998,fair,approve
LP003015,0.435519,427000,20602.51,0.1743,poor,approve
LP004081,0.435443,1500000,51631.47,0.2621,poor,approve
LP003679,0.435388,1159000,27269.28,0.4271,good,approve
LP004417,0.435153,1500000,72374.14,0.4757,excellent,approve
LP002186,0.435147,513000,17657.96,0.1638,poor,approve
LP004100,0.434879,203000,9794.63,0.3006,poor,approve
LP003307,0.43486,10050000,80925.32,0.4261,poor,approve
LP001656,0.434772,6285000,48326.21,0.4848,fair,approve
LP004428,0.434736,559000,17971.82,0.7066,good,approve
LP000011,0.434562,783000,18422.64,0.4239,good,approve
LP004158,0.434113,481000,23207.97,0.3032,good,approve
LP004318,0.434051,247000,11512.14,0.2566,poor,approve
LP002697,0.433787,568000,27405.68,0.3172,poor,approve
LP000586,0.433763,251000,11698.57,0.3608,poor,approve
LP002870,0.433709,6089000,46819.14,0.5132,poor,approve
LP000999,0.433551,243000,14706.01,0.3192,poor,approve
LP001412,0.433489,1500000,35292.42,0.376,fair,approve
LP003864,0.433343,166000,14943.74,0.5175,excellent,approve
LP004440,0.433184,862000,29670.88,0.3883,fair,approve
LP003387,0.432761,3723000,29978.6,0.4093,poor,approve
LP000628,0.43265,297000,8190.65,0.1664,fair,approve
LP002853,0.432418,229000,6315.35,0.4296,excellent,approve
LP003970,0.432175,322000,15007.72,0.2158,fair,approve
LP000309,0.432167,260000,22827.91,0.6557,fair,approve
LP000578,0.431925,1500000,41366.93,0.3637,fair,approve
LP000535,0.431809,4563000,39598.77,0.4884,poor,approve
LP002623,0.431429,676000,18642.7,0.2103,poor,approve
LP002326,0.431422,783000,18422.64,0.4251,good,approve
LP000567,0.430633,369000,10176.26,0.1096,poor,approve
LP002843,0.430006,2875000,22106.26,0.4685,poor,approve
LP001978,0.429904,1522000,25070.83,0.4937,fair,approve
LP001118,0.429646,1500000,41366.93,0.3269,excellent,approve
LP003509,0.429517,327000,11255.66,0.39,fair,approve
LP000225,0.429498,1356000,46674.85,0.4473,good,approve
LP004102,0.42936,3507000,26965.8,0.5228,fair,approve
LP003839,0.429331,535000,14754.2,0.3301,excellent,approve
LP003560,0.42925,1500000,72374.14,0.3224,fair,approve
LP001626,0.428578,1500000,35292.42,0.3799,fair,approve
LP003810,0.428544,7643000,61543.51,0.569,fair,approve
LP000786,0.428393,1296000,35741.03,0.3831,excellent,approve
LP003225,0.428196,10562000,85048.08,0.416,poor,approve
LP004175,0.428182,74000,12732.04,0.3753,poor,approve
LP000155,0.428131,242000,11676.36,0.3195,poor,approve
LP003911,0.428109,1500000,41366.93,0.197,poor,approve
LP001452,0.427992,3501000,28191.0,0.4876,poor,approve
LP002163,0.427981,3544000,28537.25,0.4449,poor,approve
LP001761,0.427697,1500000,35292.42,0.2232,fair,approve
LP001242,0.427687,6881000,52908.94,0.4712,fair,approve
LP004933,0.427526,395000,19058.52,0.4123,good,approve
LP001371,0.427438,938000,25868.12,0.4281,fair,approve
LP003244,0.427352,1166000,29432.98,0.2765,poor,approve
LP003131,0.427295,422000,11637.9,0.4328,fair,approve
LP000433,0.426933,680000,23406.26,0.443,excellent,approve
LP003259,0.426671,7359000,59256.66,0.5521,fair,approve
LP001357,0.426517,309000,14909.07,0.2509,excellent,approve
LP000458,0.426323,1500000,35292.42,0.404,fair,approve
LP001260,0.426258,404000,9505.43,0.2771,good,approve
LP001009,0.426239,1914000,31527.97,0.455,poor,approve
LP003785,0.425838,1500000,35292.42,0.3087,poor,approve
LP000191,0.425811,1533000,70563.41,0.9924,good,approve
LP002254,0.425714,260000,12544.85,0.2294,poor,approve
LP001123,0.425514,363000,12494.81,0.421,fair,approve
LP002212,0.425302,285000,13751.09,0.3102,fair,approve
LP003073,0.425222,11853000,95443.57,0.4996,poor,approve
LP000321,0.42521,417000,36855.15,0.4546,poor,approve
LP004451,0.425112,2581000,25416.13,0.3132,poor,approve
LP004544,0.425093,1500000,41366.93,0.234,poor,approve
LP004761,0.425041,1351000,37257.81,0.4585,excellent,approve
LP004255,0.424863,882000,24323.75,0.3741,fair,approve
LP004910,0.424637,1500000,51631.47,0.2483,poor,approve
LP001264,0.424315,5840000,50680.88,0.3858,poor,approve
LP001918,0.424277,423000,14560.07,0.23,poor,approve
LP004093,0.423839,294000,10119.77,0.4494,good,approve
LP000474,0.423824,947000,26116.32,0.404,fair,approve
LP003820,0.423802,376000,12942.29,0.2455,good,approve
LP004602,0.423354,247000,22235.57,0.3664,fair,approve
LP003628,0.423177,748000,20628.31,0.1875,fair,approve
LP002668,0.423095,12145000,97794.83,0.475,fair,approve
LP004740,0.422446,1217000,56018.05,0.3935,poor,approve
LP001850,0.422383,2492000,20066.26,0.3387,poor,approve
LP004466,0.422332,1500000,51631.47,0.315,good,approve
LP002848,0.422277,1149000,52888.04,0.9466,excellent,approve
LP003884,0.421885,1500000,41366.93,0.3502,poor,approve
LP000716,0.421854,645000,30062.06,0.4338,fair,approve
LP000215,0.421843,6067000,46649.98,0.5422,poor,approve
LP000843,0.421781,147000,12992.1,0.3813,poor,approve
LP001633,0.420792,2411000,110977.42,0.4506,poor,approve
LP002737,0.420774,956000,22493.04,0.3938,fair,approve
LP000709,0.420669,1013000,48876.67,0.4299,fair,approve
LP004600,0.420367,2653000,23023.35,0.4465,poor,approve
LP001404,0.42015,461000,15868.07,0.3365,poor,approve
LP004814,0.419986,508000,14009.6,0.3982,good,approve
LP000422,0.419983,583000,13716.99,0.3585,good,approve
LP002439,0.41984,552000,12987.61,0.2132,poor,approve
LP003834,0.419473,298000,7522.32,0.4133,poor,approve
LP003750,0.419449,6438000,49502.65,0.4311,poor,approve
LP001086,0.419256,894000,43134.99,0.3253,poor,approve
LP002024,0.419055,123000,4233.78,0.2107,poor,approve
LP003406,0.418993,413000,14215.86,0.2402,poor,approve
LP003517,0.418425,264000,12737.85,0.2418,excellent,approve
LP003269,0.418369,569000,19585.54,0.2978,fair,approve
LP000483,0.418145,14233000,114607.97,0.4717,poor,approve
LP003119,0.418115,871000,42025.25,0.4717,excellent,approve
LP002038,0.417969,303000,10429.56,0.4673,excellent,approve
LP003695,0.417838,403000,19444.52,0.3326,good,approve
LP000635,0.417579,190000,6539.99,0.1633,poor,approve
LP001460,0.417528,1500000,41366.93,0.1871,poor,approve
LP000971,0.417433,1361000,37533.59,0.3565,fair,approve
LP003063,0.417428,472000,22773.73,0.2836,poor,approve
LP003760,0.417375,1500000,51631.47,0.3086,poor,approve
LP003503,0.417233,478000,13182.26,0.2417,fair,approve
LP000813,0.417045,889000,24516.8,0.4042,fair,approve
LP002876,0.416932,587000,28322.41,0.3624,poor,approve
LP000758,0.416632,259000,7142.69,0.3079,fair,approve
LP003359,0.416417,902000,24875.31,0.415,fair,approve
LP003165,0.416063,228000,20525.14,0.5079,good,approve
LP000721,0.415457,1500000,35292.42,0.1733,poor,approve
LP001034,0.415426,1500000,41366.93,0.179,poor,approve
LP000267,0.414963,442000,21326.25,0.3983,good,approve
LP001857,0.41494,802000,18869.68,0.3495,fair,approve
LP003762,0.414877,418000,14387.97,0.3206,good,approve
LP000949,0.414241,550000,15167.87,0.3862,good,approve
LP002808,0.414168,326000,29347.35,0.3344,good,approve
LP002855,0.414122,4736000,41100.11,0.4939,fair,approve
LP004407,0.413685,8718000,70199.7,0.515,fair,approve
LP001043,0.413359,925000,21763.66,0.3277,fair,approve
LP003858,0.413107,242000,41637.2,0.362,fair,approve
LP004895,0.412801,8484000,73626.12,0.5995,poor,approve
LP004751,0.412651,1032000,24281.19,0.419,excellent,approve
LP003708,0.412477,8123000,65408.6,0.5177,poor,approve
LP003960,0.412195,1454000,50048.1,0.3271,poor,approve
LP004097,0.411573,9409000,75763.82,0.4603,poor,approve
LP003972,0.411428,1500000,41366.93,0.1997,poor,approve
LP000870,0.410684,69000,6098.33,0.3765,poor,approve
LP001756,0.410572,537000,18484.06,0.4322,good,approve
LP001144,0.41052,255000,22537.32,0.4564,fair,approve
LP004974,0.410306,711000,16728.61,0.425,good,approve
LP004011,0.410152,984000,23151.83,0.3488,excellent,approve
LP003469,0.409664,1500000,35292.42,0.3491,poor,approve
LP000891,0.409589,1500000,72374.14,0.4063,good,approve
LP000446,0.408872,673000,15834.53,0.3603,poor,approve
LP001690,0.408561,276000,24846.22,0.4731,excellent,approve
LP000233,0.408514,785000,27020.47,0.3079,fair,approve
LP001458,0.40827,1500000,41366.93,0.203,fair,approve
LP004709,0.408201,1500000,35292.42,0.274,poor,approve
LP003544,0.408169,472000,16246.7,0.3887,good,approve
LP000305,0.408049,121000,10892.73,0.3677,poor,approve
LP001103,0.407922,1553000,39201.9,0.5249,good,approve
LP002670,0.407649,690000,16234.51,0.4028,good,approve
LP004455,0.406693,5687000,45793.26,0.5356,fair,approve
LP003383,0.406465,400000,36009.02,0.3614,poor,approve
LP004928,0.406419,221000,10663.12,0.3205,fair,approve
LP000763,0.406323,1500000,35292.42,0.2854,poor,approve
LP003050,0.406181,244000,11772.86,0.185,poor,approve
LP003291,0.406123,1500000,72374.14,0.469,good,approve
LP001124,0.406028,201000,9698.14,0.2327,poor,approve
LP003512,0.40596,1500000,51631.47,0.3495,poor,approve
LP001288,0.40591,395000,18410.1,0.3982,poor,approve
LP001218,0.40571,1032000,24281.19,0.4714,excellent,approve
LP002374,0.405423,4574000,35170.1,0.5282,fair,approve
LP003467,0.404479,375000,18093.54,0.2024,fair,approve
LP002664,0.404242,481000,22418.37,0.35,fair,approve
LP000157,0.404181,445000,21471.0,0.395,good,approve
LP004159,0.402758,238000,6563.55,0.2031,fair,approve
LP001203,0.40269,1500000,35292.42,0.2559,poor,approve
LP001076,0.40269,450000,27233.34,0.5203,fair,approve
LP002851,0.402507,91000,15656.96,0.3717,poor,approve
LP001839,0.40232,1500000,35292.42,0.244,poor,approve
LP003895,0.402118,163000,14673.67,0.3605,poor,approve
LP000708,0.402065,1484000,34915.97,0.4552,excellent,approve
LP004598,0.401986,1053000,29039.58,0.4048,good,approve
LP002200,0.401945,15000000,130173.49,0.4553,poor,approve
LP001003,0.401735,1343000,64798.98,0.3299,poor,approve
LP002861,0.401321,1186000,32707.45,0.3661,excellent,approve
LP000520,0.401072,425000,14628.92,0.3053,good,approve
LP003473,0.400992,3898000,38385.15,0.4509,poor,approve
LP000198,0.400979,534000,25765.19,0.3094,fair,approve
LP001313,0.400797,192000,16969.28,0.4721,poor,approve
LP003759,0.400718,698000,62835.74,0.5515,excellent,approve
LP000497,0.400631,1500000,35292.42,0.3009,poor,approve
LP001386,0.400581,205000,18454.62,0.3717,fair,approve
LP003792,0.400499,636000,21891.74,0.4093,good,approve
LP003394,0.4001,232000,7985.67,0.1642,poor,approve
LP002236,0.399804,654000,18035.98,0.2118,fair,approve
LP002282,0.399701,1845000,14186.45,0.46,fair,approve
LP000908,0.399539,493000,11599.44,0.3111,fair,approve
LP000056,0.399532,1191000,54821.28,0.3971,fair,approve
LP001739,0.399297,298000,10257.45,0.1481,fair,approve
LP004016,0.399257,1210000,41649.38,0.3526,fair,approve
LP002828,0.399236,719000,19828.55,0.3627,fair,approve
LP000887,0.399197,1500000,51631.47,0.4453,good,approve
LP001376,0.398646,630000,15902.9,0.5146,fair,approve
LP001246,0.398296,9007000,69256.04,0.4336,fair,approve
LP001417,0.398219,115000,10163.89,0.445,poor,approve
LP001924,0.398119,402000,24328.45,0.4402,poor,approve
LP000362,0.397708,1653000,13310.4,0.4151,fair,approve
LP000069,0.397632,328000,15825.81,0.2264,poor,approve
LP002588,0.397566,613000,16905.29,0.2341,poor,approve
LP004920,0.397477,566000,13317.01,0.2688,excellent,approve
LP003918,0.39691,1500000,35292.42,0.3587,poor,approve
LP004277,0.396885,478000,28927.86,0.3891,poor,approve
LP004315,0.396879,247000,8501.98,0.1406,poor,approve
LP003023,0.396704,182000,6264.62,0.2198,poor,approve
LP001570,0.396551,538000,24763.94,0.3178,fair,approve
LP002337,0.396329,689000,33243.86,0.3124,poor,approve
LP003381,0.396262,5874000,45165.98,0.4646,fair,approve
LP002699,0.395521,8818000,76524.65,0.4894,fair,approve
LP000726,0.395447,2514000,21817.08,0.3628,poor,approve
LP001927,0.395405,267000,12882.6,0.3506,fair,approve
LP002702,0.395317,9171000,113707.28,0.4913,poor,approve
LP003608,0.395222,613000,14422.84,0.3867,good,approve
LP001620,0.395023,963000,22657.73,0.2899,good,approve
LP003423,0.394851,11427000,87863.74,0.4353,poor,approve
LP002599,0.394812,352000,16983.8,0.3197,fair,approve
LP003793,0.394781,220000,10614.87,0.277,poor,approve
LP003744,0.394654,714000,16799.19,0.3308,fair,approve
LP001651,0.394449,1500000,35292.42,0.1831,fair,approve
LP003463,0.394398,1500000,35292.42,0.3438,fair,approve
LP002512,0.394239,1500000,35292.42,0.2286,poor,approve
LP004279,0.393211,426000,20554.26,0.2601,poor,approve
LP004222,0.393196,487000,11458.27,0.1994,poor,approve
LP002902,0.392606,1500000,41366.93,0.4167,fair,approve
LP003854,0.39256,202000,9746.38,0.3027,fair,approve
LP001024,0.392501,205000,7056.3,0.3094,fair,approve
LP000934,0.392209,7447000,59965.26,0.4007,poor,approve
LP004392,0.39212,507000,23337.02,0.4107,poor,approve
LP000196,0.391871,1868000,16210.94,0.3521,poor,approve
LP002414,0.391611,599000,14093.44,0.3698,good,approve
LP001235,0.391587,175000,15753.95,0.3377,poor,approve
LP003182,0.391475,1500000,41366.93,0.3023,fair,approve
LP001809,0.391092,1500000,35292.42,0.3062,fair,approve
LP000444,0.391075,3542000,30738.3,0.3846,poor,approve
LP003736,0.39063,4077000,32829.11,0.4745,fair,approve
LP003866,0.390504,373000,10286.58,0.3811,good,approve
LP001752,0.390481,550000,15167.87,0.1495,poor,approve
LP001442,0.390476,684000,33002.61,0.4023,excellent,approve
LP001408,0.390404,664000,32037.62,0.3552,fair,approve
LP001067,0.390131,602000,15196.1,0.2507,poor,approve
LP003969,0.390129,974000,22916.55,0.4261,good,approve
LP004969,0.389948,1477000,34751.27,0.467,excellent,approve
LP004246,0.389808,467000,12878.9,0.1955,good,approve
LP004490,0.389452,492000,11575.91,0.3387,fair,approve
LP000572,0.389085,246000,6784.18,0.1598,poor,approve
LP001762,0.389002,1500000,72374.14,0.3972,fair,approve
LP002115,0.388902,553000,15250.61,0.3182,fair,approve
LP004533,0.388779,655000,31603.38,0.3282,fair,approve
LP002608,0.388521,1500000,51631.47,0.3769,fair,approve
LP001431,0.388316,1432000,39491.63,0.284,poor,approve
LP001143,0.387516,209000,6842.39,0.2961,poor,approve
LP003923,0.387413,1500000,41366.93,0.3013,poor,approve
LP004634,0.387373,151000,5197.57,0.2625,fair,approve
LP000690,0.387172,271000,23951.43,0.409,fair,approve
LP000227,0.38701,655000,31603.38,0.377,fair,approve
LP001092,0.386547,673000,18559.96,0.3925,good,approve
LP002140,0.386272,601000,20687.01,0.2534,fair,approve
LP001947,0.386245,1500000,51631.47,0.27,fair,approve
LP001935,0.385803,184000,8877.89,0.2485,poor,approve
LP002863,0.385349,1500000,41366.93,0.3513,fair,approve
LP003140,0.384974,629000,14799.29,0.3698,good,approve
LP000985,0.384599,1500000,41366.93,0.1208,fair,approve
LP001244,0.384336,3734000,28711.23,0.4574,poor,approve
LP002262,0.383951,696000,33581.6,0.227,fair,approve
LP002842,0.383951,448000,15420.6,0.1453,fair,approve
LP001375,0.383874,364000,12529.24,0.378,excellent,approve
LP002457,0.383855,249000,8570.82,0.2338,poor,approve
LP000774,0.383774,543000,26199.44,0.2308,poor,approve
LP004726,0.383767,2687000,26459.95,0.3716,poor,approve
LP003666,0.383515,1500000,35292.42,0.3039,fair,approve
LP004948,0.383479,8290000,66753.33,0.3627,poor,approve
LP002404,0.383108,1163000,27363.39,0.3682,good,approve
LP002772,0.382627,323000,11117.98,0.3694,excellent,approve
LP001992,0.382462,2180000,17553.95,0.2736,fair,approve
LP002344,0.382304,1500000,35292.42,0.3829,good,approve
LP001294,0.382248,781000,37682.8,0.2494,fair,approve
LP000303,0.382116,321000,28897.24,0.3282,excellent,approve
LP002441,0.382054,826000,22779.39,0.3772,good,approve
LP004972,0.38198,681000,59791.57,0.7054,fair,approve
LP004800,0.381716,448000,15420.6,0.3401,good,approve
LP000636,0.381486,1002000,48345.93,0.4012,fair,approve
LP002523,0.380885,843000,40674.27,0.2901,fair,approve
LP000941,0.380592,132000,22711.2,0.5936,fair,approve
LP003462,0.380541,1645000,16198.97,0.3012,poor,approve
LP000302,0.380491,1500000,41366.93,0.218,fair,approve
LP004073,0.380395,1500000,35292.42,0.3252,good,approve
LP000099,0.380382,2500000,52810.61,0.4889,fair,approve
LP004793,0.380074,800000,18822.62,0.3642,fair,approve
LP001062,0.379969,480000,11293.57,0.2035,fair,approve
LP004387,0.379898,1269000,29857.39,0.3932,excellent,approve
LP002638,0.379315,282000,5957.04,0.2949,fair,approve
LP002245,0.379152,514000,17692.38,0.3388,excellent,approve
LP003669,0.37896,178000,16024.01,0.5238,excellent,approve
LP003742,0.378953,6667000,53684.49,0.4135,poor,approve
LP002812,0.378239,1500000,35292.42,0.1558,fair,approve
LP002935,0.378016,782000,26917.2,0.3961,excellent,approve
LP001202,0.377748,1111000,38241.71,0.4201,excellent,approve
LP000376,0.377415,8172000,62835.61,0.5452,fair,approve
LP002683,0.377386,187000,6122.14,0.31,poor,approve
LP003337,0.377383,457000,15730.39,0.3223,good,approve
LP004820,0.37728,1316000,45298.01,0.363,good,approve
LP002507,0.377192,6737000,54248.15,0.5167,fair,approve
LP002195,0.377022,598000,16491.62,0.345,fair,approve
LP001916,0.376635,352000,31110.34,0.5021,fair,approve
LP001434,0.376414,867000,29842.99,0.3938,excellent,approve
LP002703,0.375988,913000,31426.35,0.4451,excellent,approve
LP000286,0.375881,6442000,49533.41,0.4701,poor,approve
LP000930,0.375813,6757000,58638.82,0.4522,poor,approve
LP001938,0.375663,199000,17914.49,0.3289,fair,approve
LP002686,0.375662,1461000,36879.57,0.3934,fair,approve
LP000443,0.375373,482000,22464.98,0.3883,fair,approve
LP001738,0.375293,314000,27569.09,0.6556,good,approve
LP000811,0.375247,2290000,57805.76,0.5651,fair,approve
LP003557,0.375212,762000,19234.93,0.4532,good,approve
LP000119,0.374892,1034000,35591.29,0.4819,excellent,approve
LP001476,0.374684,5929000,47741.91,0.5213,fair,approve
LP002137,0.374588,993000,31924.89,0.6498,excellent,approve
LP000226,0.374352,1201000,57947.56,0.511,good,approve
LP004586,0.37415,2251000,56821.3,0.7531,good,approve
LP000625,0.373487,642000,30976.13,0.2855,fair,approve
LP001672,0.37346,705000,24266.79,0.4148,excellent,approve
LP001499,0.373422,3662000,31779.69,0.409,poor,approve
LP004501,0.373083,1638000,26981.62,0.3941,fair,approve
LP000325,0.373065,876000,28163.35,0.3418,fair,approve
LP001818,0.37281,863000,20304.91,0.3559,fair,approve
LP000240,0.372721,708000,24370.05,0.3256,excellent,approve
LP004111,0.372155,332000,57122.11,0.7533,good,approve
LP002474,0.372084,544000,26247.69,0.1764,poor,approve
LP003313,0.371996,1500000,51631.47,0.3198,poor,approve
LP002219,0.37153,1420000,45652.92,0.4578,poor,approve
LP004708,0.371482,1194000,41098.65,0.455,excellent,approve
LP000290,0.371368,309000,10636.08,0.2553,fair,approve
LP000832,0.371291,3416000,29644.84,0.4109,poor,approve
LP001351,0.371264,12017000,92400.33,0.386,poor,approve
LP001957,0.370906,83000,14280.53,0.5404,poor,approve
LP003873,0.370341,1148000,27010.47,0.3814,good,approve
LP001831,0.370127,1500000,72374.14,0.3202,poor,approve
LP002408,0.37009,832000,19575.53,0.334,fair,approve
LP002927,0.369482,815000,26202.2,0.4231,good,approve
LP004485,0.369408,1500000,35292.42,0.3172,fair,approve
LP000279,0.369213,503000,24269.46,0.1771,poor,approve
LP001106,0.369195,412000,19878.76,0.2549,fair,approve
LP003068,0.368621,692000,33388.6,0.2515,fair,approve
LP001581,0.368369,1500000,35292.42,0.1529,fair,approve
LP004655,0.368167,2500000,63106.73,0.1952,poor,approve
LP000130,0.368086,505000,11881.78,0.3508,fair,approve
LP004180,0.368085,189000,6505.56,0.1258,poor,approve
LP003915,0.36784,15000000,120784.06,0.5313,poor,approve
LP000831,0.367539,330000,15922.31,0.2954,fair,approve
LP001592,0.36721,1119000,30859.73,0.3726,fair,approve
LP002784,0.367101,609000,14328.72,0.3536,excellent,approve
LP001606,0.367066,2738000,22047.12,0.4833,poor,approve
LP004353,0.366851,432000,37929.45,0.5817,good,approve
LP001301,0.366775,236000,21245.32,0.4804,excellent,approve
LP002201,0.366619,673000,18559.96,0.3642,excellent,approve
LP002381,0.366423,157000,14133.54,0.4787,good,approve
LP002729,0.365622,2500000,52810.61,0.4664,fair,approve
LP004000,0.365466,2500000,52810.61,0.5292,fair,approve
LP000893,0.365298,1500000,72374.14,0.4641,excellent,approve
LP003654,0.364989,693000,23853.74,0.2857,fair,approve
LP002696,0.364756,1308000,60206.75,0.6735,fair,approve
LP000436,0.364726,4067000,32748.59,0.3581,fair,approve
LP004442,0.364278,4848000,42072.07,0.4513,fair,approve
LP000551,0.363525,1447000,49807.15,0.4426,excellent,approve
LP000411,0.363346,880000,30290.46,0.3894,excellent,approve
LP003377,0.36316,657000,39760.68,0.2327,poor,approve
LP002866,0.362944,265000,7308.16,0.3037,fair,approve
LP000835,0.362911,444000,15282.91,0.3078,fair,approve
LP001937,0.362768,301000,13854.92,0.5579,fair,approve
LP003164,0.362542,1500000,41366.93,0.2228,poor,approve
LP002371,0.362419,1500000,41366.93,0.2125,fair,approve
LP001489,0.362046,666000,18366.92,0.3107,excellent,approve
LP004834,0.361998,5234000,42145.59,0.4092,poor,approve
LP002185,0.361438,298000,14378.33,0.2758,fair,approve
LP001470,0.361409,564000,18132.57,0.3418,poor,approve
LP004431,0.360967,732000,35318.58,0.3044,good,approve
LP001908,0.36096,1485000,31369.5,0.6272,fair,approve
LP004555,0.360492,4151000,36023.34,0.3231,poor,approve
LP004945,0.360179,4909000,37745.96,0.5309,fair,approve
LP001075,0.360179,625000,21513.11,0.174,poor,approve
LP000041,0.359713,1500000,35292.42,0.2401,good,approve
LP002495,0.359598,1500000,72374.14,0.2831,fair,approve
LP000917,0.35955,1080000,25410.54,0.4014,excellent,approve
LP004424,0.359477,692000,23819.32,0.3621,fair,approve
LP004721,0.359374,418000,14387.97,0.2695,poor,approve
LP000289,0.359016,7354000,91179.08,0.4163,poor,approve
LP001155,0.359004,1500000,35292.42,0.1409,poor,approve
LP001184,0.358995,1738000,13363.72,0.3326,poor,approve
LP004164,0.358763,1500000,35292.42,0.2414,good,approve
LP003492,0.358384,157000,9501.41,0.3963,fair,approve
LP002800,0.357803,1500000,35292.42,0.3378,fair,approve
LP004648,0.3578,487000,13430.46,0.2459,fair,approve
LP002839,0.357374,725000,34980.84,0.3934,excellent,approve
LP001312,0.357107,509000,24558.96,0.4297,excellent,approve
LP000375,0.357019,539000,12681.74,0.2153,fair,approve
LP001395,0.356843,505000,17382.59,0.2886,fair,approve
LP002197,0.356517,546000,26344.19,0.3772,good,approve
LP000864,0.355961,1500000,35292.42,0.3314,fair,approve
LP000810,0.355858,1655000,53208.15,0.475,fair,approve
LP004859,0.355829,485000,23400.97,0.368,excellent,approve
LP004300,0.355592,1500000,72374.14,0.4765,excellent,approve
LP003607,0.355489,1168000,105146.33,0.59,excellent,approve
LP003223,0.354062,1065000,51385.64,0.4086,fair,approve
LP004423,0.353961,192000,9263.89,0.1862,poor,approve
LP000224,0.353812,534000,12564.1,0.2443,fair,approve
LP001479,0.353772,612000,21065.64,0.2569,excellent,approve
LP004980,0.353509,1451000,34139.54,0.3878,excellent,approve
LP002376,0.35334,13672000,118648.79,0.3944,fair,approve
LP003311,0.352997,478000,23063.23,0.3264,fair,approve
LP003428,0.352855,12662000,109883.78,0.3923,poor,approve
LP000780,0.352672,2500000,219499.14,0.5973,good,approve
LP004169,0.35221,479000,23111.48,0.288,fair,approve
LP000108,0.352101,1123000,30970.04,0.269,poor,approve
LP000136,0.351919,277000,13365.09,0.3496,fair,approve
LP002970,0.351724,1500000,41366.93,0.3664,fair,approve
LP002542,0.35139,1147000,26986.94,0.3288,good,approve
LP000231,0.351119,4158000,33481.34,0.3299,poor,approve
LP003433,0.350959,1463000,40346.55,0.3727,fair,approve
LP000399,0.350867,128000,6175.93,0.3015,poor,approve
LP003024,0.350731,1500000,51631.47,0.4213,good,approve
LP000299,0.350659,449000,21663.99,0.2978,fair,approve
LP002271,0.350482,684000,60054.97,0.648,good,approve
LP003872,0.350375,278000,25026.27,0.3983,fair,approve
LP003036,0.350071,1371000,32257.27,0.4324,excellent,approve
LP003348,0.350027,588000,16215.84,0.195,fair,approve
LP001072,0.349869,678000,31208.09,0.5946,fair,approve
LP002257,0.349833,1366000,37671.48,0.3785,fair,approve
LP004327,0.349643,356000,17176.8,0.3327,good,approve
LP003600,0.349641,312000,10739.34,0.3132,good,approve
LP000265,0.349596,553000,25454.38,0.648,good,approve
LP000897,0.349515,958000,32975.3,0.3225,fair,approve
LP003935,0.349429,1535000,13321.09,0.3925,poor,approve
LP004098,0.349393,1500000,35292.42,0.1412,fair,approve
LP004584,0.349392,1500000,41366.93,0.1723,fair,approve
LP000373,0.349273,1035000,28543.18,0.3775,excellent,approve
LP003713,0.348683,1500000,51631.47,0.0659,fair,approve
LP000954,0.348637,811000,27915.41,0.3459,excellent,approve
LP000455,0.348135,502000,13844.13,0.3367,good,approve
LP001388,0.348003,416000,20071.76,0.1879,fair,approve
LP004384,0.347229,268000,9224.82,0.2766,fair,approve
LP001604,0.347223,512000,8433.82,0.4456,fair,approve
LP000573,0.347055,2500000,63106.73,0.3582,poor,approve
LP002275,0.347007,2500000,52810.61,0.1795,poor,approve
LP001149,0.346742,648000,17870.51,0.3488,excellent,approve
LP001089,0.346332,286000,13799.34,0.2298,good,approve
LP001871,0.34617,1500000,35292.42,0.2606,fair,approve
LP004907,0.34565,800000,18822.62,0.3807,excellent,approve
LP004061,0.345511,3715000,32239.63,0.3597,poor,approve
LP001807,0.345394,173000,15573.9,0.3433,fair,approve
LP002218,0.345005,274000,24216.57,0.3827,fair,approve
LP004541,0.344834,477000,23014.98,0.2209,fair,approve
LP003213,0.344433,1000000,32738.72,0.223,poor,approve
LP004172,0.343805,597000,20549.32,0.3658,good,approve
LP002050,0.34375,267000,12882.6,0.265,poor,approve
LP000045,0.343445,900000,43424.49,0.3137,fair,approve
LP004887,0.342232,737000,17340.34,0.3565,good,approve
LP004433,0.342009,407000,14009.34,0.3185,fair,approve
LP001973,0.341892,2748000,22127.64,0.3575,poor,approve
LP004760,0.34173,2500000,52810.61,0.5746,fair,approve
LP003803,0.341302,45000,3977.17,0.1287,poor,approve
LP002489,0.34003,8276000,63635.28,0.4184,fair,approve
LP002130,0.339932,127000,4371.46,0.2779,fair,approve
LP004046,0.339893,2734000,21022.09,0.4691,fair,approve
LP003633,0.339394,559000,18300.94,0.3035,poor,approve
LP001015,0.339385,625000,13202.65,0.585,fair,approve
LP002442,0.339286,2702000,21757.24,0.4047,fair,approve
LP001368,0.339261,1007000,88414.25,0.7129,good,approve
LP002043,0.339244,595000,53563.41,0.4209,good,approve
LP000746,0.339227,1048000,28901.69,0.3698,excellent,approve
LP004405,0.339126,126000,6079.43,0.2238,fair,approve
LP004130,0.339101,1000000,172054.55,0.7445,good,approve
LP003975,0.339043,272000,7501.2,0.1401,poor,approve
LP000956,0.338984,254000,7004.8,0.1449,fair,approve
LP000143,0.338773,298000,18034.53,0.3618,poor,approve
LP001485,0.338581,822000,26427.25,0.5868,fair,approve
LP003310,0.337811,1500000,51631.47,0.3421,good,approve
LP003430,0.337631,3147000,27310.4,0.4507,fair,approve
LP000396,0.337485,161000,5541.78,0.1849,poor,approve
LP004378,0.337161,1500000,41366.93,0.2901,fair,approve
LP001662,0.336067,1500000,51631.47,0.1782,fair,approve
LP000660,0.334807,1000000,46607.84,0.2671,poor,approve
LP003599,0.334803,751000,15864.31,0.5498,fair,approve
LP002829,0.334569,511000,17589.12,0.2474,fair,approve
LP000248,0.334448,5156000,41517.51,0.4509,fair,approve
LP000711,0.334178,210000,7228.41,0.1994,fair,approve
LP003034,0.334073,1500000,41366.93,0.2397,fair,approve
LP003506,0.334042,1500000,35292.42,0.3021,fair,approve
LP001227,0.333569,6770000,58751.63,0.4138,poor,approve
LP000292,0.333407,606000,54553.66,0.3459,fair,approve
LP001272,0.333091,408000,35822.26,0.6913,excellent,approve
LP000770,0.333005,2653000,23023.35,0.4283,poor,approve
LP000452,0.332877,110000,18926.0,0.4269,poor,approve
LP001350,0.332386,630000,15902.9,0.6325,fair,approve
LP003084,0.332321,233000,11242.12,0.2512,poor,approve
LP002984,0.332249,412000,19878.76,0.3245,fair,approve
LP000072,0.33222,2500000,52810.61,0.5254,fair,approve
LP001342,0.332181,266000,12834.35,0.2038,good,approve
LP001610,0.332101,1023000,89819.05,0.6478,good,approve
LP002322,0.332027,1500000,51631.47,0.481,excellent,approve
LP002983,0.331712,3387000,27273.04,0.4511,fair,approve
LP002965,0.331573,1729000,43644.61,0.5683,fair,approve
LP003273,0.331429,2301000,58083.43,0.4963,fair,approve
LP000904,0.331097,1500000,35292.42,0.3449,good,approve
LP004722,0.33075,183000,8829.65,0.3044,fair,approve
LP003082,0.330573,1500000,72374.14,0.4554,good,approve
LP003709,0.330308,1000000,60518.54,0.3764,fair,approve
LP001684,0.330215,5676000,49257.65,0.4975,fair,approve
LP003154,0.32963,707000,14934.84,0.6159,fair,approve
LP000611,0.328698,866000,21860.17,0.3689,poor,approve
LP002653,0.328581,224000,7333.47,0.3124,fair,approve
LP002272,0.328355,1500000,41366.93,0.398,good,approve
LP003894,0.328098,1192000,25180.1,0.31,fair,approve
LP001526,0.328062,964000,44372.56,0.5858,fair,approve
LP002247,0.328056,135000,8170.0,0.3399,poor,approve
LP001323,0.327595,2500000,41180.74,0.2386,poor,approve
LP002268,0.327266,1354000,28602.23,0.5835,fair,approve
LP001753,0.327202,1228000,20227.98,0.4744,fair,approve
LP003026,0.327051,365000,10065.95,0.3151,good,approve
LP003954,0.326504,355000,12219.45,0.3583,excellent,approve
LP001156,0.326173,1500000,41366.93,0.267,fair,approve
LP004978,0.326139,2157000,45564.99,0.6006,fair,approve
LP004979,0.326095,2500000,80374.85,0.2111,poor,approve
LP000650,0.325854,1078000,27211.62,0.7156,fair,approve
LP001217,0.325495,1118000,26304.62,0.3777,excellent,approve
LP001433,0.325472,58000,5126.14,0.1282,poor,approve
LP000871,0.325446,333000,9183.46,0.1849,fair,approve
LP000645,0.325429,53000,2557.22,0.2084,fair,approve
LP001529,0.325369,1500000,35292.42,0.3203,fair,approve
LP001037,0.325273,281000,13096.8,0.2831,fair,approve
LP002811,0.324817,204000,5625.9,0.1877,fair,approve
LP000180,0.324509,6020000,48474.67,0.2678,poor,approve
LP002239,0.324423,2500000,63106.73,0.5172,fair,approve
LP002485,0.324235,161000,14493.63,0.3956,fair,approve
LP003656,0.324223,1500000,35292.42,0.1473,fair,approve
LP002666,0.323988,151000,5197.57,0.1369,poor,approve
LP000457,0.32378,1258000,31755.31,0.3572,poor,approve
LP000621,0.323606,1192000,30089.29,0.4224,poor,approve
LP004123,0.323598,2462000,52007.89,0.5445,fair,approve
LP003789,0.32339,2294000,48459.01,0.5719,good,approve
LP003256,0.32277,587000,14817.46,0.1601,poor,approve
LP003167,0.321965,1500000,35292.42,0.2839,fair,approve
LP002014,0.321947,242000,11676.36,0.3708,fair,approve
LP003004,0.321936,801000,72108.06,0.401,excellent,approve
LP004941,0.321796,1500000,41366.93,0.3617,excellent,approve
LP000144,0.321729,2391000,20749.65,0.3825,poor,approve
LP001979,0.321553,892000,78836.44,0.2942,poor,approve
LP003682,0.321516,2105000,34674.18,0.3801,poor,approve
LP002296,0.321057,751000,20711.04,0.1914,fair,approve
LP001970,0.320743,165000,14853.72,0.3505,good,approve
LP002172,0.320377,625000,14705.18,0.3089,fair,approve
LP004691,0.319819,633000,14893.4,0.3023,fair,approve
LP000344,0.319651,6458000,56044.02,0.2666,poor,approve
LP003522,0.319511,585000,16133.1,0.3501,excellent,approve
LP003990,0.319356,2410000,23732.22,0.3176,poor,approve
LP001858,0.3188,612000,29528.65,0.3444,fair,approve
LP002156,0.318677,792000,25462.75,0.5003,fair,approve
LP003420,0.318421,2500000,52810.61,0.4461,poor,approve
LP001457,0.318342,228000,11000.87,0.3026,good,approve
LP002395,0.317985,1983000,32664.56,0.4592,fair,approve
LP002684,0.317969,1587000,51021.96,0.4886,fair,approve
LP002189,0.317945,225000,7744.72,0.2047,fair,approve
LP000744,0.317687,981000,47332.69,0.3809,excellent,approve
LP004305,0.317687,556000,19138.06,0.2804,excellent,approve
LP003315,0.317558,261000,23067.61,0.4675,fair,approve
LP003741,0.31743,5887000,51088.75,0.3039,poor,approve
LP003018,0.317218,118000,5693.43,0.186,poor,approve
LP002741,0.317215,210000,18560.15,0.1111,poor,approve
LP001645,0.316961,1257000,57859.24,0.4415,poor,approve
LP004375,0.316893,651000,31410.38,0.3338,excellent,approve
LP004897,0.316883,1956000,41319.02,0.3265,poor,approve
LP004732,0.316136,286000,9844.4,0.2572,excellent,approve
LP002610,0.315787,1141000,36683.08,0.4145,poor,approve
LP002240,0.31576,2174000,69893.97,0.561,fair,approve
LP004770,0.315671,461000,9738.28,0.437,poor,approve
LP001522,0.315401,356000,17176.8,0.2884,fair,approve
LP004323,0.315371,1596000,73463.28,0.5249,fair,approve
LP001632,0.315293,833000,73621.92,0.5354,fair,approve
LP004860,0.315258,7944000,63967.24,0.3412,poor,approve
LP000310,0.315143,1466000,30968.14,0.4957,fair,approve
LP004649,0.315055,506000,13954.44,0.3524,excellent,approve
LP002947,0.31444,691000,22215.61,0.2593,poor,approve
LP001256,0.314315,7615000,58552.76,0.462,poor,approve
LP000494,0.314206,3554000,30842.44,0.4222,poor,approve
LP001105,0.314189,940000,23728.13,0.4468,poor,approve
LP002147,0.314113,196000,17644.42,0.4263,excellent,approve
LP004345,0.314039,1000000,60518.54,0.3603,poor,approve
LP004018,0.313996,284000,7832.14,0.1947,good,approve
LP001239,0.313992,2402000,50740.43,0.5528,fair,approve
LP004221,0.313713,498000,16010.67,0.7084,good,approve
LP004837,0.313539,1500000,35292.42,0.1365,excellent,approve
LP000340,0.313526,6325000,48633.78,0.4856,fair,approve
LP002795,0.313491,197000,6780.93,0.2817,fair,approve
LP001320,0.31349,227000,5730.09,0.4006,poor,approve
LP003660,0.313411,1500000,35292.42,0.1194,fair,approve
LP001901,0.31267,1500000,41366.93,0.342,good,approve
LP004947,0.312545,342000,16501.3,0.2431,fair,approve
LP003374,0.312438,1500000,51631.47,0.3259,good,approve
LP004806,0.312221,331000,15970.56,0.1983,fair,approve
LP004815,0.312114,1040000,47870.81,0.6865,fair,approve
LP001171,0.311826,552000,33406.24,0.2172,fair,approve
LP000661,0.311818,256000,11783.58,0.3865,good,approve
LP004768,0.311598,274000,13220.34,0.2158,fair,approve
LP000760,0.311522,6347000,51107.76,0.4902,poor,approve
LP001976,0.311149,298000,8218.23,0.2036,good,approve
LP000896,0.310912,1544000,38974.72,0.5403,good,approve
LP003112,0.310898,856000,39896.31,0.3553,fair,approve
LP000110,0.310823,806000,18963.79,0.3513,excellent,approve
LP002692,0.310557,67000,3232.71,0.182,fair,approve
LP003686,0.310547,1500000,13017.35,0.4255,fair,approve
LP002497,0.310476,8813000,67764.35,0.4913,fair,approve
LP001652,0.310226,1500000,41366.93,0.1901,fair,approve
LP003379,0.309941,2500000,63106.73,0.416,fair,approve
LP004107,0.30975,968000,31121.14,0.4725,fair,approve
LP000841,0.309436,453000,14563.92,0.5331,good,approve
LP000815,0.309416,1336000,61495.58,0.5921,good,approve
LP002396,0.309288,2500000,80374.85,0.5172,excellent,approve
LP000070,0.309086,941000,45402.71,0.2801,good,approve
LP003459,0.309053,149000,13413.36,0.3422,fair,approve
LP000294,0.308764,150000,5163.15,0.125,poor,approve
LP001894,0.308737,762000,35515.17,0.3852,poor,approve
LP004743,0.308702,469000,41178.04,0.6474,good,approve
LP001173,0.307904,362000,32588.16,0.3531,good,approve
LP000211,0.307794,1500000,41366.93,0.3663,excellent,approve
LP002097,0.307773,1759000,37157.54,0.4174,fair,approve
LP001518,0.307454,356000,8376.07,0.3353,excellent,approve
LP003407,0.307279,1500000,41366.93,0.2274,fair,approve
LP001922,0.30677,505000,13926.87,0.3451,excellent,approve
LP000883,0.306513,276000,6966.98,0.3638,poor,approve
LP003228,0.30598,171000,7969.94,0.3068,poor,approve
LP001968,0.305958,271000,23793.71,0.586,good,approve
LP003878,0.305915,1500000,41366.93,0.3126,excellent,approve
LP004112,0.305709,9132000,73533.34,0.4967,fair,approve
LP000178,0.305569,696000,16375.68,0.1562,fair,approve
LP000380,0.305139,1950000,16922.55,0.3727,fair,approve
LP000937,0.305024,528000,16975.17,0.5639,good,approve
LP002226,0.304789,623000,30059.39,0.2896,excellent,approve
LP002180,0.304695,1256000,26532.05,0.5268,fair,approve
LP004635,0.304667,983000,47429.19,0.4303,good,approve
LP002604,0.304395,646000,17815.36,0.2647,good,approve
LP000845,0.304272,1837000,46370.82,0.5837,fair,approve
LP003745,0.304211,1585000,50957.66,0.6832,good,approve
LP002723,0.303918,1500000,51631.47,0.3214,good,approve
LP002031,0.303884,2500000,63106.73,0.4029,poor,approve
LP002273,0.302953,1500000,14771.09,0.3339,fair,approve
LP003416,0.302772,529000,46753.9,0.5388,good,approve
LP001506,0.302723,628000,17318.95,0.2883,excellent,approve
LP003971,0.302615,1468000,24181.33,0.3637,poor,approve
LP003066,0.302577,1368000,28897.97,0.4548,fair,approve
LP002920,0.302524,1500000,35292.42,0.1325,fair,approve
LP001778,0.302495,1204000,41442.86,0.3699,fair,approve
LP004410,0.30237,1500000,51631.47,0.3275,fair,approve
LP003095,0.302369,1018000,35040.56,0.3289,good,approve
LP004308,0.302068,1500000,41366.93,0.419,good,approve
LP004404,0.302064,1530000,25202.61,0.3688,fair,approve
LP000652,0.301967,1500000,35292.42,0.1902,excellent,approve
LP002242,0.301937,2500000,115074.06,0.6605,good,approve
LP003141,0.301761,637000,30734.89,0.4059,excellent,approve
LP002338,0.301376,488000,13458.04,0.2027,excellent,approve
LP003037,0.301024,1500000,35292.42,0.294,fair,approve
LP000464,0.300912,839000,23137.9,0.2708,excellent,approve
LP004461,0.300609,222000,38196.11,0.8052,fair,approve
LP003149,0.300415,701000,32266.77,0.5767,good,approve
LP002204,0.300334,404000,11141.49,0.1788,fair,approve
LP001032,0.300234,15000000,115337.02,0.3971,poor,approve
LP003889,0.299847,487000,16763.02,0.2354,good,approve
LP003798,0.299822,1980000,41826.0,0.5287,fair,approve
LP003114,0.299499,1385000,32586.67,0.279,fair,approve
LP000749,0.299354,2500000,52810.61,0.4534,good,approve
LP000839,0.29934,1605000,51600.66,0.5233,fair,approve
LP004863,0.299338,323000,28359.29,0.7163,excellent,approve
LP000430,0.298794,1709000,36101.33,0.3773,poor,approve
LP002929,0.298364,2011000,64653.53,0.6338,good,approve
LP001540,0.298165,1050000,36142.03,0.2485,good,approve
LP003212,0.297441,333000,16067.06,0.1789,good,approve
LP000676,0.29732,363000,12494.81,0.303,excellent,approve
LP004605,0.297278,2500000,52810.61,0.5248,good,approve
LP000174,0.296645,661000,16685.42,0.4786,fair,approve
LP001000,0.296403,1399000,48154.95,0.4095,excellent,approve
LP004621,0.295722,3000000,26034.7,0.3156,fair,approve
LP003124,0.295272,1376000,47363.26,0.2645,fair,approve
LP000451,0.295033,1700000,42912.57,0.5153,fair,approve
LP000374,0.294586,786000,36179.28,0.4256,poor,approve
LP003548,0.294428,627000,20158.01,0.6457,good,approve
LP000792,0.294117,1000000,46607.84,0.277,poor,approve
LP001035,0.293971,630000,17374.11,0.2656,fair,approve
LP002183,0.293839,1614000,51890.0,0.6644,good,approve
LP001319,0.293803,1500000,41366.93,0.1798,good,approve
LP004786,0.293705,1645000,52886.65,0.5879,fair,approve
LP000212,0.293445,78000,4720.45,0.2021,poor,approve
LP001063,0.29308,453000,11434.94,0.3722,poor,approve
LP003735,0.292911,3257000,28265.0,0.4203,fair,approve
LP004065,0.292778,143000,4922.2,0.345,fair,approve
LP001507,0.292167,1346000,28433.23,0.4406,fair,approve
LP004938,0.291868,1500000,35292.42,0.2196,fair,approve
LP003958,0.291722,1500000,35292.42,0.1615,good,approve
LP001691,0.291672,862000,27713.25,0.7535,fair,approve
LP001812,0.290943,103000,9272.32,0.3276,fair,approve
LP002089,0.290737,5526000,44496.85,0.4392,poor,approve
LP002111,0.290075,321000,8852.52,0.1729,fair,approve
LP004437,0.290072,1500000,13017.35,0.4557,poor,approve
LP003258,0.289924,507000,87231.66,0.6702,good,approve
LP004145,0.289675,1050000,22180.46,0.534,fair,approve
LP004474,0.289404,676000,31116.03,0.583,good,approve
LP003507,0.288952,323000,11117.98,0.3214,good,approve
LP004558,0.288257,587000,27358.8,0.1534,poor,approve
LP003441,0.288078,251000,12110.61,0.1935,fair,approve
LP002354,0.287952,953000,30638.89,0.5264,fair,approve
LP003728,0.287067,575000,18486.22,0.4982,good,approve
LP001981,0.286659,1595000,33693.17,0.6018,fair,approve
LP003065,0.285851,1283000,35382.51,0.1769,fair,approve
LP003863,0.285679,97000,16689.29,0.2385,poor,approve
LP002915,0.285633,430000,14801.02,0.2886,good,approve
LP000296,0.285568,1000000,32738.72,0.1843,poor,approve
LP003181,0.285549,404000,19492.77,0.344,fair,approve
LP002114,0.285119,796000,27399.1,0.355,excellent,approve
LP004248,0.284994,828000,20900.95,0.5682,fair,approve
LP001541,0.284552,1000000,46607.84,0.2463,poor,approve
LP000336,0.284512,701000,33822.85,0.4171,excellent,approve
LP003795,0.284472,1770000,44679.56,0.5727,fair,approve
LP004982,0.284427,1312000,33118.41,0.6723,fair,approve
LP000388,0.284416,837000,28810.36,0.2583,fair,approve
LP002263,0.283514,1498000,48160.61,0.6241,good,approve
LP004989,0.283262,104000,6293.93,0.1484,poor,approve
LP003948,0.282982,1579000,50764.76,0.5746,good,approve
LP004956,0.282913,818000,22558.77,0.2223,excellent,approve
LP002827,0.282827,208000,9574.16,0.3281,good,approve
LP000622,0.282685,240000,11185.88,0.2514,poor,approve
LP004943,0.28244,914000,80780.84,0.6813,fair,approve
LP000201,0.282306,707000,17846.58,0.3292,poor,approve
LP003717,0.282242,1889000,47683.44,0.6668,good,approve
LP001571,0.282165,233000,11242.12,0.2864,fair,approve
LP002775,0.282058,1796000,57741.29,0.6313,fair,approve
LP004850,0.281186,199000,9601.64,0.2119,poor,approve
LP001667,0.281101,745000,15737.56,0.3466,poor,approve
LP003649,0.281035,1182000,24968.86,0.4546,good,approve
LP002490,0.280955,1149000,29003.85,0.3643,poor,approve
LP002584,0.280227,1500000,35292.42,0.3693,good,approve
LP003007,0.280058,2344000,38611.06,0.4226,fair,approve
LP002066,0.280032,1761000,44452.38,0.4931,good,approve
LP002162,0.280016,1500000,72374.14,0.3626,good,approve
LP002353,0.279926,1316000,27799.5,0.5426,good,approve
LP001011,0.279385,3585000,28867.39,0.4313,fair,approve
LP002498,0.27936,2500000,52810.61,0.4546,good,approve
LP004535,0.278545,461000,12713.44,0.2493,excellent,approve
LP003710,0.278422,1829000,46168.88,0.3708,good,approve
LP003722,0.278297,532000,18311.96,0.2749,good,approve
LP000928,0.278268,467000,12878.9,0.3333,good,approve
LP001029,0.27784,498000,24028.22,0.3124,good,approve
LP001866,0.277586,738000,25402.68,0.3236,good,approve
LP003662,0.277578,1000000,46607.84,0.2764,poor,approve
LP002358,0.277549,1400000,64441.47,0.6841,fair,approve
LP002470,0.277199,796000,25591.35,0.5374,good,approve
LP000888,0.276492,818000,28156.36,0.2151,fair,approve
LP002516,0.276407,1500000,35292.42,0.2409,fair,approve
LP001826,0.276222,7922000,63790.09,0.4609,poor,approve
LP004406,0.276013,391000,17997.58,0.3634,good,approve
LP004170,0.275789,244000,21965.5,0.3492,good,approve
LP000482,0.275445,367000,33038.27,0.3321,fair,approve
LP002281,0.275153,700000,17669.88,0.4782,fair,approve
LP003388,0.275122,695000,17543.67,0.3461,poor,approve
LP004371,0.274886,831000,20976.68,0.5261,fair,approve
LP000618,0.274855,268000,12335.94,0.3602,poor,approve
LP001623,0.27437,416000,14319.13,0.1408,fair,approve
LP003625,0.274359,3528000,30616.8,0.3128,fair,approve
LP001710,0.274112,1500000,41366.93,0.3051,excellent,approve
LP001389,0.273853,2980000,25861.13,0.3846,fair,approve
LP002879,0.273659,369000,17804.04,0.2333,good,approve
LP004539,0.273551,957000,44603.7,0.3283,poor,approve
LP002563,0.273549,1288000,32512.59,0.5634,fair,approve
LP003940,0.273526,1404000,48327.05,0.3828,good,approve
LP002367,0.273042,1500000,35292.42,0.3372,fair,approve
LP001481,0.272783,204000,9390.04,0.4301,good,approve
LP000350,0.272448,625000,20093.71,0.5788,good,approve
LP003905,0.272372,1621000,40918.4,0.5471,fair,approve
LP001516,0.272201,813000,20522.31,0.6756,fair,approve
LP003861,0.272119,528000,24608.94,0.2214,poor,approve
LP004238,0.271909,329000,11324.5,0.2835,excellent,approve
LP003346,0.27185,963000,20342.65,0.4178,good,approve
LP002996,0.271172,1500000,41366.93,0.1346,good,approve
LP001366,0.271071,903000,19075.19,0.5108,fair,approve
LP004207,0.271062,290000,13992.33,0.309,good,approve
LP004325,0.270887,672000,21604.76,0.4607,fair,approve
LP002062,0.270186,952000,45933.46,0.3078,good,approve
LP003855,0.269981,1388000,29320.45,0.4516,fair,approve
LP001207,0.269632,154000,9319.86,0.3538,fair,approve
LP000970,0.269603,220000,13314.08,0.421,fair,approve
LP001671,0.26945,822000,26427.25,0.4732,good,approve
LP002789,0.269401,1500000,41366.93,0.3911,good,approve
LP003146,0.269041,4451000,35840.66,0.3553,fair,approve
LP004264,0.269015,574000,19757.64,0.2415,good,approve
LP002099,0.269001,830000,38204.59,0.708,fair,approve
LP003022,0.268817,1021000,32825.09,0.6876,good,approve
LP003234,0.268164,997000,45891.54,0.5725,good,approve
LP000449,0.268115,1000000,60518.54,0.1334,fair,approve
LP003678,0.267851,200000,9649.89,0.2909,good,approve
LP003227,0.267537,654000,21026.06,0.5955,good,approve
LP000181,0.267506,1500000,41366.93,0.3351,fair,approve
LP000761,0.267294,1476000,47453.31,0.5768,good,approve
LP000027,0.266902,473000,42580.66,0.3318,good,approve
LP000614,0.266635,1359000,37478.44,0.31,excellent,approve
LP003100,0.265806,1216000,30695.11,0.6556,good,approve
LP003454,0.265525,838000,17702.12,0.5814,good,approve
LP003673,0.265448,923000,25454.45,0.2783,good,approve
LP004571,0.265248,325000,8962.83,0.1703,good,approve
LP000697,0.265234,385000,18576.03,0.1915,fair,approve
LP001833,0.265207,1833000,38720.74,0.602,fair,approve
LP000370,0.265152,1224000,30897.05,0.6317,good,approve
LP004200,0.265129,1500000,41366.93,0.1572,fair,approve
LP000565,0.264805,1000000,88381.66,0.3387,good,approve
LP000242,0.264747,299000,8245.81,0.1817,good,approve
LP000410,0.264452,157000,13875.92,0.4483,fair,approve
LP001354,0.264418,798000,20143.67,0.6799,good,approve
LP001726,0.264052,787000,16624.78,0.5972,fair,approve
LP004223,0.263972,894000,22566.97,0.4529,good,approve
LP003629,0.263934,562000,25868.65,0.551,good,approve
LP001749,0.263658,1500000,41366.93,0.1836,fair,approve
LP004150,0.263494,776000,19588.33,0.4925,fair,approve
LP003161,0.262872,1977000,41762.63,0.573,good,approve
LP002546,0.261997,900000,41947.05,0.3763,good,approve
LP004089,0.261828,392000,13493.02,0.1948,excellent,approve
LP001296,0.2618,2092000,67257.68,0.5096,fair,approve
LP000524,0.261663,358000,61595.53,0.5293,fair,approve
LP004369,0.261475,709000,33044.96,0.3488,good,approve
LP004397,0.261233,699000,22472.81,0.4822,fair,approve
LP002997,0.261181,1102000,23278.92,0.1825,fair,approve
LP003253,0.261068,3305000,28681.56,0.3691,poor,approve
LP003027,0.260455,175000,8443.65,0.3969,excellent,approve
LP004965,0.260443,1500000,41366.93,0.2511,good,approve
LP000480,0.260381,226000,5317.39,0.271,fair,approve
LP003261,0.260303,901000,41993.66,0.4394,good,approve
LP002429,0.259925,394000,23844.31,0.4403,good,approve
LP000548,0.25991,537000,25028.41,0.3888,poor,approve
LP003179,0.259549,1063000,26832.98,0.5888,good,approve
LP003099,0.259371,969000,24460.17,0.4685,good,approve
LP003896,0.259011,1000000,60518.54,0.1775,good,approve
LP004579,0.258946,82000,7247.3,0.4539,poor,approve
LP001644,0.258497,886000,28484.85,0.367,poor,approve
LP003590,0.258424,659000,22683.42,0.2187,good,approve
LP004133,0.258416,1500000,35292.42,0.3101,good,approve
LP004085,0.258379,1500000,35292.42,0.3435,good,approve
LP004547,0.258196,374000,18045.29,0.3664,excellent,approve
LP004458,0.257865,618000,37400.46,0.4668,fair,approve
LP001187,0.257733,171000,5885.99,0.3158,excellent,approve
LP004744,0.257655,1636000,75304.47,0.446,good,approve
LP003046,0.257609,1266000,40701.83,0.5257,good,approve
LP001137,0.257526,1809000,45664.03,0.4088,fair,approve
LP003543,0.257481,540000,26054.69,0.2906,good,approve
LP001425,0.257392,129000,6012.41,0.332,poor,approve
LP004438,0.257333,515000,17726.8,0.193,good,approve
LP003064,0.257293,479000,16487.65,0.3383,excellent,approve
LP001285,0.257138,390000,13424.18,0.2262,excellent,approve
LP004879,0.256784,1965000,49601.89,0.5047,excellent,approve
LP000105,0.256726,611000,19643.61,0.4352,fair,approve
LP001133,0.2562,315000,27840.22,0.1837,poor,approve
LP003848,0.255997,1500000,41366.93,0.2288,good,approve
LP003986,0.255657,1183000,32624.72,0.2933,fair,approve
LP002270,0.25509,623000,55061.77,0.2523,poor,approve
LP003320,0.254999,521000,17933.33,0.2377,excellent,approve
LP001685,0.254693,4861000,42184.89,0.4003,poor,approve
LP004294,0.254315,2500000,63106.73,0.5635,excellent,approve
LP002959,0.254161,284000,13702.84,0.3779,good,approve
LP000582,0.254122,1718000,36291.45,0.4436,good,approve
LP001887,0.254069,1500000,41366.93,0.1858,fair,approve
LP004681,0.253541,1500000,72374.14,0.1861,fair,approve
LP003089,0.253345,410000,14112.6,0.2238,good,approve
LP002153,0.253202,1500000,35292.42,0.176,excellent,approve
LP004310,0.253095,1894000,40009.32,0.4925,good,approve
LP002274,0.253094,1127000,38792.44,0.1725,fair,approve
LP002724,0.252553,484000,16659.75,0.243,excellent,approve
LP003998,0.251794,9437000,81896.48,0.3395,poor,approve
LP002531,0.251787,4783000,36777.13,0.432,fair,approve
LP001991,0.251775,486000,16728.6,0.2333,good,approve
LP003333,0.251644,324000,28447.09,0.5668,excellent,approve
LP002315,0.251614,1500000,41366.93,0.2655,excellent,approve
LP002440,0.250954,1500000,35292.42,0.2787,fair,approve
LP004058,0.250947,2071000,66582.53,0.4988,good,approve
LP003655,0.250661,1000000,60518.54,0.2483,good,approve
LP004484,0.250374,1970000,32450.42,0.3357,poor,approve
LP003623,0.24987,852000,29326.67,0.2365,fair,approve
LP000495,0.249708,578000,19895.32,0.3218,excellent,approve
LP001934,0.249541,448000,15420.6,0.2646,excellent,approve
LP002963,0.249524,203000,9794.63,0.236,fair,approve
LP004380,0.249353,1500000,72374.14,0.3096,excellent,approve
LP000692,0.249001,504000,30501.35,0.3429,poor,approve
LP000033,0.24878,3314000,26685.23,0.2429,poor,approve
LP000043,0.248135,184000,8877.89,0.2115,poor,approve
LP003734,0.248114,333000,9183.46,0.1771,excellent,approve
LP001316,0.247985,370000,11895.48,0.4784,excellent,approve
LP003196,0.247693,396000,23965.34,0.2811,poor,approve
LP001490,0.24766,1009000,25469.88,0.5101,fair,approve
LP003070,0.247494,1352000,22270.54,0.4932,good,approve
LP003329,0.247425,1602000,33841.04,0.3755,good,approve
LP001168,0.247209,579000,18955.72,0.3051,poor,approve
LP004906,0.247189,115000,5548.68,0.259,fair,approve
LP004374,0.246862,1000000,60518.54,0.2838,good,approve
LP000830,0.246597,846000,17871.11,0.471,fair,approve
LP002901,0.246396,1812000,15724.96,0.3195,fair,approve
LP004184,0.246354,1952000,41234.52,0.4985,good,approve
LP003200,0.246342,568000,34374.53,0.1279,poor,approve
LP001001,0.246267,2500000,52810.61,0.4242,good,approve
LP001501,0.246267,357000,9011.64,0.1727,poor,approve
LP001511,0.246204,1500000,41366.93,0.2637,good,approve
LP003349,0.246167,890000,28613.45,0.5502,good,approve
LP000094,0.246066,1000000,60518.54,0.2003,good,approve
LP001747,0.246062,1000000,46607.84,0.3379,fair,approve
LP001169,0.245577,108000,9722.43,0.4273,good,approve
LP002319,0.245514,808000,38985.54,0.318,good,approve
LP004652,0.245425,393000,18962.03,0.1829,fair,approve
LP002149,0.245266,611000,36976.83,0.4135,poor,approve
LP004288,0.245163,970000,15978.13,0.2578,poor,approve
LP000122,0.244967,470000,22677.23,0.3492,excellent,approve
LP002763,0.24487,169000,15213.81,0.3455,fair,approve
LP001142,0.244776,51000,4591.15,0.3771,good,approve
LP000664,0.244638,693000,31898.53,0.4428,good,approve
LP003535,0.244536,9364000,75401.46,0.2714,poor,approve
LP003924,0.244512,651000,21312.9,0.2742,poor,approve
LP002072,0.24417,1041000,35832.24,0.3473,good,approve
LP003994,0.243855,1500000,41366.93,0.2437,good,approve
LP001582,0.243538,800000,36823.7,0.6397,good,approve
LP000575,0.243487,1232000,33976.04,0.3198,good,approve
LP001819,0.243342,561000,49582.11,0.5134,good,approve
LP000489,0.243004,1500000,41366.93,0.1995,good,approve
LP004383,0.242809,531000,25620.45,0.2981,excellent,approve
LP000197,0.242765,1280000,41151.92,0.5274,good,approve
LP004939,0.242757,705000,32858.53,0.3986,fair,approve
LP003162,0.242689,1500000,51631.47,0.3463,good,approve
LP003270,0.242685,231000,7562.64,0.2375,poor,approve
LP001154,0.242659,1810000,58191.39,0.4963,good,approve
LP000022,0.242181,1358000,62508.23,0.4581,fair,approve
LP000113,0.24198,7572000,65711.58,0.4116,poor,approve
LP004842,0.241824,603000,28104.53,0.405,fair,approve
LP001298,0.241261,449000,21663.99,0.2092,fair,approve
LP004368,0.241196,1361000,34355.3,0.5589,good,approve
LP000314,0.241114,2500000,20130.68,0.3187,fair,approve
LP002801,0.240875,585000,19152.15,0.2879,poor,approve
LP004811,0.240744,1500000,35292.42,0.1799,excellent,approve
LP002076,0.240697,1331000,42791.57,0.5703,good,approve
LP001743,0.24065,672000,32423.62,0.178,good,approve
LP003569,0.240564,488000,16797.44,0.3136,excellent,approve
LP004463,0.240535,1069000,26984.44,0.7226,excellent,approve
LP004446,0.240478,1500000,41366.93,0.2791,fair,approve
LP002090,0.240355,2500000,63106.73,0.488,good,approve
LP000727,0.240308,341000,15696.1,0.3459,poor,approve
LP000738,0.2402,1000000,32738.72,0.1179,poor,approve
LP000412,0.240197,839000,28879.2,0.2988,good,approve
LP002949,0.240176,1789000,37791.27,0.4377,poor,approve
LP003754,0.240025,1602000,13902.53,0.2884,poor,approve
LP003932,0.239922,6713000,51617.16,0.4348,poor,approve
LP004155,0.239884,1500000,41366.93,0.325,excellent,approve
LP003366,0.239845,2500000,52810.61,0.3671,fair,approve
LP001702,0.239824,1513000,31960.98,0.5421,good,approve
LP003052,0.239325,1500000,51631.47,0.3512,good,approve
LP000607,0.239282,440000,20507.45,0.241,poor,approve
LP001502,0.239151,1066000,25081.15,0.2278,good,approve
LP000597,0.239035,2026000,51141.69,0.6155,good,approve
LP004075,0.238934,890000,29137.46,0.1764,poor,approve
LP000515,0.238643,333000,15327.86,0.4778,fair,approve
LP000898,0.238623,594000,28660.16,0.3399,excellent,approve
LP003586,0.238419,1302000,41859.22,0.4233,good,approve
LP004831,0.237705,633000,15978.62,0.3697,poor,approve
LP000170,0.237613,2500000,52810.61,0.3156,fair,approve
LP000424,0.2376,396000,34999.14,0.3582,good,approve
LP000619,0.237471,2855000,28114.31,0.4409,poor,approve
LP004268,0.237374,491000,11552.39,0.3088,excellent,approve
LP000187,0.237287,338000,11634.29,0.1532,excellent,approve
LP004955,0.237172,783000,37779.3,0.3512,good,approve
LP004565,0.237062,799000,20168.91,0.4961,excellent,approve
LP004042,0.237012,238000,8192.19,0.2929,good,approve
LP003248,0.237009,1500000,35292.42,0.1963,good,approve
LP004532,0.23685,472000,15174.77,0.5906,excellent,approve
LP002555,0.236766,1402000,23094.16,0.4516,fair,approve
LP002148,0.236519,1500000,41366.93,0.3382,good,approve
LP000963,0.236495,1500000,51631.47,0.3577,good,approve
LP001165,0.236392,154000,7088.56,0.3453,poor,approve
LP000097,0.236316,1157000,19058.45,0.4462,fair,approve
LP002356,0.236312,2500000,115074.06,0.4059,poor,approve
LP002028,0.236247,409000,14078.18,0.1879,excellent,approve
LP001465,0.23618,1500000,41366.93,0.2958,excellent,approve
LP004799,0.236123,634000,29549.37,0.4206,poor,approve
LP000516,0.236122,2025000,42776.59,0.4568,good,approve
LP002349,0.235927,2176000,45966.35,0.4744,fair,approve
LP002360,0.235842,969000,45163.0,0.2416,fair,approve
LP003856,0.235832,1500000,35292.42,0.2501,good,approve
LP004486,0.235792,1394000,35188.31,0.4812,good,approve
LP003778,0.235782,426000,19608.62,0.3083,good,approve
LP001188,0.235649,299000,14426.58,0.3068,good,approve
LP000379,0.234641,850000,27827.91,0.2472,poor,approve
LP003186,0.234603,4744000,41169.53,0.384,poor,approve
LP001224,0.234214,1500000,35292.42,0.1462,good,approve
LP002348,0.233664,1500000,35292.42,0.3542,excellent,approve
LP003417,0.233523,1000000,60518.54,0.2907,fair,approve
LP003025,0.233492,1363000,34405.79,0.2593,poor,approve
LP004638,0.233465,382000,13148.81,0.254,excellent,approve
LP000148,0.23264,1009000,32439.29,0.5477,good,approve
LP002325,0.23242,1143000,28852.4,0.4415,poor,approve
LP004847,0.232119,712000,15040.46,0.2995,poor,approve
LP000104,0.23202,1402000,35390.25,0.5995,good,approve
LP004426,0.231862,1020000,32792.94,0.6076,good,approve
LP001751,0.231605,1184000,40754.44,0.2288,good,approve
LP002987,0.23147,164000,7912.91,0.276,good,approve
LP000909,0.231405,1267000,58319.53,0.5161,good,approve
LP001538,0.231051,250000,12062.36,0.282,good,approve
LP000304,0.230882,1585000,50957.66,0.6152,excellent,approve
LP003799,0.230636,245000,21653.51,0.5155,fair,approve
LP001002,0.2299,601000,53117.38,0.5043,good,approve
LP002501,0.229481,1000000,60518.54,0.5024,excellent,approve
LP001550,0.228695,2155000,54398.0,0.3343,poor,approve
LP002215,0.228653,543000,17777.12,0.2528,poor,approve
LP004297,0.228621,2500000,63106.73,0.3416,poor,approve
LP003805,0.228567,3352000,26991.21,0.3161,poor,approve
LP003817,0.228497,1206000,25475.84,0.4953,good,approve
LP000679,0.228473,782000,16519.16,0.3083,poor,approve
LP001248,0.228356,2500000,63106.73,0.4112,fair,approve
LP002679,0.228248,737000,33923.83,0.6743,good,approve
LP004495,0.228077,376000,17307.14,0.5626,excellent,approve
LP003558,0.227859,1515000,32003.23,0.4272,good,approve
LP000741,0.227683,926000,56040.17,0.4312,good,approve
LP004343,0.227402,42000,7226.29,0.2318,poor,approve
LP003591,0.227384,2091000,67225.53,0.4411,excellent,approve
LP000885,0.227149,330000,15189.78,0.5134,excellent,approve
LP003000,0.227133,2500000,52810.61,0.355,fair,approve
LP000061,0.226987,1500000,41366.93,0.2619,excellent,approve
LP003979,0.22694,323000,15584.57,0.2076,excellent,approve
LP003139,0.226757,2500000,41180.74,0.3783,poor,approve
LP002786,0.22675,655000,22545.74,0.2358,good,approve
LP003753,0.226596,649000,13709.63,0.5082,excellent,approve
LP000525,0.226422,928000,29835.15,0.4362,poor,approve
LP001058,0.226253,2500000,41180.74,0.3878,fair,approve
LP001679,0.226243,40000,6882.18,0.2403,poor,approve
LP002995,0.225976,1313000,33143.65,0.5219,good,approve
LP000050,0.225871,1014000,25596.09,0.3644,poor,approve
LP001177,0.22576,50000,1721.05,0.1434,fair,approve
LP002080,0.22559,996000,25141.72,0.4784,good,approve
LP003236,0.225556,731000,44239.05,0.4188,poor,approve
LP004251,0.225553,510000,16696.75,0.267,poor,approve
LP000836,0.225439,668000,16862.12,0.539,excellent,approve
LP003247,0.22516,2124000,97766.92,0.3976,fair,approve
LP004827,0.225032,504000,23490.35,0.427,fair,approve
LP002445,0.224605,3352000,33008.47,0.3763,fair,approve
LP001653,0.224447,212000,6940.61,0.2757,poor,approve
LP004201,0.224131,294000,10119.77,0.1467,good,approve
LP001451,0.223843,336000,20334.23,0.4533,fair,approve
LP003524,0.223607,693000,32299.23,0.438,good,approve
LP001042,0.223552,1500000,51631.47,0.3755,good,approve
LP002491,0.22351,1500000,35292.42,0.2004,good,approve
LP000326,0.223437,328000,15097.72,0.4416,excellent,approve
LP002944,0.223333,986000,31699.84,0.7225,excellent,approve
LP004636,0.223004,713000,11744.75,0.4768,fair,approve
LP003615,0.222915,1068000,49159.64,0.4278,fair,approve
LP002840,0.222508,518000,16653.67,0.3062,poor,approve
LP002732,0.222387,295000,10154.19,0.2013,excellent,approve
LP004930,0.222241,1164000,27386.92,0.302,excellent,approve
LP003077,0.222194,319000,8797.37,0.1478,excellent,approve
LP004043,0.222151,2264000,47825.29,0.6199,good,approve
LP004414,0.222147,350000,21181.49,0.2878,poor,approve
LP004499,0.221888,2500000,63106.73,0.2597,fair,approve
LP000019,0.221808,921000,55737.58,0.3138,good,approve
LP004290,0.221574,603000,29094.41,0.3105,good,approve
LP001699,0.221437,563000,18100.42,0.4382,fair,approve
LP002954,0.22138,524000,24422.51,0.3601,poor,approve
LP000966,0.22125,949000,43682.11,0.4742,fair,approve
LP004925,0.221046,548000,9026.82,0.3885,poor,approve
LP003326,0.220837,1000000,32738.72,0.2838,fair,approve
LP004689,0.220727,846000,29120.15,0.3019,good,approve
LP000323,0.220676,2500000,63106.73,0.3925,good,approve
LP000230,0.220655,598000,27871.49,0.378,good,approve
LP003721,0.220582,2437000,40142.99,0.453,fair,approve
LP002184,0.220375,974000,31314.04,0.3123,poor,approve
LP000739,0.220243,818000,39468.03,0.3301,good,approve
LP001773,0.220139,255000,12303.6,0.2642,excellent,approve
LP001378,0.220088,1161000,24525.25,0.5242,excellent,approve
LP004129,0.220054,1902000,15315.42,0.3517,fair,approve
LP001429,0.219702,2500000,41180.74,0.4053,fair,approve
LP002206,0.21965,494000,8137.31,0.3033,fair,approve
LP003582,0.219453,1100000,23236.67,0.426,fair,approve
LP003134,0.219362,120000,10605.8,0.125,poor,approve
LP000729,0.219121,370000,9339.8,0.2205,poor,approve
LP004964,0.218911,387000,9768.92,0.3857,fair,approve
LP001553,0.218908,563000,11892.95,0.4811,excellent,approve
LP003788,0.218846,3810000,29295.6,0.2369,poor,approve
LP001099,0.21853,2281000,48184.4,0.6111,excellent,approve
LP002914,0.218415,4582000,39763.66,0.4529,fair,approve
LP004919,0.218395,3007000,29611.12,0.3622,fair,approve
LP001079,0.218339,952000,32768.77,0.296,good,approve
LP001711,0.218215,1121000,28297.06,0.4455,good,approve
LP002788,0.218194,247000,8501.98,0.2216,good,approve
LP004361,0.218176,507000,24462.46,0.1973,good,approve
LP002907,0.218144,634000,109082.58,0.5135,excellent,approve
LP001305,0.218075,264000,9087.14,0.3287,excellent,approve
LP002164,0.217954,5127000,39422.19,0.5217,fair,approve
LP000415,0.217943,372000,17948.79,0.1821,good,approve
LP002720,0.21772,2997000,29512.64,0.3159,poor,approve
LP004153,0.217576,551000,18039.03,0.2747,poor,approve
LP000012,0.217572,823000,13556.7,0.3935,fair,approve
LP004564,0.217511,369000,17198.29,0.1481,poor,approve
LP001060,0.217492,1500000,51631.47,0.2387,excellent,approve
LP001293,0.216899,1500000,35292.42,0.2084,good,approve
LP003123,0.216892,272000,16461.04,0.4465,fair,approve
LP004467,0.21683,389000,9819.41,0.5165,excellent,approve
LP003812,0.216039,2184000,70215.47,0.3357,fair,approve
LP000569,0.216039,232000,20504.54,0.1988,poor,approve
LP003157,0.216025,355000,31375.49,0.4085,fair,approve
LP001977,0.216011,4855000,39093.77,0.3297,poor,approve
LP004817,0.215528,1675000,42281.51,0.3576,poor,approve
LP003456,0.214913,718000,33049.27,0.467,fair,approve
LP004868,0.214455,273000,12566.09,0.4623,fair,approve
LP003796,0.214372,1000000,60518.54,0.399,poor,approve
LP002453,0.214246,1470000,37106.76,0.3591,good,approve
LP003090,0.214045,217000,19534.89,0.4055,excellent,approve
LP000670,0.213355,1000000,32738.72,0.1243,fair,approve
LP001186,0.213311,1343000,28369.86,0.5385,excellent,approve
LP001564,0.213011,253000,6977.22,0.1982,excellent,approve
LP002813,0.212948,1363000,43820.37,0.5229,excellent,approve
LP002422,0.212944,1459000,46906.76,0.4496,excellent,approve
LP002232,0.212925,1500000,35292.42,0.2272,excellent,approve
LP000713,0.212865,174000,15378.41,0.2151,fair,approve
LP004918,0.212841,64000,5656.43,0.2386,poor,approve
LP004204,0.212738,1000000,32738.72,0.2088,fair,approve
LP002316,0.212031,2374000,76323.96,0.4066,good,approve
LP002288,0.211894,428000,20650.76,0.1809,good,approve
LP000332,0.21163,1579000,26009.76,0.412,fair,approve
LP000905,0.211497,1260000,57997.33,0.4436,fair,approve
LP003890,0.211461,13529000,104026.31,0.3866,poor,approve
LP000200,0.211407,164000,9925.04,0.1152,poor,approve
LP003639,0.211319,969000,33353.93,0.3366,excellent,approve
LP001613,0.211311,1500000,51631.47,0.1706,good,approve
LP004245,0.210982,843000,38802.97,0.6439,excellent,approve
LP002313,0.210911,1000000,46607.84,0.1995,good,approve
LP004873,0.210593,1500000,41366.93,0.3002,excellent,approve
LP003603,0.210485,643000,22132.69,0.3102,excellent,approve
LP000142,0.210479,1500000,12078.41,0.5768,fair,approve
LP000114,0.210468,115000,6959.63,0.0874,poor,approve
LP002906,0.21037,1665000,53529.65,0.4426,fair,approve
LP003944,0.210197,1861000,39312.22,0.3703,poor,approve
LP001827,0.210177,468000,41362.62,0.3676,poor,approve
LP002754,0.210033,471000,12989.22,0.154,excellent,approve
LP000596,0.209715,991000,31860.59,0.4969,excellent,approve
LP002020,0.209673,1399000,35314.52,0.5995,excellent,approve
LP001251,0.209498,477000,10076.26,0.3819,good,approve
LP002392,0.209472,10422000,90444.54,0.3808,poor,approve
LP001008,0.209466,2500000,52810.61,0.3409,good,approve
LP002527,0.209182,876000,30152.78,0.1764,excellent,approve
LP000129,0.209056,2500000,41180.74,0.2048,poor,approve
LP003520,0.209027,1485000,31369.5,0.5372,excellent,approve
LP004960,0.208607,2500000,80374.85,0.4535,excellent,approve
LP004658,0.20802,792000,69998.27,0.6271,excellent,approve
LP004773,0.207861,366000,32347.69,0.3896,fair,approve
LP003554,0.20764,2215000,46790.2,0.5295,excellent,approve
LP001607,0.207623,864000,39769.6,0.502,excellent,approve
LP002868,0.207572,64000,5656.43,0.3118,poor,approve
LP002075,0.207554,343000,15788.16,0.5511,excellent,approve
LP003860,0.207107,1061000,34111.09,0.5073,excellent,approve
LP004338,0.206614,229000,7882.4,0.2758,good,approve
LP002096,0.206515,173000,10469.71,0.3003,good,approve
LP004174,0.206195,2500000,41180.74,0.457,good,approve
LP001254,0.206186,757000,34844.43,0.369,poor,approve
LP001233,0.206003,382000,17583.32,0.4373,poor,approve
LP000028,0.20575,482000,22186.28,0.4158,excellent,approve
LP001925,0.205523,1361000,28750.1,0.4364,fair,approve
LP004459,0.205454,2500000,63106.73,0.4345,good,approve
LP002900,0.205242,1000000,46607.84,0.122,fair,approve
LP003155,0.205187,657000,30621.35,0.3142,fair,approve
LP000268,0.204585,441000,9315.79,0.3958,fair,approve
LP000847,0.204398,889000,28581.3,0.4182,fair,approve
LP000478,0.204334,91000,4390.7,0.215,good,approve
LP001881,0.204105,3760000,30276.54,0.5417,fair,approve
LP001647,0.203834,1253000,31629.09,0.4108,fair,approve
LP002475,0.203793,621000,28584.4,0.3894,good,approve
LP001700,0.203759,204000,18029.86,0.5597,fair,approve
LP001576,0.203557,2500000,41180.74,0.2444,fair,approve
LP003308,0.203344,718000,23083.66,0.3124,poor,approve
LP002220,0.203338,482000,22464.98,0.3443,good,approve
LP004146,0.203332,336000,20334.23,0.1825,poor,approve
LP003056,0.20319,622000,28990.08,0.2378,poor,approve
LP004582,0.20314,199000,34238.85,0.6863,excellent,approve
LP004480,0.203031,289000,25542.3,0.6112,good,approve
LP002100,0.202973,1562000,50218.21,0.3873,fair,approve
LP000254,0.202921,1601000,33819.91,0.4416,good,approve
LP004068,0.202806,10569000,81266.47,0.3813,fair,approve
LP002821,0.202514,1288000,41409.12,0.4049,fair,approve
LP001745,0.202495,702000,33871.1,0.1979,excellent,approve
LP003238,0.202378,1500000,13017.35,0.3652,poor,approve
LP004161,0.20229,197000,11922.15,0.2762,good,approve
LP002339,0.2021,611000,28124.1,0.3871,fair,approve
LP003147,0.202045,270000,6815.53,0.2068,excellent,approve
LP002680,0.202034,1832000,38699.61,0.6022,excellent,approve
LP002715,0.201913,1544000,49639.51,0.5815,excellent,approve
LP001949,0.201701,1312000,42180.72,0.3717,good,approve
LP003531,0.201354,512000,12924.26,0.222,poor,approve
LP002766,0.201341,2269000,47930.91,0.3356,good,approve
LP002777,0.20126,1133000,28599.97,0.2265,poor,approve
LP000331,0.201005,697000,33629.85,0.2729,good,approve
LP000311,0.200804,1500000,41366.93,0.3365,excellent,approve
LP003868,0.200745,2081000,66904.03,0.3873,excellent,approve
LP002276,0.200667,1574000,39732.0,0.3712,fair,approve
LP004856,0.200594,2500000,80374.85,0.2803,fair,approve
LP004725,0.200585,2500000,80374.85,0.2978,good,approve
LP004377,0.199815,801000,20219.4,0.3863,good,approve
LP004008,0.19977,838000,38572.83,0.4069,poor,approve
LP002804,0.199752,621000,28584.4,0.4213,fair,approve
LP003071,0.199406,1500000,35292.42,0.3641,excellent,approve
LP004138,0.199349,258000,15613.78,0.3885,fair,approve
LP000973,0.199348,164000,9925.04,0.3316,poor,approve
LP003510,0.199275,802000,16941.64,0.4941,good,approve
LP000654,0.199124,1500000,35292.42,0.2076,excellent,approve
LP000263,0.199003,1834000,30210.19,0.4449,fair,approve
LP004445,0.198952,1500000,35292.42,0.2857,good,approve
LP000615,0.198942,2500000,41180.74,0.4457,fair,approve
LP000751,0.198823,683000,21958.41,0.5243,excellent,approve
LP001022,0.198268,1500000,35292.42,0.2404,excellent,approve
LP003260,0.198218,696000,22376.36,0.7183,excellent,approve
LP003083,0.198204,358000,21665.64,0.2418,poor,approve
LP004924,0.198168,950000,30542.44,0.3316,poor,approve
LP000260,0.198096,158000,9561.93,0.5667,fair,approve
LP001234,0.198033,1000000,46607.84,0.2058,excellent,approve
LP002142,0.197951,1498000,31644.12,0.2905,fair,approve
LP001318,0.197852,822000,26911.23,0.2894,excellent,approve
LP003344,0.19772,12125000,97633.78,0.5202,excellent,approve
LP001291,0.197622,190000,9167.39,0.2418,good,approve
LP004653,0.197445,791000,36409.43,0.7386,excellent,approve
LP003659,0.197272,1251000,40219.58,0.473,good,approve
LP000563,0.197221,2242000,18053.19,0.3072,poor,approve
LP003611,0.197185,2500000,52810.61,0.228,excellent,approve
LP001455,0.19718,149000,25636.13,0.9591,excellent,approve
LP001467,0.197141,641000,29504.99,0.3752,fair,approve
LP000773,0.197097,719000,15188.33,0.5229,excellent,approve
LP003245,0.197068,694000,31944.56,0.3436,poor,approve
LP000817,0.197041,186000,8974.39,0.2579,excellent,approve
LP002187,0.197034,2415000,39780.6,0.477,fair,approve
LP000217,0.197033,1391000,44720.57,0.4164,poor,approve
LP001066,0.19695,575000,50819.45,0.4662,good,approve
LP003194,0.196802,202000,6613.22,0.2864,poor,approve
LP000998,0.196674,582000,27125.76,0.3932,good,approve
LP002932,0.196454,502000,23397.13,0.4257,poor,approve
LP004833,0.19645,679000,17139.79,0.4176,good,approve
LP002059,0.196444,1393000,29426.07,0.3951,fair,approve
LP001290,0.196155,363000,11670.43,0.2394,fair,approve
LP002830,0.196134,59000,2749.86,0.1473,poor,approve
LP004091,0.196013,496000,12520.37,0.5344,excellent,approve
LP003487,0.195879,1500000,35292.42,0.3457,excellent,approve
LP001111,0.195566,1065000,22497.32,0.4584,good,approve
LP003978,0.1955,403000,13871.65,0.2587,excellent,approve
LP003053,0.195396,1445000,23802.47,0.343,fair,approve
LP000821,0.195391,548000,33164.16,0.2741,poor,approve
LP001605,0.19533,1941000,48996.06,0.3689,good,approve
LP000051,0.195283,1500000,35292.42,0.3247,excellent,approve
LP004265,0.195127,1402000,38664.29,0.2672,excellent,approve
LP000544,0.195098,285000,25188.77,0.3186,poor,approve
LP000343,0.195049,343000,8658.24,0.3964,poor,approve
LP004149,0.194549,443000,14503.25,0.2798,poor,approve
LP000471,0.194418,627000,29223.11,0.4437,good,approve
LP001150,0.194262,864000,39769.6,0.355,poor,approve
LP004335,0.194207,521000,31530.16,0.5672,fair,approve
LP003209,0.193732,440000,20507.45,0.3714,poor,approve
LP001427,0.193458,242000,21388.36,0.3025,good,approve
LP002249,0.193277,383000,17629.35,0.438,good,approve
LP002650,0.193143,1789000,57516.24,0.6297,excellent,approve
LP001369,0.193132,1500000,14771.09,0.8036,good,approve
LP003453,0.193089,359000,16732.21,0.4437,fair,approve
LP001837,0.193014,272000,9362.51,0.2766,good,approve
LP003431,0.192985,884000,22314.54,0.4205,good,approve
LP003318,0.192943,177000,30453.65,0.2612,poor,approve
LP001023,0.192878,541000,13656.3,0.3992,excellent,approve
LP003286,0.192858,395000,23904.82,0.5439,fair,approve
LP000955,0.192844,1165000,29407.74,0.4683,good,approve
LP004337,0.192843,2500000,52810.61,0.4068,good,approve
LP004962,0.192701,2500000,63106.73,0.2276,fair,approve
LP000073,0.192534,457000,15730.39,0.2078,excellent,approve
LP002999,0.192514,1027000,33017.99,0.3448,good,approve
LP002611,0.192428,1050000,22180.46,0.2978,poor,approve
LP001418,0.19241,305000,18458.16,0.3587,fair,approve
LP003328,0.192214,414000,13310.08,0.464,fair,approve
LP002449,0.192062,1404000,23127.1,0.3535,fair,approve
LP003966,0.191993,68000,3169.33,0.1485,poor,approve
LP000965,0.191783,711000,22858.61,0.2581,fair,approve
LP004253,0.191765,969000,31153.29,0.525,good,approve
LP002217,0.191602,704000,33967.6,0.1838,excellent,approve
LP001397,0.191406,69000,11871.76,0.2806,fair,approve
LP003484,0.1914,4221000,36630.82,0.2794,poor,approve
LP002269,0.191338,1325000,31174.97,0.2566,excellent,approve
LP003580,0.191175,5909000,45435.1,0.5014,fair,approve
LP004927,0.191147,373000,17169.05,0.3973,excellent,approve
LP000032,0.191145,1290000,32563.07,0.517,excellent,approve
LP002725,0.19109,1845000,18168.44,0.3219,poor,approve
LP001628,0.190823,980000,33732.56,0.2757,excellent,approve
LP003570,0.19079,720000,23147.96,0.3089,fair,approve
LP000627,0.190774,515000,31167.05,0.3021,poor,approve
LP004191,0.190456,489000,10329.76,0.4081,fair,approve
LP003602,0.190356,6453000,56000.63,0.4045,poor,approve
LP003118,0.190246,617000,28400.28,0.3622,poor,approve
LP002532,0.190236,275000,13268.59,0.3099,excellent,approve
LP003336,0.190229,475000,41981.29,0.3922,poor,approve
LP001764,0.189835,302000,51960.47,0.5148,good,approve
LP000393,0.189831,145000,12815.34,0.3056,fair,approve
LP004435,0.189679,644000,20704.56,0.2423,poor,approve
LP002736,0.189476,271000,13075.59,0.1958,excellent,approve
LP003675,0.189369,658000,21154.66,0.4544,fair,approve
LP002705,0.188819,1290000,41473.42,0.1986,poor,approve
LP004805,0.188555,784000,36087.23,0.3471,poor,approve
LP000473,0.188324,847000,39476.84,0.3469,poor,approve
LP001556,0.188206,786000,19840.76,0.2373,good,approve
LP001843,0.188114,1000000,46607.84,0.268,fair,approve
LP003790,0.188027,6754000,54385.04,0.3382,poor,approve
LP003836,0.188017,1112000,18317.19,0.4009,good,approve
LP002826,0.188014,1000000,32738.72,0.1768,poor,approve
LP000089,0.187948,1435000,30313.29,0.3897,excellent,approve
LP002424,0.187638,1770000,37389.91,0.4265,poor,approve
LP002346,0.187542,155000,13699.16,0.6109,good,approve
LP003438,0.187022,462000,21532.82,0.2742,fair,approve
LP001693,0.186729,320000,6759.76,0.2707,fair,approve
LP002629,0.186722,1703000,54751.35,0.2655,fair,approve
LP003776,0.18671,898000,28870.65,0.4093,excellent,approve
LP003584,0.186605,905000,54769.28,0.3611,good,approve
LP001962,0.186591,1796000,37939.14,0.4823,excellent,approve
LP004454,0.186429,752000,24176.76,0.71,excellent,approve
LP002333,0.186068,1601000,33819.91,0.3639,fair,approve
LP000163,0.185943,2714000,23552.72,0.3048,poor,approve
LP000564,0.185925,2076000,52403.83,0.3323,poor,approve
LP004239,0.18584,596000,19161.36,0.2408,fair,approve
LP000914,0.185729,2500000,41180.74,0.3092,good,approve
LP004967,0.185684,664000,30947.6,0.4242,excellent,approve
LP001521,0.185605,1000000,46607.84,0.3397,poor,approve
LP004835,0.185537,1037000,21905.84,0.5022,good,approve
LP003837,0.18543,767000,24659.0,0.4424,good,approve
LP000407,0.185373,2331000,49240.61,0.4873,good,approve
LP001231,0.184869,2500000,63106.73,0.2968,fair,approve
LP000534,0.184792,958000,32975.3,0.186,excellent,approve
LP000876,0.184736,1891000,47733.93,0.4918,excellent,approve
LP002278,0.184237,692000,31852.5,0.4259,excellent,approve
LP003671,0.184156,706000,14913.72,0.3705,fair,approve
LP002450,0.18415,735000,24062.96,0.257,poor,approve
LP000899,0.184038,710000,33091.57,0.3529,poor,approve
LP004951,0.183979,753000,34660.31,0.3311,excellent,approve
LP001876,0.183876,531000,17384.26,0.313,poor,approve
LP004488,0.183735,193000,6643.25,0.2685,good,approve
LP003694,0.183667,2500000,52810.61,0.4663,excellent,approve
LP003385,0.183579,2180000,70086.87,0.6654,excellent,approve
LP001663,0.183489,2500000,52810.61,0.3027,poor,approve
LP002301,0.183395,934000,23576.67,0.4,fair,approve
LP004367,0.183354,2500000,41180.74,0.4009,fair,approve
LP003831,0.183325,2358000,38841.67,0.4303,good,approve
LP000351,0.183304,710000,42968.17,0.2941,fair,approve
LP002883,0.182956,1008000,21293.24,0.6232,excellent,approve
LP004774,0.18276,1500000,35292.42,0.2913,excellent,approve
LP002044,0.182334,1057000,26681.52,0.3581,poor,approve
LP004923,0.182302,62000,2991.46,0.2493,good,approve
LP003912,0.182298,2404000,60683.43,0.2971,good,approve
LP000961,0.181982,2044000,43177.95,0.333,good,approve
LP001727,0.181822,1212000,30594.14,0.5534,excellent,approve
LP000915,0.181728,2500000,63106.73,0.2507,poor,approve
LP002923,0.181645,1829000,14727.6,0.315,poor,approve
LP001334,0.181593,255000,15432.23,0.3798,poor,approve
LP002055,0.181591,469000,11838.82,0.3516,poor,approve
LP003651,0.181383,657000,21122.51,0.2806,poor,approve
LP001036,0.181333,1000000,46607.84,0.273,good,approve
LP001164,0.181288,444000,9379.16,0.3389,excellent,approve
LP000295,0.181109,750000,18932.02,0.4361,good,approve
LP003403,0.181036,2500000,63106.73,0.2398,poor,approve
LP001544,0.181022,594000,12547.8,0.3493,fair,approve
LP000246,0.181004,218000,7503.77,0.1793,excellent,approve
LP000460,0.180823,114000,10075.51,0.1825,poor,approve
LP004573,0.180732,582000,19053.93,0.2016,poor,approve
LP003538,0.180181,278000,5872.54,0.4035,excellent,approve
LP000229,0.180166,439000,14113.82,0.3882,poor,approve
LP002310,0.179904,9363000,75393.41,0.3978,poor,approve
LP003502,0.179867,185000,4352.73,0.1354,good,approve
LP004949,0.179716,1923000,31676.23,0.4472,good,approve
LP003368,0.179708,232000,10813.02,0.3235,good,approve
LP003618,0.1794,256000,15492.75,0.4517,fair,approve
LP004360,0.179362,811000,26073.6,0.4757,good,approve
LP000437,0.179215,568000,18261.17,0.218,poor,approve
LP000416,0.179104,1000000,46607.84,0.2289,excellent,approve
LP003761,0.178979,228000,7464.43,0.273,poor,approve
LP003726,0.178802,343000,15986.49,0.2537,poor,approve
LP004604,0.178761,528000,31953.79,0.2332,poor,approve
LP000725,0.178666,719000,33095.3,0.4095,good,approve
LP000689,0.178663,1169000,24694.24,0.3529,excellent,approve
LP003237,0.178509,1178000,24884.36,0.3074,fair,approve
LP004747,0.178398,1212000,30594.14,0.5131,excellent,approve
LP004848,0.178135,716000,23019.36,0.1966,good,approve
LP002669,0.178134,400000,24207.42,0.4084,poor,approve
LP003177,0.178062,189000,5212.23,0.2037,good,approve
LP001634,0.178006,174000,4798.56,0.1511,good,approve
LP002317,0.177796,1498000,37813.55,0.7241,excellent,approve
LP000986,0.17776,252000,22272.18,0.1762,poor,approve
LP002261,0.177741,2500000,63106.73,0.3455,poor,approve
LP001765,0.17763,2500000,63106.73,0.3985,poor,approve
LP004312,0.177352,581000,12273.19,0.3977,fair,approve
LP004503,0.177335,8879000,71496.11,0.5763,fair,approve
LP000281,0.177224,1651000,41675.68,0.3399,excellent,approve
LP001757,0.177214,7235000,62787.01,0.5699,good,approve
LP002979,0.177192,2500000,63106.73,0.4029,good,approve
LP004333,0.176942,6322000,54863.78,0.519,fair,approve
LP000117,0.176819,206000,35443.24,0.3519,poor,approve
LP004475,0.176786,579000,18614.82,0.4634,good,approve
LP001116,0.176778,2500000,52810.61,0.3792,excellent,approve
LP001889,0.176695,2500000,52810.61,0.3983,good,approve
LP002606,0.176683,1072000,34464.74,0.4022,fair,approve
LP004554,0.176571,1466000,24148.39,0.4025,poor,approve
LP001758,0.176417,460000,11611.64,0.3785,fair,approve
LP001128,0.176343,510000,16396.47,0.2782,fair,approve
LP000064,0.176296,2500000,41180.74,0.2167,poor,approve
LP002897,0.176193,1087000,34946.99,0.4309,fair,approve
LP000790,0.176125,246000,14887.56,0.2744,poor,approve
LP004766,0.176092,296000,7471.84,0.232,fair,approve
LP003929,0.176072,188000,6471.14,0.2033,excellent,approve
LP004427,0.17564,824000,20799.98,0.5144,excellent,approve
LP002941,0.175524,1066000,34271.84,0.2035,fair,approve
LP004379,0.175338,1500000,13017.35,0.5964,fair,approve
LP002562,0.17522,123000,21162.71,0.478,good,approve
LP003757,0.175201,186000,32002.15,0.2838,poor,approve
LP002167,0.175187,185000,8926.14,0.2542,fair,approve
LP002980,0.175098,1326000,21842.26,0.4232,fair,approve
LP004880,0.174951,795000,26027.28,0.2997,excellent,approve
LP002746,0.174898,459000,40567.18,0.5033,good,approve
LP003751,0.174879,162000,5303.67,0.2538,fair,approve
LP001437,0.174722,4724000,36323.47,0.5281,excellent,approve
LP004262,0.174649,2312000,48839.25,0.4724,excellent,approve
LP001546,0.174516,8835000,76672.18,0.3101,fair,approve
LP000528,0.174486,1342000,33875.69,0.274,poor,approve
LP003301,0.1744,1500000,13017.35,0.3667,poor,approve
LP002785,0.17428,465000,28141.12,0.3479,poor,approve
LP003500,0.173864,1300000,27461.52,0.3319,fair,approve
LP000764,0.173847,627000,15827.17,0.3819,poor,approve
LP002899,0.17377,281000,48347.33,0.8059,excellent,approve
LP002594,0.173573,240000,21211.6,0.2861,poor,approve
LP001415,0.17356,818000,20648.52,0.3825,fair,approve
LP002294,0.173498,266000,23509.52,0.2449,fair,approve
LP002973,0.173494,1979000,15935.44,0.3334,poor,approve
LP004033,0.173423,628000,15852.41,0.3565,poor,approve
LP000300,0.173347,142000,12550.2,0.2508,poor,approve
LP002443,0.173151,580000,26697.18,0.3343,poor,approve
LP004609,0.173049,898000,22667.94,0.4384,poor,approve
LP004106,0.172917,5237000,42169.74,0.5404,fair,approve
LP001065,0.172757,104000,17893.67,0.3909,fair,approve
LP003980,0.172717,1890000,16401.86,0.2953,poor,approve
LP000176,0.172584,5757000,49960.58,0.3675,fair,approve
LP004807,0.17249,1211000,25581.46,0.4217,fair,approve
LP002591,0.172347,540000,25168.23,0.3287,fair,approve
LP003546,0.172164,1500000,41366.93,0.3197,excellent,approve
LP001197,0.171906,1000000,60518.54,0.3342,good,approve
LP001912,0.171698,1520000,38368.89,0.3952,excellent,approve
LP004162,0.171642,83000,14280.53,0.4093,poor,approve
LP003478,0.171429,2500000,63106.73,0.3108,fair,approve
LP003720,0.171397,298000,13716.83,0.4145,excellent,approve
LP000005,0.171321,1500000,41366.93,0.3104,excellent,approve
LP001402,0.171248,1974000,32516.31,0.4688,fair,approve
LP002854,0.171227,310000,27398.31,0.3448,fair,approve
LP000750,0.171112,343000,8658.24,0.4114,good,approve
LP003491,0.170685,1212000,38965.73,0.2817,fair,approve
LP004632,0.170578,844000,17828.86,0.3414,fair,approve
LP002179,0.170476,1000000,46607.84,0.2214,good,approve
LP000957,0.170403,286000,25277.15,0.3214,poor,approve
LP000732,0.170386,2500000,41180.74,0.3817,poor,approve
LP000561,0.170344,2374000,39105.23,0.4869,good,approve
LP004346,0.170207,3717000,28580.51,0.4292,fair,approve
LP003563,0.170033,189000,16704.13,0.4458,fair,approve
LP003222,0.169924,1150000,29029.09,0.3532,poor,approve
LP001930,0.169821,308000,9902.18,0.2112,fair,approve
LP002483,0.169801,100000,4602.96,0.3836,good,approve
LP000487,0.169752,358000,11509.68,0.2153,poor,approve
LP000714,0.169716,2500000,41180.74,0.1537,poor,approve
LP000923,0.169494,274000,24216.57,0.7538,good,approve
LP003701,0.169451,567000,14312.61,0.3865,good,approve
LP003363,0.169392,1219000,20079.73,0.4715,good,approve
LP004408,0.169059,1576000,33291.81,0.2997,good,approve
LP001112,0.169058,1384000,22797.66,0.3603,poor,approve
LP002764,0.168754,557000,17907.52,0.4265,good,approve
LP000154,0.168608,3323000,26757.7,0.3656,poor,approve
LP001845,0.168587,518000,16653.67,0.3406,poor,approve
LP003652,0.168463,3901000,31411.91,0.2547,fair,approve
LP001698,0.168453,1652000,12702.45,0.342,poor,approve
LP002615,0.168294,526000,24515.72,0.3074,fair,approve
LP001130,0.168215,671000,31273.86,0.4356,fair,approve
LP002515,0.168183,507000,30682.9,0.264,fair,approve
LP002077,0.168007,2500000,41180.74,0.4383,fair,approve
LP003919,0.167781,349000,16266.14,0.2642,poor,approve
LP001050,0.167777,8405000,72940.54,0.3763,fair,approve
LP002824,0.167702,5126000,39414.51,0.4463,fair,approve
LP001910,0.167516,1675000,42281.51,0.4277,excellent,approve
LP002951,0.167438,848000,27263.15,0.3801,fair,approve
LP001385,0.167342,850000,27327.45,0.4233,good,approve
LP003129,0.167186,429000,25962.45,0.5173,good,approve
LP000275,0.167156,1000000,21124.24,0.4493,good,approve
LP002864,0.167126,2462000,40554.79,0.4723,excellent,approve
LP003350,0.167106,4764000,46912.99,0.3608,fair,approve
LP002223,0.166997,1670000,42155.29,0.3774,excellent,approve
LP004668,0.166954,283000,17126.75,0.296,poor,approve
LP000662,0.166517,269000,12537.51,0.2693,poor,approve
LP002306,0.166274,5838000,44889.17,0.5257,fair,approve
LP004589,0.16623,249000,8005.34,0.4027,excellent,approve
LP003779,0.166197,1161000,29306.76,0.3332,fair,approve
LP001021,0.165679,4610000,40006.65,0.3969,poor,approve
LP004523,0.165155,1611000,40665.98,0.2537,fair,approve
LP001013,0.164872,4804000,41690.23,0.61,good,approve
LP000576,0.16487,1053000,33853.89,0.2814,good,approve
LP002841,0.164813,417000,10526.2,0.2407,fair,approve
LP000512,0.164539,585000,18807.72,0.235,fair,approve
LP001209,0.164493,65000,11183.55,0.4194,poor,approve
LP000806,0.164463,3005000,23105.85,0.4195,poor,approve
LP004119,0.164189,123000,5934.68,0.2236,excellent,approve
LP002704,0.164147,655000,21443.86,0.2935,poor,approve
LP004125,0.164064,468000,11813.58,0.3098,poor,approve
LP003532,0.164037,1087000,34946.99,0.4226,fair,approve
LP004876,0.164031,1989000,32763.4,0.3905,fair,approve
LP002064,0.164024,379000,17664.37,0.351,good,approve
LP002701,0.163894,2500000,41180.74,0.283,good,approve
LP004682,0.163695,797000,25623.5,0.3222,good,approve
LP002904,0.163474,4499000,36227.17,0.417,poor,approve
LP003488,0.163438,1842000,46497.04,0.4059,excellent,approve
LP000989,0.163337,2500000,41180.74,0.18,fair,approve
LP004790,0.162932,356000,31463.87,0.3673,fair,approve
LP000121,0.162921,89000,4294.2,0.2189,excellent,approve
LP001900,0.16285,216000,9942.4,0.3634,poor,approve
LP003943,0.162844,203000,17941.48,0.2705,poor,approve
LP000666,0.162726,1604000,33883.29,0.5082,excellent,approve
LP004110,0.162689,352000,16405.96,0.3702,fair,approve
LP003684,0.162635,984000,31635.54,0.4002,good,approve
LP001715,0.162465,332000,10673.78,0.3631,good,approve
LP002554,0.162329,383000,17850.8,0.3589,poor,approve
LP003121,0.16217,6851000,59454.57,0.3323,poor,approve
LP001814,0.16207,1240000,39865.93,0.2315,good,approve
LP001477,0.161976,2500000,41180.74,0.2589,excellent,approve
LP000277,0.161836,982000,45768.9,0.2687,fair,approve
LP001440,0.161733,494000,22738.63,0.4439,excellent,approve
LP002141,0.161729,187000,5157.08,0.1703,good,approve
LP000082,0.161418,5496000,42259.49,0.4688,fair,approve
LP002569,0.161213,1160000,37293.93,0.4246,excellent,approve
LP002101,0.161183,475000,15550.89,0.3054,poor,approve
LP001355,0.16117,786000,25269.85,0.2866,poor,approve
LP002912,0.161158,1131000,18630.17,0.2528,good,approve
LP004390,0.160919,1500000,11533.7,0.5987,good,approve
LP001201,0.160824,2500000,52810.61,0.4943,excellent,approve
LP004894,0.160793,2282000,37589.78,0.4646,fair,approve
LP001786,0.160783,514000,23659.23,0.4067,fair,approve
LP003057,0.160625,1580000,26026.23,0.3917,fair,approve
LP003274,0.160506,1921000,48491.21,0.3045,fair,approve
LP002525,0.160398,601000,9899.85,0.3669,good,approve
LP004314,0.160256,672000,14195.49,0.3912,poor,approve
LP004096,0.160242,2500000,52810.61,0.2827,good,approve
LP003047,0.160124,360000,16778.82,0.2534,poor,approve
LP003468,0.159979,476000,22966.73,0.2341,excellent,approve
LP003962,0.1596,542000,11449.34,0.3227,good,approve
LP004163,0.159597,2192000,46304.34,0.2808,excellent,approve
LP001487,0.15945,176000,15555.17,0.235,good,approve
LP003029,0.159156,1098000,35300.64,0.3113,good,approve
LP000462,0.158849,212000,9758.28,0.3675,poor,approve
LP003097,0.158784,146000,25119.96,0.7696,excellent,approve
LP001997,0.158778,100000,17205.45,0.4127,poor,approve
LP004994,0.158748,1788000,37770.15,0.6017,excellent,approve
LP001874,0.15874,1039000,26227.16,0.3216,fair,approve
LP004214,0.158666,556000,25913.96,0.3401,poor,approve
LP001346,0.158634,572000,14438.82,0.3866,excellent,approve
LP004020,0.158588,2067000,52176.64,0.3913,excellent,approve
LP003968,0.158451,88000,3029.05,0.1573,good,approve
LP004269,0.15842,1500000,13017.35,0.6546,fair,approve
LP001554,0.158365,229000,7882.4,0.1669,good,approve
LP000493,0.158338,678000,11168.22,0.3701,fair,approve
LP000440,0.158282,516000,16893.18,0.3125,poor,approve
LP001299,0.158154,199000,34238.85,0.5755,good,approve
LP001471,0.158083,793000,25494.9,0.2796,good,approve
LP002267,0.158055,387000,34203.7,0.3706,poor,approve
LP001577,0.157743,5547000,48138.15,0.2785,poor,approve
LP001730,0.157643,578000,26605.12,0.3356,poor,approve
LP002749,0.157328,2038000,33570.54,0.4198,poor,approve
LP000731,0.157206,631000,29409.55,0.3701,poor,approve
LP001940,0.156987,768000,12650.72,0.3402,fair,approve
LP001798,0.156941,323000,6823.13,0.2088,good,approve
LP001939,0.156939,412000,13245.78,0.2333,fair,approve
LP003101,0.156936,202000,6613.22,0.2052,poor,approve
LP002744,0.156793,1000000,46607.84,0.363,fair,approve
LP002713,0.156735,10958000,88236.78,0.5254,excellent,approve
LP000756,0.156717,2500000,41180.74,0.2114,good,approve
LP000383,0.156696,93000,16001.07,0.2467,fair,approve
LP002417,0.15668,441000,20554.06,0.3586,poor,approve
LP003130,0.156376,419000,13717.52,0.2942,poor,approve
LP003210,0.156028,463000,28020.09,0.3679,fair,approve
LP001861,0.155669,15000000,120784.06,0.5126,excellent,approve
LP000507,0.155586,1500000,13017.35,0.2985,poor,approve
LP003264,0.155558,2793000,27503.78,0.4245,poor,approve
LP000401,0.155519,14547000,117136.38,0.5143,good,approve
LP000833,0.155466,74000,3570.46,0.2134,good,approve
LP001088,0.155372,744000,45025.8,0.4424,good,approve
LP004157,0.155122,468000,15046.17,0.4318,good,approve
LP000481,0.155101,317000,19184.38,0.2727,poor,approve
LP000358,0.154973,365000,17011.86,0.397,fair,approve
LP001583,0.154891,494000,23024.27,0.3745,poor,approve
LP002641,0.15485,534000,47195.81,0.3228,fair,approve
LP001931,0.154829,361000,31905.78,0.2661,fair,approve
LP003370,0.154728,1500000,14771.09,0.8651,good,approve
LP002860,0.154631,958000,44650.31,0.4289,excellent,approve
LP000207,0.154548,5194000,39937.37,0.4973,fair,approve
LP003402,0.154405,69000,11871.76,0.3356,good,approve
LP002618,0.154101,284000,13236.63,0.1927,poor,approve
LP001907,0.153984,691000,17442.7,0.3037,poor,approve
LP003189,0.15394,3690000,29712.88,0.3613,fair,approve
LP001520,0.153691,5196000,41839.6,0.3176,poor,approve
LP000719,0.153636,376000,12088.38,0.2498,poor,approve
LP002312,0.153548,190000,16792.52,0.5518,excellent,approve
LP000521,0.153503,7144000,54931.18,0.3403,fair,approve
LP001297,0.153373,151000,25980.24,0.6583,good,approve
LP004391,0.153261,8285000,63704.48,0.5102,excellent,approve
LP000827,0.152961,458000,27717.49,0.3374,poor,approve
LP001382,0.152921,1255000,26510.93,0.3534,fair,approve
LP001263,0.152874,4639000,45682.07,0.3356,poor,approve
LP000696,0.15271,397000,8386.32,0.3169,fair,approve
LP002961,0.152523,179000,10832.82,0.3271,poor,approve
LP000038,0.152443,240000,14524.45,0.3571,poor,approve
LP004396,0.15244,3998000,32192.98,0.31,poor,approve
LP001565,0.152424,720000,23147.96,0.3177,fair,approve
LP001709,0.15235,1000000,60518.54,0.3648,excellent,approve
LP004639,0.152251,1872000,39544.58,0.4133,excellent,approve
LP002971,0.152151,1149000,29003.85,0.2978,fair,approve
LP001306,0.151995,311000,53508.96,0.6531,good,approve
LP003384,0.151925,645000,29689.11,0.4407,excellent,approve
LP002375,0.15192,5291000,45916.53,0.405,fair,approve
LP000555,0.151897,1169000,24694.24,0.3609,good,approve
LP004629,0.151773,1271000,20936.29,0.4856,excellent,approve
LP002982,0.151761,1987000,32730.45,0.3942,poor,approve
LP002644,0.151633,1068000,17592.41,0.3076,fair,approve
LP003922,0.151607,275000,16642.6,0.2957,good,approve
LP003302,0.151509,1912000,40389.55,0.4987,excellent,approve
LP004047,0.151391,533000,47107.42,0.3309,fair,approve
LP003627,0.151302,450000,14467.47,0.204,good,approve
LP003508,0.151297,9526000,73246.7,0.534,excellent,approve
LP002714,0.151251,2500000,41180.74,0.311,fair,approve
LP003876,0.151114,2500000,63106.73,0.2807,good,approve
LP000892,0.151108,2123000,16324.03,0.3564,fair,approve
LP003620,0.151012,12535000,96383.31,0.5433,excellent,approve
LP004562,0.150875,969000,24460.17,0.4006,excellent,approve
LP000608,0.150723,800000,48414.83,0.4233,fair,approve
LP002324,0.150614,469000,11838.82,0.2441,excellent,approve
LP003415,0.150584,2500000,41180.74,0.2807,excellent,approve
LP004556,0.150461,211000,12769.41,0.4158,poor,approve
LP001014,0.150185,528000,24303.64,0.386,excellent,approve
LP003207,0.150176,2500000,41180.74,0.1614,excellent,approve
LP001331,0.150148,81000,7158.91,0.2915,fair,approve
LP002651,0.150136,1825000,30061.94,0.3556,fair,approve
LP001046,0.150066,330000,8330.09,0.2555,poor,approve
LP002411,0.150039,1048000,22138.21,0.3694,fair,approve
LP003857,0.149919,1364000,22468.21,0.3756,poor,approve
LP004493,0.149823,15000000,115337.02,0.4761,good,approve
LP000943,0.14968,520000,31469.64,0.3653,fair,approve
LP004349,0.149645,637000,20479.51,0.2855,poor,approve
LP001283,0.149432,2500000,52810.61,0.2139,excellent,approve
LP002633,0.149359,2183000,35959.02,0.3752,good,approve
LP001119,0.149133,327000,15051.69,0.3346,poor,approve
LP001132,0.149083,2453000,61920.32,0.4438,excellent,approve
LP002018,0.148783,986000,16241.68,0.4383,good,approve
LP003153,0.148747,213000,12890.45,0.1747,poor,approve
LP000021,0.148534,601000,15170.86,0.2149,poor,approve
LP004641,0.148508,478000,15367.67,0.3051,poor,approve
LP001226,0.148428,656000,21090.36,0.4242,good,approve
LP000649,0.148363,220000,10253.72,0.2653,poor,approve
LP000259,0.148343,523000,11047.98,0.2618,good,approve
LP001005,0.148326,930000,29899.45,0.3844,fair,approve
LP001145,0.148324,541000,8911.51,0.2782,fair,approve
LP000485,0.148315,663000,30901.0,0.3621,poor,approve
LP001310,0.148289,200000,17676.33,0.4419,fair,approve
LP004436,0.148285,529000,17318.78,0.3055,poor,approve
LP001548,0.148255,508000,16631.27,0.3017,fair,approve
LP000688,0.148206,3769000,28980.35,0.4847,fair,approve
LP004160,0.148063,299000,7547.56,0.2118,poor,approve
LP004228,0.148052,97000,5870.3,0.3558,fair,approve
LP000862,0.147982,1729000,15004.66,0.3569,poor,approve
LP003542,0.147978,3199000,25759.21,0.2833,fair,approve
LP004608,0.147974,508000,23383.05,0.3215,fair,approve
LP002885,0.147744,698000,42241.94,0.4596,fair,approve
LP001661,0.147479,1091000,35075.59,0.4483,excellent,approve
LP002391,0.147448,375000,64520.46,0.6292,good,approve
LP002252,0.146937,476000,15303.37,0.3538,excellent,approve
LP001869,0.146771,1500000,13017.35,0.3251,poor,approve
LP003325,0.146723,1944000,32022.14,0.4767,good,approve
LP000419,0.146529,573000,18421.92,0.3701,fair,approve
LP002867,0.146515,10818000,87109.47,0.4922,excellent,approve
LP004961,0.146463,15000000,115337.02,0.341,good,approve
LP000058,0.146433,2384000,39269.95,0.3892,good,approve
LP000988,0.14631,5990000,48233.1,0.5329,fair,approve
LP002214,0.146062,33000,2916.59,0.1249,poor,approve
LP001213,0.146043,428000,19700.68,0.3384,poor,approve
LP001206,0.146038,444000,14274.57,0.4753,excellent,approve
LP001356,0.145977,6047000,52477.27,0.5452,excellent,approve
LP003356,0.145783,496000,15946.37,0.2788,poor,approve
LP000753,0.145782,487000,12293.19,0.3007,poor,approve
LP004640,0.145762,488000,15689.17,0.2891,poor,approve
LP002981,0.14563,790000,25863.59,0.3116,fair,approve
LP004009,0.145577,329000,10577.33,0.2303,poor,approve
LP000125,0.14557,151000,25980.24,0.2529,poor,approve
LP001838,0.145515,227000,13737.71,0.4039,fair,approve
LP004324,0.145482,1796000,29584.24,0.3585,good,approve
LP001379,0.14544,1913000,16601.46,0.3174,poor,approve
LP004789,0.145417,7440000,57207.16,0.4246,fair,approve
LP000372,0.14541,810000,17110.64,0.4462,good,approve
LP002583,0.145398,451000,14499.62,0.3736,excellent,approve
LP000982,0.145332,244000,11372.31,0.3587,good,approve
LP004382,0.145315,4169000,32056.0,0.5185,fair,approve
LP004316,0.145261,835000,38917.54,0.2986,fair,approve
LP001370,0.145245,189000,8808.88,0.3114,fair,approve
LP002628,0.145146,339000,11098.43,0.2027,fair,approve
LP004457,0.145103,1570000,25861.51,0.4074,good,approve
LP000911,0.145091,604000,19418.56,0.3616,excellent,approve
LP003297,0.145002,1595000,13841.78,0.3347,poor,approve
LP002931,0.144915,1339000,22056.4,0.3498,fair,approve
LP002488,0.144896,739000,34443.19,0.2879,good,approve
LP003951,0.144754,100000,4660.78,0.0926,poor,approve
LP004531,0.144697,7610000,61277.78,0.5271,fair,approve
LP001590,0.144624,1325000,42598.67,0.3136,fair,approve
LP000035,0.144289,380000,9592.22,0.3631,good,approve
LP004720,0.144174,6764000,66607.78,0.3294,fair,approve
LP003042,0.144158,7965000,64136.34,0.4832,fair,approve
LP004714,0.144071,335000,10770.23,0.3615,good,approve
LP002019,0.144033,4200000,33819.54,0.3531,poor,approve
LP004296,0.143701,1201000,25370.22,0.3419,excellent,approve
LP003592,0.143564,639000,20543.81,0.3859,fair,approve
LP001615,0.143448,97000,16689.29,0.4157,poor,approve
LP000802,0.143394,613000,37097.87,0.3632,good,approve
LP002412,0.143366,282000,24923.63,0.252,fair,approve
LP002857,0.143365,409000,10324.26,0.2617,poor,approve
LP004561,0.143278,2364000,38940.51,0.4274,excellent,approve
LP003094,0.143258,212000,9758.28,0.3145,poor,approve
LP003409,0.143174,257000,11978.21,0.3548,fair,approve
LP003783,0.14311,4895000,37638.32,0.4601,fair,approve
LP004808,0.143103,95000,3269.99,0.162,excellent,approve
LP001194,0.14301,737000,33923.83,0.4126,good,approve
LP004794,0.14301,209000,7193.98,0.2836,excellent,approve
LP002093,0.143008,4161000,36110.12,0.3427,poor,approve
LP002123,0.142957,378000,17617.76,0.236,poor,approve
LP002256,0.142873,167000,14759.74,0.1639,poor,approve
LP000588,0.142711,72000,6363.48,0.2031,poor,approve
LP001614,0.142684,456000,27596.46,0.3659,poor,approve
LP000087,0.142568,136000,12019.91,0.3238,fair,approve
LP000168,0.142082,937000,15434.54,0.4902,good,approve
LP003634,0.141931,800000,20194.15,0.3067,fair,approve
LP005000,0.141704,717000,23051.51,0.3465,excellent,approve
LP002930,0.141612,723000,23244.41,0.2571,good,approve
LP003637,0.141532,998000,25192.21,0.4015,good,approve
LP003335,0.141507,1885000,39819.2,0.442,excellent,approve
LP000828,0.141502,263000,12105.79,0.3777,fair,approve
LP003529,0.141423,244000,7844.59,0.3377,fair,approve
LP003927,0.141247,154000,7430.41,0.1864,good,approve
LP004295,0.141174,1320000,21743.43,0.479,good,approve
LP001360,0.141047,2038000,16410.53,0.3443,fair,approve
LP003410,0.141016,452000,21066.74,0.2424,poor,approve
LP001482,0.140698,5652000,43458.99,0.5379,excellent,approve
LP002540,0.140666,2500000,41180.74,0.1414,fair,approve
LP002887,0.140592,200000,34410.91,0.4993,fair,approve
LP000103,0.140412,701000,22949.84,0.2289,poor,approve
LP003414,0.140337,690000,17417.46,0.3538,fair,approve
LP000208,0.140335,505000,23536.96,0.3152,poor,approve
LP002005,0.140324,357000,11687.72,0.3001,poor,approve
LP003107,0.140172,612000,12928.04,0.3467,fair,approve
LP001392,0.14013,460000,21439.61,0.4392,fair,approve
LP001280,0.140085,6922000,60070.72,0.5855,good,approve
LP000677,0.140056,649000,30248.49,0.4356,excellent,approve
LP000329,0.140023,3287000,26467.81,0.4204,fair,approve
LP004395,0.139893,512000,12924.26,0.3689,good,approve
LP000867,0.139866,268000,8773.98,0.2714,fair,approve
LP001480,0.139699,1492000,24576.67,0.4405,excellent,approve
LP000767,0.139567,160000,7457.25,0.289,poor,approve
LP002631,0.139202,186000,6089.4,0.3052,fair,approve
LP003641,0.139139,189000,16704.13,0.1683,poor,approve
LP001448,0.139076,261000,12013.73,0.3584,good,approve
LP003657,0.138747,755000,12436.58,0.2414,fair,approve
LP004197,0.138605,560000,18003.97,0.3914,fair,approve
LP003784,0.138496,1131000,36361.58,0.2796,good,approve
LP003867,0.138353,13215000,114682.84,0.311,fair,approve
LP000223,0.138342,508000,30743.42,0.1715,good,approve
LP001423,0.138235,325000,19668.53,0.5403,good,approve
LP001409,0.138197,4436000,43683.05,0.3396,poor,approve
LP003883,0.138161,467000,7692.56,0.3613,fair,approve
LP004597,0.138151,566000,14287.36,0.4354,good,approve
LP003942,0.137966,100000,8838.17,0.3114,fair,approve
LP004772,0.137918,326000,8229.12,0.2665,poor,approve
LP002071,0.137898,1000000,46607.84,0.2939,good,approve
LP002769,0.137883,272000,24039.81,0.632,excellent,approve
LP000132,0.137861,1154000,19009.03,0.3955,excellent,approve
LP004692,0.137785,979000,32051.2,0.2966,fair,approve
LP002363,0.137769,15000000,115337.02,0.5154,fair,approve
LP001971,0.137745,595000,27731.66,0.3921,poor,approve
LP002007,0.13759,3127000,38770.32,0.3779,poor,approve
LP000135,0.137563,372000,12178.8,0.2955,poor,approve
LP000256,0.137537,384000,17675.38,0.3571,good,approve
LP003113,0.137363,342000,30226.53,0.3941,fair,approve
LP000590,0.137195,15000000,120784.06,0.2678,fair,approve
LP003395,0.137014,3942000,34209.59,0.318,poor,approve
LP004168,0.137009,7522000,57837.67,0.5202,excellent,approve
LP000202,0.136988,61000,5391.28,0.1839,fair,approve
LP001456,0.136883,669000,31180.64,0.3212,fair,approve
LP004401,0.136868,5287000,40652.46,0.5175,good,approve
LP002613,0.136814,584000,14741.73,0.3557,fair,approve
LP003987,0.136798,702000,22982.58,0.2927,poor,approve
LP000065,0.136751,242000,14645.49,0.2645,poor,approve
LP001100,0.136484,5853000,45004.51,0.5313,good,approve
LP002597,0.136453,3534000,30668.87,0.2768,poor,approve
LP000092,0.136188,1500000,12078.41,0.6791,excellent,approve
LP000643,0.135925,591000,27203.51,0.5562,excellent,approve
LP004997,0.135904,425000,10728.14,0.3641,good,approve
LP004306,0.135884,405000,18642.0,0.4189,good,approve
LP003093,0.135608,503000,16467.57,0.2798,poor,approve
LP000126,0.13551,544000,17489.57,0.2309,good,approve
LP003691,0.135472,1826000,38572.87,0.2854,excellent,approve
LP003525,0.135374,3130000,30822.35,0.3457,fair,approve
LP000193,0.135315,677000,17089.3,0.3555,good,approve
LP002835,0.135302,370000,11895.48,0.2358,poor,approve
LP001591,0.135215,90000,7954.35,0.1419,poor,approve
LP004758,0.13518,406000,13052.88,0.2069,good,approve
LP000093,0.135044,678000,31600.11,0.3071,fair,approve
LP000824,0.134996,176000,6058.09,0.1484,excellent,approve
LP004654,0.134885,6041000,46450.06,0.5419,fair,approve
LP001853,0.134882,4984000,38322.65,0.2959,fair,approve
LP004599,0.134812,3319000,25520.24,0.3902,fair,approve
LP000459,0.134686,656000,10805.83,0.4584,good,approve
LP003432,0.134664,921000,19455.43,0.3107,good,approve
LP004088,0.134623,2500000,52810.61,0.2683,fair,approve
LP000672,0.134601,1953000,32170.39,0.3586,poor,approve
LP000250,0.134491,662000,16710.66,0.329,good,approve
LP000297,0.134308,128000,7746.37,0.346,poor,approve
LP003444,0.134208,2767000,21275.84,0.275,poor,approve
LP002178,0.134206,214000,9974.08,0.2997,good,approve
LP002221,0.134094,6019000,48466.62,0.3299,fair,approve
LP003361,0.134044,271000,16400.52,0.4398,excellent,approve
LP001952,0.133878,162000,14317.83,0.2098,poor,approve
LP003035,0.133625,444000,14274.57,0.4315,good,approve
LP002500,0.133069,4112000,31617.72,0.4131,fair,approve
LP004425,0.13299,4162000,33513.55,0.4442,fair,approve
LP003371,0.132893,691000,22622.45,0.2541,poor,approve
LP000694,0.132425,2500000,41180.74,0.3461,fair,approve
LP002717,0.132044,1000000,60518.54,0.4272,excellent,approve
LP004723,0.132005,293000,17731.93,0.283,fair,approve
LP004084,0.131928,502000,12671.83,0.2312,fair,approve
LP000667,0.131896,8098000,65207.29,0.375,fair,approve
LP004748,0.131721,126000,4125.08,0.281,poor,approve
LP000878,0.131493,286000,13164.47,0.3188,fair,approve
LP000933,0.131354,1000000,32738.72,0.1804,excellent,approve
LP002086,0.131338,335000,15613.63,0.3541,poor,approve
LP002646,0.131224,5361000,43168.22,0.2959,fair,approve
LP001993,0.130972,85000,14624.64,0.5106,good,approve
LP002602,0.130943,4788000,47149.33,0.3044,fair,approve
LP003956,0.130911,597000,19193.51,0.3704,excellent,approve
LP001830,0.130722,15000000,120784.06,0.1933,fair,approve
LP000781,0.130696,723000,18250.47,0.3421,fair,approve
LP002224,0.130622,1125000,28398.03,0.3822,good,approve
LP003906,0.130573,2224000,46980.32,0.3992,excellent,approve
LP004231,0.130469,180000,6195.78,0.1879,excellent,approve
LP002645,0.130455,507000,16598.53,0.2692,poor,approve
LP003493,0.130335,278000,12796.24,0.3065,poor,approve
LP001348,0.130296,7111000,54677.44,0.4353,fair,approve
LP001784,0.130293,540000,25168.23,0.3804,good,approve
LP004272,0.130193,140000,8472.6,0.3038,good,approve
LP000500,0.130033,264000,8487.58,0.2805,poor,approve
LP000095,0.1299,1000000,25242.69,0.4604,good,approve
LP002260,0.129766,201000,34582.96,0.4583,good,approve
LP000084,0.129639,189000,11438.0,0.1593,poor,approve
LP004311,0.129554,622000,28990.08,0.3783,good,approve
LP000353,0.129535,45000,7742.45,0.2761,poor,approve
LP004528,0.129528,357000,11477.53,0.2797,good,approve
LP000284,0.12948,377000,17571.16,0.3648,good,approve
LP001513,0.129239,224000,19797.49,0.4063,excellent,approve
LP001639,0.128846,566000,18530.11,0.2351,fair,approve
LP001611,0.128576,158000,27184.62,0.2584,poor,approve
LP001840,0.128573,4799000,38642.85,0.5073,good,approve
LP004825,0.128365,2319000,38199.25,0.3719,excellent,approve
LP004014,0.128134,333000,8405.82,0.2573,fair,approve
LP001120,0.128118,191000,6574.41,0.2158,excellent,approve
LP000204,0.128078,200000,12103.71,0.3967,fair,approve
LP000797,0.128077,118000,4061.68,0.2412,excellent,approve
LP004606,0.128047,2500000,52810.61,0.4216,excellent,approve
LP002451,0.128016,928000,43252.07,0.28,good,approve
LP002291,0.127906,87000,14968.75,0.2896,poor,approve
LP001182,0.127851,10304000,89420.51,0.4118,good,approve
LP002504,0.127832,774000,46841.35,0.32,good,approve
LP003040,0.127802,267000,8584.03,0.2424,excellent,approve
LP003727,0.127697,1814000,29880.75,0.4714,good,approve
LP001985,0.127622,869000,14314.43,0.4772,good,approve
LP001517,0.127592,2500000,41180.74,0.2514,fair,approve
LP000322,0.127477,12267000,94322.62,0.5023,excellent,approve
LP001744,0.127395,1098000,18086.58,0.4667,good,approve
LP000115,0.127127,328000,15097.72,0.3307,fair,approve
LP001844,0.126742,5028000,43634.15,0.373,poor,approve
LP003688,0.126738,4132000,33271.98,0.5248,excellent,approve
LP001153,0.126688,591000,19000.62,0.2855,fair,approve
LP003681,0.126514,386000,23360.16,0.5219,excellent,approve
LP000185,0.126461,366000,11766.88,0.2914,fair,approve
LP004508,0.126441,197000,9505.14,0.24,excellent,approve
LP002572,0.126421,205000,12406.3,0.2115,fair,approve
LP003511,0.126413,2500000,41180.74,0.1989,good,approve
LP002708,0.126377,515000,24003.04,0.3798,fair,approve
LP004137,0.126245,305000,18458.16,0.467,good,approve
LP003764,0.126118,318000,10410.91,0.2866,good,approve
LP000927,0.12594,118000,10429.04,0.1557,poor,approve
LP001262,0.125803,1000000,46607.84,0.3696,good,approve
LP002446,0.125801,559000,18300.94,0.2877,poor,approve
LP003606,0.125629,269000,46282.67,0.407,excellent,approve
LP003989,0.125385,408000,13117.18,0.3531,good,approve
LP003365,0.125337,512000,12924.26,0.3836,fair,approve
LP000545,0.125281,601000,15170.86,0.3052,fair,approve
LP003730,0.12512,152000,4976.29,0.2954,good,approve
LP000951,0.125112,739000,34443.19,0.3596,fair,approve
LP002198,0.124976,3563000,28690.24,0.3527,poor,approve
LP004913,0.12495,425000,19808.33,0.3019,poor,approve
LP002011,0.124925,635000,38429.27,0.351,good,approve
LP000184,0.124842,588000,27405.41,0.3782,fair,approve
LP002823,0.124614,454000,21159.96,0.2405,fair,approve
LP001504,0.124552,37000,3270.12,0.1546,fair,approve
LP003072,0.124551,430000,38004.11,0.2922,fair,approve
LP000486,0.124537,2267000,19673.55,0.3811,fair,approve
LP000312,0.124362,110000,9721.98,0.3381,poor,approve
LP001802,0.124309,1365000,22484.68,0.4674,good,approve
LP002006,0.124183,123000,21162.71,0.4373,poor,approve
LP002553,0.124148,13170000,114292.32,0.6168,fair,approve
LP001500,0.123975,245000,8020.99,0.1974,fair,approve
LP000805,0.123648,310000,14448.43,0.3783,good,approve
LP004854,0.123565,55000,4860.99,0.1232,poor,approve
LP004341,0.123554,115000,5359.9,0.2332,fair,approve
LP001946,0.12349,1500000,14771.09,0.3657,poor,approve
LP000612,0.123403,1425000,30102.05,0.2948,good,approve
LP002386,0.123368,3018000,23205.81,0.3691,poor,approve
LP004993,0.123343,1703000,14779.03,0.2714,poor,approve
LP004244,0.123183,308000,14355.21,0.3229,poor,approve
LP001185,0.122741,184000,16262.23,0.2073,poor,approve
LP002493,0.1227,550000,17682.47,0.2789,fair,approve
LP002758,0.122462,3412000,26235.33,0.412,fair,approve
LP003977,0.122358,110000,18926.0,0.2535,poor,approve
LP000182,0.122331,441000,20554.06,0.2261,fair,approve
LP000759,0.12226,513000,12949.5,0.2205,fair,approve
LP002889,0.122172,2290000,22550.54,0.3125,fair,approve
LP003288,0.122158,732000,15462.95,0.3788,good,approve
LP002731,0.122155,4386000,33724.55,0.5225,fair,approve
LP004623,0.121986,228000,7464.43,0.275,fair,approve
LP001587,0.12185,1580000,50796.91,0.3792,poor,approve
LP001054,0.121754,9915000,79838.27,0.5514,excellent,approve
LP001223,0.121592,657000,21122.51,0.3654,excellent,approve
LP001969,0.121517,254000,8166.09,0.2051,fair,approve
LP004884,0.121372,2663000,23110.13,0.3561,poor,approve
LP003605,0.121342,312000,14361.24,0.3004,fair,approve
LP000580,0.121195,2051000,33784.68,0.4104,excellent,approve
LP003547,0.121194,145000,24947.91,0.3243,poor,approve
LP002003,0.12117,2772000,24056.06,0.3945,poor,approve
LP001867,0.121114,451000,14765.16,0.2491,fair,approve
LP004663,0.120825,175000,6023.67,0.1635,excellent,approve
LP004612,0.12079,306000,27044.79,0.3998,fair,approve
LP004644,0.120753,721000,11876.53,0.3718,fair,approve
LP002519,0.120659,2619000,21088.9,0.2889,fair,approve
LP003908,0.120591,331000,10836.52,0.1853,fair,approve
LP004059,0.120484,289000,13469.67,0.3533,good,approve
LP002719,0.120385,219000,10207.12,0.4202,poor,approve
LP002781,0.12027,205000,9554.61,0.1258,poor,approve
LP003044,0.120163,297000,17974.01,0.2447,fair,approve
LP001794,0.120024,548000,17618.17,0.3417,good,approve
LP003117,0.120013,2698000,23413.87,0.3557,poor,approve
LP004607,0.119835,2137000,35201.3,0.2887,excellent,approve
LP002329,0.119746,180000,30969.82,0.7484,excellent,approve
LP004667,0.119639,582000,27125.76,0.2849,fair,approve
LP003874,0.119454,2699000,23422.55,0.4061,fair,approve
LP002909,0.119288,1000000,32738.72,0.1781,excellent,approve
LP000468,0.119172,41000,7054.24,0.253,poor,approve
LP000365,0.119075,90000,15484.91,0.4586,good,approve
LP004350,0.11895,5017000,38576.39,0.4678,good,approve
LP003482,0.118705,755000,19058.23,0.3776,good,approve
LP000461,0.118682,271000,12630.72,0.3026,fair,approve
LP004819,0.118625,231000,20416.16,0.3118,poor,approve
LP002807,0.118605,451000,14765.16,0.2972,good,approve
LP001157,0.118497,457000,11535.91,0.1696,good,approve
LP004699,0.118452,2017000,16241.43,0.3297,fair,approve
LP004320,0.118345,325000,19668.53,0.199,fair,approve
LP004662,0.118147,201000,9251.95,0.3211,poor,approve
LP004270,0.118122,10997000,88550.82,0.4968,fair,approve
LP002647,0.117988,189000,9119.14,0.2699,excellent,approve
LP001311,0.117905,5735000,44097.19,0.477,fair,approve
LP000052,0.117819,4149000,33408.87,0.4263,excellent,approve
LP004574,0.117655,1500000,12078.41,0.4983,fair,approve
LP003376,0.117651,685000,31926.37,0.3938,good,approve
LP002922,0.117625,343000,30314.91,0.33,fair,approve
LP003513,0.117557,660000,13942.0,0.3501,fair,approve
LP000402,0.117365,2013000,16209.22,0.4403,fair,approve
LP000698,0.117081,2001000,32961.06,0.4245,fair,approve
LP001596,0.117067,600000,27617.77,0.3201,good,approve
LP000547,0.117047,132000,4321.51,0.2462,poor,approve
LP003294,0.11702,14009000,112804.26,0.5,good,approve
LP004052,0.117008,2814000,27710.57,0.3071,poor,approve
LP000579,0.116841,601000,19675.97,0.271,poor,approve
LP004926,0.116784,354000,11589.51,0.167,fair,approve
LP001339,0.11663,2628000,22806.39,0.3467,poor,approve
LP000287,0.116606,776000,36167.68,0.3674,good,approve
LP001966,0.116547,3590000,27603.99,0.5335,fair,approve
LP002088,0.116467,56000,4949.37,0.2392,poor,approve
LP004263,0.11634,4402000,35446.1,0.4267,excellent,approve
LP001033,0.116162,146000,6804.74,0.1921,poor,approve
LP001524,0.116024,5750000,46300.56,0.5293,fair,approve
LP002568,0.115876,452000,7445.48,0.3802,fair,approve
LP000796,0.115799,292000,9387.78,0.2221,fair,approve
LP001823,0.115653,240000,11185.88,0.2985,good,approve
LP002903,0.115622,6372000,48995.17,0.5073,fair,approve
LP001228,0.115515,517000,31288.09,0.34,poor,approve
LP001396,0.115454,210000,18560.15,0.1445,poor,approve
LP003184,0.115436,4652000,40371.14,0.3568,fair,approve
LP003013,0.115269,180000,30969.82,0.4036,good,approve
LP001999,0.11526,3170000,25525.7,0.4496,fair,approve
LP000601,0.115249,2655000,23040.71,0.3126,poor,approve
LP002202,0.115197,417000,19435.47,0.2955,fair,approve
LP002934,0.115152,1500000,11533.7,0.5252,excellent,approve
LP004411,0.11506,479000,15681.85,0.2949,poor,approve
LP000074,0.114985,8305000,72072.72,0.3457,fair,approve
LP002340,0.114829,2956000,23802.51,0.3024,poor,approve
LP000556,0.114827,2296000,19925.22,0.327,poor,approve
LP002593,0.114826,4664000,40475.28,0.3123,fair,approve
LP003486,0.114705,337000,11032.95,0.2235,poor,approve
LP003941,0.114235,113000,19442.16,0.4706,fair,approve
LP002681,0.114231,6362000,51228.55,0.3564,fair,approve
LP000145,0.114218,353000,11556.77,0.2604,poor,approve
LP004135,0.114179,5749000,46292.51,0.4477,fair,approve
LP002718,0.114166,139000,12285.05,0.2763,poor,approve
LP002616,0.114139,1647000,14293.05,0.2718,poor,approve
LP000195,0.114051,187000,6122.14,0.2601,fair,approve
LP002154,0.113786,279000,24658.48,0.3157,poor,approve
LP004852,0.113693,146000,25119.96,0.356,poor,approve
LP004593,0.113533,301000,7598.05,0.2779,fair,approve
LP002022,0.113493,5364000,41244.52,0.538,excellent,approve
LP001220,0.113339,928000,19603.3,0.4352,good,approve
LP004801,0.11322,4870000,42262.99,0.3767,fair,approve
LP003581,0.112883,341000,15893.27,0.2613,fair,approve
LP002127,0.11285,307000,18579.19,0.1227,fair,approve
LP004469,0.11285,190000,11498.52,0.2381,poor,approve
LP003626,0.112747,436000,14274.08,0.23,poor,approve
LP001007,0.112734,1474000,24280.16,0.4709,good,approve
LP002318,0.11264,147000,8896.23,0.1275,poor,approve
LP004549,0.112373,117000,10340.65,0.1637,poor,approve
LP002503,0.112346,3802000,30614.73,0.363,fair,approve
LP000247,0.112214,416000,25175.71,0.2982,poor,approve
LP004809,0.11218,3555000,27334.87,0.3382,poor,approve
LP001964,0.112126,817000,38078.6,0.377,good,approve
LP002297,0.112122,2857000,24793.71,0.3127,poor,approve
LP003553,0.111922,84000,14452.58,0.5479,good,approve
LP000787,0.111915,5683000,43697.35,0.5394,good,approve
LP000394,0.111884,226000,13677.19,0.3944,excellent,approve
LP002000,0.111485,857000,18103.48,0.3706,excellent,approve
LP001420,0.111481,2500000,41180.74,0.3126,fair,approve
LP001890,0.11144,438000,14339.56,0.2587,fair,approve
LP003823,0.110976,381000,33673.41,0.3493,good,approve
LP001071,0.110748,2500000,41180.74,0.2889,excellent,approve
LP001923,0.110554,15000000,130173.49,0.5335,good,approve
LP004234,0.110323,1000000,46607.84,0.3857,fair,approve
LP003160,0.110173,663000,10921.13,0.2484,excellent,approve
LP000571,0.110159,379000,12407.97,0.1905,poor,approve
LP002573,0.109614,1000000,32738.72,0.2342,fair,approve
LP001179,0.10954,220000,19443.96,0.3899,fair,approve
LP002991,0.109503,15000000,115337.02,0.3363,good,approve
LP002917,0.1095,292000,17671.41,0.3658,fair,approve
LP002030,0.109495,192000,11619.56,0.1854,poor,approve
LP002621,0.10944,5744000,46252.24,0.3691,fair,approve
LP002328,0.109439,605000,28197.74,0.3069,fair,approve
LP003481,0.109413,203000,6645.96,0.1621,poor,approve
LP002605,0.109394,988000,16274.63,0.4896,excellent,approve
LP000526,0.109372,4891000,37607.56,0.5279,good,approve
LP002284,0.109305,29000,2563.07,0.1296,fair,approve
LP000389,0.109231,256000,8381.11,0.2866,poor,approve
LP000795,0.109116,249000,8005.34,0.2123,good,approve
LP003893,0.109078,245000,14827.04,0.4348,poor,approve
LP002460,0.109073,9843000,75684.15,0.4998,excellent,approve
LP004434,0.10898,610000,28430.78,0.4366,good,approve
LP004080,0.108893,812000,26583.84,0.2721,excellent,approve
LP001678,0.108884,334000,10934.73,0.1474,good,approve
LP000466,0.108747,7911000,68653.5,0.4484,excellent,approve
LP001151,0.108731,2812000,22642.99,0.4088,fair,approve
LP003435,0.108682,315000,7951.45,0.2676,fair,approve
LP000640,0.108493,185000,11195.93,0.1433,poor,approve
LP000406,0.108297,251000,11698.57,0.3775,fair,approve
LP002434,0.108029,10817000,134115.32,0.659,good,approve
LP004398,0.108007,476000,28806.83,0.2282,fair,approve
LP004830,0.107871,2247000,19499.99,0.2946,poor,approve
LP000910,0.107721,182000,11014.37,0.1677,poor,approve
LP004241,0.107619,41000,7054.24,0.4149,fair,approve
LP001474,0.107563,2091000,34443.57,0.4684,excellent,approve
LP000658,0.107554,15000000,115337.02,0.511,good,approve
LP004317,0.107547,547000,33103.64,0.4041,excellent,approve
LP004386,0.107511,25000,2209.54,0.1151,poor,approve
LP002845,0.10742,835000,27336.83,0.2585,good,approve
LP000570,0.107413,84000,14452.58,0.3475,good,approve
LP000603,0.107055,1987000,19566.78,0.3717,poor,approve
LP001713,0.10693,902000,14858.01,0.351,good,approve
LP001317,0.106759,927000,30348.79,0.214,good,approve
LP000752,0.106701,3161000,27431.89,0.3865,poor,approve
LP000585,0.106474,86000,5204.59,0.1771,fair,approve
LP004165,0.10645,91000,4241.31,0.1007,fair,approve
LP003163,0.106435,2229000,36716.75,0.4148,excellent,approve
LP001609,0.106346,2736000,22031.01,0.4147,poor,approve
LP000856,0.106292,424000,25659.86,0.3278,poor,approve
LP004063,0.106266,449000,14699.68,0.2387,fair,approve
LP002740,0.106217,593000,19064.92,0.3892,excellent,approve
LP003439,0.106065,687000,22087.01,0.2901,excellent,approve
LP004331,0.105975,3285000,32348.69,0.3139,poor,approve
LP001141,0.105877,1500000,14771.09,0.3375,good,approve
LP000972,0.105792,12940000,104196.38,0.4358,excellent,approve
LP003552,0.10576,237000,7619.54,0.2046,excellent,approve
LP003724,0.105711,2768000,24021.35,0.3143,fair,approve
LP003983,0.105625,186000,16438.99,0.3035,fair,approve
LP003545,0.105594,491000,22884.45,0.4038,fair,approve
LP002468,0.105552,9005000,72510.7,0.5758,excellent,approve
LP003974,0.105324,2984000,24027.98,0.3387,poor,approve
LP004344,0.105309,1037000,33339.49,0.3208,good,approve
LP004199,0.10506,1766000,29090.08,0.4157,excellent,approve
LP002070,0.105004,212000,6940.61,0.2409,poor,approve
LP003982,0.104988,494000,29896.16,0.4017,good,approve
LP004015,0.104939,10682000,82135.34,0.4938,fair,approve
LP002023,0.104921,2879000,23182.49,0.4415,fair,approve
LP003398,0.10492,4227000,32501.97,0.4807,excellent,approve
LP004278,0.104916,4523000,36420.42,0.4842,fair,approve
LP002858,0.104807,196000,11861.63,0.252,poor,approve
LP001374,0.104729,188000,11377.49,0.2867,fair,approve
LP003811,0.10466,2187000,21536.25,0.4287,fair,approve
LP000124,0.104384,848000,27762.43,0.2563,fair,approve
LP000633,0.104207,544000,17809.86,0.3104,fair,approve
LP004298,0.103859,1744000,14043.16,0.2577,fair,approve
LP002113,0.103792,6825000,54956.75,0.4215,fair,approve
LP004281,0.103682,414000,19295.65,0.2496,fair,approve
LP003774,0.10362,1945000,16879.16,0.4758,fair,approve
LP003997,0.103601,63000,5568.04,0.1117,poor,approve
LP001405,0.103547,2500000,41180.74,0.1521,fair,approve
LP002768,0.103524,1045000,33596.69,0.2703,fair,approve
LP000338,0.103456,77000,4659.93,0.2919,good,approve
LP001017,0.103384,2128000,35053.05,0.4611,excellent,approve
LP003773,0.103278,240000,11185.88,0.2211,fair,approve
LP002898,0.103263,459000,15027.07,0.2451,fair,approve
LP001646,0.103227,266000,8708.5,0.3051,fair,approve
LP001733,0.103115,186000,8669.06,0.4092,good,approve
LP002722,0.103094,344000,11262.12,0.3089,poor,approve
LP000812,0.10306,207000,9528.13,0.301,fair,approve
LP001664,0.103038,72000,6363.48,0.1126,poor,approve
LP004975,0.103034,6710000,54030.74,0.4304,fair,approve
LP000206,0.102886,268000,8773.98,0.2883,fair,approve
LP001332,0.10286,3544000,43940.53,0.412,fair,approve
LP004581,0.102814,593000,19414.06,0.2992,fair,approve
LP002939,0.102523,4452000,38635.49,0.3889,fair,approve
LP002910,0.10229,248000,8119.2,0.2987,good,approve
LP003030,0.102263,7983000,64281.28,0.4244,excellent,approve
LP004432,0.102243,5996000,52034.68,0.5801,excellent,approve
LP002078,0.102103,242000,11279.1,0.4253,fair,approve
LP002502,0.102095,80000,4841.48,0.2071,poor,approve
LP004704,0.102067,232000,14040.3,0.3348,good,approve
LP001943,0.102061,937000,19793.42,0.3504,excellent,approve
LP000691,0.102035,3628000,35726.35,0.3036,poor,approve
LP003561,0.101708,305000,14039.04,0.2805,good,approve
LP002817,0.10143,275000,24304.96,0.3438,good,approve
LP002544,0.10139,391000,23662.75,0.41,fair,approve
LP001603,0.101265,1572000,25894.45,0.4774,excellent,approve
LP001336,0.10125,1151000,18959.61,0.3625,good,approve
LP004358,0.101237,373000,11991.93,0.2162,good,approve
LP000276,0.101122,674000,22065.9,0.2387,fair,approve
LP003386,0.101039,8582000,65988.16,0.5354,excellent,approve
LP001780,0.101007,452000,14797.9,0.2413,good,approve
LP001053,0.101003,15000000,120784.06,0.3867,excellent,approve
LP001552,0.100896,373000,22573.42,0.3698,poor,approve
LP002216,0.100882,902000,42040.27,0.3813,good,approve
LP000782,0.100875,82000,4962.52,0.1382,poor,approve
LP003601,0.100755,1500000,12078.41,0.4628,good,approve
LP004202,0.10074,8210000,63127.8,0.4132,fair,approve
LP002969,0.100704,2670000,23170.88,0.2813,poor,approve
LP003048,0.100617,2402000,20845.11,0.3974,poor,approve
LP004024,0.100556,2322000,20150.86,0.2954,poor,approve
LP001808,0.100404,6287000,54560.05,0.443,fair,approve
LP003136,0.100211,15000000,120784.06,0.4917,good,approve
LP003947,0.10011,2500000,41180.74,0.2794,excellent,approve
LP004178,0.100041,3027000,24374.22,0.2879,fair,approve
LP003809,0.100021,662000,21673.03,0.2943,fair,approve
LP002323,0.09997,3907000,33905.85,0.2938,poor,approve
LP003693,0.099918,688000,22524.24,0.2553,fair,approve
LP002620,0.099878,676000,21733.36,0.4055,excellent,approve
LP000062,0.099861,291000,25719.06,0.3321,good,approve
LP000541,0.099819,12517000,100790.27,0.4845,fair,approve
LP001450,0.099806,145000,12815.34,0.2887,fair,approve
LP002152,0.099802,1500000,14771.09,0.5813,good,approve
LP000151,0.099721,283000,25012.01,0.448,fair,approve
LP004478,0.099693,419000,19286.41,0.3151,excellent,approve
LP001174,0.09957,11086000,96206.88,0.5748,good,approve
LP003698,0.099562,258000,8446.59,0.3024,good,approve
LP004870,0.099421,390000,17951.55,0.3434,excellent,approve
LP000345,0.099415,335000,10770.23,0.295,fair,approve
LP003690,0.099346,284000,13236.63,0.2694,good,approve
LP002002,0.09934,277000,24481.72,0.4327,fair,approve
LP001891,0.09928,7237000,55646.27,0.5203,excellent,approve
LP001031,0.099247,280000,16945.19,0.3635,fair,approve
LP000599,0.099218,3950000,30372.08,0.5414,fair,approve
LP001834,0.099155,1500000,14771.09,0.5664,good,approve
LP002890,0.099015,146000,12903.72,0.198,poor,approve
LP004971,0.098996,336000,8481.54,0.4346,excellent,approve
LP002383,0.098872,343000,15986.49,0.3284,good,approve
LP004637,0.09871,5283000,40621.7,0.4699,fair,approve
LP001216,0.098673,53000,9118.89,0.3348,fair,approve
LP002919,0.098519,342000,15939.88,0.3331,fair,approve
LP002536,0.098487,354000,11589.51,0.3063,fair,approve
LP001087,0.098432,4352000,53958.57,0.4979,excellent,approve
LP004780,0.098421,5461000,41990.37,0.4931,fair,approve
LP000249,0.098397,8334000,67107.63,0.4611,fair,approve
LP000765,0.098306,144000,12726.96,0.3144,good,approve
LP003203,0.098063,207000,9647.82,0.2021,fair,approve
LP001882,0.09804,273000,24128.19,0.367,fair,approve
LP003945,0.098004,543000,17777.12,0.2497,fair,approve
LP001245,0.097995,780000,19689.3,0.2055,excellent,approve
LP000673,0.097963,594000,12547.8,0.2857,good,approve
LP002551,0.097932,147000,6851.35,0.3194,excellent,approve
LP003220,0.097841,3273000,28403.85,0.2818,poor,approve
LP003804,0.097838,8916000,71794.05,0.5774,fair,approve
LP001848,0.097711,372000,12178.8,0.301,poor,approve
LP004803,0.097455,422000,19668.51,0.2587,fair,approve
LP001951,0.097376,1895000,16445.25,0.2824,poor,approve
LP003471,0.097259,261000,12164.65,0.3298,fair,approve
LP001006,0.097119,2760000,23951.92,0.3223,fair,approve
LP003485,0.096952,1500000,14771.09,0.3493,poor,approve
LP000123,0.096909,442000,14470.51,0.3134,excellent,approve
LP001230,0.096891,177000,8249.59,0.3681,poor,approve
LP002592,0.096886,9547000,82851.08,0.5447,fair,approve
LP001597,0.096884,67000,4054.74,0.0871,poor,approve
LP002177,0.096717,225000,7366.21,0.1786,fair,approve
LP000169,0.096628,1100000,18119.53,0.4549,good,approve
LP001841,0.096589,297000,17974.01,0.4343,excellent,approve
LP003341,0.096582,440000,14405.04,0.2992,poor,approve
LP003824,0.096551,2754000,23899.85,0.344,poor,approve
LP001915,0.096452,755000,35188.92,0.3321,good,approve
LP000939,0.096386,1527000,15036.97,0.2988,fair,approve
LP001048,0.096381,158000,7364.04,0.3,poor,approve
LP002015,0.09632,2887000,25054.06,0.3293,fair,approve
LP002406,0.096084,15000000,130173.49,0.4258,excellent,approve
LP002008,0.096043,111000,6717.56,0.2177,fair,approve
LP003794,0.096018,502000,16434.84,0.208,poor,approve
LP002706,0.095986,2850000,28065.08,0.3611,poor,approve
LP002194,0.095952,5332000,40998.47,0.5439,good,approve
LP001080,0.095792,1000000,46607.84,0.349,good,approve
LP002292,0.095697,770000,35888.04,0.3645,good,approve
LP000857,0.095518,159000,14052.68,0.1486,poor,approve
LP003192,0.095395,10733000,93143.47,0.3689,good,approve
LP003033,0.095393,666000,31040.82,0.3326,excellent,approve
LP000363,0.095296,50000,3025.93,0.1016,poor,approve
LP003670,0.095131,15000000,115337.02,0.3888,good,approve
LP002048,0.09513,561000,26147.0,0.3814,good,approve
LP004646,0.095128,256000,8230.38,0.249,good,approve
LP000077,0.095099,502000,30380.31,0.4116,excellent,approve
LP000020,0.095068,376000,12309.76,0.2964,good,approve
LP004672,0.095012,687000,22491.5,0.2382,excellent,approve
LP003748,0.094907,54000,9290.95,0.2555,fair,approve
LP001584,0.094838,184000,8575.84,0.3065,good,approve
LP001098,0.094743,349000,16064.34,0.2947,excellent,approve
LP001051,0.094716,240000,11185.88,0.2519,poor,approve
LP003351,0.094617,10342000,79521.03,0.501,fair,approve
LP003069,0.094596,329000,10577.33,0.3194,good,approve
LP004713,0.094571,397000,12763.53,0.2087,good,approve
LP002250,0.094396,3963000,30472.04,0.3718,excellent,approve
LP002803,0.09436,7327000,63585.41,0.2922,fair,approve
LP000162,0.094326,369000,17198.29,0.4151,fair,approve
LP002305,0.094295,325000,15147.55,0.236,fair,approve
LP000768,0.09427,3822000,33168.2,0.6236,excellent,approve
LP004874,0.094243,686000,22458.76,0.2881,good,approve
LP003268,0.094226,1768000,14236.41,0.4955,good,approve
LP004898,0.094179,9420000,81748.95,0.5076,fair,approve
LP002116,0.094115,448000,20880.31,0.276,fair,approve
LP004477,0.094097,196000,17322.81,0.3531,excellent,approve
LP004543,0.093874,580000,18988.46,0.2975,fair,approve
LP002302,0.093823,4683000,36008.22,0.4797,fair,approve
LP002119,0.093723,281000,9199.58,0.2875,poor,approve
LP002380,0.093698,10951000,84203.72,0.5454,good,approve
LP000291,0.093518,609000,19937.88,0.1955,fair,approve
LP004212,0.093433,147000,12992.1,0.4139,good,approve
LP004439,0.093399,59000,5214.52,0.1414,poor,approve
LP003342,0.093388,3163000,25469.33,0.412,fair,approve
LP000648,0.093337,15000000,120784.06,0.2812,excellent,approve
LP001243,0.093238,56000,2610.04,0.1762,good,approve
LP001330,0.093162,382000,33761.79,0.2216,fair,approve
LP003480,0.093133,219000,7040.84,0.2025,good,approve
LP002977,0.09288,1555000,13494.65,0.5194,fair,approve
LP003687,0.09287,7667000,75499.98,0.3817,good,approve
LP000034,0.092841,9495000,82399.82,0.3213,fair,approve
LP000674,0.092787,2604000,25642.62,0.3645,poor,approve
LP002004,0.092773,4363000,37863.13,0.2726,fair,approve
LP004409,0.092747,134000,6245.45,0.2,poor,approve
LP004194,0.092619,87000,14968.75,0.2151,fair,approve
LP004072,0.092443,526000,17220.57,0.297,fair,approve
LP002049,0.09225,15000000,120784.06,0.244,good,approve
LP004701,0.092212,121000,7322.74,0.2208,poor,approve
LP002738,0.092195,166000,10046.08,0.2782,good,approve
LP003446,0.09217,3443000,29879.15,0.3376,fair,approve
LP004092,0.092107,102000,9014.93,0.2656,fair,approve
LP002435,0.092067,1886000,15186.58,0.2772,poor,approve
LP002295,0.091976,125000,4092.34,0.2789,good,approve
LP004908,0.091963,2047000,20157.62,0.318,poor,approve
LP000653,0.09188,2548000,20517.19,0.5114,fair,approve
LP001047,0.091863,445000,20740.49,0.3801,good,approve
LP004067,0.091808,184000,11135.41,0.3677,poor,approve
LP001180,0.091581,3205000,25807.53,0.3206,poor,approve
LP003400,0.091447,301000,9854.35,0.2484,fair,approve
LP003474,0.091264,318000,19244.9,0.2438,poor,approve
LP002538,0.091094,385000,12604.41,0.263,fair,approve
LP001588,0.090962,355000,11622.24,0.2884,good,approve
LP000167,0.090802,1404000,23127.1,0.4931,excellent,approve
LP001176,0.090663,219000,7040.84,0.21,good,approve
LP000647,0.090651,191000,8902.1,0.1406,fair,approve
LP003699,0.090588,367000,22210.31,0.505,excellent,approve
LP001341,0.09057,3156000,24266.91,0.5022,good,approve
LP000391,0.090521,406000,13291.92,0.312,good,approve
LP004372,0.090517,864000,28286.25,0.2873,excellent,approve
LP001543,0.090443,2333000,20246.32,0.2805,poor,approve
LP001268,0.090415,164000,9925.04,0.3991,fair,approve
LP000384,0.090406,361000,11818.68,0.2548,poor,approve
LP002968,0.090348,166000,10046.08,0.3247,fair,approve
LP002017,0.090331,2500000,41180.74,0.2815,good,approve
LP002458,0.090309,306000,14262.0,0.2622,fair,approve
LP003224,0.090118,1000000,32738.72,0.2299,excellent,approve
LP004515,0.090006,3821000,30767.73,0.4405,excellent,approve
LP004275,0.089965,4935000,37945.88,0.5015,excellent,approve
LP003845,0.089871,111000,9810.36,0.1577,poor,approve
LP002158,0.08982,9527000,82677.52,0.5188,excellent,approve
LP004781,0.089705,3580000,31068.07,0.3613,fair,approve
LP002797,0.089704,2262000,19630.16,0.3357,poor,approve
LP000334,0.089673,909000,14973.32,0.2601,good,approve
LP003494,0.089615,357000,11687.72,0.2669,fair,approve
LP003578,0.089566,5168000,41614.14,0.3798,fair,approve
LP004954,0.089561,2420000,19486.5,0.2916,poor,approve
LP000054,0.089542,9251000,80282.33,0.3746,fair,approve
LP000675,0.089447,114000,6899.11,0.2174,fair,approve
LP004348,0.08941,396000,12964.53,0.3045,good,approve
LP002513,0.089032,9909000,79789.95,0.5441,excellent,approve
LP001531,0.089001,154000,5041.76,0.2426,excellent,approve
LP000863,0.088989,715000,33324.6,0.2581,good,approve
LP004753,0.088978,3951000,30379.77,0.5251,good,approve
LP001464,0.088973,240000,14524.45,0.1898,fair,approve
LP003540,0.088953,536000,32437.94,0.3109,fair,approve
LP003470,0.088799,267000,16158.45,0.2529,fair,approve
LP003152,0.088772,2956000,23802.51,0.2802,poor,approve
LP001146,0.088718,235000,14221.86,0.2193,fair,approve
LP001842,0.088393,3751000,30204.07,0.4955,fair,approve
LP002818,0.08835,74000,12732.04,0.2865,fair,approve
LP001616,0.088169,135000,8170.0,0.2542,good,approve
LP004628,0.08814,383000,23178.6,0.2591,fair,approve
LP001736,0.088137,1641000,14240.98,0.3313,poor,approve
LP002106,0.088131,125000,5825.98,0.2345,fair,approve
LP003240,0.087873,1175000,24820.99,0.3954,excellent,approve
LP000950,0.087543,142000,6618.31,0.1197,poor,approve
LP003668,0.087383,9307000,74942.48,0.524,fair,approve
LP003271,0.08737,4701000,36146.62,0.5349,excellent,approve
LP003716,0.087225,7818000,60113.66,0.4845,good,approve
LP004366,0.087202,356000,16592.39,0.2709,fair,approve
LP003412,0.087201,3312000,28742.31,0.4194,fair,approve
LP003528,0.087193,8766000,67402.96,0.3848,excellent,approve
LP003345,0.087109,411000,10374.75,0.2424,excellent,approve
LP001255,0.087096,5212000,40075.77,0.5192,fair,approve
LP001883,0.087087,186000,11256.45,0.2652,fair,approve
LP001258,0.087034,6621000,53314.09,0.4166,fair,approve
LP001961,0.087018,2482000,40884.24,0.4168,excellent,approve
LP000128,0.086966,248000,8119.2,0.2812,poor,approve
LP000096,0.086911,112000,19270.11,0.3634,excellent,approve
LP002027,0.086777,2681000,26400.87,0.3087,poor,approve
LP003283,0.086683,1819000,15785.7,0.3623,poor,approve
LP002619,0.086629,504000,23490.35,0.3255,fair,approve
LP002528,0.086558,2666000,23136.17,0.5921,fair,approve
LP000161,0.08648,220000,13314.08,0.2229,fair,approve
LP004040,0.086453,615000,20134.31,0.2979,fair,approve
LP000829,0.086432,2296000,22609.62,0.4951,fair,approve
LP002595,0.086267,126000,11136.09,0.2244,poor,approve
LP001461,0.08626,4130000,35841.1,0.5218,excellent,approve
LP003075,0.085937,109000,9633.6,0.1431,poor,approve
LP004661,0.085936,181000,31141.87,0.2352,fair,approve
LP003303,0.085935,168000,7830.12,0.2044,poor,approve
LP000754,0.085915,116000,10252.27,0.234,good,approve
LP000347,0.085899,83000,7335.68,0.1186,poor,approve
LP002581,0.085894,2617000,25770.63,0.3106,fair,approve
LP003020,0.085859,58000,9979.16,0.2409,fair,approve
LP004912,0.085835,10545000,81081.93,0.5225,excellent,approve
LP004698,0.085814,7208000,55423.28,0.5497,good,approve
LP003276,0.085806,3112000,30645.1,0.3308,poor,approve
LP002956,0.08575,777000,25437.98,0.2579,good,approve
LP004274,0.085693,2894000,22252.36,0.5154,fair,approve
LP001722,0.085685,3522000,30564.73,0.2742,fair,approve
LP003405,0.085671,247000,11512.14,0.3794,fair,approve
LP000992,0.085445,327000,19789.56,0.5032,excellent,approve
LP001906,0.085315,3517000,28319.84,0.306,fair,approve
LP002173,0.085081,15000000,130173.49,0.3493,good,approve
LP003938,0.084911,220000,13314.08,0.2025,fair,approve
LP001343,0.084892,316000,19123.86,0.3312,fair,approve
LP002465,0.084886,128000,11312.85,0.2557,fair,approve
LP003521,0.084782,389000,18130.45,0.3044,good,approve
LP000173,0.084748,997000,16422.88,0.3584,good,approve
LP000613,0.084688,2242000,19456.6,0.323,poor,approve
LP002886,0.084483,356000,11654.98,0.213,good,approve
LP001278,0.084439,2590000,22476.62,0.3212,fair,approve
LP000641,0.084387,188000,11377.49,0.3304,good,approve
LP004121,0.084367,1174000,19338.48,0.3358,fair,approve
LP001723,0.084366,8287000,63719.86,0.4985,fair,approve
LP000244,0.084321,178000,15731.94,0.3042,fair,approve
LP001563,0.084268,7415000,59707.59,0.2709,excellent,approve
LP004788,0.084261,511000,16729.48,0.3137,fair,approve
LP001391,0.08425,328000,19850.08,0.2748,fair,approve
LP003080,0.084246,537000,17580.69,0.2806,excellent,approve
LP003515,0.084135,1500000,12078.41,0.4054,excellent,approve
LP000044,0.083991,544000,17809.86,0.2448,fair,approve
LP000766,0.083625,98000,8661.4,0.1983,poor,approve
LP004983,0.083599,5619000,43205.25,0.5482,good,approve
LP001631,0.083478,4778000,38473.75,0.4625,fair,approve
LP000447,0.083474,2167000,17449.27,0.3857,fair,approve
LP002209,0.083419,1500000,12078.41,0.5053,excellent,approve
LP002648,0.083391,185000,16350.61,0.3354,good,approve
LP004152,0.083385,332000,20092.16,0.2501,poor,approve
LP004176,0.083261,375000,17477.94,0.3287,fair,approve
LP000901,0.083255,951000,31134.52,0.2413,excellent,approve
LP000199,0.083244,641000,13540.64,0.2599,excellent,approve
LP001333,0.083229,6506000,56460.58,0.4715,good,approve
LP002361,0.08322,119000,10517.42,0.1202,good,approve
LP003452,0.083196,2637000,25967.58,0.3078,excellent,approve
LP000700,0.083081,271000,8872.19,0.2451,fair,approve
LP002139,0.083059,143000,24603.8,0.6803,excellent,approve
LP000593,0.082967,476000,22185.33,0.3739,excellent,approve
LP001717,0.082957,7646000,61567.66,0.5398,good,approve
LP001568,0.082943,5551000,48172.87,0.5241,fair,approve
LP000872,0.082818,311000,10181.74,0.2877,good,approve
LP004173,0.082776,163000,9864.52,0.1189,fair,approve
LP000147,0.082678,356000,11654.98,0.3052,fair,approve
LP002335,0.082568,4883000,42375.81,0.4087,good,approve
LP004763,0.082452,3216000,24728.26,0.508,fair,approve
LP000004,0.082446,146000,8835.71,0.2249,poor,approve
LP004302,0.082306,6934000,68281.84,0.4187,excellent,approve
LP000192,0.082267,215000,10020.69,0.2225,fair,approve
LP000243,0.082231,12887000,103769.61,0.469,excellent,approve
LP002253,0.082176,160000,14141.07,0.4722,excellent,approve
LP002051,0.082051,132000,4321.51,0.2761,good,approve
LP001493,0.082044,2139000,17223.81,0.4773,fair,approve
LP003422,0.081999,5608000,43120.67,0.5488,good,approve
LP001689,0.081998,2683000,23283.7,0.2656,fair,approve
LP003859,0.081923,3540000,28505.04,0.5156,excellent,approve
LP004585,0.081905,3375000,29289.03,0.4434,fair,approve
LP003771,0.081901,518000,24142.86,0.4198,good,approve
LP002012,0.08188,447000,14634.21,0.3052,poor,approve
LP002413,0.081872,302000,14075.57,0.3611,excellent,approve
LP002293,0.081769,2942000,22621.43,0.4918,fair,approve
LP003466,0.081697,330000,8330.09,0.2024,excellent,approve
LP001512,0.081691,135000,8170.0,0.135,poor,approve
LP004889,0.081535,5075000,39022.36,0.4812,fair,approve
LP002924,0.081502,520000,24236.08,0.3072,good,approve
LP004551,0.081475,9184000,70617.01,0.5058,good,approve
LP000722,0.081209,238000,7791.81,0.2375,poor,approve
LP001363,0.081172,168000,10167.12,0.3158,fair,approve
LP002913,0.081132,99000,8749.78,0.188,fair,approve
LP001107,0.081075,15000000,147710.93,0.3516,good,approve
LP004013,0.080906,4889000,37592.18,0.4569,fair,approve
LP003672,0.080831,4446000,34185.89,0.496,fair,approve
LP002957,0.080776,179000,8342.8,0.1996,good,approve
LP001813,0.08065,1842000,18138.9,0.4011,fair,approve
LP003630,0.0806,271000,16400.52,0.25,fair,approve
LP003676,0.080414,533000,24841.98,0.3738,good,approve
LP003087,0.0804,5192000,41807.39,0.5409,excellent,approve
LP002783,0.080262,104000,6293.93,0.1847,fair,approve
LP004899,0.080253,819000,26813.01,0.2415,excellent,approve
LP004829,0.080129,1942000,15637.51,0.4776,good,approve
LP001483,0.080061,3801000,37429.95,0.3381,good,approve
LP001578,0.080034,186000,16438.99,0.2964,fair,approve
LP001708,0.079965,1688000,14648.86,0.3471,fair,approve
LP002112,0.079845,334000,10934.73,0.3103,fair,approve
LP004755,0.079791,495000,16205.66,0.2616,fair,approve
LP004057,0.079731,470000,15387.2,0.2673,good,approve
LP004143,0.079708,115000,10163.89,0.2177,fair,approve
LP002320,0.079704,245000,14827.04,0.1935,poor,approve
LP001534,0.079558,892000,41574.19,0.4023,excellent,approve
LP004526,0.079541,5672000,45672.48,0.4904,excellent,approve
LP000400,0.079469,3245000,24951.24,0.5494,fair,approve
LP002146,0.07945,5446000,47261.65,0.3402,good,approve
LP004326,0.079448,426000,19854.94,0.4344,good,approve
LP000112,0.079402,103000,4800.61,0.1542,fair,approve
LP001835,0.079237,288000,9428.75,0.2464,excellent,approve
LP001941,0.079214,341000,15893.27,0.156,good,approve
LP001695,0.07919,1864000,30704.36,0.3826,excellent,approve
LP000232,0.07915,572000,18726.55,0.3023,good,approve
LP000308,0.079113,9706000,78155.34,0.4583,good,approve
LP000171,0.079027,1928000,14824.65,0.4772,fair,approve
LP000333,0.078864,4293000,37255.65,0.4339,fair,approve
LP001787,0.078775,180000,15908.7,0.4216,excellent,approve
LP000055,0.078709,223000,19709.11,0.4267,good,approve
LP003585,0.078659,182000,11014.37,0.4572,excellent,approve
LP002673,0.078608,284000,13236.63,0.3606,good,approve
LP004154,0.078601,3545000,30764.33,0.3498,good,approve
LP002712,0.078594,84000,5083.56,0.1465,poor,approve
LP004301,0.078583,6022000,46303.97,0.4894,excellent,approve
LP001865,0.07847,496000,16238.4,0.2213,fair,approve
LP002905,0.078451,430000,20041.37,0.36,fair,approve
LP003233,0.078341,5528000,44512.95,0.5428,fair,approve
LP001205,0.07826,54000,3268.0,0.113,poor,approve
LP003853,0.078137,368000,22270.82,0.3334,fair,approve
LP002707,0.07813,1548000,25499.11,0.4715,excellent,approve
LP000974,0.077995,753000,35095.7,0.4337,excellent,approve
LP002289,0.077983,779000,25503.46,0.2124,good,approve
LP002210,0.077977,5180000,44953.24,0.369,fair,approve
LP004456,0.07791,1818000,15777.03,0.326,poor,approve
LP004836,0.077909,1927000,15516.73,0.4487,fair,approve
LP002943,0.077899,145000,6758.14,0.1989,good,approve
LP002074,0.077861,3975000,30564.31,0.4821,fair,approve
LP001126,0.077733,979000,32051.2,0.2837,good,approve
LP004841,0.077723,170000,15024.88,0.3189,good,approve
LP000922,0.077541,395000,23904.82,0.3222,fair,approve
LP000078,0.077498,3863000,29703.13,0.4467,excellent,approve
LP003667,0.077455,4869000,42254.31,0.3259,fair,approve
LP001849,0.077451,7293000,71817.06,0.3742,fair,approve
LP001697,0.077441,230000,13919.26,0.2902,good,approve
LP000997,0.077348,213000,18825.29,0.2596,fair,approve
LP000594,0.077285,360000,11785.94,0.3118,good,approve
LP000568,0.077164,429000,19994.76,0.2674,fair,approve
LP003806,0.077139,122000,20990.65,0.3899,fair,approve
LP000421,0.077114,9423000,81774.98,0.5985,good,approve
LP004002,0.077102,84000,7424.06,0.1747,fair,approve
LP004822,0.076746,318000,28105.37,0.3818,fair,approve
LP002952,0.076638,4642000,37378.64,0.512,good,approve
LP002730,0.07657,294000,13532.71,0.3142,excellent,approve
LP004696,0.076487,190000,6220.36,0.2208,good,approve
LP002426,0.07642,6361000,48910.59,0.5419,good,approve
LP000777,0.076415,58000,3510.08,0.0856,good,approve
LP000778,0.076339,10443000,84089.86,0.4303,good,approve
LP003816,0.076192,140000,8472.6,0.314,poor,approve
LP004192,0.076152,10039000,77191.22,0.4969,good,approve
LP003391,0.076114,603000,19741.45,0.2268,good,approve
LP001466,0.076033,8928000,71890.67,0.5268,good,approve
LP003556,0.076033,3159000,27414.54,0.5362,excellent,approve
LP000017,0.076008,6503000,56434.54,0.5493,good,approve
LP004230,0.075938,2199000,19083.43,0.3328,poor,approve
LP004090,0.075906,2767000,21275.84,0.4806,fair,approve
LP002286,0.075733,4871000,37453.78,0.5021,excellent,approve
LP003199,0.075638,286000,17308.3,0.1489,fair,approve
LP003158,0.075615,9836000,79202.14,0.4082,good,approve
LP001426,0.075607,5364000,52821.43,0.4125,fair,approve
LP003815,0.075395,238000,21034.83,0.5026,good,approve
LP002477,0.075278,143000,12638.58,0.1776,fair,approve
LP002564,0.075258,189000,8808.88,0.4212,good,approve
LP003596,0.07524,174000,8109.76,0.1589,fair,approve
LP001214,0.075143,537000,32498.46,0.3723,excellent,approve
LP001714,0.075124,140000,24087.64,0.2562,fair,approve
LP000429,0.075108,93000,8219.49,0.1083,good,approve
LP003028,0.075016,292000,9559.71,0.2958,good,approve
LP000826,0.074904,586000,19184.89,0.2648,good,approve
LP004738,0.074713,6810000,59098.76,0.5101,excellent,approve
LP002810,0.074607,81000,7158.91,0.2339,fair,approve
LP002632,0.074581,197000,11922.15,0.2828,fair,approve
LP004167,0.074426,3117000,25098.93,0.4788,good,approve
LP000540,0.074399,2414000,19438.18,0.4892,excellent,approve
LP003132,0.074262,497000,23164.1,0.2326,fair,approve
LP002207,0.074152,195000,9088.53,0.2192,fair,approve
LP003683,0.074037,335000,10967.47,0.2508,fair,approve
LP001424,0.073996,449000,20926.92,0.4414,good,approve
LP002506,0.073961,194000,17146.04,0.3863,fair,approve
LP003282,0.073835,2744000,22095.43,0.4058,fair,approve
LP003011,0.073795,5454000,41936.54,0.5266,excellent,approve
LP001724,0.0736,357000,16639.0,0.2029,fair,approve
LP001619,0.073566,474000,22092.12,0.3356,excellent,approve
LP002802,0.073434,6760000,58664.85,0.3283,good,approve
LP002423,0.073306,125000,7564.82,0.1723,poor,approve
LP003364,0.073193,1817000,14630.98,0.3092,fair,approve
LP004038,0.073096,408000,24691.57,0.2169,fair,approve
LP003733,0.072939,273000,24128.19,0.4011,excellent,approve
LP000584,0.072814,158000,7364.04,0.2038,fair,approve
LP004513,0.072653,5491000,44215.02,0.3903,excellent,approve
LP004683,0.072594,282000,24923.63,0.2787,excellent,approve
LP000288,0.072577,465000,28141.12,0.3871,fair,approve
LP004963,0.072555,9048000,72856.95,0.4944,excellent,approve
LP000496,0.072423,2015000,15493.61,0.516,fair,approve
LP000146,0.072399,3764000,28941.9,0.3468,good,approve
LP002161,0.072381,81000,4902.0,0.2281,good,approve
LP002796,0.072373,7344000,56469.01,0.5533,good,approve
LP003226,0.072285,453000,14830.64,0.2577,poor,approve
LP001159,0.072195,204000,6678.7,0.2497,fair,approve
LP000234,0.072176,297000,17974.01,0.2912,good,approve
LP003822,0.072166,4232000,34077.21,0.3801,fair,approve
LP004812,0.072035,1500000,14771.09,0.4719,fair,approve
LP001510,0.071842,3142000,27267.01,0.3242,fair,approve
LP004399,0.071798,6247000,48034.03,0.4759,good,approve
LP001680,0.071725,4330000,53685.8,0.4908,fair,approve
LP002069,0.071693,6628000,50963.59,0.4688,excellent,approve
LP000076,0.071668,330000,15380.59,0.3781,fair,approve
LP004881,0.071603,326000,15194.16,0.3512,good,approve
LP002678,0.071547,5350000,43079.65,0.4397,excellent,approve
LP001706,0.071432,159000,5205.46,0.2022,fair,approve
LP001696,0.071241,4660000,35831.37,0.4888,good,approve
LP004823,0.071235,267000,12444.29,0.2116,good,approve
LP002778,0.071028,4799000,38642.85,0.2724,good,approve
LP004329,0.070936,2208000,19161.54,0.2739,fair,approve
LP000592,0.070854,4464000,34324.3,0.5284,excellent,approve
LP003663,0.070827,131000,6105.63,0.3863,good,approve
LP002671,0.070826,121000,10694.18,0.4377,excellent,approve
LP000638,0.070825,573000,26706.29,0.3226,fair,approve
LP000320,0.070819,121000,10694.18,0.2423,fair,approve
LP001158,0.070784,1000000,32738.72,0.2653,good,approve
LP000252,0.070774,5705000,49509.32,0.4334,good,approve
LP003127,0.070772,2264000,18230.34,0.4416,excellent,approve
LP003674,0.070747,2801000,34728.39,0.4048,excellent,approve
LP003305,0.070653,297000,17974.01,0.1784,good,approve
LP003891,0.070613,2968000,22821.35,0.5495,fair,approve
LP002579,0.070585,140000,6525.1,0.1074,fair,approve
LP002690,0.070539,253000,22360.56,0.3777,fair,approve
LP001286,0.070469,515000,16860.44,0.2995,fair,approve
LP003001,0.070356,104000,9191.69,0.2002,fair,approve
LP002128,0.070289,127000,11224.47,0.175,fair,approve
LP003551,0.070273,495000,16205.66,0.2809,excellent,approve
LP003231,0.070171,394000,18363.49,0.2803,fair,approve
LP002280,0.070153,9101000,69978.82,0.4506,good,approve
LP000936,0.070145,3667000,29527.68,0.4941,good,approve
LP003110,0.070018,214000,9974.08,0.2794,poor,approve
LP000469,0.069981,3678000,31918.54,0.3949,fair,approve
LP001411,0.069941,157000,9501.41,0.2966,good,approve
LP003284,0.069794,206000,12466.82,0.2715,poor,approve
LP003827,0.069663,268000,12490.9,0.207,poor,approve
LP004719,0.069643,4635000,37322.28,0.5198,good,approve
LP002425,0.069612,105000,9280.07,0.2479,good,approve
LP003766,0.069521,3910000,33931.89,0.4119,fair,approve
LP001805,0.069432,114000,19614.22,0.2889,fair,approve
LP000183,0.069298,98000,4567.57,0.2343,fair,approve
LP002585,0.069286,168000,10167.12,0.2693,fair,approve
LP000175,0.069175,6154000,49553.67,0.4008,good,approve
LP004952,0.06897,1685000,13568.08,0.312,poor,approve
LP004578,0.068829,6210000,47749.53,0.4889,fair,approve
LP001624,0.06873,2944000,23705.89,0.5055,excellent,approve
LP000919,0.068668,10748000,86545.81,0.5094,excellent,approve
LP004468,0.068659,5294000,40706.28,0.2741,excellent,approve
LP002110,0.068653,66000,11355.6,0.2908,fair,approve
LP004124,0.068516,4035000,35016.67,0.3351,fair,approve
LP000542,0.068475,3110000,25042.56,0.3338,fair,approve
LP002229,0.06847,1000000,32738.72,0.2691,excellent,approve
LP004552,0.068466,160000,14141.07,0.2708,poor,approve
LP002042,0.068422,473000,22045.51,0.2735,fair,approve
LP002600,0.068366,7633000,58691.17,0.5172,good,approve
LP004932,0.068059,235000,10952.84,0.3252,good,approve
LP000023,0.06802,3661000,31771.01,0.5066,excellent,approve
LP003019,0.067969,328000,10738.3,0.3126,fair,approve
LP004376,0.067954,105000,18065.73,0.5573,excellent,approve
LP004342,0.067932,4378000,37993.3,0.279,excellent,approve
LP004334,0.067919,3522000,28360.1,0.4216,fair,approve
LP000598,0.067749,176000,15555.17,0.3883,fair,approve
LP000604,0.0677,4826000,41881.15,0.3868,fair,approve
LP001825,0.067688,250000,11651.96,0.247,fair,approve
LP000448,0.067666,394000,18363.49,0.2674,fair,approve
LP000140,0.067486,11843000,95363.04,0.4884,good,approve
LP002652,0.067226,148000,25464.07,0.3973,good,approve
LP004757,0.067154,358000,11720.46,0.2992,excellent,approve
LP004742,0.067133,98000,5930.82,0.165,good,approve
LP003985,0.067123,118000,10429.04,0.19,poor,approve
LP002882,0.066991,311000,18821.27,0.3048,good,approve
LP000945,0.066976,6318000,50874.25,0.5262,excellent,approve
LP000800,0.066925,6929000,68232.6,0.6629,excellent,approve
LP001449,0.066916,40000,2420.74,0.111,good,approve
LP001010,0.066834,410000,19109.21,0.2921,fair,approve
LP003714,0.066753,7435000,64522.66,0.5465,excellent,approve
LP004684,0.066707,2935000,23633.41,0.5074,fair,approve
LP002530,0.066603,204000,12345.78,0.3133,fair,approve
LP003725,0.066557,330000,19971.12,0.2736,excellent,approve
LP000890,0.066352,637000,29689.19,0.3081,good,approve
LP002975,0.066239,114000,10075.51,0.2215,fair,approve
LP000060,0.066115,161000,9743.49,0.281,fair,approve
LP002117,0.066084,202000,17853.1,0.1877,fair,approve
LP001779,0.066061,159000,7410.65,0.2576,excellent,approve
LP004643,0.065918,5469000,67807.77,0.4283,excellent,approve
LP004481,0.065864,211000,9834.25,0.4152,excellent,approve
LP000210,0.065863,1507000,14840.03,0.3263,excellent,approve
LP003870,0.06576,267000,8741.24,0.1861,excellent,approve
LP000720,0.065658,228000,10626.59,0.344,poor,approve
LP003058,0.065597,300000,13982.35,0.3223,fair,approve
LP001249,0.065594,259000,12071.43,0.2057,good,approve
LP001352,0.065492,1500000,14771.09,0.5118,good,approve
LP004283,0.06549,1560000,13538.04,0.2949,poor,approve
LP003737,0.065285,157000,9501.41,0.1634,fair,approve
LP002444,0.06524,7195000,62439.88,0.526,good,approve
LP002431,0.065146,174000,10530.23,0.1954,good,approve
LP002966,0.065135,500000,16369.36,0.2892,excellent,approve
LP004079,0.065106,121000,5639.55,0.1623,poor,approve
LP002482,0.064908,6210000,53891.82,0.4584,excellent,approve
LP003964,0.064883,102000,6172.89,0.1597,fair,approve
LP004114,0.06479,4025000,34929.89,0.4108,good,approve
LP000630,0.064751,187000,8715.67,0.3297,poor,approve
LP002877,0.064622,104000,9191.69,0.1078,good,approve
LP002742,0.0645,481000,15747.32,0.2174,excellent,approve
LP000852,0.064292,170000,10288.15,0.3133,fair,approve
LP002662,0.064283,3762000,28926.53,0.4954,excellent,approve
LP003281,0.064275,783000,25634.42,0.2634,excellent,approve
LP001820,0.064236,189000,11438.0,0.1901,good,approve
LP000328,0.064128,229000,13858.75,0.2696,fair,approve
LP002752,0.064097,91000,15656.96,0.2238,excellent,approve
LP004664,0.064056,162000,14317.83,0.2754,poor,approve
LP001271,0.063839,441000,14437.77,0.286,good,approve
LP002677,0.063803,217000,13132.52,0.2571,good,approve
LP004596,0.063781,3694000,36376.28,0.3986,good,approve
LP003921,0.063572,220000,19443.96,0.2409,fair,approve
LP000042,0.063524,1500000,14771.09,0.5623,excellent,approve
LP004620,0.063413,6429000,55792.36,0.4101,fair,approve
LP003925,0.063354,566000,18530.11,0.2727,excellent,approve
LP004998,0.063341,5268000,42419.36,0.4634,good,approve
LP001109,0.063336,8986000,77982.6,0.3865,good,approve
LP001914,0.063283,3999000,39379.73,0.3169,fair,approve
LP004846,0.063282,140000,24087.64,0.3065,excellent,approve
LP002230,0.063268,4576000,35185.48,0.5017,good,approve
LP003135,0.063055,2301000,19968.61,0.391,fair,approve
LP000352,0.063014,3309000,25443.35,0.51,fair,approve
LP000349,0.062945,3890000,31323.33,0.5302,fair,approve
LP000683,0.062923,4181000,36283.69,0.3284,excellent,approve
LP001070,0.062923,256000,8381.11,0.2627,excellent,approve
LP000492,0.062916,6107000,46957.55,0.4402,good,approve
LP003263,0.062633,193000,17057.66,0.2087,good,approve
LP003501,0.062629,144000,12726.96,0.188,good,approve
LP002625,0.062559,2278000,19769.01,0.5111,good,approve
LP001102,0.062544,6033000,46388.55,0.3927,fair,approve
LP003818,0.062497,2489000,19138.26,0.5424,fair,approve
LP002974,0.062379,362000,11851.42,0.252,excellent,approve
LP002436,0.06236,201000,9368.18,0.1711,good,approve
LP000403,0.062352,8789000,70771.41,0.446,excellent,approve
LP002175,0.062261,797000,37146.45,0.3364,good,approve
LP004990,0.062237,5296000,45959.92,0.3309,good,approve
LP003504,0.062171,119000,10517.42,0.228,good,approve
LP002517,0.062108,4359000,35099.85,0.4114,good,approve
LP002547,0.062077,332000,10869.25,0.309,fair,approve
LP000685,0.062027,180000,30969.82,0.3928,excellent,approve
LP000984,0.061944,6083000,48981.96,0.5315,good,approve
LP003390,0.061884,106000,6414.97,0.1952,fair,approve
LP003565,0.061697,7392000,56838.08,0.5448,good,approve
LP000838,0.061672,5985000,48192.84,0.3924,excellent,approve
LP004044,0.061669,345000,20878.9,0.2884,good,approve
LP001302,0.061529,4362000,33540.01,0.4687,excellent,approve
LP003475,0.061461,339000,29961.38,0.4038,excellent,approve
LP002543,0.061443,309000,14401.82,0.2118,good,approve
LP003472,0.061432,250000,8184.68,0.3054,fair,approve
LP004872,0.061366,594000,27685.06,0.2743,good,approve
LP004299,0.061221,403000,18782.96,0.3814,excellent,approve
LP003142,0.061164,160000,9682.97,0.205,good,approve
LP004017,0.061146,245000,8020.99,0.3046,excellent,approve
LP002046,0.06102,4067000,31271.71,0.5114,fair,approve
LP003440,0.06101,3052000,30054.25,0.3402,good,approve
LP001327,0.060892,133000,22883.25,0.3106,good,approve
LP001055,0.060764,112000,5220.08,0.1186,fair,approve
LP000445,0.060691,1977000,19468.3,0.3231,good,approve
LP000335,0.060647,8871000,76984.6,0.3087,fair,approve
LP001701,0.060612,343000,11229.38,0.2138,fair,approve
LP003589,0.060533,79000,4780.96,0.1419,fair,approve
LP004745,0.060499,6787000,52186.16,0.5057,good,approve
LP001247,0.060495,5969000,45896.45,0.5416,fair,approve
LP000220,0.060494,113000,6838.6,0.1529,good,approve
LP003781,0.060433,247000,11512.14,0.3549,excellent,approve
LP002558,0.060406,4367000,35164.27,0.525,fair,approve
LP003230,0.060357,8823000,71045.19,0.4033,good,approve
LP000221,0.060324,74000,4478.37,0.159,good,approve
LP003949,0.060297,3025000,23259.63,0.5367,fair,approve
LP000587,0.060142,58000,9979.16,0.2451,fair,approve
LP003214,0.060046,322000,28458.89,0.4522,excellent,approve
LP003151,0.059964,2275000,17492.78,0.4799,good,approve
LP001873,0.059904,2673000,21523.72,0.3398,good,approve
LP002872,0.059851,435000,14241.34,0.3065,fair,approve
LP001772,0.059781,1826000,15846.45,0.3701,fair,approve
LP002580,0.059578,7232000,55607.82,0.5443,excellent,approve
LP001167,0.059503,10519000,80882.01,0.5507,excellent,approve
LP001974,0.059489,2003000,16128.7,0.4995,fair,approve
LP001734,0.059411,161000,9743.49,0.3052,good,approve
LP004752,0.059381,7208000,62552.7,0.3297,good,approve
LP003913,0.05938,5659000,45567.8,0.3367,good,approve
LP000190,0.059349,535000,24935.19,0.3507,excellent,approve
LP001676,0.059307,2196000,16885.34,0.48,fair,approve
LP002213,0.05919,5647000,45471.17,0.3745,good,approve
LP000879,0.059189,391000,23662.75,0.3524,good,approve
LP002727,0.059172,45000,3977.17,0.188,fair,approve
LP004385,0.05915,113000,6838.6,0.0929,excellent,approve
LP002955,0.058994,104000,6293.93,0.1101,fair,approve
LP003334,0.058964,2028000,17599.46,0.2676,fair,approve
LP002095,0.058781,2525000,21912.54,0.273,fair,approve
LP002759,0.058771,6389000,49125.88,0.3505,good,approve
LP000543,0.058675,372000,12178.8,0.2097,good,approve
LP002134,0.058658,507000,30682.9,0.3142,excellent,approve
LP001953,0.058613,269000,8806.71,0.241,good,approve
LP004944,0.058451,4043000,31087.17,0.459,excellent,approve
LP003300,0.058408,367000,17105.08,0.342,good,approve
LP004591,0.058278,2885000,22183.15,0.4383,fair,approve
LP000906,0.058277,9269000,71270.59,0.4288,good,approve
LP000699,0.058258,424000,19761.72,0.288,good,approve
LP002199,0.05824,2802000,24316.41,0.3002,fair,approve
LP000617,0.058229,373000,22573.42,0.3835,excellent,approve
LP000514,0.058157,7798000,62791.61,0.4278,fair,approve
LP003692,0.058135,274000,16582.08,0.374,good,approve
LP003567,0.058129,11973000,96409.84,0.4716,excellent,approve
LP003801,0.058018,166000,7736.9,0.2005,excellent,approve
LP003373,0.057992,206000,12466.82,0.2729,fair,approve
LP002779,0.057871,6434000,55835.75,0.4327,fair,approve
LP004050,0.057798,302000,18276.6,0.2362,good,approve
LP002940,0.057765,382000,17804.19,0.352,excellent,approve
LP003265,0.057764,8379000,64427.26,0.5229,good,approve
LP002486,0.057758,135000,11931.52,0.2228,good,approve
LP002035,0.057744,10930000,88011.32,0.4205,fair,approve
LP001816,0.057729,1615000,14015.35,0.3125,good,approve
LP000895,0.057713,83000,14280.53,0.3014,good,approve
LP004303,0.057628,482000,22464.98,0.2015,excellent,approve
LP000626,0.057577,67000,5921.57,0.1239,good,approve
LP003060,0.057576,1760000,15273.69,0.3992,fair,approve
LP004443,0.057545,2844000,21867.9,0.3515,fair,approve
LP002390,0.057535,87000,7689.2,0.1643,poor,approve
LP003458,0.057515,2842000,24663.54,0.2877,good,approve
LP001719,0.057465,300000,13982.35,0.3173,excellent,approve
LP001642,0.057435,5399000,46853.78,0.4967,good,approve
LP003017,0.057435,6307000,48495.37,0.4912,fair,approve
LP003588,0.057424,305000,9985.31,0.2852,fair,approve
LP004359,0.057398,123000,5732.76,0.143,good,approve
LP003039,0.05733,2820000,24472.62,0.2679,fair,approve
LP004148,0.057321,4005000,32249.34,0.4204,excellent,approve
LP003645,0.05695,2047000,20157.62,0.3402,fair,approve
LP003399,0.0569,4253000,36908.52,0.4451,good,approve
LP002539,0.056855,11661000,89663.0,0.4436,good,approve
LP001665,0.056843,7907000,63669.31,0.486,excellent,approve
LP002675,0.056819,6587000,53040.31,0.5289,excellent,approve
LP004422,0.056801,6253000,54264.99,0.3473,good,approve
LP003825,0.056749,2875000,24949.92,0.3343,fair,approve
LP003103,0.05666,1711000,14848.46,0.2711,excellent,approve
LP002416,0.056641,3302000,28655.52,0.2894,fair,approve
LP004791,0.056593,198000,9228.35,0.3722,excellent,approve
LP000553,0.056545,85000,7512.44,0.1575,fair,approve
LP001824,0.056521,7974000,61313.16,0.3689,good,approve
LP001936,0.056511,3541000,27227.23,0.4744,good,approve
LP004285,0.056446,141000,12461.81,0.1383,fair,approve
LP003819,0.056422,9962000,76599.16,0.5032,fair,approve
LP001963,0.056368,249000,15069.12,0.2359,good,approve
LP003571,0.056318,2253000,18141.77,0.2717,excellent,approve
LP003250,0.056135,226000,13677.19,0.2102,poor,approve
LP000491,0.056126,5167000,44840.43,0.4776,fair,approve
LP002402,0.0561,289000,13469.67,0.3036,poor,approve
LP000931,0.056086,4717000,40935.22,0.5904,good,approve
LP001537,0.056083,249000,11605.35,0.2226,excellent,approve
LP002484,0.056042,302000,14075.57,0.3377,good,approve
LP001654,0.056,3085000,23720.98,0.4886,fair,approve
LP000944,0.055965,3574000,28778.82,0.4328,excellent,approve
LP002522,0.05593,3107000,30595.86,0.4238,good,approve
LP003610,0.055775,3432000,29783.69,0.3391,good,approve
LP000671,0.055699,189000,11438.0,0.2028,fair,approve
LP004004,0.055666,4465000,35953.39,0.4057,fair,approve
LP001659,0.055662,3462000,27876.96,0.3654,good,approve
LP004203,0.055606,336000,15660.23,0.3544,excellent,approve
LP002767,0.05554,242000,14645.49,0.1966,good,approve
LP001322,0.05554,97000,5870.3,0.281,good,approve
LP000968,0.0554,4100000,35580.75,0.4172,good,approve
LP001536,0.055395,95000,16345.18,0.4091,excellent,approve
LP002473,0.055384,4149000,31902.22,0.5453,good,approve
LP000952,0.055243,7675000,59014.11,0.5455,good,approve
LP004003,0.055194,350000,21181.49,0.3557,good,approve
LP003280,0.055169,4528000,39295.04,0.3242,excellent,approve
LP001110,0.055084,3147000,24197.71,0.4673,good,approve
LP001026,0.054952,2566000,19730.32,0.4984,excellent,approve
LP002660,0.054946,110000,6657.04,0.1571,fair,approve
LP000434,0.054893,3922000,30156.79,0.4465,fair,approve
LP001527,0.054757,522000,17089.61,0.2783,fair,approve
LP003217,0.054713,230000,10719.8,0.3591,fair,approve
LP002921,0.054583,2244000,19473.95,0.2681,fair,approve
LP001630,0.054576,3630000,29229.74,0.3097,excellent,approve
LP002222,0.054471,228000,13798.23,0.3214,fair,approve
LP004205,0.054404,1825000,15837.77,0.3758,fair,approve
LP003704,0.054283,494000,23024.27,0.3043,good,approve
LP003696,0.054227,125000,5825.98,0.1436,fair,approve
LP003807,0.054213,119000,10517.42,0.3247,good,approve
LP003457,0.054205,126000,11136.09,0.1312,good,approve
LP001660,0.054156,138000,8351.56,0.2911,excellent,approve
LP003536,0.054144,353000,11556.77,0.2497,excellent,approve
LP001016,0.054106,302000,26691.26,0.3359,excellent,approve
LP004340,0.054038,154000,9319.86,0.0998,excellent,approve
LP004351,0.053949,3753000,36957.28,0.4013,excellent,approve
LP004060,0.053911,4754000,38280.5,0.4649,fair,approve
LP003249,0.053895,177000,10711.78,0.4109,excellent,approve
LP002559,0.053875,94000,5688.74,0.1217,good,approve
LP000346,0.053844,214000,18913.67,0.2628,good,approve
LP003920,0.053835,472000,15452.67,0.2912,excellent,approve
LP000589,0.05374,3734000,28711.23,0.5089,fair,approve
LP004693,0.053703,97000,16689.29,0.2697,fair,approve
LP001707,0.053577,240000,7857.29,0.2539,good,approve
LP002624,0.053396,3609000,35539.25,0.4943,good,approve
LP003619,0.05331,5386000,46740.96,0.4178,fair,approve
LP000686,0.053247,5608000,43120.67,0.4886,excellent,approve
LP002571,0.053096,8687000,75387.8,0.4541,good,approve
LP001643,0.053039,4395000,38140.83,0.4286,excellent,approve
LP001875,0.053003,106000,9368.46,0.2555,good,approve
LP003204,0.052987,2436000,23988.26,0.3094,excellent,approve
LP003156,0.052968,3592000,27619.37,0.4617,good,approve
LP003434,0.05291,2724000,20945.2,0.3353,excellent,approve
LP004858,0.052812,233000,7628.12,0.1776,good,approve
LP000684,0.05281,6449000,49587.23,0.4873,good,approve
LP002790,0.052752,7160000,55054.21,0.4333,excellent,approve
LP003133,0.052596,463000,21579.43,0.3456,good,approve
LP004362,0.052589,191000,11559.04,0.3181,good,approve
LP001926,0.052563,2816000,21652.6,0.437,fair,approve
LP002264,0.052534,7260000,58459.49,0.4683,good,approve
LP004785,0.052424,9175000,70547.81,0.4623,good,approve
LP004840,0.052392,157000,9501.41,0.1764,good,approve
LP004996,0.052388,315000,19063.34,0.3713,excellent,approve
LP000884,0.052213,405000,13259.18,0.2525,good,approve
LP002040,0.05215,262000,15855.86,0.1938,fair,approve
LP002674,0.052049,256000,22625.7,0.3077,fair,approve
LP002541,0.052006,5236000,40260.31,0.5435,excellent,approve
LP004669,0.05196,3249000,26161.83,0.4129,fair,approve
LP004665,0.051891,4652000,35769.86,0.5299,good,approve
LP003562,0.051847,169000,5532.84,0.2463,excellent,approve
LP000098,0.05177,2946000,22652.19,0.3598,fair,approve
LP002228,0.051637,229000,13858.75,0.252,excellent,approve
LP002578,0.051618,8969000,77835.07,0.4223,good,approve
LP001677,0.051574,1500000,13017.35,0.3571,good,approve
LP000559,0.051569,6833000,55021.17,0.343,good,approve
LP002787,0.05145,6218000,47811.04,0.4313,good,approve
LP004534,0.051413,5261000,42363.0,0.4811,fair,approve
LP001472,0.051402,1859000,16132.83,0.3106,fair,approve
LP004247,0.051385,540000,25168.23,0.2601,good,approve
LP000581,0.051322,224000,19797.49,0.163,excellent,approve
LP002181,0.051307,54000,4772.61,0.1267,excellent,approve
LP002505,0.05127,2713000,23544.04,0.3336,good,approve
LP001729,0.051239,4030000,30987.21,0.4539,excellent,approve
LP001909,0.051206,265000,23421.14,0.3299,good,approve
LP001172,0.051155,3163000,24320.73,0.5447,good,approve
LP001767,0.051137,6338000,55002.64,0.5104,good,approve
LP004711,0.050978,1500000,12078.41,0.3472,good,approve
LP000257,0.050951,48000,4242.32,0.13,excellent,approve
LP004292,0.05095,7136000,61927.87,0.2992,good,approve
LP002601,0.050938,3849000,30993.19,0.5425,fair,approve
LP003421,0.050856,77000,4659.93,0.1394,poor,approve
LP003514,0.050816,2985000,25904.52,0.3301,excellent,approve
LP000269,0.050814,1500000,12078.41,0.4268,good,approve
LP004540,0.050806,88000,5325.63,0.0919,good,approve
LP001769,0.050688,3218000,25912.21,0.3815,excellent,approve
LP000886,0.050677,2714000,26725.83,0.3461,fair,approve
LP001443,0.050591,5009000,40333.82,0.4919,good,approve
LP000855,0.050567,268000,23686.28,0.3842,excellent,approve
LP002916,0.050432,8801000,76377.12,0.37,excellent,approve
LP003689,0.05032,107000,18409.84,0.2844,fair,approve
LP003450,0.050118,193000,17057.66,0.2648,fair,approve
LP002938,0.049941,8194000,80689.56,0.4211,fair,approve
LP001847,0.049917,317000,28016.99,0.2985,good,approve
LP003787,0.04981,5819000,46856.16,0.5435,good,approve
LP004902,0.049788,2815000,22667.14,0.3821,good,approve
LP000975,0.049724,6394000,49164.33,0.5039,good,approve
LP002455,0.049679,5711000,45986.52,0.3685,fair,approve
LP003899,0.04966,227000,13737.71,0.187,fair,approve
LP003116,0.04962,2626000,21145.26,0.2616,good,approve
LP000769,0.049593,4739000,36438.81,0.3875,good,approve
LP001505,0.049592,4445000,35792.34,0.3882,good,approve
LP000088,0.049415,79000,6982.15,0.3134,poor,approve
LP000881,0.049311,7390000,56822.71,0.4588,fair,approve
LP002235,0.049269,6443000,51880.78,0.3733,fair,approve
LP003743,0.049237,6819000,54908.43,0.4854,good,approve
LP001453,0.049116,7155000,55015.76,0.3781,excellent,approve
LP001904,0.04907,411000,19155.82,0.3388,good,approve
LP004364,0.048935,4337000,34922.7,0.5155,excellent,approve
LP003973,0.048921,154000,13610.78,0.1289,excellent,approve
LP004476,0.048875,4333000,37602.78,0.3498,fair,approve
LP004715,0.04887,7141000,70320.25,0.5371,excellent,approve
LP000874,0.048854,7379000,56738.13,0.3916,excellent,approve
LP002415,0.048779,311000,10181.74,0.2786,fair,approve
LP004754,0.048763,2614000,25741.09,0.5199,good,approve
LP004775,0.048634,2059000,15831.93,0.3297,good,approve
LP002122,0.048614,4932000,42801.04,0.4279,excellent,approve
LP001287,0.048484,3596000,28955.97,0.5224,good,approve
LP001161,0.048429,228000,10626.59,0.3184,poor,approve
LP001210,0.048172,4782000,41499.31,0.4066,fair,approve
LP001183,0.048168,3075000,26685.56,0.266,good,approve
LP002168,0.048089,123000,10870.94,0.4664,excellent,approve
LP004891,0.04805,290000,13516.27,0.161,excellent,approve
LP001413,0.047942,1798000,15603.46,0.3649,good,approve
LP001595,0.047756,5288000,45890.49,0.4054,fair,approve
LP003712,0.047706,427000,13979.43,0.2746,excellent,approve
LP000735,0.047703,125000,7564.82,0.1925,good,approve
LP004182,0.047567,401000,13128.23,0.3053,good,approve
LP001403,0.047559,1772000,13625.15,0.4072,good,approve
LP001085,0.047539,74000,4478.37,0.1114,excellent,approve
LP002052,0.047397,211000,12769.41,0.226,excellent,approve
LP000164,0.047303,3518000,28327.89,0.3464,excellent,approve
LP002058,0.047191,5861000,45066.02,0.4598,good,approve
LP001959,0.04698,263000,12257.86,0.2621,good,approve
LP003455,0.046845,73000,6451.86,0.1321,poor,approve
LP000903,0.046837,1898000,16471.28,0.3248,good,approve
LP003850,0.046782,3552000,28601.67,0.2423,fair,approve
LP002138,0.046781,4454000,34247.41,0.398,fair,approve
LP000877,0.046676,3919000,38591.94,0.3759,good,approve
LP000366,0.046506,3959000,34357.12,0.4265,excellent,approve
LP002265,0.046501,79000,6982.15,0.1252,good,approve
LP004904,0.046424,326000,19729.04,0.3335,good,approve
LP004737,0.046316,2874000,23142.23,0.2463,good,approve
LP000991,0.046296,2749000,22135.69,0.3756,excellent,approve
LP001525,0.046287,1940000,14916.92,0.3353,fair,approve
LP001732,0.046281,3302000,25389.52,0.4933,excellent,approve
LP003338,0.046251,4047000,35120.81,0.2924,fair,approve
LP001314,0.046196,158000,7364.04,0.2048,poor,approve
LP003115,0.046141,3242000,26105.46,0.427,good,approve
LP002635,0.046074,3795000,30558.37,0.3901,fair,approve
LP002013,0.045993,1500000,11533.7,0.3353,excellent,approve
LP004867,0.045984,2467000,21409.2,0.4203,good,approve
LP002102,0.04596,5682000,49309.72,0.4147,good,approve
LP000359,0.045939,3845000,29564.72,0.5161,fair,approve
LP004108,0.045912,1706000,13117.66,0.4364,fair,approve
LP002314,0.045877,3273000,32230.53,0.4257,good,approve
LP004613,0.045869,559000,18300.94,0.2713,excellent,approve
LP003393,0.045857,3036000,24446.69,0.5689,excellent,approve
LP001960,0.045767,2378000,19148.3,0.5332,excellent,approve
LP002369,0.045733,176000,15555.17,0.2439,excellent,approve
LP004095,0.045563,4831000,38900.52,0.3505,excellent,approve
LP003930,0.045505,111000,6717.56,0.1565,fair,approve
LP003389,0.045503,199000,9274.96,0.2631,good,approve
LP001579,0.045492,5900000,45365.9,0.504,good,approve
LP002700,0.045415,7531000,60641.65,0.4245,good,approve
LP004617,0.045409,2688000,21644.5,0.4201,good,approve
LP004557,0.045398,7788000,62711.09,0.4554,fair,approve
LP004950,0.045304,2016000,19852.35,0.3201,excellent,approve
LP002747,0.045296,4795000,41612.12,0.332,excellent,approve
LP002770,0.045235,8094000,62235.86,0.5228,good,approve
LP003638,0.045213,4527000,36452.63,0.2893,fair,approve
LP004012,0.0452,8945000,68779.31,0.5312,good,approve
LP004188,0.045141,5981000,51904.51,0.3408,good,approve
LP003009,0.045023,108000,9545.22,0.1944,fair,approve
LP000506,0.044985,3042000,26399.18,0.3846,excellent,approve
LP002710,0.044959,2812000,24403.19,0.388,good,approve
LP002387,0.044855,3256000,25035.82,0.4506,excellent,approve
LP002711,0.044819,210000,12708.89,0.1378,excellent,approve
LP002432,0.044804,181000,10953.86,0.1748,poor,approve
LP002151,0.044796,1946000,24127.62,0.516,excellent,approve
LP003289,0.044795,7879000,63443.84,0.3381,excellent,approve
LP000513,0.044642,2412000,20931.9,0.3781,good,approve
LP003343,0.044639,191000,6253.09,0.2782,good,approve
LP004363,0.044331,9062000,78642.14,0.3643,fair,approve
LP002393,0.044303,2874000,22098.57,0.4561,excellent,approve
LP000381,0.044287,2684000,20637.64,0.2917,excellent,approve
LP002321,0.04419,3773000,32742.97,0.3668,good,approve
LP001688,0.044104,1574000,13659.54,0.2639,excellent,approve
LP001094,0.043795,6584000,50625.26,0.4992,good,approve
LP001602,0.043764,3223000,24782.08,0.4979,good,approve
LP001746,0.043529,2491000,20058.21,0.2892,fair,approve
LP004703,0.043481,1512000,12175.03,0.243,good,approve
LP003138,0.043369,1903000,16514.68,0.277,fair,approve
LP004992,0.04327,6206000,47718.77,0.4307,excellent,approve
LP001852,0.043156,5900000,51201.57,0.3863,excellent,approve
LP002394,0.043098,243000,11325.7,0.2548,fair,approve
LP003295,0.04301,6460000,52017.67,0.3905,excellent,approve
LP002908,0.042998,2787000,24186.23,0.3153,fair,approve
LP001178,0.04295,6058000,59655.52,0.4318,good,approve
LP003829,0.042702,4200000,32294.37,0.3942,good,approve
LP001533,0.042684,3050000,23451.86,0.5137,fair,approve
LP002972,0.042271,4411000,35518.57,0.3614,fair,approve
LP003631,0.04207,132000,11666.38,0.3121,excellent,approve
LP004284,0.041937,7759000,67334.4,0.3708,excellent,approve
LP002368,0.041936,4896000,42488.63,0.3373,good,approve
LP004210,0.041844,298000,13889.14,0.2529,good,approve
LP000179,0.041767,3441000,33884.89,0.3019,good,approve
LP001345,0.041567,2462000,18930.65,0.3221,fair,approve
LP002347,0.041462,1759000,14163.94,0.4175,good,approve
LP000120,0.041369,2505000,21738.97,0.291,fair,approve
LP004603,0.04124,110000,9721.98,0.1914,excellent,approve
LP002026,0.041218,7263000,55846.19,0.4012,good,approve
LP000158,0.041198,1739000,17124.62,0.3046,excellent,approve
LP000609,0.041151,3651000,29398.84,0.2675,excellent,approve
LP004400,0.041019,5443000,43828.51,0.5102,excellent,approve
LP003330,0.040921,2272000,19716.94,0.4733,fair,approve
LP001091,0.040902,1731000,13938.48,0.4238,good,approve
LP004524,0.040863,106000,9368.46,0.2347,good,approve
LP000707,0.040748,1500000,12078.41,0.3739,fair,approve
LP003241,0.040741,5892000,58020.85,0.3553,fair,approve
LP002125,0.040692,2833000,24585.43,0.4874,good,approve
LP003992,0.040618,4085000,31410.12,0.4531,good,approve
LP003498,0.04037,6713000,54054.89,0.5788,good,approve
LP004470,0.040181,165000,9985.56,0.306,excellent,approve
LP002372,0.040136,256000,22625.7,0.3874,good,approve
LP001687,0.040069,106000,18237.78,0.3448,excellent,approve
LP003324,0.040002,3853000,33437.23,0.2896,good,approve
LP000390,0.039947,2121000,17078.87,0.2496,fair,approve
LP001859,0.039931,7270000,58540.01,0.4252,good,approve
LP001705,0.039926,2568000,20678.23,0.3008,fair,approve
LP004931,0.03992,3111000,26997.98,0.2699,good,approve
LP002926,0.039888,2659000,23075.42,0.2965,fair,approve
LP004546,0.039792,5698000,45881.84,0.4287,good,approve
LP002456,0.03963,31000,5333.69,0.2177,excellent,approve
LP001763,0.039576,3886000,38266.98,0.4868,fair,approve
LP004685,0.039572,5780000,44443.2,0.521,excellent,approve
LP004505,0.039528,9186000,73968.16,0.3826,excellent,approve
LP001095,0.039526,3081000,24809.05,0.5068,fair,approve
LP003541,0.039394,4897000,39431.97,0.3969,fair,approve
LP004498,0.039339,306000,18518.67,0.187,excellent,approve
LP000503,0.039293,5683000,43697.35,0.4004,excellent,approve
LP003495,0.039274,5654000,49066.73,0.4349,excellent,approve
LP000118,0.039097,149000,25636.13,0.4054,excellent,approve
LP000668,0.039091,79000,4780.96,0.1913,good,approve
LP001281,0.039065,6120000,49279.9,0.3696,fair,approve
LP003869,0.039024,101000,17377.51,0.2679,excellent,approve
LP004449,0.038931,2605000,20030.2,0.3143,fair,approve
LP003088,0.038874,5528000,44512.95,0.4741,good,approve
LP002911,0.038833,1853000,16080.76,0.2768,fair,approve
LP002208,0.038628,289000,13469.67,0.3082,excellent,approve
LP003950,0.038563,200000,17676.33,0.2603,good,approve
LP004190,0.038545,4868000,42245.64,0.4197,excellent,approve
LP002155,0.038441,4329000,33286.26,0.4224,good,approve
LP002518,0.038435,2681000,20614.57,0.4069,fair,approve
LP004022,0.03841,7346000,63750.29,0.3698,excellent,approve
LP003043,0.038369,2238000,19421.88,0.3193,good,approve
LP000067,0.038335,3756000,30244.33,0.2616,fair,approve
LP001225,0.038321,5030000,40502.92,0.4547,good,approve
LP003813,0.038252,9105000,73315.93,0.4135,good,approve
LP000075,0.038199,1943000,16861.81,0.3296,fair,approve
LP002047,0.038151,2993000,25973.95,0.3814,good,approve
LP000775,0.038139,5128000,39429.88,0.4751,fair,approve
LP002976,0.037959,2225000,17916.3,0.4154,fair,approve
LP001567,0.037918,175000,15466.79,0.2199,excellent,approve
LP003267,0.037725,5376000,43289.01,0.4294,excellent,approve
LP002948,0.03768,5189000,51098.14,0.39,good,approve
LP004796,0.037653,7399000,56891.91,0.5094,excellent,approve
LP003408,0.037644,2537000,24982.84,0.3519,good,approve
LP004657,0.037553,1604000,12915.84,0.3976,good,approve
LP001069,0.037465,270000,12584.12,0.3685,excellent,approve
LP001673,0.037411,6596000,64953.42,0.3106,good,approve
LP001044,0.037396,5673000,49231.61,0.325,fair,approve
LP001800,0.037287,1510000,13104.13,0.3423,good,approve
LP003539,0.037286,1500000,14771.09,0.4358,good,approve
LP004007,0.037271,2312000,20064.07,0.3269,good,approve
LP002852,0.037267,5333000,42942.76,0.4804,good,approve
LP004257,0.037236,128000,22022.98,0.2487,excellent,approve
LP000757,0.037205,3175000,24413.0,0.4147,fair,approve
LP002001,0.037174,2441000,21183.57,0.2762,good,approve
LP001061,0.037144,3432000,29783.69,0.4081,excellent,approve
LP000395,0.037101,4670000,35908.26,0.3916,fair,approve
LP001204,0.037023,5264000,42387.15,0.38,excellent,approve
LP000477,0.036988,4220000,33980.58,0.4408,good,approve
LP001463,0.036893,209000,9741.04,0.1733,excellent,approve
LP003059,0.036843,3885000,29872.29,0.3143,excellent,approve
LP001282,0.03683,5893000,51140.82,0.3994,good,approve
LP000271,0.036814,1500000,13017.35,0.4264,excellent,approve
LP001077,0.036679,3434000,29801.05,0.4536,good,approve
LP000152,0.036644,85000,7512.44,0.1937,excellent,approve
LP001257,0.036612,91000,5507.19,0.2099,excellent,approve
LP000995,0.036505,2814000,21637.23,0.351,good,approve
LP002582,0.036419,4834000,38924.68,0.3096,excellent,approve
LP004937,0.036369,239000,7824.55,0.1945,good,approve
LP002053,0.036334,3139000,24136.19,0.3765,excellent,approve
LP004630,0.036305,3189000,25678.69,0.4409,fair,approve
LP000560,0.036229,4289000,34536.19,0.3637,good,approve
LP002622,0.036165,179000,10832.82,0.1468,good,approve
LP004845,0.036117,2456000,21313.74,0.4634,fair,approve
LP004749,0.036078,2506000,20178.99,0.351,excellent,approve
LP004616,0.036055,7002000,56382.0,0.5265,excellent,approve
LP004355,0.035981,3571000,28754.66,0.3167,excellent,approve
LP004567,0.035906,168000,7830.12,0.2984,excellent,approve
LP000953,0.035886,6494000,49933.24,0.5199,excellent,approve
LP001984,0.035865,387000,18037.23,0.2787,excellent,approve
LP002918,0.035735,7359000,59256.66,0.5004,good,approve
LP000475,0.035705,2957000,29118.75,0.4263,fair,approve
LP003703,0.035624,3302000,26588.6,0.4287,good,approve
LP003312,0.035555,2279000,17523.54,0.3769,fair,approve
LP004746,0.035411,3481000,28029.95,0.2867,good,approve
LP004071,0.035343,5221000,42040.91,0.4666,fair,approve
LP000600,0.035341,149000,9017.26,0.2261,excellent,approve
LP001617,0.035308,3436000,29818.41,0.343,good,approve
LP000150,0.035252,45000,7742.45,0.3,excellent,approve
LP000188,0.035069,2886000,28419.58,0.4227,excellent,approve
LP003479,0.035047,2118000,18380.5,0.2748,excellent,approve
LP003519,0.034931,5234000,42145.59,0.3228,fair,approve
LP000745,0.034906,153000,26324.35,0.324,excellent,approve
LP001911,0.034857,101000,4707.39,0.1186,excellent,approve
LP003579,0.034778,2334000,18794.0,0.3721,fair,approve
LP003172,0.034749,7492000,65017.32,0.3835,good,approve
LP004026,0.034748,62000,10667.38,0.3792,good,approve
LP004388,0.034702,242000,21388.36,0.2195,excellent,approve
LP002343,0.034672,218000,19267.2,0.2677,excellent,approve
LP004209,0.034644,8412000,67735.7,0.377,excellent,approve
LP004128,0.03463,6985000,68784.06,0.3387,fair,approve
LP003218,0.034561,253000,11791.78,0.239,excellent,approve
LP001781,0.034514,1745000,13417.54,0.2737,excellent,approve
LP000166,0.034494,175000,10590.74,0.2542,good,approve
LP001956,0.034477,2293000,18463.86,0.3471,excellent,approve
LP003644,0.034449,8429000,73148.82,0.3511,good,approve
LP002654,0.034449,3489000,26827.39,0.4922,excellent,approve
LP000978,0.034446,5886000,45258.25,0.4526,good,approve
LP001658,0.034379,1921000,15468.41,0.2437,good,approve
LP001880,0.034284,1927000,15516.73,0.3501,good,approve
LP000916,0.034197,312000,18881.79,0.3149,excellent,approve
LP002428,0.03415,84000,5083.56,0.1257,excellent,approve
LP002304,0.034135,4085000,32893.53,0.3496,fair,approve
LP004452,0.034078,162000,9804.0,0.1605,good,approve
LP000153,0.034051,1575000,12682.33,0.3004,excellent,approve
LP003299,0.033937,4293000,37255.65,0.2696,good,approve
LP002463,0.033935,3676000,29600.15,0.3079,fair,approve
LP004249,0.033931,3396000,27345.51,0.2893,excellent,approve
LP004441,0.033848,4483000,36098.33,0.3928,good,approve
LP002255,0.033826,414000,19295.65,0.3053,excellent,approve
LP002846,0.033757,260000,15734.82,0.2101,excellent,approve
LP001905,0.033436,2925000,22490.72,0.3676,excellent,approve
LP002191,0.033312,1894000,18650.97,0.4363,excellent,approve
LP003756,0.033264,3266000,26298.72,0.273,fair,approve
LP001422,0.0332,3393000,29445.24,0.4093,excellent,approve
LP004560,0.033146,179000,15820.32,0.3328,excellent,approve
LP003594,0.032996,147000,12992.1,0.1219,good,approve
LP002418,0.032964,2745000,22103.48,0.3021,fair,approve
LP004563,0.032941,1587000,12778.95,0.3069,good,approve
LP002814,0.0329,243000,7955.51,0.2232,excellent,approve
LP002565,0.032862,4492000,38982.62,0.3273,good,approve
LP004767,0.032535,3020000,26208.26,0.3952,fair,approve
LP004136,0.032493,5961000,51730.94,0.4204,good,approve
LP004934,0.032285,4313000,34729.44,0.4514,excellent,approve
LP000868,0.03228,3248000,24974.31,0.4142,excellent,approve
LP003505,0.032136,182000,11014.37,0.2386,good,approve
LP001129,0.03213,162000,14317.83,0.2512,good,approve
LP004717,0.032092,7850000,68124.12,0.4675,good,approve
LP003401,0.032043,2755000,22184.01,0.2708,good,approve
LP003916,0.032035,3282000,25235.74,0.3871,good,approve
LP001074,0.031965,7980000,64257.12,0.3834,good,approve
LP004862,0.031842,6096000,49086.64,0.4577,excellent,approve
LP004271,0.031819,3551000,27304.12,0.3218,good,approve
LP000538,0.031752,228000,10626.59,0.2431,good,approve
LP003996,0.031516,1680000,16543.62,0.3127,good,approve
LP002726,0.031397,4591000,36967.98,0.455,good,approve
LP003419,0.031176,4361000,35115.95,0.4577,good,approve
LP001573,0.031127,3004000,26069.41,0.2624,good,approve
LP002990,0.031036,2996000,29502.8,0.3057,excellent,approve
LP002933,0.030968,3603000,29012.33,0.4174,excellent,approve
LP004810,0.030818,5747000,46276.4,0.2992,excellent,approve
LP004936,0.030802,178000,5827.49,0.1822,excellent,approve
LP003483,0.030747,3375000,29289.03,0.3313,fair,approve
LP000959,0.030528,160000,9682.97,0.2927,excellent,approve
LP004680,0.03046,5917000,47645.29,0.3335,good,approve
LP003577,0.030061,2726000,21950.49,0.3792,fair,approve
LP003122,0.03002,106000,9368.46,0.2875,excellent,approve
LP002566,0.029955,5118000,41211.52,0.3662,good,approve
LP003327,0.029717,5641000,55549.16,0.3309,fair,approve
LP003830,0.029552,2374000,19116.09,0.3316,good,approve
LP003597,0.029541,179000,10832.82,0.2597,excellent,approve
LP003729,0.02945,3040000,29936.08,0.4368,excellent,approve
LP004792,0.029304,1500000,13017.35,0.2832,good,approve
LP003012,0.029277,75000,4538.89,0.1675,excellent,approve
LP001269,0.02921,3174000,25557.91,0.2515,fair,approve
LP001117,0.029142,5905000,47548.66,0.3898,good,approve
LP000453,0.029122,7594000,58391.29,0.4619,excellent,approve
LP004289,0.028977,2333000,18785.95,0.372,good,approve
LP003840,0.02891,73000,12559.98,0.3062,excellent,approve
LP002950,0.028841,3831000,30848.25,0.4564,good,approve
LP002174,0.028827,101000,8926.55,0.2222,excellent,approve
LP001266,0.028794,6261000,48141.67,0.2585,fair,approve
LP003380,0.028731,3495000,26873.53,0.4313,good,approve
LP003195,0.028467,143000,6664.92,0.2333,excellent,approve
LP002874,0.028289,99000,8749.78,0.1984,good,approve
LP004139,0.028128,197000,17411.19,0.3558,excellent,approve
LP001292,0.028084,2125000,17111.08,0.3527,good,approve
LP003266,0.02808,1500000,14771.09,0.4213,excellent,approve
LP003901,0.027904,1756000,17292.03,0.3293,excellent,approve
LP003886,0.027789,1752000,14107.58,0.2605,excellent,approve
LP002377,0.027681,4267000,32809.54,0.3661,excellent,approve
LP000385,0.027563,2071000,16676.25,0.4366,excellent,approve
LP003959,0.027478,2668000,26272.85,0.3423,good,approve
LP001864,0.027422,3461000,27868.91,0.3385,good,approve
LP002557,0.027365,3098000,23820.94,0.3676,excellent,approve
LP000900,0.027324,2138000,21053.73,0.3066,good,approve
LP004365,0.02696,2396000,20793.04,0.4106,good,approve
LP001454,0.026763,1834000,15915.88,0.293,excellent,approve
LP001532,0.026723,1693000,13632.49,0.3215,good,approve
LP004220,0.026649,1650000,13286.25,0.334,excellent,approve
LP002079,0.026432,2756000,23917.21,0.3396,good,approve
LP002884,0.026261,121000,20818.6,0.2685,excellent,approve
LP000522,0.026132,2216000,19230.96,0.4631,good,approve
LP002094,0.025949,94000,8307.88,0.334,excellent,approve
LP000880,0.025856,2245000,19482.63,0.27,good,approve
LP003496,0.02581,3338000,26878.48,0.3982,excellent,approve
LP004706,0.025803,139000,12285.05,0.2202,excellent,approve
LP001083,0.025731,2658000,23066.74,0.3489,good,approve
LP002131,0.025449,4676000,40579.41,0.428,excellent,approve
LP001508,0.025413,148000,13080.49,0.3238,excellent,approve
LP001791,0.025243,2547000,25081.32,0.348,fair,approve
LP004010,0.02523,6646000,53515.39,0.3677,fair,approve
LP004901,0.025002,1837000,15941.91,0.3079,excellent,approve
LP001674,0.024962,273000,16521.56,0.2052,excellent,approve
LP004037,0.024857,75000,6628.62,0.1948,excellent,approve
LP000938,0.024757,6022000,52260.32,0.355,good,approve
LP003881,0.02465,81000,3775.23,0.1931,excellent,approve
LP004769,0.024545,3262000,26266.51,0.3799,excellent,approve
LP002751,0.024504,3136000,27214.94,0.3786,good,approve
LP000386,0.024397,4881000,39303.13,0.3715,good,approve
LP003257,0.024147,3515000,30503.99,0.3624,fair,approve
LP002986,0.024004,193000,8995.31,0.2709,excellent,approve
LP004321,0.023935,2527000,19430.44,0.2996,fair,approve
LP004186,0.023892,5912000,51305.71,0.3062,fair,approve
LP004116,0.02389,3213000,27883.16,0.4832,good,approve
LP000530,0.023786,2030000,19990.21,0.3952,good,approve
LP000546,0.023702,1832000,14751.76,0.3794,good,approve
LP000918,0.023654,3912000,31500.48,0.2835,excellent,approve
LP003926,0.02359,4193000,36387.83,0.2762,good,approve
LP002403,0.023524,5571000,44859.2,0.3806,excellent,approve
LP004631,0.023156,3913000,38532.86,0.3406,excellent,approve
LP001191,0.022929,3484000,30234.96,0.2957,fair,approve
LP002285,0.022695,2233000,17980.72,0.3312,fair,approve
LP002365,0.022663,3303000,28664.2,0.3392,fair,approve
LP000488,0.022254,1712000,14857.13,0.2992,fair,approve
LP001636,0.022236,1944000,19143.34,0.3426,good,approve
LP002083,0.022179,7648000,61583.77,0.4865,excellent,approve
LP000591,0.021915,3385000,29375.82,0.3079,excellent,approve
LP004389,0.021792,219000,13253.56,0.2267,good,approve
LP004570,0.02162,2386000,19212.72,0.4278,good,approve
LP000241,0.021485,2484000,24460.93,0.4306,fair,approve
LP000623,0.021263,4955000,43000.64,0.4489,good,approve
LP002856,0.021165,57000,5037.75,0.2425,excellent,approve
LP004185,0.020942,5493000,44231.12,0.3636,fair,approve
LP003555,0.020865,3455000,27820.6,0.3822,excellent,approve
LP002636,0.020642,2403000,23663.29,0.3232,excellent,approve
LP003229,0.020599,2934000,25461.93,0.3872,fair,approve
LP004444,0.020223,2346000,18890.63,0.3499,fair,approve
LP004254,0.019828,2955000,23794.46,0.338,excellent,approve
LP002978,0.019615,3673000,29575.99,0.4018,good,approve
LP004520,0.019592,4860000,42176.21,0.2838,good,approve
LP001903,0.019275,2363000,23269.4,0.2957,good,approve
LP004622,0.01885,2603000,20960.06,0.415,fair,approve
LP003738,0.0188,286000,13329.84,0.3213,excellent,approve
LP003566,0.01844,47000,4153.94,0.1353,excellent,approve
LP002658,0.017358,2634000,22858.46,0.3553,fair,approve
LP003352,0.017115,4160000,36101.45,0.2661,good,approve
LP003170,0.016545,1753000,15212.94,0.3194,good,approve
LP004001,0.016426,2808000,22610.78,0.418,excellent,approve
LP001473,0.016346,2061000,17885.84,0.3161,excellent,approve
LP002698,0.01474,3255000,26210.14,0.3255,good,approve
LP000165,0.014501,2328000,18745.69,0.3863,excellent,approve
LP004140,0.012983,2909000,25244.98,0.3749,excellent,approve
LP002105,0.012873,2104000,16941.98,0.2642,good,approve
LP002405,0.012295,4080000,35407.19,0.358,good,approve
