application_id,applicant_id,applicant_name,applicant_city,application_date,branch_code,application_channel,pan_number,mobile_number,email_address,age_years,monthly_income_inr,employment_type,credit_score,debt_to_income_ratio,existing_loan_count,late_payments_last_12_months,loan_type,loan_amount_inr,tenure_months,defaulted,loss_given_default_inr,rejection_reason
LA000009,APP017148,Divya Bhat,Mysuru,2025-02-22,BR001,branch,VRVSZ9818S,7573915473,uma_nair4@rediffmail.com,48.0,47012.0,salaried_private,736,0.4765,0.0,1,vehicle,1363000,,0,,missing_required_field
LA000019,APP017063,Vikram Verma,Indore,2023-04-28,BR024,online,NNBDU9966I,8553818341,aarav37@gmail.com,48.0,0.0,salaried_private,818,0.4238,0.0,0,personal,183000,36.0,0,,income_not_positive
LA000140,APP022995,Vivaan Joshi,Rajkot,,BR035,online,WELRW3054V,7789739101,karthik.patel@yahoo.co.in,28.0,56918.0,self_employed_professional,716,0.2211,0.0,2,gold,142000,12.0,0,,unparseable_application_date
LA000147,APP000725,Ishaan Mukherjee,Delhi,2023-10-31,BR008,branch,SZXYG9725A,9259527742,hgupta@gmail.com,32.0,0.0,contract,863,0.5498,1.0,1,personal,300000,36.0,0,,income_not_positive
LA000184,APP005351,Ishaan Prasad,Nashik,2025-04-05,BR011,online,USNXA6784L,7624963657,rohit.gowda@rediffmail.com,46.0,-1.0,salaried_government,890,0.4417,1.0,0,personal,887000,48.0,0,,income_not_positive
LA000198,APP010792,Siddharth Patel,Tirunelveli,2024-13-05,BR040,online,IPCJK9637Q,6727381743,gdeshpande@gmail.com,32.0,63583.0,salaried_private,900,0.4113,2.0,2,gold,407000,24.0,0,,unparseable_application_date
LA000216,APP011940,Lakshmi Chauhan,Jaipur,2024-12-05,BR018,online,DRZBJ1846X,9989239132,sshetty@gmail.com,34.0,40608.0,salaried_private,597,0.1998,,3,gold,245000,36.0,0,,missing_required_field
LA000218,APP018118,Sandeep Menon, Hyderabad,2023-01-11,BR017,branch,KSJHJ0337Q,6549080406,divya.rao@outlook.com,,29270.0,salaried_private,854,0.6387,1.0,0,personal,584000,48.0,0,,missing_required_field
LA000257,APP015251,Harsha Menon,Coimbatore,2023-12-16,BR002,online,ITBSP8365Y,8381194010,sandeep_shetty1@outlook.com,40.0,97604.0,salaried_private,740,0.3396,1.0,0,gold,393000,,0,,missing_required_field
LA000261,APP021547,Praveen Reddy,Ahmedabad,2024-08-21,BR018,partner_referral,XNZPG0595P,8449161883,gayatri_iyer3@outlook.com,43.0,67521.0,self_employed_business,985,0.597,0.0,2,personal,829000,24.0,0,,credit_score_out_of_range
LA000270,APP025355,Manoj Naidu,Pune,2024-02-28,BR031,online,IJLUW6331N,9552118341,fhegde@hotmail.com,39.0,-1.0, SELF_EMPLOYED_PROFESSIONAL ,716,0.5571,1.0,2,personal,1137000,60.0,0,,income_not_positive
LA000281,APP007200,Kavya Mukherjee,Jaipur,2023-02-22,BR040,online,ZUVLL9267V,9793829491,iiyer@yahoo.co.in,27.0,29479.0,salaried_private,757,0.3516,1.0,0,gold,133000,,0,,missing_required_field
LA000299,APP002059,Vinay Chatterjee,Mysuru,2023-10-16,BR017,branch,UXRZF8422E,9455838496,uma.banerjee@hotmail.com,,37884.0,contract,525,0.456,1.0,8,personal,445000,36.0,0,,missing_required_field
LA000316,APP022198,Vikram Nair,Coimbatore,2023-04-13,BR035,online,DUCBK1263G,7071874505,sunita48@outlook.com,,29705.0,self_employed_business,786,0.4848,0.0,0,gold,163000,12.0,0,,missing_required_field
LA000335,APP006791,Krishna Reddy,Ahmedabad,2023-07-14,BR016,partner_referral,EUKIT2710R,6579493116,ekrishnan@protonmail.com,26.0,41405.0,salaried_private,1200,0.4111,1.0,0,home,1500000,300.0,0,,credit_score_out_of_range
LA000341,APP007554,Rohan Mukherjee,Pune,2023-04-12,BR014,online,HSDMK1582L,9842196769,swathi_subramanian7@rediffmail.com,28.0,0.0,salaried_private,900,0.5596,0.0,0,gold,250000,12.0,0,,income_not_positive
LA000351,APP021917,Praveen Bose,Tirunelveli,2024-02-16,BR040,online,KSNPB1731M,6511256974,smehta@hotmail.com,50.0,0.0,self_employed_business,787,0.5212,1.0,0,personal,889000,60.0,0,,income_not_positive
LA000374,APP011511,Ritika Menon,Nashik,2024-01-02,BR038,online,RTVGF0799Y,9435404003,charitha_joshi3@yahoo.co.in,33.0,74327.0,salaried_private,471,0.2348,0.0,10,gold,101000,,0,,missing_required_field
LA000375,APP002345,Gayathri Kulkarni,Kochi,2025-03-01,BR033,partner_referral,ADUBH2402H,7498972409,aditi_ghosh6@protonmail.com,26.0,33343.0,salaried_government,739,0.1363,0.0,0,gold,75000,,0,,missing_required_field
LA000404,APP023673,Nandini Verma,Delhi,2023-09-17,BR010,partner_referral,RMWWB2176Y,6242283738,rghosh@outlook.com,31.0,37491.0,self_employed_professional,694,0.6469,,4,home,2535000,360.0,0,,missing_required_field
LA000407,APP026954,Lakshmi Rao,Lucknow,2024-10-01,BR017,online,SQMGE1356R,8043572874,swathi83@yahoo.co.in,46.0,42480.0,,647,0.6666,1.0,2,home,2902000,360.0,0,,missing_required_field
LA000438,APP021580,Gayathri Iyer,Lucknow,,BR003,branch,ZVMNH1532N,9141084122,sridhar_raman8@gmail.com,44.0,22326.0,self_employed_business,752,0.4352,3.0,1,personal,92000,24.0,0,,unparseable_application_date
LA000439,APP000651,Nikhil Banerjee,Bhopal,2025-05-14,BR024,online,VAZWA2264Q,7470375084,suresh_iyer7@rediffmail.com,31.0,30844.0,contract,1200,0.4182,0.0,4,gold,211000,18.0,0,,credit_score_out_of_range
LA000440,APP026838,Reyansh Bose,Delhi,2024-06-04,BR029,partner_referral,TTMZF3516I,6967255585,ganesh_prasad4@hotmail.com,29.0,124315.0,,708,0.6961,2.0,2,vehicle,2500000,48.0,0,,missing_required_field
LA000470,APP023138,Reyansh Malhotra,Ludhiana,2024-10-23,BR039,partner_referral,CDLJD2983C,8897758037,yamini_patel8@rediffmail.com,29.0,28436.0,Self_Employed_Professional,900,0.5599,,0,home,1864000,360.0,0,,missing_required_field
LA000479,APP012293,Reyansh Ramesh,Jaipur,,BR011,branch,XWRTK7302G,8023895373,lakshmi_deshpande6@rediffmail.com,35.0,14687.0,salaried_private,680,0.9268,0.0,1,home,1500000,240.0,0,,unparseable_application_date
LA000487,APP026919,Kavya Shah,Madurai,2024-09-13,BR038,direct_sales_agent,YZTCR6246Q,8649062994,chetan_shah8@hotmail.com,38.0,38447.0,,715,0.2454,0.0,0,vehicle,373000,48.0,0,,missing_required_field
LA000489,APP005865,Reyansh Shah,Kanpur,,BR021,branch,CTITZ6563N,9675508514,nbose@gmail.com,23.0,13000.0,salaried_private,682,0.591,2.0,3,gold,55000,12.0,0,,unparseable_application_date
LA000509,APP000598,Praveen Gowda,Lucknow,2024-06-17,BR034,online,EVEBP0982X,8206670144,svenkatesan@hotmail.com,30.0,66576.0,contract,714,0.384,1.0,1,gold,541000,,0,,missing_required_field
LA000517,APP019268,Neha Subramanian,Indore,,BR026,direct_sales_agent,TEQAM2159S,8869706106,divya.reddy@hotmail.com,30.0,38022.0,self_employed_business,600,0.2122,0.0,1,gold,172000,24.0,0,,unparseable_application_date
LA000565,APP000336,Gayathri Menon,Ahmedabad,2024-08-06,BR038,partner_referral,TAKIW2484B,9804512714,vikram_chatterjee1@gmail.com,28.0,29094.0,contract,628,0.448,,4,personal,236000,24.0,0,,missing_required_field
LA000571,APP011568,Vikram Bhat,Bengaluru,2023-12-15,BR033,branch,KTVAR6744X,9654395530,mahesh_patel7@protonmail.com,34.0,-1.0,salaried_private,601,0.2286,1.0,6,personal,91000,36.0,0,,income_not_positive
LA000591,APP000217,Aadhya Menon,Bengaluru,2023-12-09,BR031,partner_referral,EZYWE5072V,9037734882,lkulkarni@rediffmail.com,27.0,-25000.0,contract,808,0.4046,0.0,1,home,2043000,300.0,0,,income_not_positive
LA000602,APP010259,Swathi Menon,Jaipur,2024-04-15,BR040,branch,ZAWMJ8785P,6399734720,aditi.deshpande@gmail.com,32.0,0.0,salaried_private,571,0.5183,0.0,5,personal,1473000,48.0,0,,income_not_positive
LA000612,APP026824,Manoj Bhat,Pune,2024-10-23,BR039,branch,JGVWB9187T,8712192554,aarav_mehta4@rediffmail.com,26.0,31494.0,,900,0.5147,0.0,0,home,2056000,300.0,0,,missing_required_field
LA000619,APP026802,Reyansh Banerjee,Pune,2024-11-10,BR040,direct_sales_agent,MMDTS4178X,8376600531,deepak_joshi4@protonmail.com,,58894.0,self_employed_professional,762,0.3441,0.0,2,home,2443000,300.0,0,,missing_required_field
LA000621,APP022193,Ananya Subramanian,Kanpur,2024-08-24,BR024,branch,FYSDR7881M,6800963738,charitha_gupta6@protonmail.com,,28405.0,self_employed_business,699,0.3902,0.0,0,gold,125000,12.0,0,,missing_required_field
LA000648,APP022113,Rahul Kulkarni,Visakhapatnam,2024-11-09,BR009,partner_referral,YQXAV1310V,9411497301,swathi13@hotmail.com,58.0,0.0,self_employed_business,734,0.188,1.0,2,gold,25000,18.0,0,,income_not_positive
LA000675,APP023931,Bhavana Rao,Tirunelveli,2024-03-09,BR027,online,QNJDY3639C,7961312732,nhegde@gmail.com,32.0,37941.0,self_employed_professional,0,0.5929,1.0,0,vehicle,653000,36.0,1,363348.02,credit_score_out_of_range
LA000676,APP021908,Deepika Krishnan,Rajkot,2024-13-05,BR033,branch,IYTUA4464S,9645092884,latha79@hotmail.com,49.0,67089.0,self_employed_business,823,0.5754,1.0,1,home,4170000,300.0,0,,unparseable_application_date
LA000687,APP002076,Kavya Krishnan,Nashik,2024-12-08,BR021,partner_referral,UYHSA1040Y,7144185454,priya_bhatia2@protonmail.com,22.0,41712.0,salaried_government,120,0.5793,1.0,0,personal,599000,36.0,1,467487.44,credit_score_out_of_range
LA000733,APP026773,Priya Varma,Nashik,2025-02-09,BR012,online,PMFHA6401Z,8230618635,nmenon@outlook.com,,112388.0,self_employed_professional,571,0.6984,2.0,2,home,5607000,240.0,0,,missing_required_field
LA000485,APP017676,Kavya Banerjee,Delhi,2023-06-23,BR013,online,GGCCE0541F,987654321012,aditi_bhat7@yahoo.co.in,53.0,75579.0,salaried_private ,792,0.4477,1.0,1,vehicle,1225000,48.0,0,,duplicate_application_id
LA000755,APP013518,Bhavana Sinha,Tirunelveli,2025-02-08,BR007,partner_referral,BLMGI3856S,9891314602,nverma@yahoo.co.in,37.0,170672.0,salaried_private,695,0.6316,4.0,1,personal,1500000,,0,,missing_required_field
LA000800,APP023069,Neha Bose,Surat,2025-02-14,BR008,online,YZFFI9395A,7329938580,manoj_sharma2@outlook.com,29.0,133915.0,self_employed_professional,-15,0.2602,0.0,1,personal,1019000,36.0,0,,credit_score_out_of_range
LA000805,APP017743,Deepika Shah,Nashik,not_a_date,BR027,online,AMGXW8930V,8669845746,nbhatia@hotmail.com,55.0,103492.0,salaried_private,626,0.3837,1.0,2,vehicle,969000,36.0,0,,unparseable_application_date
LA000817,APP012218,Siddharth Kulkarni,Ludhiana,2024-01-11,BR025,online,DPUPU3402W,6597449231,ramya_joshi3@rediffmail.com,35.0,-25000.0,Salaried_Private,476,0.2591,0.0,9,gold,385000,24.0,0,,income_not_positive
LA000853,APP011376,Nandini Menon, Nagpur,2024-03-27,BR019,direct_sales_agent,MQXQS6918C,8312466401,deepak_prasad2@gmail.com,33.0,53401.0, salaried_private,568,0.5567,,6,personal,849000,36.0,0,,missing_required_field
LA000855,APP026780,Krishna Hegde,Ludhiana,2023-08-03,BR027,online,IZSDQ3935V,9672147006,omkar_naidu1@yahoo.co.in,,18436.0,self_employed_professional,764,0.4091,2.0,0,vehicle,220000,60.0,0,,missing_required_field
LA000858,APP017925,Ananya Prasad,Ludhiana,2023-03-18,BR029,branch,ZEWGD9656D,8907026034,tarun.hegde@protonmail.com,60.0,-25000.0,salaried_private,601,0.7407,1.0,5,personal,1051000,24.0,0,,income_not_positive
LA000864,APP024056,Lakshmi Subramanian,Pune,2025-02-23,BR008,branch,KLVZD5359E,8428211588,varun37@gmail.com,33.0,-25000.0,self_employed_professional,798,0.2298,0.0,0,gold,361000,36.0,0,,income_not_positive
LA000899,APP020788,Anjali Nair,Bengaluru,2023-11-06,BR019,branch,RPWWP5637B,9314811670,suresh_das7@rediffmail.com,38.0,-1.0,self_employed_business,661,0.4178,2.0,2,gold,193000,36.0,0,,income_not_positive
LA000902,APP000936,Bhavana Iyer,Nashik,2023-12-08,BR012,partner_referral,NYYXA9328F,9104610218,rohit32@gmail.com,34.0,0.0,contract,620,0.2707,0.0,1,gold,209000,36.0,0,,income_not_positive
LA000906,APP021470,Rohan Kapoor,Ludhiana,2023-11-20,BR024,direct_sales_agent,KANEF3716C,7847558686,deepak_bose4@rediffmail.com,43.0,-25000.0,self_employed_business,657,0.8548,4.0,2,home,2352000,300.0,0,,income_not_positive
LA000941,APP013318,Aniket Naidu,Madurai,2024-03-07,BR018,online,ZCLZW9262S,7559595587,rahul_rao7@rediffmail.com,36.0,64137.0, SALARIED_PRIVATE ,438,0.4829,,12,vehicle,665000,24.0,1,277410.42,missing_required_field
LA000970,APP013287,Reyansh Nair,Pune,2024-05-07,BR032,branch,GEFFA6213V,6540414469,aarav15@hotmail.com,36.0,57739.0,salaried_private,513,0.6264,,5,home,4043000,360.0,0,,missing_required_field
LA000989,APP001255,Neha Iyer,Pune,31/02/2024,BR020,branch,ERYPE8178X,9802432100,jyothi_venkatesan8@yahoo.co.in,36.0,52805.0,contract,718,0.326,0.0,3,home,1919000,240.0,0,,unparseable_application_date
LA000995,APP022547,Vinay Subramanian, Madurai,2024-12-28,BR003,branch,WVNHJ6886K,8417545598,snaidu@outlook.com,26.0,36942.0,self_employed_professional,697,0.3494,1.0,1,gold,243000,,0,,missing_required_field
LA000996,APP024538,Ananya Rao,Madurai,2023-09-17,BR027,branch,LDISU3336L,6541958203,farhan.bose@protonmail.com,35.0,0.0,self_employed_professional,724,0.7999,1.0,1,personal,779000,24.0,0,,income_not_positive
LA001005,APP010922,Neha Chatterjee,Ahmedabad,2023-10-12,BR033,branch,DVHYI0813H,6995794973,dinesh43@hotmail.com,33.0,0.0, SALARIED_PRIVATE ,724,0.3481,1.0,1,gold,84000,12.0,0,,income_not_positive
LA001007,APP005995,Vinay Varma,Kolkata,2024-09-26,BR004,branch,KVQKL4310J,7805340775,manoj.patel@protonmail.com,24.0,120964.0,salaried_private,680,0.5434,1.0,3,home,6915000,,0,,missing_required_field
LA001016,APP001725,Karthik Malhotra,Kochi,2023-08-14,BR037,partner_referral,WALRR8511E,7457704641,lrathore@hotmail.com,43.0,41650.0,contract,617,0.5795,,5,vehicle,653000,36.0,0,,missing_required_field
LA001033,APP022622,Harsha Desai,Jaipur,2025-05-24,BR035,branch,AYXUH7625K,9258421817,hmalhotra@yahoo.co.in,27.0,-25000.0,self_employed_professional,641,0.255,0.0,3,gold,161000,24.0,0,,income_not_positive
LA001116,APP026368,Siddharth Sinha,Ludhiana ,2023-07-20,BR022,online,GEHCP7995Z,9432424381,vbose@gmail.com,48.0,-25000.0,self_employed_professional ,772,0.2154,0.0,1,vehicle,1272000,84.0,0,,income_not_positive
LA001139,APP021815,Lakshmi Bhat,Visakhapatnam,,BR001,direct_sales_agent,AVAKU8777E,9827868805,yamini_mehta4@outlook.com,47.0,46886.0,self_employed_business,586,0.3729,1.0,3,gold,433000,36.0,0,,unparseable_application_date
LA001140,APP023301,Priya Subramanian,Bengaluru,2024-06-02,BR026,partner_referral,UKFMV3398L,7255012391,vpillai@hotmail.com,30.0,0.0,self_employed_professional,598,0.4175,1.0,1,vehicle,1025000,84.0,0,,income_not_positive
LA001169,APP009462,Arjun Malhotra, Madurai,2023-03-13,BR020,branch,FCXIA3166H,8027333883,ananya_gowda1@outlook.com,30.0,79976.0,salaried_private,525,0.6068,2.0,5,personal,739000,,1,621848.39,missing_required_field
LA001178,APP025669,Rohan Sharma,Pune,2025-03-12,BR019,online,CTRNH0065M,6649550982,suresh_patel9@yahoo.co.in,41.0,0.0,self_employed_professional,812,0.4757,1.0,0,gold,471000,24.0,0,,income_not_positive
LA001206,APP008497,Aarav Hegde,Indore,2023-04-03,BR013,online,SEQSN3512Q,8027505874,imran79@protonmail.com,29.0,38482.0,salaried_private,706,0.2979,,0,vehicle,297000,36.0,0,,missing_required_field
LA001241,APP013729,Swathi Kulkarni,Delhi,2024-05-10,BR039,online,XUNMX8081W,8090046139,sunita.nair@protonmail.com,37.0,38216.0,salaried_private,985,0.4308,0.0,4,home,2004000,300.0,0,,credit_score_out_of_range
LA001260,APP003718,Vivaan Hegde,Delhi,2023-06-24,BR003,branch,TACCN4632M,8497880855,charitha38@yahoo.co.in,33.0,62016.0,salaried_government,688,0.4153,0.0,3,personal,742000,,0,,missing_required_field
LA001284,APP003181,Gayathri Banerjee,Hyderabad,2024-12-24,BR025,partner_referral,EHMJK3557K,6170588125,zoya24@hotmail.com,31.0,-25000.0,salaried_government,505,0.4791,3.0,7,personal,1500000,48.0,0,,income_not_positive
LA001387,APP026799,Manoj Varma,Tirunelveli,2023-12-01,BR016,partner_referral,PXJTR4572F,9969787652,karthik.chauhan@gmail.com,,54017.0,self_employed_professional,862,0.3966,3.0,0,gold,93000,12.0,0,,missing_required_field
LA001429,APP003636,Manoj Sharma,Coimbatore,2023-12-12,BR030,branch,YWWKR1558K,7187241627,pallavi.sharma@hotmail.com,33.0,29990.0,SALARIED_GOVERNMENT,0,0.3581,0.0,4,gold,176000,18.0,0,,credit_score_out_of_range
LA000217,APP004874,Arjun Shah, Ahmedabad,2023-06-06,BR003,partner_referral,QJQPK2064P,7108206767,priya_patel5@outlook.com,40.0,90490.0,salaried_government,729,0.3714,0.0,2,vehicle,1577000,60.0,0,,duplicate_application_id
LA001508,APP012329,Anjali Ramesh,Coimbatore,2024-07-17,BR003,branch,SUBUQ6067V,6286494607,shreya95@protonmail.com,35.0,17719.0,salaried_private,900,0.7202,1.0,0,home,1500000,,1,169696.96,missing_required_field
LA001556,APP008966,Rohan Naidu,Tirunelveli,2023-05-17,BR029,direct_sales_agent,PYQCW5422K,6288038626,bhavana.banerjee@outlook.com,30.0,20506.0,salaried_private,739,0.3712,0.0,1,gold,163000,,0,,missing_required_field
LA001557,APP026793,Arjun Gowda,Jaipur,2023-04-19,BR027,online,GCMRR5612Y,6485068804,nandini49@hotmail.com,,39116.0,self_employed_professional,714,0.5334,1.0,2,home,2329000,360.0,0,,missing_required_field
LA001604,APP017975,Vinay Gowda,Delhi,,BR039,partner_referral,KYLSM0456G,6472796079,divya_kapoor6@gmail.com,60.0,27757.0,salaried_private,846,0.4267,0.0,0,vehicle,258000,24.0,0,,unparseable_application_date
LA001622,APP026881,Yash Bhat,Kochi,2023-04-02,BR012,branch,EHLZJ4133U,8018524877,varun.shetty@hotmail.com,33.0,43616.0,,436,0.4792,0.0,9,home,2516000,360.0,0,,missing_required_field
LA000413,APP025385,Ishaan Varma,Hyderabad,2024-11-10,BR001,online,LKXBW0173B,8565127172,sandeep.venkatesan@protonmail.com,39.0,19077.0,self_employed_professional,761,0.7941,1.0,2,vehicle,314000,24.0,0,,duplicate_application_id
LA001648,APP018171,Kavya Pillai,Hyderabad,31/02/2024,BR004,branch,ZUMQT6219S,8563474414,zoya_agarwal8@gmail.com,21.0,46766.0,self_employed_business ,755,0.4959,0.0,1,personal,481000,24.0,0,,unparseable_application_date
LA001664,APP006544,Priya Chauhan,Pune,2023-10-19,BR007,branch,PIKXK6118P,9244167789,deepak.rao@yahoo.co.in,26.0,111429.0,salaried_private,701,0.3978,,2,home,4948000,240.0,0,,missing_required_field
LA001671,APP020251,Divya Prasad,Kolkata,2024-13-05,BR001,partner_referral,GRIEK1274D,7878157843,esha59@protonmail.com,35.0,21204.0,self_employed_business,878,0.4713,1.0,0,personal,189000,24.0,0,,unparseable_application_date
LA001687,APP016332,Reyansh Bose,Bengaluru,2024-13-05,BR001,partner_referral,YFJKD7223T,7208398674,vinay_agarwal7@gmail.com,44.0,29285.0,salaried_private,886,0.6776,1.0,0,home,1500000,120.0,1,45000.0,unparseable_application_date
LA001689,APP020155,Harsha Chatterjee,Rajkot,31/02/2024,BR005,online,VJNZS2061G,7862109907,chetan_kapoor8@yahoo.co.in,34.0,49098.0,self_employed_business,752,0.3307,0.0,1,gold,268000,18.0,0,,unparseable_application_date
LA001695,APP021106,Yash Desai,Jaipur,2025-02-21,BR016,online,USHQG5815R,8526157732,chetan_chatterjee9@yahoo.co.in,40.0,-25000.0,self_employed_business ,601,0.2414,1.0,4,gold,53000,12.0,0,,income_not_positive
LA001704,APP004485,Swathi Desai,Hyderabad,,BR002,branch,YBFKN2764N,8751952232,charitha46@hotmail.com,37.0,80960.0,salaried_government,741,0.1894,0.0,1,gold,466000,36.0,0,,unparseable_application_date
LA001705,APP008492,Nikhil Ramesh,Mumbai,2024-05-14,BR007,branch,WYPBW9469R,6576777994,ipillai@rediffmail.com,29.0,38246.0,Salaried_Private,863,0.6334,,1,home,1724000,180.0,0,,missing_required_field
LA001707,APP013674,Praveen Malhotra,Jaipur,not_a_date,BR026,branch,XQGDB1546S,9406655287,harish.pillai@rediffmail.com,37.0,32791.0,salaried_private,670,0.185,0.0,1,personal,125000,24.0,0,,unparseable_application_date
LA000374,APP014107,Aadhya Gowda,Indore,2025-03-08,BR006,partner_referral,HTMYD8532A,8673670594,uma.iyer@outlook.com,38.0,20785.0, salaried_private,796,0.6376,0.0,0,personal,386000,36.0,0,,duplicate_application_id
LA001736,APP024132,Harsha Joshi,Indore,2023-03-15,BR028,branch,EFCLX6621Q,9430226835,schauhan@outlook.com,33.0,25029.0, self_employed_professional,4300,0.6393,3.0,0,personal,278000,36.0,0,,credit_score_out_of_range
LA001758,APP010715,Arjun Joshi,Surat,2025-05-24,BR019,partner_referral,RIBGJ3482K,9198622954,pmenon@protonmail.com,32.0,52226.0,salaried_private,748,0.4539,0.0,0,personal,858000,,0,,missing_required_field
LA001794,APP000529,Anjali Bhat,Bengaluru,2024-10-05,BR011,partner_referral,PZHHJ7571M,9572815698,zoya30@rediffmail.com,30.0,20247.0,contract,250,0.5203,0.0,1,personal,220000,24.0,0,,credit_score_out_of_range
LA001798,APP016443,Ishaan Reddy,Kanpur,2023-03-23,BR005,branch,QQHZT8488U,7098801143,vkulkarni@gmail.com,44.0,63401.0,salaried_private,669,0.3179,,2,personal,580000,36.0,0,,missing_required_field
LA001823,APP010260,Meera Menon,Kolkata,2023-01-28,BR031,online,MMTDN9326G,9707101200,nchatterjee@outlook.com,32.0,0.0,salaried_private,894,0.37,1.0,0,gold,500000,36.0,0,,income_not_positive
LA001835,APP012209,Rohan Joshi,Bengaluru,2025-03-01,BR032,branch,HIFBL2754L,8125670573,rajesh21@gmail.com,35.0,-1.0,salaried_private,740,0.2902,0.0,1,gold,1000000,18.0,0,,income_not_positive
LA001884,APP022617,Bhavana Bose,Nashik,2024-13-05,BR002,partner_referral,NZCYH9776P,9053842118,uma_kapoor3@hotmail.com,26.0,92496.0,self_employed_professional,818,0.579,1.0,0,gold,268000,6.0,0,,unparseable_application_date
LA001885,APP002067,Kavya Subramanian,Kochi ,2023-01-15,BR032,branch,NBDIT0898D,6097603833,aditi_gupta6@gmail.com,,90791.0,contract,821,0.5206,2.0,0,home,3383000,300.0,0,,missing_required_field
LA001912,APP021707,Gayathri Bhat,Delhi,2024-13-05,BR018,branch,AJBLF9729N,8367861272,swathi23@outlook.com,45.0,74223.0,self_employed_business,624,0.5612,1.0,2,gold,202000,6.0,0,,unparseable_application_date
LA000062,APP018675,Aadhya Pillai,Tirunelveli,2024-05-14,BR031,branch,KQDNI8644Z,6151827988,zoya80@hotmail.com,27.0,43754.0,self_employed_business,498,0.4203,,6,home,1764000,180.0,0,,duplicate_application_id
LA001922,APP024882,Shreya Sinha,Nagpur,2024-01-07,BR012,branch,IIWPZ2454G,7224134938,shreya_mehta6@rediffmail.com,36.0,34421.0,self_employed_professional,733,0.6323,3.0,1,vehicle,949000,,0,,missing_required_field
LA001928,APP005525,Sneha Bhat,Bhopal,not_a_date,BR028,partner_referral,UGIZH3609R,9303760730,praveen_banerjee3@protonmail.com,49.0,29716.0,salaried_government,699,0.465,2.0,3,personal,395000,48.0,0,,unparseable_application_date
LA001970,APP017264,Vikram Varma,Kochi,2024-13-05,BR026,branch,ILTHL7640Q,6486321841,farhan.mukherjee@gmail.com,49.0,38339.0,salaried_private,467,0.752,3.0,8,gold,315000,18.0,0,,unparseable_application_date
LA001979,APP001265,Divya Reddy,Mysuru,2024-03-01,BR011,branch,WZHHL9694V,6673785456,priya.bhat@gmail.com,36.0,65651.0,contract,797,0.5599,,1,home,3028000,240.0,0,,missing_required_field
LA002019,APP017083,Kavya Reddy,Bhopal,2024-05-30,BR024,branch,WUYRI1269I,6870304401,sandeep75@hotmail.com,48.0,166188.0,salaried_private ,639,0.4899,,0,home,6648000,240.0,0,,missing_required_field
LA002038,APP026937,Aadhya Reddy,Coimbatore ,2023-09-28,BR035,branch,GGFDK9833H,6536992787,kiran_mukherjee5@yahoo.co.in,41.0,55870.0,,614,0.4579,1.0,2,home,2607000,300.0,0,,missing_required_field
LA002045,APP024794,Swathi Menon,Nagpur,2023-03-07,BR006,online,ALVQE1030F,6285224691,gayatri.krishnan@protonmail.com,36.0,-1.0,self_employed_professional,723,0.6463,2.0,1,gold,111000,12.0,0,,income_not_positive
LA002066,APP004929,Reyansh Rao,Visakhapatnam ,2025-03-31,BR032,branch,AUYQZ3362L,8727768945,gayatri.shah@hotmail.com,41.0,44150.0,salaried_government,591,0.3771,1.0,2,personal,265000,,0,,missing_required_field
LA002073,APP026920,Aadhya Shah,Mysuru,2025-02-01,BR007,online,PZIYV5709M,6577796508,kmenon@outlook.com,38.0,45532.0,,734,0.5316,0.0,1,vehicle,960000,48.0,0,,missing_required_field
LA002077,APP012219,Meera Ramesh,Bengaluru,2025-01-13,BR031,partner_referral,GCLCN8274P,8054855304,sandeep.iyer@gmail.com,35.0,-25000.0,salaried_private,619,0.3789,1.0,3,gold,504000,36.0,0,,income_not_positive
LA002143,APP007513,Rohan Reddy,Coimbatore,2023-08-22,BR033,online,MUXAS2222X,9993593399,nandini.verma@yahoo.co.in,27.0,83591.0,salaried_private,631,0.7037,,4,personal,596000,12.0,0,,missing_required_field
LA002164,APP018141,Aarav Banerjee,Chennai,2024-03-27,BR004,branch,MSCQJ4162K,7648018276,cverma@gmail.com,,44799.0,salaried_private,706,0.4035,1.0,1,home,1856000,300.0,0,,missing_required_field
LA002169,APP018929,Vikram Chatterjee,Bengaluru,2024-01-07,BR026,branch,CTZQQ6995Y,9356278451,praveen_reddy4@hotmail.com,29.0,-25000.0,self_employed_business,729,0.4898,0.0,0,home,2808000,360.0,0,,income_not_positive
LA002180,APP003182,Neha Bhat,Pune,2023-11-30,BR029,branch,BENLQ9984E,9557280342,farhan76@yahoo.co.in,31.0,-25000.0,salaried_government,630,0.2561,0.0,2,personal,1500000,48.0,0,,income_not_positive
LA002182,APP016514,Ananya Patel,Rajkot,2024-10-07,BR022,partner_referral,LHCYY9618P,9225962902,rmehta@outlook.com,45.0,20327.0,salaried_private,985,0.4895,1.0,1,personal,294000,48.0,0,,credit_score_out_of_range
LA002198,APP023272,Gayathri Nair,Nagpur,not_a_date,BR009,online,XIIGK2932S,8884425194,pallavi95@hotmail.com,29.0,77925.0,self_employed_professional,711,0.534,0.0,2,personal,1500000,48.0,0,,unparseable_application_date
LA002203,APP011516,Reyansh Verma,Vadodara,2025-02-28,BR040,branch,UNLJK9768M,6922569571,aghosh@gmail.com,33.0,76933.0,salaried_private,654,0.2889,,3,gold,674000,36.0,0,,missing_required_field
LA002211,APP001950,Aniket Prasad,Surat,2023-05-19,BR010,direct_sales_agent,KZIUB1489W,9118422071,prao@protonmail.com,51.0,53287.0,contract,-15,0.2787,0.0,5,vehicle,455000,36.0,0,,credit_score_out_of_range
LA002218,APP016708,Ishaan Naidu,Surat ,2025-04-23,BR021,branch,LYGEW4025W,7271488280,omkar_kapoor5@rediffmail.com,46.0,-25000.0,salaried_private,820,0.268,1.0,0,gold,47000,6.0,0,,income_not_positive
LA002223,APP017624,Siddharth Verma,Bengaluru,2023-05-13,BR018,partner_referral,DHNSX4838L,7692888468,sunita16@yahoo.co.in,53.0,134654.0, SALARIED_PRIVATE ,4300,0.4091,1.0,0,vehicle,1087000,24.0,0,,credit_score_out_of_range
LA002228,APP005813,Lakshmi Verma,Bhopal,2023-06-25,BR039,branch,RIKDW1941E,9730716190,obhatia@hotmail.com,,26781.0,salaried_government,603,0.3182,0.0,1,gold,181000,24.0,0,,missing_required_field
LA002233,APP004850,Vinay Pillai,Mysuru,2023-03-08,BR032,partner_referral,MJQAE8789Y,8667964105,swathi34@outlook.com,40.0,61315.0,salaried_government,579,0.3351,,5,gold,169000,12.0,0,,missing_required_field
LA002245,APP013623,Kavya Joshi,Ahmedabad,2025-05-08,BR020,branch,CASUB3184A,9970382820,bhargav98@rediffmail.com,37.0,27872.0,salaried_private,250,0.4849,0.0,0,personal,391000,36.0,0,,credit_score_out_of_range
LA002259,APP020946,Karthik Prasad,Nagpur,2023-08-09,BR040,branch,PXDJT0517X,7522463058,rajesh.agarwal@outlook.com,39.0,0.0,self_employed_business,676,0.4577,0.0,3,vehicle,813000,24.0,0,,income_not_positive
LA002300,APP018170,Aarav Sinha,Visakhapatnam,2025-03-15,BR020,partner_referral,FPVXN2061M,7849305501,vpillai@yahoo.co.in,,97719.0,salaried_private,900,0.3693,0.0,0,home,4592000,300.0,0,,missing_required_field
LA002311,APP022428,Gayathri Iyer,Nagpur,2024-13-05,BR010,partner_referral,ZWAXK0705S,7007503623,aprasad@protonmail.com,25.0,53236.0,Self_Employed_Professional,869,0.3654,0.0,0,vehicle,424000,24.0,0,,unparseable_application_date
LA002313,APP013261,Manoj Kulkarni,Coimbatore,2024-02-26,BR039,branch,VRXGM3642V,7298660285,lakshmi97@yahoo.co.in,36.0,52693.0,salaried_private,555,0.5569,,6,vehicle,1189000,60.0,0,,missing_required_field
LA002329,APP025364,Vinay Menon,Ludhiana,2025-04-03,BR032,partner_referral,GPFSN9270V,7821266039,kvenkatesan@outlook.com,39.0,108408.0,self_employed_professional,250,0.6722,0.0,0,home,7378000,180.0,0,,credit_score_out_of_range
LA002354,APP012227,Swathi Desai,Pune,2023-12-03,BR024,branch,HBFZD9537R,6424907831,rahul83@hotmail.com,35.0,0.0,salaried_private,676,0.3813,0.0,4,gold,99000,18.0,0,,income_not_positive
LA002385,APP020549,Vivaan Gowda,Coimbatore,2023-03-07,BR014,partner_referral,BKTFU4360J,8469332273,praveen80@yahoo.co.in,36.0,61898.0,self_employed_business,801,0.4375,,1,vehicle,1429000,84.0,0,,missing_required_field
LA000482,APP022731,Karthik Banerjee,Ahmedabad,2024-10-13,BR010,branch,DISDE1250Z,9792943910,harish.agarwal@yahoo.co.in,27.0,49006.0, SELF_EMPLOYED_PROFESSIONAL ,575,0.6843,0.0,2,personal,684000,24.0,1,420541.97,duplicate_application_id
LA002416,APP006149,Anjali Menon,Indore,2025-06-03,BR001,branch,RPFEG2713G,8656426510,grathore@rediffmail.com,24.0,62891.0,salaried_private,678,0.4251,1.0,4,personal,483000,,1,314422.53,missing_required_field
LA002424,APP010261,Aadhya Hegde,Coimbatore,2024-07-23,BR006,branch,CBFRI0956L,9076459005,ananya.krishnan@rediffmail.com,32.0,0.0,salaried_private,587,0.8263,0.0,2,gold,110000,6.0,0,,income_not_positive
LA002428,APP026630,Vinay Sinha,Kanpur,2024-05-05,BR008,partner_referral,TXFDS2817U,7670245753,uma.patel@rediffmail.com,55.0,12933.0,self_employed_professional,1200,0.95,2.0,1,home,1500000,240.0,0,,credit_score_out_of_range
LA002440,APP005268,Praveen Rao,Bhopal,2024-04-14,BR017,branch,FAWPT5596P,6224313505,gayatri.gupta@gmail.com,45.0,-25000.0,salaried_government,589,0.2332,0.0,2,personal,762000,48.0,0,,income_not_positive
LA002450,APP026871,Ananya Bhat,Mysuru,2023-10-11,BR024,partner_referral,ALZUU6761M,7462631441,bhargav.bhatia@gmail.com,32.0,38803.0,,738,0.5937,3.0,1,gold,170000,12.0,1,33292.82,missing_required_field
LA002454,APP024890,Divya Nair,Chennai,2025-02-26,BR017,partner_referral,PWZHM8409T,7367915560,omkar.venkatesan@gmail.com,36.0,36390.0,self_employed_professional,832,0.4572,,2,home,1500000,300.0,0,,missing_required_field
LA002474,APP025078,Aarav Pillai,Hyderabad,2024-13-05,BR038,branch,PHXZL8093A,6886818332,rahul_reddy9@hotmail.com,37.0,42442.0,self_employed_professional,621,0.6205,0.0,3,personal,291000,12.0,0,,unparseable_application_date
LA002500,APP005985,Siddharth Verma,Kanpur,2025-05-24,BR029,online,KWQQM8970B,7825531635,sandeep_bose4@outlook.com,24.0,-1.0,salaried_private,559,0.396,0.0,5,home,2583000,240.0,0,,income_not_positive
LA002503,APP008161,Siddharth Iyer,Jaipur,2023-11-25,BR021,branch,HCXUD6242Y,7892667881,charitha.rathore@rediffmail.com,29.0,0.0,salaried_private,769,0.3791,0.0,0,home,1856000,300.0,0,,income_not_positive
LA002507,APP015652,Shreya Krishnan,Bengaluru,2024-05-01,BR025,branch,WEEHX8524E,9573724728,sanjana.mukherjee@outlook.com,42.0,-25000.0,salaried_private,885,0.5192,1.0,0,vehicle,330000,60.0,0,,income_not_positive
LA002526,APP026842,Nandini Nair,Ahmedabad,2023-12-20,BR019,online,DAVZQ2500F,6104190083,anand.bose@hotmail.com,29.0,90949.0,,667,0.5412,0.0,1,vehicle,2321000,60.0,1,723983.5,missing_required_field
LA002532,APP026821,Sneha Patel,Jaipur,2025-06-24,BR009,branch,MITZU9405K,7598728431,sunita_reddy9@protonmail.com,26.0,130839.0,,839,0.4143,1.0,0,vehicle,2311000,60.0,0,,missing_required_field
LA002552,APP019270,Vinay Sharma,Coimbatore,,BR015,branch,LZWWZ7108C,8013998105,lakshmi37@outlook.com,30.0,38167.0,self_employed_business,754,0.3325,0.0,0,personal,368000,36.0,0,,unparseable_application_date
LA000161,APP018303,Siddharth Naidu,Mysuru,2025-05-22,BR016,online,HMVSV4967B,6390489470,gayatri_krishnan2@yahoo.co.in,24.0,67441.0,self_employed_business,663,0.5849,1.0,1,personal,1100000,48.0,0,,duplicate_application_id
LA002577,APP000304,Siddharth Sinha,Rajkot,2024-11-05,BR038,branch,YFBZK8255Q,6327258710,lakshmi.hegde@hotmail.com,28.0,112962.0,contract,4300,0.4615,2.0,0,home,4811000,240.0,0,,credit_score_out_of_range
LA002586,APP020163,Saanvi Chauhan,Ludhiana,2023-08-31,BR014,branch,DVFVH1211W,6579975462,viyer@outlook.com,34.0,52959.0,self_employed_business,985,0.2497,0.0,1,personal,274000,24.0,0,,credit_score_out_of_range
LA002587,APP026125,Kavya Subramanian,Ahmedabad,2023-07-21,BR024,branch,TMZBK8900H,7493545774,varun99@protonmail.com,44.0,61754.0,self_employed_professional,-15,0.4599,1.0,0,personal,626000,36.0,1,469121.06,credit_score_out_of_range
LA002594,APP024531,Sandeep Verma,Indore,,BR031,branch,WRVTW2374E,7537146230,ananya.bhat@gmail.com,34.0,96451.0,self_employed_professional,670,0.6446,1.0,3,home,6062000,240.0,0,,unparseable_application_date
LA002639,APP011590,Vivaan Desai,Indore,,BR027,branch,TZKJH1499Q,6827187285,rajesh.das@gmail.com,34.0,110914.0,salaried_private,615,0.4807,2.0,2,home,4564000,300.0,0,,unparseable_application_date
LA002649,APP026922,Anjali Kulkarni,Visakhapatnam,2023-11-03,BR004,direct_sales_agent,ZXMVG6648Y,9416671495,farhan.sharma@protonmail.com,39.0,107261.0,,707,0.3432,1.0,0,gold,989000,36.0,0,,missing_required_field
LA002657,APP009086,Aditya Kapoor,Ludhiana,2024-06-14,BR001,direct_sales_agent,EUDLF0822Z,9797332683,jyothi_chatterjee3@protonmail.com,30.0,31659.0,salaried_private,-15,0.5918,0.0,0,personal,208000,12.0,1,185856.6,credit_score_out_of_range
LA002679,APP001689,Lakshmi Menon,Kolkata,2023-12-21,BR019,direct_sales_agent,FFXCP3224M,8969541769,kchatterjee@protonmail.com,42.0,45888.0,contract,120,0.3692,0.0,5,gold,360000,24.0,0,,credit_score_out_of_range
LA002682,APP012220,Rohan Verma,Pune,2024-11-12,BR010,online,EYTAR3554R,6107235160,charitha_hegde2@hotmail.com,35.0,-25000.0,salaried_private,790,0.6214,1.0,0,home,3171000,360.0,0,,income_not_positive
LA000043,APP025541,Saanvi Menon,Bengaluru,2024-04-13,BR009,online,NVLBI3026I,9226841250,kiran.verma@outlook.com,40.0,23938.0,self_employed_professional,632,0.5666,0.0,3,vehicle,419000,36.0,0,,duplicate_application_id
LA002703,APP019841,Vinay Mukherjee,Ludhiana,2023-04-15,BR004,partner_referral,DTEVZ3640A,9580723233,naveen_das1@rediffmail.com,33.0,-1.0,self_employed_business,651,0.5176,2.0,2,gold,48000,12.0,0,,income_not_positive
LA002717,APP023549,Sneha Bhat,Vadodara,2023-08-04,BR024,direct_sales_agent,YGNIN5754U,7268210945,sunita.shah@hotmail.com,31.0,-25000.0,self_employed_professional,668,0.6066,1.0,3,vehicle,652000,48.0,0,,income_not_positive
LA002745,APP026458,Gayathri Patel,Vadodara,2023-12-21,BR007,partner_referral,BRFGJ0005Y,9292568944,vikram_mehta4@gmail.com,49.0,59923.0,self_employed_professional,744,0.1397,,1,personal,242000,36.0,0,,missing_required_field
LA002749,APP024416,Bhavana Chatterjee,Coimbatore,,BR008,partner_referral,GFUYS7921Y,8644174129,dinesh.agarwal@hotmail.com,34.0,36243.0,self_employed_professional,730,0.2849,0.0,1,vehicle,321000,36.0,0,,unparseable_application_date
LA002800,APP016709,Harsha Naidu,Mysuru,2025-03-14,BR005,branch,CREBK2088I,9782225879,vinay54@gmail.com,46.0,-25000.0,salaried_private,732,0.2998,0.0,0,personal,366000,24.0,0,,income_not_positive
LA002827,APP007015,Sneha Malhotra,Tirunelveli,2023-02-15,BR015,partner_referral,TJNID0972U,8857703987,bhavana99@protonmail.com,27.0,0.0,salaried_private,793,0.6355,0.0,0,vehicle,1702000,60.0,0,,income_not_positive
LA002837,APP026832,Rahul Ramesh,Surat,2023-10-25,BR037,online,XTNMN6948D,6825240986,mdas@yahoo.co.in,27.0,84770.0,,614,0.4266,0.0,5,personal,1500000,60.0,0,,missing_required_field
LA002840,APP017061,Aadhya Nair,Pune ,2023-07-13,BR029,partner_referral,WRFVZ7065R,7239094950,hema_naidu1@protonmail.com,48.0,-1.0,salaried_private,627,0.8692,2.0,3,vehicle,2112000,48.0,0,,income_not_positive
LA002849,APP004168,Rohan Kapoor,Madurai,2024-11-25,BR003,online,YMWDA6742G,9312989128,chetan72@outlook.com,36.0,-25000.0,salaried_government,736,0.6705,3.0,1,personal,763000,48.0,0,,income_not_positive
LA002872,APP026884,Manoj Chauhan,Nagpur,2025-06-13,BR017,branch,ZUPNS4782Y,8438920783,dpatel@gmail.com,33.0,57100.0,,661,0.4145,1.0,3,gold,511000,36.0,0,,missing_required_field
LA002883,APP005714,Pooja Hegde,Pune,2023-05-24,BR014,branch,HRQAZ7432R,7894494791,pallavi_prasad6@outlook.com,56.0,0.0,salaried_government,900,0.4584,1.0,0,personal,561000,60.0,0,,income_not_positive
LA002886,APP020547,Aadhya Pillai,Nashik,,BR003,online,HWBHY3241L,7897873253,ramya_prasad2@gmail.com,36.0,61558.0,self_employed_business,665,0.4853,1.0,2,personal,1146000,60.0,1,767975.58,unparseable_application_date
LA002904,APP022792,Nikhil Sharma,Rajkot,2023-01-08,BR024,branch,ANKZT5744C,7843302295,ishita_gupta8@hotmail.com,28.0,-1.0,self_employed_professional,772,0.3238,0.0,0,home,1529000,240.0,0,,income_not_positive
LA002928,APP023550,Bhavana Bhat,Bhopal,2023-11-03,BR032,online,RLEAE9487B,9802551596,meera98@protonmail.com,31.0,-25000.0,self_employed_professional,638,0.4224,1.0,0,home,2066000,240.0,0,,income_not_positive
LA002932,APP018109,Bhavana Prasad,Jaipur,2024-03-31,BR001,online,GGSQV8845U,8852090791,dinesh72@gmail.com,,25292.0,salaried_private,776,0.6486,1.0,2,home,1821000,360.0,0,,missing_required_field
LA002935,APP001267,Ananya Mukherjee,Kochi,2023-02-15,BR035,direct_sales_agent,TJXKN0884X,6507326333,pallavi87@protonmail.com,36.0,66190.0,contract,620,0.5346,,1,home,4433000,360.0,0,,missing_required_field
LA002938,APP018115,Reyansh Malhotra,Nashik,2024-10-08,BR040,direct_sales_agent,DHETM6088K,8772663180,fdeshpande@hotmail.com,,27402.0,salaried_private ,676,0.3345,0.0,1,vehicle,284000,36.0,0,,missing_required_field
LA002947,APP010125,Aarav Menon,Kochi,2024-12-23,BR022,branch,JQSLX9032C,9729266644,rsharma@rediffmail.com,31.0,67209.0,salaried_private,-15,0.4218,1.0,1,gold,623000,36.0,0,,credit_score_out_of_range
LA002973,APP026882,Harsha Sharma,Ahmedabad,2024-01-22,BR021,branch,YAKQN6553K,8126885896,zoya.mehta@yahoo.co.in,33.0,47148.0,,712,0.4944,1.0,1,vehicle,910000,60.0,0,,missing_required_field
LA000072,APP020247,Harsha Varma,Nashik,2023-03-28,BR014,partner_referral,WNNJV0854B,9599419739,vikram.shetty@gmail.com,35.0,20477.0,self_employed_business,630,0.358,0.0,1,personal,210000,36.0,0,,duplicate_application_id
LA002989,APP026949,Priya Hegde,Pune,2024-05-29,BR002,branch,QUBDD9453H,6680233341,chetan.menon@protonmail.com,45.0,66546.0,,657,0.5581,2.0,3,vehicle,1446000,84.0,0,,missing_required_field
LA003008,APP000848,Deepika Prasad,Surat,2025-03-31,BR025,branch,YSQIU8720M,9917476092,mverma@gmail.com,33.0,18188.0,contract,528,0.3195,0.0,4,personal,164000,,0,,missing_required_field
LA003009,APP020055,Meera Kapoor,Nashik,2023-12-15,BR038,online,CXHCK3760F,7151965864,charitha_rao6@yahoo.co.in,34.0,139545.0,self_employed_business,690,0.4943,0.0,1,home,6873000,,0,,missing_required_field
LA003011,APP022369,Rohan Sinha,Kolkata,2024-01-28,BR016,branch,TQERT5431X,9749924482,ganesh_banerjee5@hotmail.com,25.0,22010.0, self_employed_professional,985,0.4672,1.0,2,personal,360000,60.0,0,,credit_score_out_of_range
LA003028,APP026953,Sandeep Mukherjee,Lucknow,2024-08-27,BR012,online,WZTPR9699G,9219863133,karthik68@protonmail.com,46.0,28969.0,,740,0.3357,0.0,1,personal,108000,12.0,0,,missing_required_field
LA003044,APP012694,Gayathri Verma,Madurai,2024-04-02,BR025,branch,LFGCL6797U,9342500237,imran.rathore@rediffmail.com,35.0,52693.0,salaried_private,874,0.5114,,1,personal,960000,60.0,0,,missing_required_field
LA003067,APP021623,Vikram Hegde,Chennai,2024-04-21,BR011,online,DFNEF2627Q,8352044543,vagarwal@hotmail.com,44.0,59849.0,self_employed_business,809,0.5753,0.0,0,vehicle,748000,,0,,missing_required_field
LA003071,APP002885,Krishna Prasad,Indore,not_a_date,BR032,branch,LGCNQ6598N,6881837079,priya.chauhan@rediffmail.com,29.0,44319.0,salaried_government,636,0.4709,0.0,1,personal,427000,24.0,0,,unparseable_application_date
LA000469,APP003323,Diya Iyer,Jaipur,2023-03-21,BR006,branch,YKYQR8456F,7505092253,manoj55@outlook.com,31.0,43134.0,salaried_government ,690,0.5355,1.0,3,home,2404000,360.0,0,,duplicate_application_id
LA003084,APP003101,Harsha Prasad,Jaipur,,BR027,branch,MDZNT8859A,9720525420,praveen.malhotra@yahoo.co.in,30.0,44930.0,salaried_government,839,0.499,1.0,1,personal,824000,60.0,0,,unparseable_application_date
LA003090,APP007868,Saanvi Bhat,Kanpur,2023-12-08,BR009,online,ABIZE2991N,6564605648,mchatterjee@rediffmail.com,28.0,39655.0,salaried_private,818,0.719,0.0,0,vehicle,620000,,0,,missing_required_field
LA003105,APP004692,Pooja Krishnan,Bengaluru,2024-02-18,BR012,branch,MEUIZ8549C,7256863332,karthik.verma@rediffmail.com,39.0,36289.0,salaried_government,120,0.5613,1.0,1,home,2357000,300.0,0,,credit_score_out_of_range
LA003107,APP005989,Aniket Desai,Delhi,2024-02-01,BR039,online,AFXYU1788V,6847030713,gayatri_krishnan8@rediffmail.com,24.0,-25000.0,salaried_private,876,0.3709,0.0,1,gold,363000,12.0,0,,income_not_positive
LA003131,APP015480,Nandini Shah,Mumbai,2023-01-21,BR011,partner_referral,AUZRJ3323B,9905118595,vaishnavi_verma8@rediffmail.com,41.0,44603.0,salaried_private,1200,0.5847,0.0,7,vehicle,1210000,60.0,0,,credit_score_out_of_range
LA003134,APP006956,Vikram Joshi,Ahmedabad,2024-11-29,BR003,online,MWDID0625I,7348708654,aarav_verma9@yahoo.co.in,26.0,75060.0,Salaried_Private,812,0.3868,,0,gold,236000,12.0,0,,missing_required_field
LA003138,APP003764,Aniket Prasad,Nagpur,2024-07-18,BR031,branch,HJZKZ2440U,8012584487,uma.chatterjee@yahoo.co.in,34.0,0.0,salaried_government,790,0.3609,0.0,1,personal,218000,24.0,0,,income_not_positive
LA003144,APP006994,Deepika Sinha,Rajkot,2025-01-16,BR031,online,TLVVG9980Z,9202980085,kiran.malhotra@protonmail.com,26.0,86357.0,salaried_private,619,0.379,0.0,0,home,3875000,,0,,missing_required_field
LA003163,APP009522,Gayathri Bose,Mysuru,2023-04-01,BR008,branch,APQNU0758V,8283517755,sunita.bose@outlook.com,31.0,0.0,salaried_private,596,0.274,1.0,7,gold,107000,36.0,0,,income_not_positive
LA003186,APP022204,Deepika Krishnan,Indore,2025-01-07,BR034,branch,WRTSA4599I,9225637088,nmukherjee@rediffmail.com,,50955.0,self_employed_business,573,0.6044,1.0,5,home,2929000,300.0,0,,missing_required_field
LA003232,APP022793,Praveen Banerjee,Ludhiana,2025-05-28,BR017,branch,ZWXTG1888H,9748040017,meera10@gmail.com,28.0,-1.0,SELF_EMPLOYED_PROFESSIONAL,747,0.4617,1.0,1,personal,369000,36.0,0,,income_not_positive
LA003254,APP023692,Praveen Malhotra,Nashik,not_a_date,BR029,branch,AWZWE4764U,8033948391,ganesh23@yahoo.co.in,31.0,43832.0,self_employed_professional,791,0.3406,0.0,1,personal,309000,24.0,0,,unparseable_application_date
LA003260,APP014446,Vivaan Patel,Kanpur,2024-01-02,BR025,direct_sales_agent,KBUNU9114D,8086154255,ishita.joshi@outlook.com,39.0,-1.0,salaried_private,822,0.35,0.0,1,personal,1090000,36.0,0,,income_not_positive
LA003261,APP015393,Yash Naidu,Madurai,2024-01-11,BR007,branch,XBLYU9007Y,9409692210,manoj22@yahoo.co.in,41.0,28201.0,SALARIED_PRIVATE,815,0.5181,,2,home,1789000,300.0,0,,missing_required_field
LA003263,APP007024,Aditya Iyer,Indore,not_a_date,BR026,branch,XBJGF0692P,7169993735,divya_sharma2@outlook.com,27.0,105163.0,salaried_private,898,0.5374,1.0,0,gold,570000,12.0,0,,unparseable_application_date
LA000474,APP024107,Manoj Chatterjee, Surat,2024-05-18,BR021,branch,MZWZV2314Y,9764943402,kiran40@protonmail.com,33.0,20149.0,self_employed_professional,581,0.586,2.0,4,personal,210000,36.0,0,,duplicate_application_id
LA003350,APP001496,Pooja Prasad,Bengaluru,not_a_date,BR006,online,ZLBKP8659Q,6373300688,sunita_sharma6@yahoo.co.in,39.0,41867.0,contract,666,0.4743,1.0,1,personal,328000,24.0,0,,unparseable_application_date
LA003358,APP006460,Meera Shah,Tirunelveli,2024-10-28,BR030,direct_sales_agent,DXCLN0677Y,6990189874,sandeep53@hotmail.com,25.0,57084.0,salaried_private,648,0.5265,,1,personal,1069000,60.0,0,,missing_required_field
LA003359,APP012499,Ishaan Ramesh,Ludhiana,2025-05-31,BR032,partner_referral,KKWWY2492F,7711241088,priya47@yahoo.co.in,35.0,32882.0,salaried_private,4300,0.6839,1.0,1,home,2227000,300.0,0,,credit_score_out_of_range
LA003361,APP002060,Rahul Nair,Kolkata,2024-05-22,BR006,branch,NXCNS3239W,8520157046,swathi.rathore@protonmail.com,,39410.0,contract,597,0.1642,0.0,3,vehicle,303000,60.0,0,,missing_required_field
LA003365,APP000088,Karthik Sinha,Kochi,2024-13-05,BR018,branch,HHZJB3384D,7841425689,ganesh.das@rediffmail.com,25.0,28978.0,contract,568,0.2029,0.0,3,gold,125000,24.0,0,,unparseable_application_date
LA000019,APP012408,Aarav Chatterjee,Kolkata,2023-04-25,BR015,branch,LJSYA7561U,6401795194,farhan25@rediffmail.com,35.0,24172.0,salaried_private,847,0.6596,0.0,1,vehicle,499000,36.0,0,,duplicate_application_id
LA003415,APP025357,Rahul Nair,Surat,2023-06-13,BR014,online,EYFAX3870M,6444666266,ganesh68@yahoo.co.in,39.0,-25000.0,self_employed_professional,863,0.6783,1.0,0,gold,183000,12.0,0,,income_not_positive
LA003433,APP022203,Neha Menon,Surat,2025-06-25,BR018,online,GFZBS0440B,6776613699,jayanth_deshpande4@hotmail.com,,46519.0,self_employed_business,518,0.3789,0.0,7,home,2124000,360.0,0,,missing_required_field
LA000187,APP023800,Manoj Naidu,Jaipur,2024-07-14,BR003,branch,FDMPQ9375J,7938143991,farhan_agarwal1@hotmail.com,31.0,87902.0,self_employed_professional,900,0.4887,0.0,1,home,5691000,360.0,0,,duplicate_application_id
LA003444,APP013166,Ananya Banerjee,Chennai,31/02/2024,BR019,branch,GAWJL0733L,8815808930,bhavana_joshi2@yahoo.co.in,36.0,39842.0,salaried_private,737,0.3217,0.0,2,personal,265000,24.0,0,,unparseable_application_date
LA003458,APP012221,Meera Sharma,Kanpur,2023-11-28,BR018,branch,QLPZA7580T,7770544836,unaidu@yahoo.co.in,35.0,-25000.0,salaried_private,627,0.61,0.0,2,vehicle,2182000,60.0,0,,income_not_positive
LA003469,APP000550,Harsha Hegde,Kolkata,2024-04-07,BR036,partner_referral,KJYJQ0599L,6538873486,gayatri31@protonmail.com,30.0,31257.0,contract,900,0.4577,0.0,0,personal,530000,,0,,missing_required_field
LA000012,APP011414,Aadhya Desai,Nagpur,2024-03-21,BR024,online,MMSLW4132L,6015811947,deepak_prasad8@yahoo.co.in,33.0,57228.0,salaried_private,900,0.6575,1.0,0,home,3889000,300.0,0,,duplicate_application_id
LA003500,APP004552,Priya Gowda,Chennai,2023-05-04,BR012,branch,QIUMK1621R,8995901889,sridhar_agarwal6@yahoo.co.in,38.0,33844.0,salaried_government,1200,0.4445,0.0,3,personal,537000,48.0,0,,credit_score_out_of_range
LA003519,APP021702,Praveen Bose,Bhopal,2023-07-01,BR037,direct_sales_agent,HCYRN0179X,7153539713,manoj_prasad4@protonmail.com,45.0,58071.0,self_employed_business,900,0.2675,0.0,0,personal,325000,,0,,missing_required_field
LA000486,APP000193,Diya Rao,Ahmedabad,2024-08-12,BR008,online,PWJVN9631R,8487512976,chetan.shah@yahoo.co.in,26.0,56664.0,contract,453,0.706,1.0,7,home,3874000,240.0,0,,duplicate_application_id
LA003563,APP014461,Manoj Kapoor,Madurai,2024-08-22,BR002,branch,YSXNW0342D,8434621292,kiran.menon@gmail.com,39.0,0.0,salaried_private,679,0.7755,3.0,2,personal,1175000,36.0,0,,income_not_positive
LA003566,APP026867,Divya Sinha,Coimbatore,2025-01-18,BR039,partner_referral,LCIQE0673E,7086078168,bhargav.shetty@yahoo.co.in,32.0,27140.0,,894,0.2525,0.0,0,gold,210000,36.0,0,,missing_required_field
LA003575,APP002576,Anjali Iyer,Lucknow,2025-04-19,BR038,partner_referral,PLPJC1079S,8977275773,rajesh.ghosh@gmail.com,27.0,80832.0,salaried_government,808,0.7963,2.0,0,home,5581000,,0,,missing_required_field
LA003590,APP023816,Priya Pillai,Chennai,2024-11-22,BR020,direct_sales_agent,SMMVP9329U,6586530803,pjoshi@outlook.com,32.0,-1.0,self_employed_professional,736,0.5495,1.0,1,home,2182000,360.0,0,,income_not_positive
LA003607,APP002891,Vikram Chauhan,Kochi,2023-04-13,BR024,online,NDUSS4560E,7907576889,zoya.chatterjee@gmail.com,29.0,46680.0,salaried_government,-15,0.4589,0.0,2,personal,617000,36.0,1,404484.57,credit_score_out_of_range
LA003608,APP010989,Lakshmi Kapoor,Mysuru,2024-05-27,BR005,online,LUUEZ5973E,8341689188,kavya_bhat9@yahoo.co.in,33.0,16221.0,salaried_private,749,0.2825,,1,gold,50000,18.0,0,,missing_required_field
LA000168,APP018555,Nandini Chatterjee,Kolkata,2023-08-13,BR025,online,AICIS8787P,7278277406,rohit12@gmail.com,26.0,67526.0, SELF_EMPLOYED_BUSINESS ,722,0.6651,,0,home,3993000,300.0,0,,duplicate_application_id
LA003695,APP014969,Harsha Joshi,Lucknow,2024-03-31,BR008,online,EVRXK0487A,6180566249,shreya39@protonmail.com,40.0,22483.0,salaried_private,-15,0.8051,0.0,2,vehicle,392000,24.0,0,,credit_score_out_of_range
LA003734,APP007184,Vikram Desai,Chennai,2024-05-30,BR023,branch,HGDMZ4455S,6871317012,tnaidu@protonmail.com,27.0,27710.0,salaried_private,835,0.3988,0.0,1,personal,475000,,1,338209.77,missing_required_field
LA003761,APP006430,Ritika Iyer,Tirunelveli,not_a_date,BR017,branch,XVNFY5461T,6519188814,vinay_iyer1@gmail.com,25.0,49760.0,salaried_private,740,0.392,1.0,1,home,1564000,240.0,0,,unparseable_application_date
LA003771,APP009736,Aditya Malhotra,Nashik,2025-04-13,BR036,partner_referral,WJXKJ0648X,6955784501,ypatel@rediffmail.com,31.0,27268.0,salaried_private,723,0.6244,0.0,2,personal,189000,,0,,missing_required_field
LA003825,APP005990,Karthik Rao,Ahmedabad,2024-06-11,BR021,online,GJDES0374I,6863918216,suresh22@outlook.com,24.0,0.0,salaried_private,581,0.5275,1.0,1,vehicle,2207000,84.0,0,,income_not_positive
LA003846,APP009718,Diya Verma, Lucknow,2023-03-01,BR036,online,CNLKD2001A,8121187439,latha.bhat@gmail.com,31.0,26143.0,salaried_private,250,0.3632,0.0,1,vehicle,574000,84.0,0,,credit_score_out_of_range
LA003851,APP019571,Sneha Joshi,Kanpur,,BR031,online,XJLNI4665D,8424116526,naveen.subramanian@gmail.com,31.0,66026.0,self_employed_business,711,0.3573,0.0,2,vehicle,512000,24.0,0,,unparseable_application_date
LA003863,APP006230,Rahul Bose,Tirunelveli,,BR016,direct_sales_agent,YGRFU2410V,7994345521,kiran41@yahoo.co.in,25.0,13502.0,salaried_private,697,0.533,0.0,2,personal,207000,36.0,0,,unparseable_application_date
LA003890,APP021059,Saanvi Desai,Kolkata,2024-02-23,BR018,direct_sales_agent,NIIIJ5177H,8147879643,prathore@outlook.com,39.0,53716.0, self_employed_business,250,0.5587,1.0,4,vehicle,1124000,60.0,1,412557.91,credit_score_out_of_range
LA003895,APP020237,Praveen Rao, Nashik,2023-11-25,BR021,branch,HCZWG4675R,8548256526,gayatri.pillai@rediffmail.com,35.0,17303.0,self_employed_business,684,0.3295,0.0,2,vehicle,176000,,0,,missing_required_field
LA003897,APP017076,Deepika Hegde,Jaipur,,BR036,online,KIXFS5966Q,7005035260,lakshmi_hegde9@hotmail.com,48.0,132333.0,salaried_private,519,0.4128,0.0,5,home,6369000,300.0,0,,unparseable_application_date
LA003929,APP018165,Meera Malhotra,Ahmedabad,2023-05-22,BR012,partner_referral,GRFBQ9067Z,6368416204,sprasad@gmail.com,,83421.0,salaried_private,701,0.3566,1.0,0,personal,425000,24.0,0,,missing_required_field
LA003954,APP013394,Vivaan Desai,Jaipur,2023-02-06,BR003,branch,GQTVI2990P,8953342997,ckulkarni@hotmail.com,36.0,86385.0,salaried_private,586,0.4488,1.0,1,gold,752000,,0,,missing_required_field
LA004015,APP026870,Aniket Patel,Delhi,2024-10-19,BR011,branch,GAUQA7323B,6131211113,rahul.mukherjee@rediffmail.com,32.0,31003.0,,776,0.4854,1.0,1,gold,141000,12.0,0,,missing_required_field
LA004030,APP014631,Rahul Krishnan,Ahmedabad,2024-09-27,BR036,partner_referral,WYJNC0337J,6789728751,esha_joshi2@hotmail.com,39.0,32712.0,salaried_private,492,0.2727,,4,gold,268000,36.0,0,,missing_required_field
LA004044,APP002390,Karthik Mukherjee,Ludhiana,2023-12-11,BR006,branch,RCCZX6080V,9624245213,rmukherjee@protonmail.com,26.0,56412.0,salaried_government,1200,0.3942,1.0,2,vehicle,737000,48.0,0,,credit_score_out_of_range
LA004046,APP022461,Shreya Joshi,Kanpur,2023-10-03,BR040,partner_referral,ZAEPG8482A,8704200829,omkar_mehta4@gmail.com,26.0,-1.0,self_employed_professional,789,0.8099,2.0,0,personal,322000,24.0,0,,income_not_positive
LA004061,APP002191,Vinay Prasad,Tirunelveli,2023-06-11,BR018,online,DZEEG6877Z,8022311067,kkrishnan@gmail.com,25.0,-1.0,salaried_government,810,0.513,1.0,0,personal,1319000,36.0,0,,income_not_positive
LA004089,APP021519,Nandini Varma,Indore,,BR003,direct_sales_agent,QQWDK4320B,8484649402,varun38@yahoo.co.in,43.0,38645.0,self_employed_business,803,0.3009,0.0,0,gold,249000,24.0,0,,unparseable_application_date
LA004139,APP018084,Diya Verma,Vadodara,2025-04-23,BR006,partner_referral,QAKLI3920K,6531439261,imran.chauhan@gmail.com,,102598.0,salaried_private,650,0.3727,1.0,3,gold,335000,12.0,0,,missing_required_field
LA004179,APP021247,Shreya Menon,Coimbatore,2023-12-23,BR007,online,DLQCL8534N,9445626442,fpatel@protonmail.com,41.0,-1.0,self_employed_business,837,0.2785,2.0,0,personal,174000,48.0,0,,income_not_positive
LA004194,APP023726,Neha Chauhan,Ahmedabad,2024-08-29,BR017,online,JEYDG8885R,7778739485,lakshmi_reddy5@gmail.com,31.0,51938.0,self_employed_professional,487,0.2844,0.0,7,home,1616000,,0,,missing_required_field
LA004213,APP009893,Harsha Patel,Jaipur,2023-12-03,BR005,partner_referral,HSKSD9131S,9794648909,anand21@hotmail.com,31.0,39191.0,salaried_private,639,0.4635,,5,vehicle,712000,48.0,0,,missing_required_field
LA000360,APP005579,Diya Prasad,Nagpur,2024-07-19,BR039,online,ABCDE123$F,9735717277,yamini.das@gmail.com,50.0,50541.0,salaried_government,569,0.3097,0.0,7,home,1819000,300.0,0,,duplicate_application_id
LA004234,APP010917,Nandini Joshi,Jaipur,2023-02-16,BR021,branch,XJHDB5708X,7247236025,cmenon@hotmail.com,33.0,-25000.0,salaried_private,767,0.3503,0.0,0,vehicle,415000,24.0,0,,income_not_positive
LA004239,APP009523,Lakshmi Hegde,Rajkot,2024-12-04,BR019,branch,AVQCB8208A,8650168157,harish.rathore@outlook.com,31.0,0.0,salaried_private,596,0.95,2.0,2,vehicle,1029000,36.0,0,,income_not_positive
LA004288,APP024451,Sneha Ramesh,Surat,2023-11-10,BR012,branch,AUBVT4836D,6472910232,swathi_hegde4@gmail.com,34.0,45890.0,self_employed_professional,4300,0.264,1.0,4,personal,213000,24.0,0,,credit_score_out_of_range
LA004325,APP026939,Divya Kapoor, Ahmedabad,2025-03-30,BR005,branch,GJNHW5153U,7384346879,kiran_bose3@outlook.com,42.0,51533.0,,804,0.5065,1.0,0,personal,590000,36.0,0,,missing_required_field
LA004359,APP010160,Yash Nair, Rajkot,not_a_date,BR011,branch,FMPRC5216R,9052177511,karthik.krishnan@outlook.com,31.0,73922.0,salaried_private,796,0.4439,1.0,0,home,3172000,240.0,0,,unparseable_application_date
LA004364,APP003183,Kavya Nair,Rajkot,2023-01-22,BR012,online,GJYFW8242D,6070889202,rohit.naidu@outlook.com,31.0,-25000.0,salaried_government,740,0.4174,2.0,0,gold,174000,18.0,0,,income_not_positive
LA004380,APP000828,Sneha Krishnan,Jaipur,2024-12-07,BR005,branch,PIMKE8960V,6376636080,vikram_pillai4@rediffmail.com,32.0,81025.0,contract,0,0.4584,0.0,1,home,4173000,240.0,0,,credit_score_out_of_range
LA004381,APP006355,Anjali Bhat,Mysuru,2023-10-08,BR039,direct_sales_agent,FQDHA3941C,6147903269,swathi88@hotmail.com,25.0,35389.0,salaried_private,1200,0.5433,0.0,4,vehicle,904000,60.0,0,,credit_score_out_of_range
LA004393,APP020334,Nandini Desai,Vadodara,2024-06-14,BR028,online,HVYTU1947P,8318917199,mrao@protonmail.com,35.0,45589.0,self_employed_business,866,0.4119,0.0,0,personal,808000,,0,,missing_required_field
LA004394,APP023977,Rahul Krishnan,Nagpur,2024-02-21,BR003,online,CULFC3114E,9860979658,vnair@rediffmail.com,32.0,51144.0, self_employed_professional,120,0.6211,2.0,1,vehicle,718000,36.0,0,,credit_score_out_of_range
LA004427,APP018169,Swathi Reddy,Jaipur,2024-07-26,BR034,branch,UTRDP1830B,8375157665,kiran.joshi@outlook.com,,93748.0,salaried_private,475,0.3003,0.0,9,gold,460000,18.0,0,,missing_required_field
LA004464,APP026883,Praveen Prasad,Nagpur,2023-02-17,BR013,online,PMMWE1216K,8610937061,vikram.ghosh@hotmail.com,33.0,49450.0,,557,0.5083,2.0,6,personal,784000,60.0,0,,missing_required_field
LA004465,APP026878,Neha Krishnan,Mumbai,2025-06-26,BR007,online,FPYGM3211L,8653291045,rajesh23@protonmail.com,33.0,33204.0,,632,0.5584,1.0,1,personal,293000,24.0,0,,missing_required_field
LA004469,APP006612,Aarav Menon,Lucknow,2025-05-22,BR011,branch,JLKHK6371S,8105463658,dghosh@outlook.com,26.0,20226.0,salaried_private,719,0.6606,,1,vehicle,507000,84.0,0,,missing_required_field
LA004489,APP026252,Divya Kapoor,Jaipur,2024-13-05,BR016,branch,ZGXMU2115J,8103777705,mahesh.venkatesan@protonmail.com,46.0,23878.0,self_employed_professional,728,0.575,2.0,0,personal,335000,48.0,0,,unparseable_application_date
LA004499,APP012070,Ishaan Pillai,Kanpur,2025-03-16,BR022,online,UJBKL4371J,6277879873,karthik.subramanian@yahoo.co.in,34.0,58099.0,salaried_private,818,0.4438,,0,personal,757000,48.0,0,,missing_required_field
LA004508,APP004756,Praveen Subramanian,Indore,2025-03-06,BR014,partner_referral,RYZSV8941M,8504454948,lakshmi.verma@hotmail.com,40.0,0.0,salaried_government,900,0.2825,0.0,0,gold,150000,36.0,0,,income_not_positive
LA004512,APP026971,Rahul Chatterjee,Ahmedabad,2024-11-27,BR005,online,TSWID9067V,9983762893,rohit_kulkarni6@hotmail.com,58.0,28943.0,,687,0.4595,0.0,0,personal,479000,48.0,0,,missing_required_field
LA004563,APP026229,Lakshmi Hegde,Kochi,2023-12-24,BR004,branch,JGSDK9014I,8562350127,esha50@yahoo.co.in,46.0,0.0,self_employed_professional,560,0.5795,0.0,3,vehicle,636000,12.0,0,,income_not_positive
LA004569,APP010941,Siddharth Krishnan,Nashik,31/02/2024,BR030,branch,KDPQR7263T,8911824566,kverma@gmail.com,33.0,116007.0,salaried_private,649,0.5983,2.0,3,vehicle,2055000,60.0,0,,unparseable_application_date
LA004579,APP023944,Sandeep Chauhan, Lucknow,31/02/2024,BR006,partner_referral,SNRPR3159N,9077602746,abhatia@gmail.com,32.0,41518.0,self_employed_professional,709,0.5647,2.0,1,personal,768000,60.0,0,,unparseable_application_date
LA004584,APP014007,Aditya Reddy,Coimbatore,2024-03-20,BR005,direct_sales_agent,HXINY7319I,8639784722,varun79@outlook.com,38.0,0.0,salaried_private,685,0.3146,0.0,5,gold,65000,12.0,0,,income_not_positive
LA004595,APP005269,Vikram Bose,Pune ,2025-05-02,BR039,online,VACPE8794N,6371638880,pallavi42@yahoo.co.in,45.0,0.0,salaried_government,656,0.5631,2.0,1,home,10783000,360.0,0,,income_not_positive
LA004604,APP005826,Aadhya Sharma,Nagpur,2023-02-18,BR024,branch,ECAGW6039M,6671249953,sanjana25@outlook.com,,53451.0,salaried_government,871,0.5655,1.0,0,home,3328000,300.0,0,,missing_required_field
LA004621,APP019378,Rohan Malhotra,Kochi,2024-08-02,BR035,online,HANRP8498B,7727711460,naveen_verma1@outlook.com,31.0,0.0,self_employed_business,820,0.2802,0.0,0,home,2369000,240.0,0,,income_not_positive
LA004631,APP026819,Aadhya Chatterjee, Lucknow,2023-05-31,BR009,online,BCFVR2078K,7651708536,bhavana75@hotmail.com,26.0,12589.0,,879,0.4557,1.0,0,gold,106000,24.0,0,,missing_required_field
LA000152,APP008234,Vivaan Pillai,Madurai,2023-02-12,BR012,branch,UBBQN0231Q,8156408770,lakshmi_gupta9@rediffmail.com,29.0,16367.0,salaried_private,884,0.4129,1.0,0,personal,205000,60.0,0,,duplicate_application_id
LA004676,APP011414,Aadhya Desai,Nagpur,2024-03-21,BR024,online,MMSLW4132L,6015811947,deepak_prasad8@yahoo.co.in,33.0,57228.0, SALARIED_PRIVATE ,900,0.6575,,0,home,3889000,300.0,0,,missing_required_field
LA004696,APP000446,Manoj Rao,Lucknow,2024-02-16,BR036,online,UKYWU0643B,7491031677,zgupta@outlook.com,29.0,46877.0, contract,683,0.4136,,3,home,2503000,360.0,0,,missing_required_field
LA004706,APP015438,Anjali Patel,Coimbatore,2024-02-14,BR011,direct_sales_agent,AZFLG5498E,6397181769,varun.hegde@gmail.com,41.0,37106.0,salaried_private,900,0.4449,,0,home,1677000,300.0,0,,missing_required_field
LA004708,APP021443,Rohan Menon,Nashik,,BR018,partner_referral,WUMAD0023J,7278340743,yamini14@hotmail.com,42.0,59449.0,self_employed_business,836,0.3314,0.0,0,personal,410000,24.0,0,,unparseable_application_date
LA000132,APP024119,Rohan Pillai,Mysuru,2023-12-16,BR008,branch,ASUJU1247P,6277362915,aarav.shetty@yahoo.co.in,33.0,22872.0,self_employed_professional,814,0.7275,1.0,0,home,1500000,180.0,0,,duplicate_application_id
LA004716,APP006197,Reyansh Prasad,Surat,2024-09-11,BR009,online,CFXDN8986I,9909078791,bhargav_raman7@hotmail.com,25.0,-1.0,salaried_private,708,0.6265,1.0,2,personal,856000,60.0,0,,income_not_positive
LA004723,APP005815,Manoj Hegde,Mysuru,2024-01-21,BR037,branch,AVTUV0927Y,6811532270,dinesh_bhat1@rediffmail.com,,38957.0,salaried_government,629,0.2157,0.0,6,personal,240000,36.0,0,,missing_required_field
LA004740,APP022192,Shreya Shah,Hyderabad,2023-06-30,BR033,branch,GABDZ6742N,9917501739,arjun.bose@gmail.com,,25079.0,self_employed_business,472,0.5178,2.0,5,gold,170000,24.0,0,,missing_required_field
LA004750,APP024579,Neha Nair,Bengaluru,2024-05-19,BR027,partner_referral,IAVDJ0721S,7162771498,priya.hegde@protonmail.com,35.0,17704.0,self_employed_professional,786,0.7249,2.0,0,vehicle,116000,,0,,missing_required_field
LA004766,APP011726,Rahul Chauhan,Mumbai,2025-03-03,BR010,direct_sales_agent,INLCN4038J,9215824021,kiran_pillai6@gmail.com,34.0,21561.0,salaried_private,747,0.0816,,0,gold,29000,18.0,0,,missing_required_field
LA004778,APP018127,Ananya Ramesh,Tirunelveli,2025-06-02,BR013,online,YZSIF8896R,7107607525,nmehta@protonmail.com,,32841.0,salaried_private,776,0.7704,0.0,1,gold,147000,6.0,0,,missing_required_field
LA004790,APP012257,Kavya Reddy,Indore,2024-06-20,BR033,online,KTABW9816N,7145141916,gpillai@hotmail.com,35.0,12000.0,salaried_private,823,0.453,,1,gold,86000,24.0,0,,missing_required_field
LA004796,APP011893,Rahul Malhotra,Lucknow,2025-06-22,BR031,online,SVHZT6376V,6260338566,smukherjee@gmail.com,34.0,36113.0,salaried_private,985,0.7303,4.0,2,personal,415000,48.0,0,,credit_score_out_of_range
LA004809,APP008572,Lakshmi Chatterjee,Jaipur,31/02/2024,BR030,online,VXCXC2007X,6702559569,rahul69@yahoo.co.in,29.0,46129.0,salaried_private,498,0.5855,1.0,6,personal,758000,48.0,1,567810.72,unparseable_application_date
LA004830,APP022191,Aarav Sharma,Rajkot,2023-02-07,BR003,online,AZLGZ0064Y,8529415270,nithya.gowda@hotmail.com,,22633.0,self_employed_business,729,0.4908,1.0,3,personal,414000,60.0,0,,missing_required_field
LA004831,APP026230,Krishna Pillai, Jaipur,2023-03-13,BR039,partner_referral,QPCKD2193A,8934167821,gayatri.nair@hotmail.com,46.0,0.0,self_employed_professional,794,0.4038,0.0,0,vehicle,299000,24.0,0,,income_not_positive
LA004839,APP014346,Aadhya Shah,Hyderabad,2024-03-01,BR022,branch,LQRXA3193G,9462509441,aditi_iyer1@rediffmail.com,38.0,54429.0,salaried_private,120,0.43,0.0,0,personal,489000,24.0,0,,credit_score_out_of_range
LA004840,APP014121,Aniket Krishnan,Nashik,2024-04-16,BR038,branch,XJXPD1625Q,9265895302,arjun.pillai@protonmail.com,38.0,22609.0,salaried_private,683,0.8595,,2,gold,168000,12.0,0,,missing_required_field
LA004878,APP018153,Yash Pillai,Pune,2024-12-30,BR020,direct_sales_agent,TZABN4648Q,9347339329,dprasad@rediffmail.com,,53266.0,salaried_private,852,0.1307,0.0,1,gold,115000,18.0,0,,missing_required_field
LA004892,APP024087,Reyansh Ramesh,Ahmedabad,2023-09-15,BR019,branch,HTCMJ4908C,8084517509,latha.chauhan@protonmail.com,33.0,15811.0,self_employed_professional,250,0.3333,0.0,3,personal,151000,36.0,0,,credit_score_out_of_range
LA004893,APP003184,Anjali Desai,Rajkot,2024-01-25,BR020,branch,RTGHN5684K,8855393677,rbose@rediffmail.com,31.0,-25000.0,salaried_government,900,0.7533,3.0,0,personal,217000,12.0,0,,income_not_positive
LA004895,APP015001,Kavya Varma,Nagpur,2023-03-18,BR030,branch,CDKQR8940A,6684453628,charitha66@hotmail.com,40.0,27933.0,salaried_private,514,0.8367,0.0,6,personal,257000,,0,,missing_required_field
LA004899,APP006198,Ananya Pillai,Jaipur,2023-09-15,BR014,online,WAMET2834T,6639862215,sandeep94@rediffmail.com,25.0,-25000.0,salaried_private,582,0.6164,0.0,4,gold,558000,12.0,0,,income_not_positive
LA004904,APP008162,Krishna Naidu,Nashik,2024-06-09,BR035,branch,XKSZK8738T,6039118657,swathi.pillai@protonmail.com,29.0,0.0,salaried_private,863,0.2278,0.0,1,personal,197000,24.0,0,,income_not_positive
LA004918,APP026947,Nandini Mukherjee,Delhi,2024-03-14,BR034,branch,MKZMX2265N,7817095502,varun33@yahoo.co.in,45.0,38228.0,,840,0.4118,1.0,0,vehicle,439000,48.0,0,,missing_required_field
LA004935,APP004429,Krishna Varma,Jaipur,not_a_date,BR003,branch,YKZCH4024U,9054512354,swathi_kulkarni9@outlook.com,37.0,44584.0,salaried_government,787,0.6292,0.0,0,personal,312000,12.0,0,,unparseable_application_date
LA004951,APP026800,Nikhil Joshi,Lucknow,2024-09-30,BR039,online,MPMGH3195P,7568704084,gbose@protonmail.com,,55988.0,self_employed_professional,732,0.6943,3.0,0,vehicle,1429000,84.0,0,,missing_required_field
LA004984,APP026812,Deepika Joshi,Rajkot,2024-08-11,BR021,branch,ZJYHU7171X,9516277978,omkar27@yahoo.co.in,24.0,105922.0,,598,0.4625,1.0,2,home,4668000,300.0,0,,missing_required_field
LA004996,APP024454,Gayathri Varma,Ludhiana,2025-02-24,BR003,online,TQYWE3330D,6707370077,vdeshpande@outlook.com,34.0,46703.0,self_employed_professional,727,0.5107,1.0,2,vehicle,995000,,0,,missing_required_field
LA005004,APP018095,Vinay Prasad,Surat,2025-02-08,BR001,branch,SZPAQ1241S,6912169194,vaishnavi55@yahoo.co.in,,159080.0,Salaried_Private,554,0.5542,2.0,4,home,8694000,360.0,0,,missing_required_field
LA005010,APP018120,Siddharth Joshi,Tirunelveli,2024-02-17,BR017,branch,DWCMQ4427J,6787360765,rajesh_patel7@gmail.com,,29628.0,salaried_private,787,0.523,0.0,0,vehicle,616000,48.0,0,,missing_required_field
LA000003,APP015126,Shreya Gowda,Mysuru,2023-04-06,BR021,online,YDSMD3553B,8655365576,double@@domain.com,40.0,48589.0, salaried_private,442,0.5466,2.0,8,personal,640000,48.0,0,,duplicate_application_id
LA000405,APP002304,Shreya Bose,Indore,2023-08-23,BR014,branch,FGNYL3655V,9851869218,kavya67@outlook.com,26.0,16377.0,salaried_government,648,0.3509,1.0,2,gold,151000,36.0,0,,duplicate_application_id
LA005047,APP025345,Harsha Banerjee,Indore,2023-02-18,BR038,online,PHHBS4946X,8736143701,psharma@yahoo.co.in,38.0,86779.0,self_employed_professional,804,0.4236,,0,personal,1208000,48.0,0,,missing_required_field
LA005048,APP012428,Ritika Menon,Lucknow,2023-01-25,BR007,branch,YRWRP7912L,9468823967,epillai@gmail.com,35.0,26226.0,salaried_private,815,0.3758,1.0,1,gold,92000,,0,,missing_required_field
LA005107,APP015790,Diya Desai,Rajkot,,BR037,branch,QQUPT8382H,6450891778,kiran.nair@protonmail.com,42.0,32900.0,salaried_private,705,0.6526,2.0,1,personal,558000,48.0,0,,unparseable_application_date
LA005133,APP010227,Yash Pillai,Visakhapatnam,2024-12-21,BR006,branch,SCGPS8670L,9680815222,knair@hotmail.com,31.0,92729.0, SALARIED_PRIVATE ,787,0.1799,,0,personal,608000,48.0,0,,missing_required_field
LA005144,APP018110,Neha Shah,Nashik,2023-01-23,BR015,online,DVFWX4371K,9509319696,kkrishnan@gmail.com,,25374.0,salaried_private,641,0.7617,0.0,1,home,1500000,120.0,0,,missing_required_field
LA005154,APP009152,Deepika Menon,Rajkot,31/02/2024,BR004,online,HPPQN5690V,9094012502,nandini_joshi4@yahoo.co.in,30.0,35935.0,salaried_private,608,0.4698,0.0,3,personal,696000,60.0,1,585268.6,unparseable_application_date
LA005168,APP018150,Saanvi Varma,Ludhiana ,2024-04-29,BR002,branch,YRFUU7321P,7457427078,latha.gupta@yahoo.co.in,,51527.0,salaried_private,710,0.8375,3.0,1,personal,608000,24.0,0,,missing_required_field
LA005211,APP010264,Vikram Verma, Chennai,31/02/2024,BR004,branch,GQAIU1371Z,6311941682,snaidu@outlook.com,32.0,100603.0,salaried_private,722,0.4656,1.0,2,vehicle,2500000,84.0,0,,unparseable_application_date
LA005268,APP011394,Vinay Patel,Jaipur,2024-12-30,BR015,online,PUTFP6603T,8162836504,suresh_venkatesan7@hotmail.com,33.0,55341.0,salaried_private,985,0.3998,1.0,0,gold,106000,6.0,0,,credit_score_out_of_range
LA005277,APP018927,Ananya Malhotra,Coimbatore,2023-01-07,BR012,branch,XWXJQ1088H,6339236667,dchauhan@protonmail.com,29.0,-1.0,self_employed_business,832,0.2564,0.0,0,vehicle,422000,36.0,0,,income_not_positive
LA005296,APP005818,Priya Nair,Tirunelveli,2023-10-05,BR030,branch,FXPTA4224X,6363574107,chetan_iyer3@yahoo.co.in,,45241.0,salaried_government,731,0.6029,1.0,2,personal,960000,60.0,0,,missing_required_field
LA005305,APP002660,Reyansh Banerjee,Nagpur,2024-07-09,BR008,online,TEPHQ3948U,6070726345,yamini_deshpande3@hotmail.com,28.0,37786.0,salaried_government,250,0.3383,0.0,3,personal,538000,60.0,0,,credit_score_out_of_range
LA005312,APP006533,Harsha Bhat,Hyderabad,2023-03-08,BR009,branch,HZGUY6428H,9490724164,vikram39@yahoo.co.in,26.0,-25000.0,salaried_private,464,0.6193,2.0,7,vehicle,1034000,84.0,0,,income_not_positive
LA005334,APP008830,Nandini Sinha,Chennai,2024-10-17,BR025,branch,USHCN2105W,8492735034,ganesh.das@outlook.com,30.0,0.0, SALARIED_PRIVATE ,769,0.3785,1.0,1,personal,1495000,60.0,0,,income_not_positive
LA005387,APP011532,Deepika Varma,Coimbatore,2024-06-11,BR035,partner_referral,DWDXZ0907Q,8675616408,tarun.prasad@gmail.com,33.0,82389.0, SALARIED_PRIVATE ,-15,0.2992,0.0,1,vehicle,766000,36.0,0,,credit_score_out_of_range
LA005403,APP013429,Deepika Banerjee,Nashik,2024-06-27,BR038,direct_sales_agent,XTDPY8032B,6640559794,hema90@rediffmail.com,37.0,0.0,salaried_private ,540,0.3452,1.0,5,gold,1000000,18.0,0,,income_not_positive
LA005440,APP006310,Rohan Banerjee,Madurai,2024-12-26,BR023,direct_sales_agent,DVKQJ1014P,9958505914,ananya76@hotmail.com,25.0,28832.0,salaried_private,634,0.5449,1.0,3,home,1500000,,0,,missing_required_field
LA005454,APP023772,Aniket Mukherjee,Coimbatore,2024-12-07,BR012,online,NBXHX7858D,9753790501,naveen.nair@rediffmail.com,31.0,72839.0,self_employed_professional,650,0.6882,1.0,2,home,4798000,,0,,missing_required_field
LA005462,APP026917,Divya Shah,Hyderabad ,2024-12-20,BR026,partner_referral,WKSRX8018I,6751460391,ganesh36@gmail.com,38.0,18396.0,,841,0.6713,4.0,0,gold,63000,12.0,0,,missing_required_field
LA005494,APP003759,Aniket Kulkarni,Rajkot,2023-11-21,BR028,partner_referral,CQHEW9417U,7130295689,chetan_naidu5@outlook.com,33.0,91411.0,salaried_government,707,0.6735,2.0,1,vehicle,867000,,0,,missing_required_field
LA000291,APP000421,Harsha Chauhan,Madurai,2024-02-09,BR011,branch,UTYKM1879N,8633348132,jayanth14@rediffmail.com,29.0,30291.0,CONTRACT,786,0.3544,1.0,0,gold,225000,36.0,0,,duplicate_application_id
LA005523,APP011885,Anjali Krishnan,Pune,2023-03-05,BR001,branch,XAKNZ1888B,9899393300,karthik41@hotmail.com,34.0,35701.0,salaried_private,675,0.7351,,0,home,2031000,300.0,0,,missing_required_field
LA005524,APP026813,Pooja Pillai, Tirunelveli,2024-10-27,BR014,branch,DBYZF5965U,8673328172,avenkatesan@rediffmail.com,24.0,31806.0,,551,0.5061,0.0,4,personal,658000,60.0,0,,missing_required_field
LA005535,APP022623,Aadhya Shah,Kanpur,2023-11-16,BR025,branch,INUHY0884L,9231760216,vaishnavi_naidu1@hotmail.com,27.0,-25000.0,self_employed_professional,466,0.95,3.0,5,personal,349000,12.0,0,,income_not_positive
LA005546,APP021561,Pooja Rao,Mysuru,2023-08-27,BR032,online,JCENG4977V,6223267833,charitha.agarwal@outlook.com,44.0,-1.0,self_employed_business,739,0.4689,1.0,0,personal,269000,36.0,0,,income_not_positive
LA005548,APP010706,Pooja Joshi,Nagpur,2025-05-09,BR039,branch,RAFUT3735E,9137236208,aditi.rao@yahoo.co.in,32.0,50405.0,salaried_private,770,0.4988,1.0,3,personal,650000,,0,,missing_required_field
LA005562,APP025167,Vikram Ramesh, Lucknow,2024-03-19,BR025,online,QILMM9164X,6711836296,echauhan@outlook.com,37.0,91931.0,self_employed_professional,653,0.5565,1.0,5,personal,447000,,0,,missing_required_field
LA005648,APP021491,Divya Hegde,Pune,2024-13-05,BR028,online,XVABM8666T,7537749778,deepak_nair2@yahoo.co.in,43.0,21638.0,self_employed_business,619,0.3243,0.0,2,gold,79000,12.0,0,,unparseable_application_date
LA005651,APP005822,Manoj Patel,Kolkata,2025-03-27,BR016,branch,GPSIG3714I,6454192089,kiran86@hotmail.com,,48558.0,SALARIED_GOVERNMENT,755,0.5925,0.0,2,personal,1043000,48.0,0,,missing_required_field
LA005678,APP009033,Ritika Subramanian,Ludhiana,2023-11-11,BR018,branch,PRQUC2090X,7517975021,varun.raman@yahoo.co.in,30.0,27625.0,salaried_private,766,0.3214,0.0,1,personal,184000,,0,,missing_required_field
LA005684,APP002121,Diya Kulkarni,Nashik,2024-06-23,BR006,partner_referral,UFBEA9170X,6207119737,sbhatia@protonmail.com,24.0,0.0,salaried_government,892,0.5634,2.0,0,gold,85000,6.0,0,,income_not_positive
LA005699,APP006104,Deepika Kapoor,Ludhiana,2024-06-12,BR011,branch,LWTNB6764Z,8317992623,niyer@rediffmail.com,24.0,46937.0,salaried_private,862,0.6708,0.0,0,personal,925000,,1,558484.93,missing_required_field
LA005700,APP016756,Krishna Shah,Rajkot,not_a_date,BR027,branch,AVVGG2730W,7747568071,priya.gowda@yahoo.co.in,46.0,24239.0,salaried_private,681,0.2544,0.0,2,personal,178000,36.0,0,,unparseable_application_date
LA005705,APP014455,Krishna Joshi,Ludhiana,2024-10-04,BR027,partner_referral,MXKMV6713M,6606672074,vinay76@rediffmail.com,39.0,-25000.0,salaried_private,900,0.4657,1.0,0,vehicle,2500000,84.0,0,,income_not_positive
LA005709,APP009098,Nandini Prasad,Ludhiana,not_a_date,BR036,online,QKQHM7881R,9710492672,ganesh.raman@yahoo.co.in,30.0,32706.0,salaried_private,810,0.4256,1.0,0,vehicle,719000,84.0,0,,unparseable_application_date
LA000046,APP010817,Sneha Shah,Nashik,2025-02-26,BR036,branch,BKLWW0405K,8856479450,pshetty@outlook.com,32.0,68702.0,salaried_private,618,0.3873,0.0,0,personal,945000,48.0,0,,duplicate_application_id
LA005726,APP026281,Rahul Gowda,Indore,2024-08-29,BR022,branch,BJGVP3010G,6884764803,chegde@gmail.com,46.0,48484.0,self_employed_professional,669,0.4117,,2,home,1735000,240.0,0,,missing_required_field
LA005727,APP026786,Karthik Shah,Ahmedabad,2023-02-08,BR017,branch,KUUTK3618Y,7220068465,esha.bhat@gmail.com,,29695.0,self_employed_professional,747,0.2794,0.0,1,gold,137000,18.0,0,,missing_required_field
LA005736,APP012855,Pooja Patel,Delhi,2023-07-04,BR034,partner_referral,TXWNW3183L,6581493290,sbhatia@outlook.com,36.0,0.0,salaried_private,600,0.7829,0.0,5,home,1500000,300.0,0,,income_not_positive
LA005747,APP016349,Krishna Hegde,Indore,2024-07-23,BR031,online,RKIMJ9000B,6411793477,arjun_rathore9@gmail.com,44.0,32556.0,salaried_private,708,0.5185,0.0,2,personal,348000,,0,,missing_required_field
LA005790,APP018931,Diya Gowda,Nagpur,2023-10-07,BR005,online,APSXA5141V,7791703053,divya_bhatia4@hotmail.com,29.0,0.0,Self_Employed_Business,573,0.2544,0.0,3,gold,545000,36.0,0,,income_not_positive
LA005806,APP005939,Diya Iyer,Visakhapatnam,2024-02-01,BR036,branch,JGGSL8035M,9473237690,deepak.mehta@gmail.com,23.0,44922.0,Salaried_Private,647,0.3234,,2,vehicle,571000,48.0,0,,missing_required_field
LA005807,APP014797,Krishna Iyer,Surat,2023-12-24,BR011,branch,CUIAU6852V,9391835621,sagarwal@protonmail.com,39.0,61777.0,salaried_private,120,0.6275,1.0,2,vehicle,1545000,60.0,0,,credit_score_out_of_range
LA005810,APP000792,Aditya Pillai,Ahmedabad,2023-12-06,BR022,online,XLIZY4891T,6530469966,pshah@yahoo.co.in,32.0,45706.0,contract,627,0.7598,1.0,3,vehicle,1208000,,0,,missing_required_field
LA005814,APP022339,Nikhil Chauhan, Chennai,2025-05-14,BR027,branch,LKXQZ2541Z,8564388210,suresh_das4@outlook.com,25.0,0.0,self_employed_professional,794,0.3998,0.0,2,personal,226000,24.0,0,,income_not_positive
LA005847,APP000837,Aadhya Verma,Mumbai,2023-04-14,BR029,branch,BVZXT1067F,7285858654,kavya_banerjee1@yahoo.co.in,33.0,0.0,contract,708,0.4186,0.0,0,personal,538000,24.0,0,,income_not_positive
LA000150,APP025573,Manoj Bose,Madurai,2023-09-23,BR040,online,JQMWH6652Y,6346233191,praveen70@rediffmail.com,40.0,32910.0,self_employed_professional,797,0.3543,1.0,0,gold,248000,36.0,0,,duplicate_application_id
LA005858,APP022170,Sandeep Pillai,Tirunelveli,not_a_date,BR019,branch,IPBJC2213G,6623034508,nandini.ghosh@outlook.com,60.0,48177.0,self_employed_business,791,0.4719,1.0,0,gold,375000,24.0,0,,unparseable_application_date
LA005863,APP002984,Yash Pillai,Rajkot,2024-03-21,BR018,online,DIEEK3984M,7490968007,bhargav64@protonmail.com,30.0,16005.0,salaried_government,900,0.3412,,0,personal,61000,12.0,0,,missing_required_field
LA005874,APP005270,Vivaan Mukherjee,Kanpur,2025-06-24,BR010,online,RCEQN9981Z,7536846794,nithya_patel1@rediffmail.com,45.0,0.0,salaried_government,621,0.5632,2.0,1,home,2466000,360.0,0,,income_not_positive
LA005883,APP018087,Sandeep Verma,Surat,2025-05-31,BR018,partner_referral,GXQPF8545K,8460647754,tarun_krishnan1@gmail.com,,12000.0,salaried_private,585,0.7029,1.0,5,vehicle,279000,48.0,0,,missing_required_field
LA005897,APP026525,Arjun Bhat,Indore,2024-10-26,BR038,branch,ZLDSA4135Q,7979706889,nrathore@hotmail.com,51.0,26149.0,self_employed_professional,733,0.1729,,1,gold,51000,12.0,0,,missing_required_field
LA005926,APP012843,Praveen Reddy,Lucknow,2024-03-13,BR029,branch,HUVVT2189K,8756457398,nandini.venkatesan@hotmail.com,36.0,-1.0,salaried_private,611,0.3952,1.0,3,vehicle,697000,36.0,0,,income_not_positive
LA005929,APP021105,Nandini Gowda,Tirunelveli,2025-03-21,BR029,partner_referral,WHQNC9117H,7826169079,rahul_agarwal8@outlook.com,40.0,-1.0,self_employed_business,415,0.3907,0.0,12,personal,877000,48.0,0,,income_not_positive
LA005942,APP026964,Rohan Bhat,Surat,2025-06-04,BR003,branch,VYUMY6610U,6919874887,ramya.deshpande@rediffmail.com,48.0,48038.0,,585,0.8461,0.0,5,personal,831000,24.0,0,,missing_required_field
LA005983,APP017067,Rohan Krishnan,Lucknow,2024-05-27,BR021,partner_referral,JAAHJ3516I,8988540423,bhargav.hegde@outlook.com,48.0,103228.0,salaried_private,807,0.4205,0.0,2,vehicle,1719000,,0,,missing_required_field
LA005992,APP010923,Nikhil Bose,Jaipur,2023-03-08,BR032,branch,UDLIL4747R,7395541579,jvenkatesan@protonmail.com,33.0,0.0,salaried_private,753,0.5567,1.0,1,personal,125000,12.0,0,,income_not_positive
LA006015,APP005694,Aadhya Chatterjee,Madurai,2024-03-10,BR021,partner_referral,CSJQZ3775U,6130647430,arjun_kulkarni5@hotmail.com,55.0,0.0,salaried_government,759,0.5945,1.0,0,personal,417000,36.0,0,,income_not_positive
LA006023,APP016359,Meera Shah,Tirunelveli,2023-12-11,BR012,partner_referral,LEZXZ1187C,6661383382,jyothi.reddy@protonmail.com,44.0,35674.0,salaried_private,-15,0.3349,1.0,0,gold,313000,36.0,0,,credit_score_out_of_range
LA006024,APP017539,Aarav Chauhan,Nagpur,2024-04-25,BR039,partner_referral,JFRJC2232X,7919978238,naveen_rao6@yahoo.co.in,51.0,93154.0,salaried_private,609,0.6122,2.0,3,vehicle,2038000,,1,643250.92,missing_required_field
LA006025,APP019672,Priya Menon,Madurai,2024-09-24,BR036,branch,KCZGR4875X,7758578521,harish42@rediffmail.com,32.0,25889.0,self_employed_business,610,0.2451,,5,gold,104000,24.0,0,,missing_required_field
LA006081,APP005233,Vinay Varma,Ahmedabad,2024-13-05,BR020,online,EYJIF8353U,7728213991,lakshmi91@gmail.com,44.0,48969.0,salaried_government,794,0.2909,2.0,1,gold,153000,18.0,0,,unparseable_application_date
LA006095,APP000815,Shreya Sinha,Visakhapatnam,2024-11-04,BR018,branch,DJZZU9128A,6041126825,rahul62@hotmail.com,32.0,66193.0,contract,528,0.2874,,7,personal,538000,36.0,0,,missing_required_field
LA006104,APP015262,Ritika Prasad,Surat,2025-03-30,BR038,online,AJXDF4789G,8871914314,dinesh68@hotmail.com,41.0,0.0,salaried_private,742,0.4955,1.0,1,personal,293000,60.0,0,,income_not_positive
LA006138,APP003762,Krishna Nair,Delhi,2023-12-11,BR022,direct_sales_agent,FADNA1853R,7277308204,imran.mukherjee@outlook.com,34.0,-25000.0,salaried_government,696,0.4915,1.0,1,vehicle,793000,60.0,0,,income_not_positive
LA006182,APP010918,Harsha Shah, Jaipur,2023-05-15,BR023,online,EJCJI1047X,7014481933,praveen_rao8@outlook.com,33.0,-25000.0,salaried_private,681,0.3797,0.0,3,home,1783000,240.0,0,,income_not_positive
LA006191,APP013531,Anjali Mukherjee,Kanpur,2024-13-05,BR020,branch,FHLCF2227N,8249140967,gayatri.kulkarni@hotmail.com,37.0,18411.0,salaried_private,502,0.6698,2.0,6,vehicle,459000,60.0,0,,unparseable_application_date
LA006212,APP006833,Karthik Subramanian,Lucknow,2025-02-22,BR024,online,SXXDI5565H,7419525723,kghosh@outlook.com,26.0,48758.0,salaried_private,530,0.5991,2.0,5,personal,723000,,0,,missing_required_field
LA006218,APP002449,Vikram Joshi,Mumbai,2023-05-20,BR006,branch,MDEMH3880G,9231453356,ljoshi@outlook.com,27.0,160181.0,salaried_government,900,0.2522,,0,personal,1500000,48.0,0,,missing_required_field
LA006219,APP015951,Harsha Hegde,Vadodara,2025-04-14,BR017,branch,VZNGU7423P,8456866565,deepak.joshi@rediffmail.com,43.0,-25000.0,salaried_private,703,0.3882,0.0,3,home,1500000,300.0,0,,income_not_positive
LA006235,APP014880,Aniket Subramanian,Madurai,2025-05-04,BR011,direct_sales_agent,BNESQ6603I,8639939570,jbose@outlook.com,40.0,-25000.0,salaried_private,777,0.495,1.0,1,vehicle,682000,36.0,0,,income_not_positive
LA006239,APP012856,Meera Pillai,Surat,2024-09-23,BR038,branch,VEAYV1931C,6501372830,yamini_joshi6@rediffmail.com,36.0,0.0,salaried_private,663,0.5816,1.0,2,vehicle,982000,48.0,0,,income_not_positive
LA006258,APP010247,Aarav Malhotra,Coimbatore,2023-04-26,BR001,direct_sales_agent,TWEJN9677N,6537255060,cverma@rediffmail.com,32.0,-1.0,salaried_private,753,0.519,1.0,0,home,5003000,300.0,0,,income_not_positive
LA006289,APP022711,Sandeep Pillai,Lucknow,2023-09-04,BR018,online,RPBYR3453N,9197205852,tarun_verma3@outlook.com,27.0,39713.0,self_employed_professional,821,0.3679,,1,gold,50000,12.0,0,,missing_required_field
LA006299,APP011569,Rohan Subramanian,Nagpur,2023-11-21,BR035,partner_referral,CTIBG2863F,8069455694,emenon@protonmail.com,34.0,-1.0,salaried_private,653,0.5477,0.0,2,home,8435000,360.0,0,,income_not_positive
LA006320,APP026226,Sneha Sinha,Bhopal,2025-01-22,BR025,online,ATHMZ3484J,6324330337,divya79@yahoo.co.in,45.0,98192.0,self_employed_professional,689,0.3705,,2,personal,480000,36.0,0,,missing_required_field
LA006345,APP010100,Lakshmi Gowda,Coimbatore,2024-10-08,BR030,online,LZTUE2542S,8240388492,uma.nair@hotmail.com,31.0,63592.0,Salaried_Private,627,0.8309,1.0,1,gold,272000,,0,,missing_required_field
LA006381,APP026785,Siddharth Shah,Tirunelveli,2023-01-02,BR035,branch,LQWUZ3189B,6933498772,swathi28@yahoo.co.in,,24304.0,self_employed_professional,484,0.6946,0.0,6,vehicle,657000,48.0,0,,missing_required_field
LA006386,APP005552,Sandeep Kulkarni,Nagpur,2024-01-17,BR026,branch,UBWSX3807S,9415673709,lmukherjee@yahoo.co.in,49.0,74412.0,salaried_government,900,0.4011,1.0,0,vehicle,732000,,0,,missing_required_field
LA006392,APP013490,Pooja Nair,Visakhapatnam,2024-01-30,BR034,partner_referral,VCHRK6793B,8703877424,gayatri.nair@yahoo.co.in,37.0,14555.0,salaried_private,824,0.6675,,0,vehicle,408000,60.0,0,,missing_required_field
LA000370,APP015665,Deepika Banerjee,Rajkot ,2023-06-30,BR013,online,BNEDC2620C,9079149508,imran68@rediffmail.com,42.0,113357.0,salaried_private,743,0.4792,0.0,0,home,6597000,300.0,0,,duplicate_application_id
LA006425,APP012847,Praveen Kapoor,Nagpur,2024-10-08,BR007,branch,HYUYF4332A,7490523193,rohit39@yahoo.co.in,36.0,-25000.0,salaried_private,834,0.481,1.0,0,vehicle,853000,84.0,0,,income_not_positive
LA006435,APP011124,Neha Iyer,Kolkata ,2023-03-04,BR004,online,DMGGS7832U,6993291720,kshah@gmail.com,33.0,27865.0,salaried_private,665,0.5192,,2,home,1596000,300.0,0,,missing_required_field
LA006444,APP015855,Deepika Pillai,Madurai,,BR022,online,DFGEN9785V,6452915091,anand22@rediffmail.com,42.0,49734.0,salaried_private,813,0.5095,2.0,0,vehicle,444000,36.0,0,,unparseable_application_date
LA006455,APP007618,Diya Sharma,Ahmedabad,2023-09-15,BR024,partner_referral,VYGJY7949B,7288545252,sandeep.prasad@yahoo.co.in,28.0,16262.0, SALARIED_PRIVATE ,701,0.1345,0.0,2,personal,63000,,0,,missing_required_field
LA006459,APP000290,Deepika Rao,Mumbai,31/02/2024,BR021,branch,LNTHM8737P,9199408979,esha42@yahoo.co.in,27.0,72896.0,contract,857,0.3441,0.0,0,personal,735000,36.0,0,,unparseable_application_date
LA006470,APP021071,Rohan Kulkarni,Bhopal,2024-05-27,BR011,online,SLVUK9252Z,7715480488,kavya24@hotmail.com,39.0,63107.0,self_employed_business,693,0.4345,,1,personal,564000,24.0,0,,missing_required_field
LA006491,APP018145,Ananya Varma,Madurai,2023-10-09,BR003,direct_sales_agent,WKKGN3792J,8500981605,arjun14@rediffmail.com,,48224.0,salaried_private,858,0.6372,1.0,0,home,3010000,300.0,0,,missing_required_field
LA006497,APP002960,Sandeep Krishnan, Jaipur,2023-06-30,BR038,branch,EZWKB3838R,7301639264,sunita.krishnan@protonmail.com,30.0,-25000.0,salaried_government,651,0.4752,1.0,3,personal,227000,36.0,0,,income_not_positive
LA006554,APP005558,Lakshmi Varma,Tirunelveli,2024-06-27,BR016,online,LNISK4776A,9251478896,jhegde@yahoo.co.in,50.0,-1.0,salaried_government,720,0.7557,4.0,1,personal,222000,48.0,0,,income_not_positive
LA006560,APP005348,Aditya Banerjee,Hyderabad,2024-08-14,BR029,branch,BRXYA2258K,8442265502,gchauhan@outlook.com,45.0,97277.0,salaried_government,833,0.3529,,0,personal,1482000,60.0,0,,missing_required_field
LA006561,APP007546,Neha Chatterjee,Delhi,2023-01-02,BR035,branch,EPYDA7731P,8025621965,ganesh_subramanian4@protonmail.com,28.0,-25000.0,salaried_private,893,0.4743,0.0,0,vehicle,990000,60.0,0,,income_not_positive
LA006569,APP017822,Aadhya Krishnan,Mumbai,2024-02-12,BR003,online,IMDQL1402U,6333107621,rohit.menon@hotmail.com,56.0,62658.0,salaried_private,658,0.5375,,1,home,4193000,360.0,0,,missing_required_field
LA006575,APP026788,Anjali Kapoor,Rajkot,2023-05-23,BR030,direct_sales_agent,QHIJJ8736K,9573698947,rohit35@hotmail.com,,31886.0,self_employed_professional,670,0.4949,0.0,2,vehicle,950000,84.0,0,,missing_required_field
LA006614,APP000803,Priya Banerjee,Nagpur,not_a_date,BR005,partner_referral,CTNSR1312E,9444506317,naveen_nair2@gmail.com,32.0,51512.0,contract,617,0.3752,0.0,3,gold,411000,24.0,0,,unparseable_application_date
LA006642,APP024057,Shreya Ramesh,Bengaluru,2024-11-14,BR038,direct_sales_agent,GZAET0647E,7634635843,creddy@outlook.com,33.0,-25000.0,self_employed_professional,700,0.8616,2.0,0,vehicle,1953000,36.0,0,,income_not_positive
LA000487,APP019484,Harsha Nair,Kochi,2023-03-24,BR030,online,MCDKL7975A,7091755677,varun.reddy@hotmail.com,31.0,35499.0,self_employed_business,569,0.1705,0.0,6,gold,182000,36.0,0,,duplicate_application_id
LA006649,APP016294,Vivaan Naidu,Kolkata,2023-09-27,BR039,partner_referral,NWMIC7748X,6739796477,gayatri.iyer@gmail.com,44.0,19651.0,salaried_private,738,0.3681,0.0,1,personal,149000,,0,,missing_required_field
LA006651,APP022189,Deepika Prasad,Tirunelveli,2025-03-22,BR005,online,KWCKN6546V,9053071623,ganesh.joshi@outlook.com,,20063.0,self_employed_business,727,0.4982,0.0,1,personal,360000,48.0,0,,missing_required_field
LA006664,APP022844,Aditya Verma, Vadodara,2025-04-29,BR003,online,HSNUX2656T,7265593226,ldeshpande@rediffmail.com,28.0,16240.0,SELF_EMPLOYED_PROFESSIONAL,847,0.2966,,0,gold,28000,6.0,0,,missing_required_field
LA006697,APP017165,Deepika Joshi,Madurai,2023-12-08,BR017,branch,GFTBC8084Y,9487776666,kdas@outlook.com,48.0,57363.0,salaried_private,456,0.5324,,8,vehicle,1026000,48.0,0,,missing_required_field
LA006703,APP018083,Arjun Sharma,Kolkata,2023-04-13,BR013,branch,MPJAM4827L,8994605865,meera.bose@protonmail.com,,100735.0,salaried_private,900,0.2947,0.0,0,home,3389000,240.0,0,,missing_required_field
LA006713,APP005890,Arjun Kapoor,Lucknow,not_a_date,BR022,partner_referral,EJFWK3387H,6365025652,mahesh_raman3@yahoo.co.in,23.0,24146.0, salaried_private,862,0.3544,0.0,0,gold,97000,12.0,0,,unparseable_application_date
LA006723,APP014269,Bhavana Shah,Kochi,2024-10-01,BR007,branch,BUMEE4372Q,8070191497,shreya_bhat6@protonmail.com,38.0,41486.0,salaried_private,120,0.4288,0.0,1,gold,201000,12.0,0,,credit_score_out_of_range
LA006731,APP021985,Diya Nair,Nagpur,2023-03-23,BR025,online,WVXWJ2288J,7716409262,vaishnavi53@yahoo.co.in,52.0,-25000.0,self_employed_business,860,0.4663,0.0,0,vehicle,1931000,84.0,0,,income_not_positive
LA006746,APP013269,Rohan Pillai,Mysuru,not_a_date,BR003,direct_sales_agent,IGAYL0017B,6919647468,braman@protonmail.com,36.0,53825.0,salaried_private,802,0.4689,1.0,0,personal,803000,48.0,0,,unparseable_application_date
LA006766,APP018928,Diya Naidu,Pune,2024-02-24,BR010,online,LHZIT7088C,6534183027,sanjana76@protonmail.com,29.0,-1.0,self_employed_business,662,0.4885,1.0,3,vehicle,605000,24.0,0,,income_not_positive
LA006784,APP010924,Divya Sharma,Rajkot,2023-05-09,BR018,branch,SNUHW0995G,9297567186,manoj.chatterjee@gmail.com,33.0,0.0,salaried_private,537,0.6402,0.0,5,personal,462000,36.0,0,,income_not_positive
LA000066,APP004660,Gayathri Banerjee,Kochi,2023-09-08,BR016,direct_sales_agent,NEPII6465P,8349540405,uma96@outlook.com,39.0,21592.0,salaried_government,752,0.8145,3.0,0,home,1500000,360.0,0,,duplicate_application_id
LA006816,APP011155,Lakshmi Bhat,Surat,2023-05-12,BR010,direct_sales_agent,GPRYR0442A,9469052260,kiran_prasad6@outlook.com,33.0,30276.0, SALARIED_PRIVATE ,741,0.2423,,2,gold,223000,36.0,0,,missing_required_field
LA006832,APP009524,Ritika Malhotra,Nashik,2024-04-23,BR008,online,FMNPJ8238W,6954371571,swathi.das@hotmail.com,31.0,0.0,salaried_private,898,0.5174,1.0,0,gold,105000,24.0,0,,income_not_positive
LA006846,APP026806,Nandini Varma,Bhopal,2025-05-12,BR005,branch,VIGAB9220R,8159142434,ahegde@hotmail.com,,72318.0,Self_Employed_Professional,679,0.4473,0.0,1,personal,358000,12.0,0,,missing_required_field
LA006848,APP026818,Swathi Desai,Mysuru,2024-08-21,BR005,online,CVSEU2137B,8046065029,ramya.rathore@yahoo.co.in,25.0,33664.0,,590,0.5448,2.0,1,gold,208000,18.0,0,,missing_required_field
LA006854,APP013430,Rohan Gowda,Visakhapatnam,2024-01-23,BR010,branch,QXJKW7922F,8019494485,dsubramanian@protonmail.com,37.0,0.0,salaried_private,751,0.3205,0.0,0,personal,689000,60.0,0,,income_not_positive
LA006884,APP025978,Nandini Bose,Kanpur,2023-02-12,BR006,branch,ZCCWF4350L,8380539891,deepak98@outlook.com,43.0,37824.0,self_employed_professional,646,0.7326,,2,vehicle,315000,12.0,0,,missing_required_field
LA006888,APP018870,Arjun Prasad,Madurai,2024-11-10,BR033,branch,NFCZL5264F,7068335448,vinay.menon@protonmail.com,28.0,49759.0,self_employed_business,1200,0.3268,1.0,0,personal,225000,24.0,0,,credit_score_out_of_range
LA006907,APP026849,Bhavana Chatterjee,Indore,2024-03-19,BR035,branch,DBSDF7601A,7190959288,ramya50@rediffmail.com,30.0,48537.0,,712,0.1129,0.0,0,gold,117000,24.0,0,,missing_required_field
LA006913,APP010925,Priya Hegde,Vadodara,2025-04-10,BR004,direct_sales_agent,DUIUL5262J,9277167879,dgowda@yahoo.co.in,33.0,0.0,salaried_private,534,0.4148,0.0,4,personal,163000,12.0,0,,income_not_positive
LA006924,APP015259,Anjali Krishnan, Visakhapatnam,2024-09-18,BR006,online,HDLSV0870H,9551169057,ishita_kapoor2@outlook.com,41.0,-25000.0,salaried_private,680,0.7391,2.0,1,home,1500000,180.0,0,,income_not_positive
LA006966,APP020791,Meera Varma,Jaipur,2023-10-28,BR037,branch,NLSRU6778Z,7454757630,pallavi96@protonmail.com,38.0,-25000.0,self_employed_business,701,0.39,0.0,2,vehicle,2500000,48.0,0,,income_not_positive
LA006977,APP013421,Rohan Prasad,Bhopal,2024-05-07,BR020,branch,TLYWK3310G,9650916593,swathi_joshi1@rediffmail.com,37.0,-1.0,salaried_private,728,0.5445,0.0,0,home,4470000,360.0,0,,income_not_positive
LA000250,APP006308,Aniket Patel,Lucknow,2024/07/22,BR025,branch,ECLAK3273B,6875208989,lakshmi_ghosh1@outlook.com,25.0,28789.0,salaried_private,773,0.2729,0.0,2,personal,284000,48.0,0,,duplicate_application_id
LA006991,APP026880,Aniket Kulkarni,Chennai,2025-01-30,BR035,online,XHUHQ5017T,9086392447,gsharma@outlook.com,33.0,41745.0,,703,0.6125,2.0,0,vehicle,849000,60.0,0,,missing_required_field
LA006997,APP002415,Saanvi Sharma,Ludhiana,2024-07-03,BR008,online,BUBBN2403A,6159298456,ishita.mukherjee@outlook.com,27.0,-25000.0,salaried_government,796,0.4999,1.0,0,personal,479000,24.0,0,,income_not_positive
LA007015,APP024988,Ananya Patel,Ludhiana,2024-05-12,BR035,partner_referral,GIPEJ4307Z,7138292018,kvenkatesan@protonmail.com,37.0,-25000.0,self_employed_professional,859,0.521,1.0,0,personal,489000,48.0,0,,income_not_positive
LA000469,APP009691,Aniket Krishnan,Delhi,2024-04-07,BR014,direct_sales_agent,RXFAP3180Q,8917557302,zghosh@protonmail.com,31.0,23239.0,salaried_private,597,0.3574,3.0,5,personal,100000,36.0,0,,duplicate_application_id
LA007027,APP013058,Lakshmi Banerjee,Kolkata,2024-13-05,BR022,partner_referral,QYDYT6390W,6983719118,rajesh_agarwal4@outlook.com,36.0,28763.0,salaried_private,830,0.3536,1.0,0,personal,357000,60.0,0,,unparseable_application_date
LA007054,APP007861,Sneha Chauhan,Vadodara,not_a_date,BR004,online,NCQYW3240A,8610815188,tarun_kapoor9@gmail.com,28.0,39086.0, salaried_private,605,0.5063,2.0,2,home,1562000,300.0,0,,unparseable_application_date
LA007056,APP019065,Aadhya Sinha,Bengaluru,2023-06-15,BR036,branch,EYPYZ3515F,7186761893,mrao@outlook.com,29.0,43432.0,self_employed_business,845,0.4377,0.0,2,vehicle,756000,,0,,missing_required_field
LA007076,APP016748,Harsha Gowda,Nashik,2023-11-23,BR023,online,PUYTM3566T,7567118330,sandeep.venkatesan@rediffmail.com,46.0,22894.0,salaried_private,759,0.553,0.0,1,home,1500000,,0,,missing_required_field
LA007078,APP001664,Shreya Chauhan,Hyderabad,2024-12-28,BR004,online,NPUHJ4090J,7772923779,priya_pillai6@gmail.com,42.0,24309.0, contract,852,0.5024,3.0,0,vehicle,486000,,0,,missing_required_field
LA007081,APP023582,Vinay Sinha,Tirunelveli,2023-11-25,BR008,branch,TDHFY5494E,6600628588,imran_mehta2@protonmail.com,31.0,151591.0,self_employed_professional,686,0.3834,,0,home,7442000,360.0,0,,missing_required_field
LA007089,APP026909,Krishna Ramesh,Kochi,2024-10-17,BR014,branch,WZGPL4557C,6856794890,bhargav_agarwal2@rediffmail.com,36.0,32591.0,,697,0.7058,2.0,0,personal,661000,60.0,0,,missing_required_field
LA007090,APP007157,Anjali Desai,Vadodara,2023-06-20,BR014,online,YNZWK2472Y,6438918963,naveen22@outlook.com,27.0,23986.0,salaried_private,694,0.4938,,1,home,1500000,360.0,0,,missing_required_field
LA007101,APP008350,Aarav Kapoor,Rajkot,2023-01-27,BR024,online,XVRKS9437M,6138234407,akulkarni@gmail.com,29.0,27152.0,salaried_private ,663,0.5634,0.0,1,home,1896000,,1,554916.71,missing_required_field
LA007144,APP026951,Sneha Naidu,Bhopal,2023-09-13,BR003,online,UVMIQ1216T,9642890694,zvenkatesan@yahoo.co.in,46.0,25005.0,,626,0.3504,1.0,3,gold,154000,24.0,0,,missing_required_field
LA007158,APP012222,Vinay Shah,Bengaluru,2024-02-21,BR033,branch,REBAY4583R,9673873542,tvenkatesan@gmail.com,35.0,-25000.0,salaried_private,898,0.397,1.0,0,gold,113000,36.0,0,,income_not_positive
LA007207,APP010697,Swathi Krishnan,Lucknow,2023-12-16,BR006,direct_sales_agent,TSAHH6038X,6289528232,lnair@hotmail.com,32.0,48861.0,salaried_private,733,0.6189,1.0,1,personal,1005000,,0,,missing_required_field
LA007233,APP001653,Sneha Nair,Kanpur,2023-08-11,BR019,branch,FRDUI1811R,8105031498,yamini.hegde@gmail.com,42.0,-25000.0,contract,669,0.7029,0.0,2,personal,600000,12.0,0,,income_not_positive
LA007259,APP016114,Pooja Bhat,Kolkata,2024-08-07,BR036,partner_referral,ESRXX4375Z,6964298404,sanjana28@gmail.com,43.0,41189.0,salaried_private,758,0.5373,,0,vehicle,846000,60.0,0,,missing_required_field
LA007263,APP006695,Meera Naidu,Madurai,2024-06-29,BR011,branch,WARUZ9453W,8397924063,naveen.chauhan@yahoo.co.in,26.0,31970.0,salaried_private,1200,0.4797,1.0,0,gold,208000,18.0,0,,credit_score_out_of_range
LA007282,APP006731,Rohan Chauhan,Lucknow,2023-08-31,BR009,partner_referral,VGAFF3854Z,8503543369,nithya_bose7@rediffmail.com,26.0,34726.0,salaried_private,120,0.6688,1.0,1,vehicle,459000,24.0,0,,credit_score_out_of_range
LA007320,APP024637,Vinay Malhotra,Jaipur,2024-13-05,BR019,online,UCYMV4538L,8887516252,sreddy@rediffmail.com,35.0,31196.0,self_employed_professional,789,0.5448,2.0,1,gold,198000,24.0,0,,unparseable_application_date
LA007350,APP006103,Vinay Pillai,Vadodara,not_a_date,BR021,partner_referral,NRWAD0933G,8488356427,suresh_patel5@hotmail.com,24.0,46006.0,salaried_private,689,0.3109,0.0,3,gold,83000,6.0,0,,unparseable_application_date
LA007351,APP011497,Rahul Bose,Coimbatore,2023-06-14,BR001,branch,WBFTL6180E,7025775401,yamini.venkatesan@hotmail.com,33.0,70537.0,salaried_private,660,0.3819,2.0,2,gold,139000,,0,,missing_required_field
LA007366,APP026815,Divya Ramesh,Lucknow,2025-02-23,BR039,branch,FBBAG0356C,8985874961,vinay62@rediffmail.com,24.0,59942.0,,772,0.6503,0.0,2,personal,1132000,36.0,0,,missing_required_field
LA007373,APP005986,Swathi Banerjee,Bhopal,2023-07-13,BR024,online,HCCZL1380D,6425455974,naveen44@protonmail.com,24.0,-1.0,salaried_private,821,0.5627,1.0,0,vehicle,700000,60.0,0,,income_not_positive
LA007383,APP018113,Harsha Bose,Ludhiana,2023-10-03,BR032,online,GHQFQ7900N,7745617176,bhargav_kulkarni8@yahoo.co.in,,25998.0,salaried_private,726,0.6421,2.0,1,personal,323000,36.0,0,,missing_required_field
LA007391,APP014447,Rohan Rao,Kochi,2024-03-25,BR016,partner_referral,PRQKY8141K,7003213472,esha26@hotmail.com,39.0,-1.0,salaried_private,730,0.512,2.0,0,gold,238000,24.0,0,,income_not_positive
LA007400,APP000975,Arjun Bhat,Tirunelveli,2025-05-16,BR026,online,HBUTH6543K,6571766864,omkar_chatterjee8@rediffmail.com,34.0,26650.0,contract,703,0.5013,0.0,2,home,1500000,,0,,missing_required_field
LA007443,APP019657,Bhavana Chatterjee,Madurai,2024-08-05,BR039,direct_sales_agent,RRYIM0162N,9035428641,harish.gowda@hotmail.com,32.0,20953.0,self_employed_business,796,0.3487,,0,personal,213000,36.0,0,,missing_required_field
LA007458,APP011556,Reyansh Krishnan,Indore,2024-13-05,BR024,branch,VDEDJ0184Q,7725008690,manoj_krishnan3@hotmail.com,33.0,91878.0,salaried_private,374,0.4037,0.0,6,home,3957000,240.0,0,,unparseable_application_date
LA007470,APP015883,Ananya Krishnan,Tirunelveli,2023-05-25,BR039,branch,YYUDJ5912N,7961061991,deepak98@protonmail.com,42.0,58439.0,salaried_private,473,0.2913,0.0,5,gold,278000,,0,,missing_required_field
LA000184,APP025729,Ishaan Verma,Coimbatore,2023-06-27,BR001,online,WDHPD4671T,6269935662,omkar_raman5@rediffmail.com,41.0,33403.0,SELF_EMPLOYED_PROFESSIONAL,814,0.642,1.0,0,vehicle,417000,24.0,0,,duplicate_application_id
LA007486,APP014000,Divya Varma,Kolkata,2024-11-12,BR040,branch,JCZWD2448L,8297655176,kavya_krishnan8@yahoo.co.in,38.0,-1.0,salaried_private,589,0.6919,1.0,3,personal,558000,24.0,0,,income_not_positive
LA007496,APP023817,Lakshmi Bhat,Kanpur,2023-01-24,BR020,direct_sales_agent,DTXHC8854R,9184302877,imran95@hotmail.com,32.0,-1.0,self_employed_professional,775,0.4166,2.0,1,personal,1500000,48.0,0,,income_not_positive
LA007507,APP018121,Sneha Bhat,Bhopal,2023-02-25,BR032,branch,DASVL5990I,7119894121,ihegde@hotmail.com,,30073.0,salaried_private,764,0.4301,1.0,0,personal,406000,48.0,0,,missing_required_field
LA007521,APP012848,Siddharth Menon,Coimbatore,2024-03-06,BR035,direct_sales_agent,DLILY0928P,9680266934,rahul_subramanian8@rediffmail.com,36.0,-25000.0,salaried_private,762,0.202,0.0,1,gold,221000,36.0,0,,income_not_positive
LA007530,APP013537,Aditya Bose,Tirunelveli,2025-03-14,BR028,online,JLVTB5049Z,9113726289,suresh_krishnan9@outlook.com,37.0,19074.0,salaried_private,753,0.1159,,1,gold,25000,12.0,0,,missing_required_field
LA007542,APP014003,Praveen Gowda,Hyderabad,2024-01-27,BR020,online,PRERL3573J,8530006855,nandini79@protonmail.com,38.0,-25000.0,salaried_private,845,0.4811,1.0,0,personal,875000,60.0,0,,income_not_positive
LA007547,APP010165,Aditya Iyer,Vadodara,2025-06-01,BR003,branch,IMUPK0237H,6519742233,jayanth11@yahoo.co.in,31.0,74299.0,salaried_private,788,0.3921,,2,home,3231000,240.0,0,,missing_required_field
LA007584,APP024130,Yash Subramanian,Indore,2024-06-08,BR002,branch,FKBXY0967K,9277319230,vinay54@hotmail.com,33.0,24866.0,self_employed_professional,858,0.4842,,0,personal,134000,12.0,0,,missing_required_field
LA007585,APP012345,Praveen Subramanian,Visakhapatnam,2025-01-26,BR034,partner_referral,ERLEJ4178Z,6794700002,suresh45@rediffmail.com,35.0,18906.0,salaried_private,0,0.6291,2.0,0,personal,297000,36.0,0,,credit_score_out_of_range
LA007598,APP007141,Saanvi Malhotra,Chennai,2024-05-13,BR002,partner_referral,CGNHG8425A,7409347448,kiran36@hotmail.com,27.0,22256.0,salaried_private,685,0.7654,,2,home,1500000,180.0,0,,missing_required_field
LA007602,APP000999,Saanvi Chauhan,Lucknow,,BR005,direct_sales_agent,XHVQM5513S,6157627169,arjun.prasad@yahoo.co.in,34.0,32802.0,contract,702,0.5166,2.0,2,personal,354000,36.0,0,,unparseable_application_date
LA007617,APP001318,Rahul Nair,Coimbatore,2023-10-27,BR037,branch,VEBDC4462V,8571199855,brathore@gmail.com,37.0,30205.0,contract,887,0.6336,,0,vehicle,705000,48.0,0,,missing_required_field
LA007648,APP006933,Vinay Nair,Pune,2025-04-09,BR018,direct_sales_agent,GXWFY6194H,6039429250,divya49@protonmail.com,26.0,68655.0,salaried_private,695,0.3411,,1,vehicle,1411000,84.0,0,,missing_required_field
LA007694,APP007016,Meera Naidu, Bhopal,2024-04-26,BR014,online,XYGVB0508Q,6452647017,jayanth.rathore@hotmail.com,27.0,0.0,salaried_private,662,0.4138,1.0,2,gold,191000,12.0,0,,income_not_positive
LA007697,APP024306,Ritika Sharma, Lucknow,2024-06-01,BR026,online,ECQQI1011I,6398232328,sandeep87@hotmail.com,34.0,-1.0,SELF_EMPLOYED_PROFESSIONAL,705,0.4881,0.0,0,vehicle,478000,84.0,0,,income_not_positive
LA007701,APP006911,Swathi Rao,Tirunelveli,2024-06-23,BR022,branch,XQVZU0121Q,9492560515,omkar_chatterjee2@rediffmail.com,26.0,62890.0,salaried_private,787,0.4325,,0,personal,429000,24.0,0,,missing_required_field
LA007735,APP007555,Lakshmi Gowda,Rajkot,2023-03-31,BR036,online,RQDAK1288T,9816879153,sridhar_sharma1@outlook.com,28.0,0.0,salaried_private,649,0.6588,2.0,3,personal,791000,48.0,1,549621.99,income_not_positive
LA007738,APP017199,Rohan Banerjee,Vadodara,31/02/2024,BR031,branch,ILNAT0902R,8541729678,ganesh14@yahoo.co.in,48.0,98898.0,salaried_private,750,0.4138,0.0,0,vehicle,2500000,84.0,0,,unparseable_application_date
LA007774,APP026481,Saanvi Pillai,Lucknow,2023-06-30,BR010,online,GSHYV8170R,8520029621,sridhar50@hotmail.com,50.0,20614.0,self_employed_professional,1200,0.4651,1.0,4,gold,145000,18.0,0,,credit_score_out_of_range
LA007791,APP006530,Rahul Rao,Lucknow,2023-02-20,BR020,online,TXLFC6925B,8389263796,lmehta@outlook.com,26.0,-1.0,salaried_private,767,0.251,0.0,2,personal,1271000,60.0,0,,income_not_positive
LA007795,APP008416,Aditya Kulkarni,Kolkata,2023-06-04,BR038,branch,ZMHHM0673S,6192279505,karthik46@yahoo.co.in,29.0,32333.0,salaried_private,4300,0.466,2.0,1,gold,241000,36.0,0,,credit_score_out_of_range
LA007802,APP002014,Vinay Prasad,Bengaluru,2023-10-26,BR040,online,QBXBE9651Z,9109742286,jayanth_joshi8@rediffmail.com,56.0,57793.0,contract,795,0.547,2.0,0,home,2976000,,0,,missing_required_field
LA000102,APP001280,Priya Prasad,Mysuru,2025-05-07,BR012,online,MDZAX8002X,6293016612,kavya20@yahoo.co.in,36.0,89058.0,Contract,667,0.2671,0.0,1,gold,138000,6.0,0,,duplicate_application_id
LA007861,APP018437,Divya Chauhan,Nashik,2024-12-13,BR002,branch,ZHEKK8216D,9542438144,sunita_ghosh5@rediffmail.com,26.0,0.0,self_employed_business,764,0.2454,1.0,2,gold,252000,36.0,0,,income_not_positive
LA007888,APP026936,Ishaan Kulkarni,Rajkot,2023-08-30,BR002,branch,NRHIA9437I,9610637307,harish_rao4@rediffmail.com,41.0,39146.0,,820,0.5596,2.0,0,personal,462000,36.0,0,,missing_required_field
LA007919,APP026308,Ritika Ramesh,Ludhiana,2024-06-05,BR010,online,TNENH7379A,8251484532,farhan_kapoor7@protonmail.com,47.0,-1.0,self_employed_professional,584,0.524,1.0,2,home,2460000,360.0,0,,income_not_positive
LA007969,APP012210,Nandini Malhotra,Ludhiana,2023-05-16,BR039,branch,YZIMQ1045Z,8553811174,meera66@gmail.com,35.0,-1.0,salaried_private,598,0.5051,0.0,2,personal,367000,24.0,0,,income_not_positive
LA007971,APP008291,Arjun Krishnan,Surat,2024-08-15,BR002,branch,DUDSA5581Y,6700297158,vikram.chatterjee@hotmail.com,29.0,22329.0,salaried_private,580,0.6296,,6,vehicle,486000,48.0,0,,missing_required_field
LA007972,APP012211,Divya Malhotra,Bengaluru,2023-12-16,BR018,online,UNSHW2872R,6241067102,divya.nair@rediffmail.com,35.0,-1.0,salaried_private,783,0.6038,3.0,1,personal,378000,36.0,0,,income_not_positive
LA007976,APP022794,Yash Malhotra,Chennai,2023-06-20,BR001,branch,IBFJN6057G,9855716785,karthik.gupta@gmail.com,28.0,-1.0,SELF_EMPLOYED_PROFESSIONAL,620,0.2128,0.0,3,gold,433000,36.0,0,,income_not_positive
LA008051,APP018111,Siddharth Banerjee, Visakhapatnam,2023-05-15,BR015,branch,ZDDFB3117F,7271710171,ananya.raman@gmail.com,,25545.0,Salaried_Private,775,0.6176,0.0,1,personal,458000,36.0,0,,missing_required_field
LA008055,APP025135,Deepika Nair,Kanpur,,BR039,online,WEWSU9316C,7246922286,manoj.prasad@gmail.com,37.0,63608.0,self_employed_professional,864,0.5829,1.0,0,home,4349000,300.0,0,,unparseable_application_date
LA008072,APP022521,Bhavana Joshi,Madurai,2023-02-07,BR013,online,KBZNA8887N,9678449752,apatel@yahoo.co.in,26.0,28134.0,Self_Employed_Professional,1200,0.2348,1.0,0,personal,107000,36.0,0,,credit_score_out_of_range
LA008080,APP025622,Nikhil Sinha,Vadodara,2023-06-07,BR012,branch,QCDNU6628G,7878918969,pallavi_nair6@rediffmail.com,40.0,57249.0,self_employed_professional,511,0.8163,,10,personal,990000,48.0,1,713246.4,missing_required_field
LA000186,APP021017,Nandini Patel, Jaipur,2023-02-03,BR018,branch,DWITX3344G,9278897520,mahesh_venkatesan7@yahoo.co.in,39.0,36163.0,self_employed_business,713,0.3148,0.0,2,personal,328000,36.0,0,,duplicate_application_id
LA008105,APP014884,Rohan Mukherjee,Nashik,2023-03-28,BR001,branch,VYLSU2531S,6262012573,aarav_rao1@outlook.com,40.0,0.0,salaried_private,803,0.4182,0.0,1,home,1500000,240.0,0,,income_not_positive
LA008116,APP013424,Anjali Shah,Mysuru,2023-08-31,BR007,branch,ZXFVR0719L,6241057391,rohit70@protonmail.com,37.0,-25000.0,SALARIED_PRIVATE,323,0.2593,1.0,10,gold,153000,18.0,0,,income_not_positive
LA008117,APP001739,Shreya Banerjee,Chennai,2024-07-05,BR028,online,UQKSI8653Y,8623855842,jchatterjee@rediffmail.com,43.0,75124.0,contract,712,0.5222,1.0,3,vehicle,1912000,,0,,missing_required_field
LA008128,APP018140,Sneha Kapoor,Madurai,2024-01-08,BR038,branch,DWQNU7979Y,8721774304,sridhar_bhatia5@gmail.com,,44124.0,salaried_private,606,0.4645,1.0,4,gold,273000,18.0,0,,missing_required_field
LA008142,APP025539,Aniket Kapoor,Ludhiana,not_a_date,BR040,branch,QKCUT3611G,9013572724,aagarwal@protonmail.com,40.0,23604.0,self_employed_professional,765,0.5121,1.0,1,gold,102000,12.0,0,,unparseable_application_date
LA008154,APP019377,Arjun Patel,Hyderabad,2024-09-30,BR031,branch,SIRHG4947B,8907543669,mshetty@outlook.com,31.0,-25000.0,self_employed_business,776,0.5167,1.0,0,vehicle,2500000,36.0,0,,income_not_positive
LA008159,APP010919,Ritika Naidu,Ludhiana,2024-05-13,BR003,direct_sales_agent,RNYKY9673Y,7966767899,hema33@gmail.com,33.0,-25000.0,salaried_private,749,0.5763,2.0,3,personal,915000,36.0,0,,income_not_positive
LA008175,APP023547,Deepika Banerjee,Bhopal,2023-06-26,BR021,branch,CJIQM0920R,7079058509,rahul13@hotmail.com,31.0,-1.0,self_employed_professional,801,0.5346,1.0,0,personal,812000,48.0,0,,income_not_positive
LA008178,APP026797,Karthik Krishnan,Ludhiana,2024-06-13,BR022,online,SQJVX0006U,9728722923,zprasad@yahoo.co.in,,46782.0,self_employed_professional,761,0.64,2.0,1,personal,1001000,60.0,0,,missing_required_field
LA008182,APP012590,Aditya Naidu,Surat,2023-08-14,BR023,branch,NTIAA4907L,9344832170,rajesh.malhotra@yahoo.co.in,35.0,41542.0,salaried_private,620,0.5752,3.0,3,personal,553000,,0,,missing_required_field
LA008184,APP011714,Siddharth Varma,Lucknow,2025-02-15,BR001,partner_referral,RNVMN0294I,8348781315,sraman@protonmail.com,34.0,20790.0,salaried_private,-15,0.1353,0.0,0,personal,82000,36.0,0,,credit_score_out_of_range
LA008213,APP014001,Vinay Gowda,Nashik,2023-05-07,BR015,online,BTTLY9449X,9465056237,rkrishnan@yahoo.co.in,38.0,-1.0,salaried_private,769,0.4105,0.0,0,gold,532000,24.0,0,,income_not_positive
LA008229,APP010914,Pooja Reddy,Hyderabad,2023-01-25,BR031,online,NYGJP4848W,6036776124,aarav.bhatia@yahoo.co.in,33.0,-1.0,salaried_private,684,0.378,1.0,0,gold,198000,12.0,0,,income_not_positive
LA008245,APP026072,Aditya Kulkarni,Coimbatore,not_a_date,BR012,branch,WNERQ0721K,8736421740,meera.prasad@rediffmail.com,44.0,32994.0,self_employed_professional,837,0.4426,0.0,1,personal,628000,60.0,0,,unparseable_application_date
LA008251,APP008507,Swathi Krishnan,Surat,2024-10-05,BR022,direct_sales_agent,UTFYW8133F,8261123901,sridhar.das@outlook.com,29.0,39853.0,salaried_private,854,0.4058,0.0,0,home,1662000,,0,,missing_required_field
LA008257,APP012038,Shreya Kapoor,Bengaluru,not_a_date,BR011,partner_referral,LKIPW0690X,9348171361,uraman@rediffmail.com,34.0,52995.0,SALARIED_PRIVATE,545,0.476,0.0,9,personal,1034000,60.0,0,,unparseable_application_date
LA008267,APP010251,Bhavana Joshi,Jaipur,2025-03-13,BR038,partner_referral,RBXDE1101U,8626386638,ohegde@gmail.com,32.0,-25000.0,salaried_private,645,0.3711,0.0,4,personal,952000,36.0,0,,income_not_positive
LA008272,APP010021,Deepika Gowda,Nashik,2023-07-10,BR035,branch,UFNGK0129I,6711409892,deepak_sharma3@hotmail.com,31.0,51201.0,salaried_private,668,0.3177,,5,gold,491000,36.0,0,,missing_required_field
LA000161,APP013289,Meera Bose,Ludhiana,2024-01-08,BR023,branch,HFQJK8947N,8460587186,arjun.venkatesan@yahoo.co.in,36.0,57813.0,salaried_private,731,0.6515,2.0,0,home,2923000,240.0,0,,duplicate_application_id
LA008314,APP010954,Sandeep Nair,Nashik,2023-10-17,BR020,branch,FZVMI4148M,7583959850,naveen_reddy2@outlook.com,33.0,12250.0,salaried_private,658,0.434,0.0,2,personal,189000,,0,,missing_required_field
LA008315,APP004169,Nandini Shah,Vadodara,2025-06-04,BR030,branch,YVQYQ2318K,8640128749,vnaidu@rediffmail.com,36.0,-25000.0,salaried_government,655,0.4259,1.0,2,personal,254000,24.0,1,184111.17,income_not_positive
LA008337,APP010610,Manoj Sinha,Kolkata,2024-06-28,BR010,online,PVRRJ8221R,8434779677,bhavana_agarwal4@outlook.com,32.0,39151.0,salaried_private,781,0.4565,1.0,0,vehicle,328000,,0,,missing_required_field
LA008339,APP026930,Bhavana Pillai,Nagpur,2024-12-11,BR033,branch,MTQUT3912W,9507841052,vaishnavi89@hotmail.com,39.0,95204.0,,659,0.4264,1.0,0,personal,817000,36.0,0,,missing_required_field
LA008400,APP010252,Ananya Malhotra,Jaipur,2023-10-14,BR016,direct_sales_agent,TAZKK5655J,6026982279,ikapoor@yahoo.co.in,32.0,-25000.0,salaried_private,650,0.4166,0.0,2,gold,254000,12.0,0,,income_not_positive
LA000140,APP025459,Divya Bhat,Lucknow,2025-04-16,BR012,online,MNWJD8906B,7600426756,harish62@protonmail.com,39.0,50086.0,self_employed_professional,599,0.6438,2.0,4,personal,872000,48.0,1,566265.27,duplicate_application_id
LA008480,APP016578,Praveen Banerjee,Madurai,,BR023,online,MJJWG3207P,6727070372,aditi99@rediffmail.com,45.0,35328.0,salaried_private,714,0.3255,0.0,0,personal,332000,36.0,0,,unparseable_application_date
LA008499,APP023590,Yash Chatterjee,Bengaluru,2024-12-13,BR024,online,FIZWJ0041X,8690976039,kmalhotra@protonmail.com,31.0,16262.0,self_employed_professional,1200,0.3835,2.0,1,vehicle,186000,48.0,0,,credit_score_out_of_range
LA008523,APP011770,Sneha Subramanian, Chennai,2023-10-19,BR020,branch,GSZUD9071X,7597359206,kbanerjee@gmail.com,34.0,25578.0,salaried_private,645,0.1839,0.0,2,gold,53000,,0,,missing_required_field
LA008536,APP003845,Aarav Pillai,Ludhiana,2025-06-06,BR017,branch,UDIGV2894B,6811623750,gayatri.bose@yahoo.co.in,34.0,30434.0,salaried_government,628,0.3927,0.0,2,personal,132000,,0,,missing_required_field
LA008537,APP020042,Karthik Kulkarni,Kochi,2023-06-10,BR035,branch,CVPNN6506V,9082333004,imran28@rediffmail.com,34.0,-25000.0,self_employed_business,681,0.7466,0.0,0,vehicle,500000,24.0,0,,income_not_positive
LA008567,APP014008,Rahul Subramanian,Jaipur,2024-09-05,BR031,partner_referral,RGTUG0071A,7275439680,gayatri.banerjee@outlook.com,38.0,0.0,salaried_private,728,0.5025,3.0,0,vehicle,311000,36.0,0,,income_not_positive
LA008592,APP007011,Meera Patel,Ludhiana,2024-04-12,BR008,direct_sales_agent,UBVMG7435V,7856107641,swathi39@gmail.com,27.0,-25000.0,salaried_private,613,0.3683,0.0,0,home,1500000,300.0,0,,income_not_positive
LA008608,APP026926,Neha Sinha,Visakhapatnam,2025-01-24,BR038,branch,HBCQQ0607A,9817853802,swathi.kapoor@hotmail.com,39.0,19890.0,,726,0.95,1.0,0,home,1500000,120.0,0,,missing_required_field
LA008668,APP012674,Vikram Subramanian,Nagpur ,2023-07-20,BR011,online,HKMEW5355Q,6035341092,lakshmi_gupta2@yahoo.co.in,35.0,51463.0,salaried_private,675,0.423,0.0,1,personal,914000,,0,,missing_required_field
LA008674,APP014349,Vivaan Ramesh,Jaipur,2024-11-17,BR023,branch,HLXBF7732L,8469042610,nithya_iyer8@yahoo.co.in,38.0,56134.0,salaried_private,1200,0.4561,2.0,0,personal,667000,48.0,0,,credit_score_out_of_range
LA008688,APP026792,Aadhya Gowda,Pune,2024-10-10,BR002,branch,DSXEH4801S,8540558822,harish.gupta@rediffmail.com,,38721.0,self_employed_professional,830,0.4798,1.0,1,personal,614000,48.0,0,,missing_required_field
LA008689,APP008831,Nandini Nair,Lucknow ,2023-03-15,BR013,branch,JHDRP9316B,9553515059,sridhar.gupta@outlook.com,30.0,0.0,salaried_private,560,0.5211,1.0,4,home,3759000,360.0,0,,income_not_positive
LA008701,APP008832,Aarav Kulkarni,Kochi,2023-08-24,BR013,branch,AFFJW8563B,6564184301,sandeep_hegde5@rediffmail.com,30.0,0.0,salaried_private,692,0.3775,1.0,3,gold,260000,36.0,0,,income_not_positive
LA008709,APP026662,Neha Banerjee,Coimbatore,2023-10-23,BR017,branch,VFCXY6609G,7174917424,rohit_rao4@rediffmail.com,57.0,-1.0,self_employed_professional,655,0.6432,1.0,6,gold,105000,6.0,0,,income_not_positive
LA008720,APP026895,Pooja Chauhan,Pune ,2023-04-20,BR009,online,WZSXL1167J,6622803900,lakshmi_nair5@gmail.com,35.0,17732.0,,819,0.3232,0.0,0,vehicle,179000,36.0,0,,missing_required_field
LA008735,APP013055,Harsha Patel,Tirunelveli,,BR029,branch,XIUXQ7958C,7102245473,praveen_rathore9@hotmail.com,36.0,28762.0,salaried_private,762,0.5037,0.0,0,personal,422000,36.0,0,,unparseable_application_date
LA008738,APP011893,Rahul Malhotra,Lucknow,not_a_date,BR031,direct_sales_agent,CLWAP7594C,8424931588,arjun.menon@yahoo.co.in,34.0,36167.0,salaried_private,714,0.4691,2.0,1,gold,177000,18.0,0,,unparseable_application_date
LA008786,APP012469,Divya Verma,Delhi,2024-02-27,BR005,branch,XCERA4819U,6654432768,farhan_shetty9@protonmail.com,35.0,30313.0,salaried_private,900,0.4136,,1,gold,269000,24.0,0,,missing_required_field
LA008818,APP005806,Divya Chauhan,Nashik,2025-06-25,BR038,online,HFISZ8564W,8183824812,manoj_krishnan4@yahoo.co.in,,118279.0,Salaried_Government,729,0.2461,0.0,0,home,3588000,300.0,0,,missing_required_field
LA008853,APP018731,Aadhya Reddy,Mumbai,2023-09-30,BR002,branch,WCFBC6184E,7325123354,apatel@gmail.com,28.0,100727.0,self_employed_business,1200,0.4937,1.0,1,personal,1500000,48.0,0,,credit_score_out_of_range
LA008884,APP018751,Diya Iyer,Hyderabad,31/02/2024,BR007,online,RYKGL1212C,6976901297,nandini_shah7@yahoo.co.in,28.0,143314.0,self_employed_business,660,0.5101,0.0,3,personal,1500000,24.0,0,,unparseable_application_date
LA008901,APP018085,Krishna Malhotra,Tirunelveli,2024-04-30,BR037,direct_sales_agent,BRMQR5676G,8785976724,vrathore@outlook.com,,105078.0,salaried_private,398,0.4363,2.0,9,personal,1500000,60.0,0,,missing_required_field
LA008911,APP001132,Vivaan Krishnan,Coimbatore,2023-05-08,BR024,branch,KSLTU9461Z,6808685829,vsubramanian@hotmail.com,35.0,37558.0,contract,789,0.2806,,1,gold,321000,36.0,0,,missing_required_field
LA008954,APP008275,Sandeep Patel,Nagpur,not_a_date,BR020,branch,XYJTQ1465T,8015861200,uma.prasad@hotmail.com,29.0,20928.0,salaried_private,656,0.4552,0.0,2,vehicle,375000,48.0,0,,unparseable_application_date
LA009016,APP025775,Sneha Mukherjee,Kochi,,BR025,online,DDXNJ6983F,8882553374,sunita.hegde@rediffmail.com,41.0,56672.0,self_employed_professional,663,0.3004,0.0,0,personal,489000,36.0,0,,unparseable_application_date
LA009029,APP009516,Yash Gowda,Bhopal,2024-03-19,BR026,online,CZULG0200A,8806330283,trathore@protonmail.com,31.0,-25000.0,salaried_private,834,0.4013,0.0,1,gold,143000,18.0,0,,income_not_positive
LA009057,APP005825,Harsha Joshi,Tirunelveli,2024-05-19,BR025,online,GIKNF3266X,6343801803,mahesh.sharma@outlook.com,,53058.0,salaried_government ,735,0.4426,0.0,1,vehicle,1401000,84.0,0,,missing_required_field
LA009083,APP003654,Aarav Shah,Kochi,31/02/2024,BR037,direct_sales_agent,NVITN6100R,9894149806,naveen.gupta@outlook.com,33.0,35520.0,salaried_government,553,0.5728,0.0,4,home,2513000,360.0,0,,unparseable_application_date
LA009142,APP007063,Divya Naidu,Vadodara,2023-04-09,BR015,online,NTXYR0542G,8086073978,sandeep.patel@gmail.com,27.0,138737.0,salaried_private,694,0.3347,,2,home,5946000,360.0,0,,missing_required_field
LA009146,APP000135,Shreya Prasad,Madurai,2025-04-23,BR001,branch,HZBUC6523A,8684120675,bhargav63@gmail.com,26.0,-25000.0,contract,820,0.5996,3.0,0,gold,480000,18.0,0,,income_not_positive
LA009154,APP002061,Bhavana Krishnan,Ahmedabad,2023-08-04,BR003,branch,KFUDL4550N,6373276301,shreya_chatterjee2@yahoo.co.in,,46451.0,contract,743,0.4464,0.0,2,personal,880000,60.0,0,,missing_required_field
LA009185,APP024354,Aarav Varma,Rajkot,2024-01-29,BR038,online,NWBII0920T,8955376083,ghegde@outlook.com,34.0,24038.0,self_employed_professional,701,0.9249,,0,gold,129000,6.0,0,,missing_required_field
LA009201,APP007556,Arjun Sharma,Nagpur,2025-04-01,BR021,branch,ZAEFD5441L,9431657449,divya_bhat3@rediffmail.com,28.0,0.0,salaried_private,587,0.4576,1.0,4,personal,1500000,48.0,0,,income_not_positive
LA009219,APP018166,Swathi Chauhan, Bhopal,2023-05-22,BR007,partner_referral,RTYLC7964D,8300265517,vinay.hegde@hotmail.com,,85080.0,salaried_private,566,0.6889,3.0,5,personal,1276000,48.0,0,,missing_required_field
LA009230,APP024534,Deepika Gowda,Chennai,2023-11-28,BR035,branch,JVJCL6435S,8445378715,shreya_nair3@hotmail.com,35.0,-1.0,self_employed_professional,616,0.625,1.0,2,personal,876000,60.0,0,,income_not_positive
LA009238,APP005546,Pooja Prasad,Mysuru,2024-12-01,BR004,online,PSELM9523G,7197385586,shreya_shah8@gmail.com,49.0,68762.0,SALARIED_GOVERNMENT,985,0.5487,0.0,1,home,4664000,360.0,0,,credit_score_out_of_range
LA009245,APP001563,Harsha Subramanian,Tirunelveli,2023-04-03,BR016,direct_sales_agent,DAEEI0466X,8255600390,lakshmi.krishnan@yahoo.co.in,40.0,36306.0,contract,734,0.518,0.0,1,vehicle,883000,,0,,missing_required_field
LA009270,APP023749,Anjali Hegde,Kochi,,BR005,direct_sales_agent,TJIRD7728Q,6433656948,yamini.das@yahoo.co.in,31.0,58827.0,self_employed_professional,862,0.3801,0.0,1,vehicle,889000,48.0,0,,unparseable_application_date
LA009296,APP021248,Krishna Rao,Bengaluru,2025-05-07,BR033,branch,JSQRV9074C,9419625412,pallavi.pillai@hotmail.com,41.0,0.0,self_employed_business,615,0.5439,2.0,2,gold,29000,6.0,0,,income_not_positive
LA009315,APP024058,Nandini Varma,Kochi,2023-04-02,BR011,online,FGNPJ3567B,8141038507,meera85@gmail.com,33.0,-25000.0,self_employed_professional,607,0.4283,0.0,2,vehicle,1750000,84.0,0,,income_not_positive
LA009351,APP026940,Pooja Patel,Visakhapatnam ,2025-01-26,BR025,partner_referral,FVHNP5954K,7591964719,lakshmi46@yahoo.co.in,43.0,49766.0,,745,0.1567,0.0,1,gold,88000,12.0,0,,missing_required_field
LA009358,APP017761,Swathi Sinha,Lucknow,2025-02-23,BR033,online,UCZUL0449W,7639172499,hema28@rediffmail.com,55.0,27009.0,salaried_private,765,0.737,,1,home,1873000,360.0,0,,missing_required_field
LA009384,APP026632,Meera Banerjee,Mumbai,2025-04-09,BR011,direct_sales_agent,RSUSB9595A,6080112870,swathi98@protonmail.com,55.0,13176.0,self_employed_professional,711,0.3404,0.0,1,gold,26000,,0,,missing_required_field
LA009428,APP000835,Divya Iyer, Ahmedabad,2023-12-21,BR019,partner_referral,LZBXX2712H,6171853425,varun_kapoor8@outlook.com,33.0,-1.0,contract,826,0.3766,0.0,0,home,2254000,300.0,0,,income_not_positive
LA009432,APP011570,Anjali Hegde,Pune,2024-07-06,BR031,direct_sales_agent,TNGYV9538I,7134653641,vaishnavi_rao9@protonmail.com,34.0,-1.0,salaried_private,773,0.95,1.0,2,home,1500000,240.0,0,,income_not_positive
LA000251,APP013978,Karthik Chatterjee,Madurai,2024-03-22,BR001,branch,LWKAZ2703A,8829134987,miyer@rediffmail.com,37.0,85743.0,salaried_private,782,0.6302,1.0,0,vehicle,1965000,48.0,0,,duplicate_application_id
LA000488,APP006022,Ritika Gowda,Tirunelveli,2024-05-17,BR024,direct_sales_agent,GGQNJ9656M,6222828547,lakshmi.malhotra@outlook.com,24.0,22719.0,salaried_private,638,0.4162,0.0,1,personal,334000,48.0,0,,duplicate_application_id
LA000199,APP003719,Gayathri Patel,Mysuru,2023-06-24,BR011,online,TACCN4632M,8497880855,charitha38@yahoo.co.in,33.0,62016.0,salaried_government,688,0.4153,0.0,3,personal,742000,36.0,0,,duplicate_application_id
LA009527,APP003398,Aditya Verma,Bhopal,2023-10-26,BR006,branch,IGGMK7193H,8658901153,naveen10@hotmail.com,32.0,-1.0,salaried_government,819,0.3599,1.0,1,personal,269000,48.0,0,,income_not_positive
LA009549,APP010083,Sandeep Verma,Hyderabad,31/02/2024,BR036,branch,QPTBK0829P,8650536516,deepak.bhat@gmail.com,31.0,59709.0,salaried_private,658,0.4332,0.0,2,personal,1084000,60.0,0,,unparseable_application_date
LA009581,APP002192,Vinay Pillai,Surat,2024-03-07,BR016,partner_referral,YUFXS4389P,8804826060,vnaidu@yahoo.co.in,25.0,-1.0,salaried_government,853,0.5123,1.0,0,vehicle,629000,60.0,0,,income_not_positive
LA009598,APP016711,Vinay Sharma,Surat,2023-01-12,BR022,branch,DPEHW8438E,7657379988,vghosh@yahoo.co.in,46.0,0.0,salaried_private,625,0.6022,0.0,3,vehicle,554000,48.0,0,,income_not_positive
LA009621,APP001703,Lakshmi Verma,Bengaluru,31/02/2024,BR023,online,DIAVT0439A,8901811632,hema.subramanian@rediffmail.com,42.0,92953.0,contract,750,0.5402,1.0,2,gold,758000,18.0,0,,unparseable_application_date
LA009638,APP022112,Swathi Iyer,Kanpur,2023-03-06,BR011,online,MGYDZ9041S,9700930109,suresh.prasad@protonmail.com,57.0,92074.0,self_employed_business,712,0.245,1.0,0,gold,209000,,0,,missing_required_field
LA009661,APP012975,Kavya Ramesh,Chennai,2023-07-21,BR033,partner_referral,GTEYX7506B,7001542825,ishita_patel9@outlook.com,36.0,21020.0,salaried_private,0,0.3341,1.0,1,vehicle,177000,36.0,0,,credit_score_out_of_range
LA009674,APP020154,Nandini Reddy,Tirunelveli,2024-06-13,BR011,online,HNQFK1387V,7191730263,manoj31@yahoo.co.in,34.0,49025.0,self_employed_business,-15,0.2491,0.0,2,personal,251000,24.0,0,,credit_score_out_of_range
LA009677,APP012849,Yash Banerjee,Kanpur,2025-01-13,BR027,online,IMJWX2794J,7110284578,esha42@rediffmail.com,36.0,-25000.0,salaried_private,686,0.1298,0.0,2,gold,99000,18.0,0,,income_not_positive
LA009692,APP012682,Diya Krishnan,Kolkata,,BR018,online,YEHFR0770J,8301436868,bhargav.shah@yahoo.co.in,35.0,51996.0,salaried_private,585,0.5806,0.0,4,vehicle,1400000,60.0,0,,unparseable_application_date
LA009711,APP013951,Diya Malhotra,Mumbai,,BR006,branch,GFIRI8450L,8258893974,anand.raman@hotmail.com,37.0,69642.0,salaried_private,871,0.3286,1.0,1,home,2147000,300.0,0,,unparseable_application_date
LA009722,APP014462,Ananya Verma,Nagpur,2024-12-04,BR009,branch,QIFNN2001K,7545881136,vinay_mehta6@rediffmail.com,39.0,0.0,salaried_private,819,0.9408,4.0,0,home,3332000,300.0,0,,income_not_positive
LA009732,APP009517,Manoj Patel,Bhopal,2024-07-30,BR033,partner_referral,EERAL1821R,8601571149,oagarwal@hotmail.com,31.0,-25000.0,salaried_private,635,0.327,0.0,1,home,2303000,240.0,0,,income_not_positive
LA009762,APP018147,Bhavana Patel,Nagpur ,2024-12-25,BR017,direct_sales_agent,WLTHN5834X,8146971585,aarav_agarwal4@protonmail.com,,50336.0,salaried_private,776,0.3121,0.0,0,home,1561000,180.0,0,,missing_required_field
LA009788,APP026877,Rohan Mukherjee,Surat,2023-07-27,BR011,online,WVJVC1512C,7426762369,fghosh@gmail.com,33.0,29637.0,,516,0.7408,3.0,5,home,1500000,240.0,0,,missing_required_field
LA009789,APP016226,Krishna Pillai,Kochi,not_a_date,BR025,online,XWIBH3186S,7112771729,imran.banerjee@rediffmail.com,43.0,81432.0,salaried_private,707,0.5793,0.0,2,vehicle,1855000,48.0,0,,unparseable_application_date
LA009802,APP014478,Manoj Verma,Visakhapatnam,2023-08-21,BR020,branch,ZLALH8168E,8280390980,ganesh.gowda@protonmail.com,39.0,12000.0,salaried_private,879,0.471,,0,gold,64000,12.0,0,,missing_required_field
LA009813,APP020789,Divya Bose,Rajkot,2024-05-03,BR038,branch,BVZWC9052R,7810390152,kavya53@yahoo.co.in,38.0,-1.0,self_employed_business,764,0.3775,0.0,0,vehicle,426000,36.0,0,,income_not_positive
LA009840,APP000093,Ritika Bose,Surat,2023-12-05,BR028,online,YYZVR6749C,7627757760,vinay.das@rediffmail.com,25.0,31767.0,contract,747,0.3107,,0,personal,178000,24.0,0,,missing_required_field
LA009846,APP026946,Sandeep Naidu,Ahmedabad,2024-09-06,BR005,branch,FLLQG8113Z,9860078414,prao@yahoo.co.in,45.0,22115.0,,600,0.3183,0.0,3,gold,150000,24.0,0,,missing_required_field
LA000245,APP004400,Sneha Iyer,Pune,2024-03-14,BR028,partner_referral,CWTWR1593D,9145414499,araman@yahoo.co.in,37.0,32681.0,salaried_government,808,0.6542,2.0,0,vehicle,457000,36.0,0,,duplicate_application_id
LA009882,APP012223,Sandeep Chauhan, Ahmedabad,2024-01-04,BR031,online,EKKDR0820V,9369624096,shegde@protonmail.com,35.0,-25000.0,salaried_private,754,0.4831,1.0,1,home,3244000,300.0,0,,income_not_positive
LA009893,APP023689,Neha Hegde,Nagpur,not_a_date,BR021,online,TTMSZ3063V,9792066408,lkrishnan@yahoo.co.in,31.0,42834.0,self_employed_professional,757,0.2975,1.0,0,vehicle,328000,36.0,0,,unparseable_application_date
LA009898,APP023282,Shreya Pillai,Lucknow,31/02/2024,BR009,partner_referral,NJIBE7756G,6235669693,naveen.naidu@gmail.com,29.0,85676.0,Self_Employed_Professional,719,0.2274,1.0,1,personal,324000,24.0,0,,unparseable_application_date
LA009916,APP015946,Vinay Shah, Mysuru,2023-11-09,BR033,branch,QCBBC7995S,9710548111,sandeep_iyer7@yahoo.co.in,42.0,99578.0,salaried_private,519,0.5565,,4,home,5234000,360.0,0,,missing_required_field
LA009947,APP026807,Aadhya Bhat,Madurai,2025-02-13,BR008,branch,FXJBR0172K,8900203693,sandeep_venkatesan4@gmail.com,,78775.0,self_employed_professional,852,0.5164,1.0,0,personal,1324000,48.0,1,820923.62,missing_required_field
LA009962,APP013422,Rohan Bose,Chennai,2023-01-09,BR037,branch,MANCK8292L,8108878511,vkapoor@rediffmail.com,37.0,-1.0,SALARIED_PRIVATE,578,0.4631,0.0,1,vehicle,524000,84.0,0,,income_not_positive
LA009969,APP021562,Pooja Prasad,Madurai,2024-11-10,BR038,branch,EPDPJ3460R,7539419251,bhargav.shah@hotmail.com,44.0,-1.0,self_employed_business,720,0.4265,0.0,1,gold,212000,24.0,0,,income_not_positive
LA009991,APP022462,Sneha Ramesh,Lucknow,2024-06-07,BR013,branch,ICETW9780W,8492110452,gayatri97@protonmail.com,26.0,-25000.0,self_employed_professional,704,0.5484,1.0,0,personal,186000,48.0,0,,income_not_positive
LA010015,APP007248,Karthik Kapoor,Chennai,2024-09-25,BR023,partner_referral,NVSDD4648Y,9125245044,naveen_joshi2@gmail.com,27.0,34418.0, salaried_private,-15,0.759,3.0,1,vehicle,213000,12.0,1,117986.9,credit_score_out_of_range
LA010024,APP002729,Karthik Varma,Kanpur,2025-03-25,BR019,online,QHLNH7821R,7631451381,praveen_agarwal2@hotmail.com,28.0,73464.0,salaried_government ,624,0.3558,,4,home,2571000,180.0,0,,missing_required_field
LA010025,APP021367,Nandini Banerjee,Lucknow,2023-03-13,BR018,direct_sales_agent,RAWBW5722B,7274962697,naveen_mehta9@outlook.com,42.0,-25000.0,self_employed_business,461,0.4655,1.0,7,vehicle,2384000,84.0,0,,income_not_positive
LA010042,APP014428,Divya Sharma,Madurai,2023-11-22,BR017,branch,JZLKS6001V,7390123035,aditi10@outlook.com,38.0,87944.0,salaried_private ,847,0.721,0.0,1,vehicle,1986000,,0,,missing_required_field
LA010087,APP019851,Arjun Patel,Rajkot,2024-09-19,BR009,branch,ZFYKC8584V,7912244703,bkulkarni@hotmail.com,33.0,115837.0,self_employed_business,889,0.4935,,0,home,5042000,240.0,0,,missing_required_field
LA010088,APP023352,Sneha Prasad,Tirunelveli,2023-11-21,BR010,online,NJFGJ9725W,7058738549,tarun.rathore@rediffmail.com,30.0,18949.0,self_employed_professional,485,0.5411,,6,personal,208000,24.0,0,,missing_required_field
LA010156,APP001972,Rohan Bhat,Indore,2023-10-19,BR024,branch,VUTIX7415N,8878494643,jyothi.chauhan@protonmail.com,53.0,-1.0,contract,692,0.3444,0.0,2,personal,445000,36.0,0,,income_not_positive
LA010186,APP007069,Rohan Nair,Rajkot,2023-10-15,BR037,online,GKSGA7146X,9308971695,ananya_bose1@hotmail.com,27.0,140897.0, SALARIED_PRIVATE ,682,0.5692,0.0,0,home,9619000,,1,1279963.45,missing_required_field
LA010222,APP015653,Anjali Chauhan,Kochi,2023-04-12,BR025,partner_referral,KGZLA0123M,9166243172,suresh_gowda3@gmail.com,42.0,-25000.0,salaried_private,624,0.3842,1.0,4,gold,180000,36.0,0,,income_not_positive
LA010224,APP012850,Vikram Shah,Ludhiana,2024-07-21,BR024,online,LUUDH2222Z,7842361553,sandeep21@yahoo.co.in,36.0,-25000.0,salaried_private,778,0.4119,0.0,1,personal,770000,60.0,0,,income_not_positive
LA010233,APP025520,Manoj Joshi,Delhi,,BR039,branch,IIIBF2545J,8757596362,vaishnavi80@protonmail.com,40.0,16286.0,self_employed_professional,793,0.318,2.0,0,gold,103000,36.0,0,,unparseable_application_date
LA010265,APP008155,Reyansh Rao,Hyderabad,2025-04-07,BR001,branch,HNLBM8480C,8683842036,uraman@yahoo.co.in,29.0,-25000.0,salaried_private,669,0.8508,0.0,1,home,1500000,240.0,0,,income_not_positive
LA010310,APP020043,Yash Kapoor,Delhi,2024-05-05,BR028,branch,TNMCK2155C,8130604405,jyothi_mukherjee9@rediffmail.com,34.0,-25000.0,self_employed_business,753,0.4577,1.0,0,personal,934000,36.0,1,425111.93,income_not_positive
LA010315,APP002553,Bhavana Bhat,Lucknow,2024-10-22,BR025,branch,RTUKK4225T,7197962063,achatterjee@outlook.com,27.0,56795.0,salaried_government,752,0.6135,2.0,0,personal,1085000,,0,,missing_required_field
LA010340,APP005814,Arjun Ramesh,Jaipur,2023-01-17,BR008,branch,NYBSG8519D,7813746689,jbhat@yahoo.co.in,,27642.0,salaried_government,654,0.6789,3.0,3,home,1506000,360.0,0,,missing_required_field
LA010352,APP011421,Vivaan Bose,Mumbai,2024-13-05,BR036,online,REKCU7488Y,9931979740,vinay_krishnan4@hotmail.com,33.0,57929.0,salaried_private,386,0.3358,1.0,11,gold,170000,12.0,0,,unparseable_application_date
LA000157,APP024839,Diya Krishnan,Lucknow,2023-09-17,BR020,online,RIXML0233R,9034872959,dshetty@yahoo.co.in,36.0,22793.0,self_employed_professional,578,0.4567,0.0,3,vehicle,406000,48.0,1,181405.79,duplicate_application_id
LA010425,APP004137,Manoj Prasad,Kochi,,BR035,online,BQFXC2294B,8544876711,dmukherjee@protonmail.com,35.0,69115.0,salaried_government,874,0.5404,1.0,1,personal,1289000,60.0,0,,unparseable_application_date
LA010442,APP023143,Karthik Rao,Chennai,2024-13-05,BR020,branch,BLGPK2163K,7726299463,nithya_gowda8@outlook.com,29.0,29067.0, self_employed_professional,700,0.3014,1.0,1,gold,111000,24.0,0,,unparseable_application_date
LA010453,APP025706,Lakshmi Pillai,Kolkata,31/02/2024,BR034,branch,RHXUW5796D,6071208048,uma_gowda1@yahoo.co.in,41.0,26278.0,self_employed_professional,746,0.4216,2.0,0,gold,114000,18.0,0,,unparseable_application_date
LA010457,APP007012,Aditya Mukherjee,Tirunelveli,2025-01-15,BR012,online,GACAJ1001B,6716048991,rajesh.ghosh@gmail.com,27.0,-25000.0,salaried_private,810,0.7325,0.0,0,vehicle,1773000,36.0,0,,income_not_positive
LA010490,APP026955,Aadhya Iyer,Kanpur,2023-12-15,BR034,direct_sales_agent,LCSJZ1674M,8577051689,sunita68@gmail.com,46.0,69353.0,,798,0.5011,0.0,1,home,2759000,120.0,0,,missing_required_field
LA010501,APP024304,Reyansh Naidu,Chennai,2023-09-30,BR029,branch,EFXYF8467A,6043543073,rahul.deshpande@outlook.com,33.0,97721.0,self_employed_professional,786,0.6585,1.0,0,home,6797000,,1,203910.0,missing_required_field
LA010502,APP024429,Pooja Malhotra,Tirunelveli,2025-06-23,BR013,online,AZECG5853P,6358751132,jayanth82@outlook.com,34.0,38277.0,self_employed_professional,828,0.4847,,0,gold,307000,18.0,0,,missing_required_field
LA010512,APP016581,Harsha Menon,Rajkot,2024-13-05,BR019,branch,JZXPI6376Q,9257116128,farhan_das3@yahoo.co.in,45.0,35527.0,salaried_private,496,0.2167,0.0,8,gold,126000,18.0,0,,unparseable_application_date
LA010525,APP026885,Sneha Kulkarni,Delhi,2023-04-19,BR009,branch,MPRLQ0119G,6918457349,pgupta@gmail.com,33.0,68816.0,,613,0.5311,1.0,3,home,3413000,300.0,0,,missing_required_field
LA010566,APP011117,Saanvi Iyer,Bengaluru,2024-04-15,BR016,branch,JXNIB1355T,6962844581,jsharma@protonmail.com,33.0,27532.0,Salaried_Private,525,0.6574,,7,personal,507000,48.0,0,,missing_required_field
LA010598,APP026925,Vivaan Banerjee,Nagpur,2023-11-28,BR027,branch,LNMKU8512L,8093388061,nithya.chatterjee@protonmail.com,39.0,17762.0,,900,0.4598,0.0,0,vehicle,500000,84.0,0,,missing_required_field
LA010600,APP020057,Sandeep Menon,Hyderabad,2024-01-25,BR001,direct_sales_agent,DMASY6097R,6291974170,sanjana67@gmail.com,34.0,14314.0,self_employed_business,535,0.4459,0.0,4,personal,224000,,1,212085.3,missing_required_field
LA010612,APP012212,Harsha Prasad,Surat ,2025-06-22,BR036,online,AUAGW2359F,8042379062,gkapoor@protonmail.com,35.0,-1.0,salaried_private,383,0.4411,0.0,10,vehicle,412000,48.0,0,,income_not_positive
LA000209,APP005380,Saanvi Bose,Mumbai,2023-11-24,BR026,partner_referral,HYXGZ3845D,7926562390,meera89@yahoo.co.in,46.0,46580.0,salaried_government,574,0.4653,0.0,3,personal,442000,24.0,1,324241.8,duplicate_application_id
LA010638,APP019158,Aarav Banerjee,Nagpur,2023-07-18,BR030,online,KPGBW9499H,9208325919,svenkatesan@hotmail.com,30.0,0.0,self_employed_business,550,0.6479,3.0,2,home,2565000,360.0,0,,income_not_positive
LA010646,APP005827,Priya Pillai,Vadodara,2023-06-04,BR032,branch,AEYAM2985H,6313517881,bhavana_das4@outlook.com,,65797.0,salaried_government,805,0.556,3.0,0,vehicle,881000,36.0,0,,missing_required_field
LA010661,APP000299,Sneha Prasad,Visakhapatnam,2025-06-01,BR001,branch,ALDKC1699J,9774505248,aarav.chatterjee@yahoo.co.in,28.0,-25000.0,contract,671,0.8665,1.0,0,personal,449000,12.0,0,,income_not_positive
LA010679,APP022795,Rohan Kulkarni,Coimbatore,2023-10-23,BR037,online,FZVDR1968L,8479619303,swathi.prasad@protonmail.com,28.0,-1.0,self_employed_professional,633,0.6347,1.0,3,vehicle,1933000,60.0,0,,income_not_positive
LA010728,APP022185,Rohan Joshi,Bhopal,2025-02-21,BR018,direct_sales_agent,PARZW1612S,8134400306,priya12@gmail.com,,106158.0,self_employed_business,824,0.43,0.0,0,home,5829000,360.0,0,,missing_required_field
LA010731,APP023455,Praveen Sharma,Madurai,2024-01-17,BR038,online,XDHFE7776N,9350761946,bhavana.iyer@yahoo.co.in,30.0,45818.0,self_employed_professional,509,0.4199,,9,gold,315000,18.0,0,,missing_required_field
LA010758,APP007547,Reyansh Prasad,Lucknow,2024-07-10,BR024,branch,AMFDA3103F,9592100000,varun.kulkarni@rediffmail.com,28.0,-25000.0,salaried_private,822,0.4274,0.0,1,home,1500000,300.0,0,,income_not_positive
LA010774,APP008468,Lakshmi Ramesh,Tirunelveli,2023-05-31,BR006,partner_referral,BTTQZ5689U,9260556964,jjoshi@protonmail.com,29.0,35981.0,salaried_private,676,0.6405,,1,home,2525000,360.0,0,,missing_required_field
LA010795,APP010253,Aarav Kapoor, Madurai,2024-12-12,BR017,partner_referral,SHYWA6661Y,6106980910,ananya_iyer1@protonmail.com,32.0,-25000.0,salaried_private,803,0.3342,0.0,0,vehicle,314000,48.0,0,,income_not_positive
LA010799,APP012224,Deepika Krishnan,Nashik,2023-01-28,BR031,partner_referral,JNJVR9414N,7632831515,esha.kapoor@outlook.com,35.0,-25000.0, salaried_private,739,0.5719,0.0,0,personal,345000,24.0,0,,income_not_positive
LA010850,APP014448,Neha Ramesh,Vadodara,2024-07-03,BR023,partner_referral,TFIMM0123S,8638895121,chetan75@yahoo.co.in,39.0,-1.0,salaried_private,701,0.4134,1.0,2,gold,149000,18.0,0,,income_not_positive
LA010862,APP016620,Nikhil Desai,Bengaluru,2025-05-17,BR002,online,FUVFK9414B,9000045883,vdeshpande@outlook.com,45.0,45419.0,salaried_private,458,0.3536,,7,personal,325000,24.0,0,,missing_required_field
LA010882,APP022195,Saanvi Naidu,Chennai,2024-04-21,BR018,partner_referral,QXZXR8824M,8885392821,divya.joshi@outlook.com,,29455.0,self_employed_business,767,0.2309,1.0,1,personal,159000,36.0,0,,missing_required_field
LA010887,APP002435,Harsha Pillai,Nagpur,2025-01-10,BR004,online,CWJDJ4225U,9313019168,ganesh96@yahoo.co.in,27.0,122820.0,salaried_government ,779,0.4581,0.0,0,home,5626000,,0,,missing_required_field
LA010898,APP026907,Reyansh Sharma,Ahmedabad,2024-09-06,BR029,online,ITXKD7257J,6715679304,aditi.patel@hotmail.com,36.0,31025.0,,677,0.5168,2.0,2,vehicle,453000,48.0,0,,missing_required_field
LA010924,APP004167,Ananya Pillai,Ludhiana,2024-08-05,BR011,branch,MQATI5608L,7355273799,sridhar_sharma4@gmail.com,36.0,-1.0,salaried_government,748,0.2766,0.0,1,home,3700000,240.0,0,,income_not_positive
LA010934,APP006535,Swathi Chauhan,Surat,2024-03-25,BR012,branch,XQLMV6453K,6816420992,nandini.kulkarni@outlook.com,26.0,0.0,salaried_private,581,0.1699,1.0,4,gold,98000,18.0,0,,income_not_positive
LA010942,APP009181,Sneha Verma,Kanpur ,2024-03-08,BR036,online,PCMMH6217X,9197080941,tchauhan@gmail.com,30.0,38857.0,salaried_private,0,0.494,2.0,1,gold,69000,6.0,0,,credit_score_out_of_range
LA010959,APP024329,Saanvi Mukherjee,Bengaluru,not_a_date,BR009,branch,MFGLF2856G,9842684560,sshah@hotmail.com,34.0,146968.0,self_employed_professional,843,0.2221,0.0,1,gold,1000000,36.0,0,,unparseable_application_date
LA010970,APP025889,Vivaan Malhotra,Hyderabad ,2024-07-28,BR037,online,LGIIN5126W,7879031867,lrao@hotmail.com,42.0,53796.0,self_employed_professional,788,0.3667,,1,vehicle,1198000,84.0,0,,missing_required_field
LA010991,APP015263,Aditya Ramesh,Nashik,2023-02-04,BR017,partner_referral,DFTIX5883H,6023379695,harish46@rediffmail.com,41.0,0.0,salaried_private,617,0.5511,2.0,4,home,3309000,240.0,0,,income_not_positive
LA011021,APP008156,Krishna Nair,Pune,2023-09-04,BR031,branch,QATSN1237J,7199000302,varun.verma@hotmail.com,29.0,-25000.0,salaried_private,506,0.6648,1.0,7,personal,403000,36.0,1,283462.02,income_not_positive
LA011038,APP024059,Vivaan Kapoor,Tirunelveli,2024-07-26,BR040,partner_referral,WHWTD0978T,8140798451,arjun_ghosh6@gmail.com,33.0,-25000.0,self_employed_professional,738,0.6118,3.0,2,vehicle,230000,24.0,0,,income_not_positive
LA000217,APP016380,Reyansh Menon,Coimbatore,2024-03-06,BR022,online,LSJAT0603I,8034974858,pallavi94@gmail.com,44.0,40396.0,salaried_private,432,0.4516,0.0,7,vehicle,705000,48.0,0,,duplicate_application_id
LA011067,APP018102,Meera Patel, Visakhapatnam,2025-05-02,BR015,branch,BCLVT5472H,9653558761,ipatel@protonmail.com,,18832.0, SALARIED_PRIVATE ,694,0.3376,1.0,2,gold,51000,12.0,0,,missing_required_field
LA011075,APP001532,Aarav Shah,Vadodara,2024-11-01,BR009,partner_referral,ZNDDU2161F,9053979766,omenon@gmail.com,40.0,0.0,contract,582,0.3318,0.0,5,personal,198000,36.0,0,,income_not_positive
LA011079,APP013013,Lakshmi Mukherjee,Nagpur,2023-08-07,BR022,partner_referral,NYVXJ3646E,8688804494,karthik_subramanian4@protonmail.com,36.0,25574.0,salaried_private,746,0.5167,,2,personal,362000,48.0,0,,missing_required_field
LA011082,APP022135,Diya Hegde,Nagpur,2025-04-22,BR032,direct_sales_agent,CAMWQ3148A,8538835773,vbhatia@hotmail.com,60.0,-1.0,self_employed_business,668,0.1161,0.0,2,personal,1500000,60.0,0,,income_not_positive
LA011125,APP007320,Manoj Iyer,Bhopal,2024-03-13,BR013,direct_sales_agent,KPWUH1286T,7094406357,hnaidu@hotmail.com,27.0,41422.0,salaried_private,561,0.5526,0.0,4,home,2842000,,1,632758.93,missing_required_field
LA011126,APP014009,Diya Prasad,Visakhapatnam,2024-12-13,BR037,branch,GKNIC4016E,8161607270,divya86@yahoo.co.in,38.0,0.0,salaried_private,741,0.5798,2.0,1,home,15000000,240.0,0,,income_not_positive
LA011177,APP014877,Siddharth Subramanian,Nagpur,2023-12-13,BR010,online,KFJKP2006F,8963856428,yamini_iyer7@protonmail.com,40.0,-1.0, SALARIED_PRIVATE ,645,0.4442,0.0,0,vehicle,1869000,84.0,0,,income_not_positive
LA011179,APP003743,Siddharth Ramesh, Vadodara,2024-02-01,BR026,branch,VINYA5086U,9765649198,rajesh_shah6@rediffmail.com,33.0,81252.0,salaried_government,608,0.7446,,3,home,5846000,300.0,0,,missing_required_field
LA000128,APP002036,Vivaan Gowda,Hyderabad,2024-06-07,BR037,branch,IKGSY8330Y,8607925830,ganesh97@gmail.com,59.0,43246.0,contract,877,0.3983,0.0,0,gold,195000,12.0,0,,duplicate_application_id
LA011210,APP006240,Bhavana Sinha, Vadodara,31/02/2024,BR002,partner_referral,ILIZX6837A,8060946178,priya_kulkarni9@protonmail.com,25.0,16857.0,salaried_private,456,0.5185,1.0,8,gold,79000,12.0,0,,unparseable_application_date
LA011237,APP008819,Arjun Ramesh,Delhi,2023-08-30,BR027,direct_sales_agent,IKCRB5648I,8390991687,asharma@gmail.com,30.0,-1.0,salaried_private,757,0.5205,0.0,1,gold,51000,6.0,0,,income_not_positive
LA011242,APP006329,Deepika Kulkarni,Bhopal,2023-12-09,BR026,branch,IICNM8822T,7035592599,farhan_verma7@yahoo.co.in,25.0,31348.0,salaried_private,631,0.371,,2,personal,213000,24.0,0,,missing_required_field
LA011262,APP013946,Aditya Pillai,Nagpur,2024-04-14,BR033,branch,XFKPV4573S,7717437363,sandeep29@rediffmail.com,37.0,68396.0,salaried_private,250,0.3509,2.0,3,gold,315000,18.0,0,,credit_score_out_of_range
LA011274,APP018128,Ritika Prasad,Madurai,2024-05-02,BR039,partner_referral,EINZF5856C,9663739080,bhavana65@gmail.com,,33519.0,salaried_private,780,0.537,2.0,1,vehicle,363000,36.0,0,,missing_required_field
LA011287,APP021865,Aadhya Bose,Surat,2024-01-18,BR024,direct_sales_agent,ICANT4968H,9264104568,praveen.naidu@rediffmail.com,48.0,80855.0,SELF_EMPLOYED_BUSINESS,575,0.4851,,4,personal,1383000,48.0,1,1000439.29,missing_required_field
LA011307,APP026370,Ananya Verma,Coimbatore,2023-12-20,BR002,branch,EZTDR8185D,7579788962,esha62@yahoo.co.in,48.0,0.0,self_employed_professional,641,0.4993,2.0,5,vehicle,910000,48.0,0,,income_not_positive
LA011412,APP010955,Lakshmi Pillai,Visakhapatnam,2025-03-14,BR018,branch,LUQDI3559A,8970357304,shreya.gupta@protonmail.com,33.0,125078.0,salaried_private,250,0.3247,0.0,1,personal,1500000,48.0,0,,credit_score_out_of_range
LA011440,APP026924,Kavya Sinha, Mysuru,2023-03-28,BR030,online,QXVIQ8995K,7792374399,smalhotra@protonmail.com,39.0,135684.0,,755,0.5584,2.0,0,home,6785000,300.0,0,,missing_required_field
LA011463,APP008152,Divya Malhotra,Ahmedabad,2024-02-06,BR040,online,PBSWC9234G,6344526759,mahesh.kapoor@yahoo.co.in,29.0,-1.0,salaried_private,853,0.7937,2.0,0,home,2170000,360.0,0,,income_not_positive
LA011468,APP004333,Vikram Verma,Ludhiana,2023-09-04,BR007,branch,FTCEA6299T,7783687003,kavya_chatterjee8@yahoo.co.in,37.0,-1.0,salaried_government,788,0.4775,1.0,2,vehicle,1612000,84.0,0,,income_not_positive
LA011470,APP008230,Priya Rao,Kanpur,2025-04-02,BR036,branch,JMSPJ8772N,6204398194,ashetty@protonmail.com,29.0,16146.0,salaried_private,818,0.5669,0.0,0,vehicle,199000,,0,,missing_required_field
LA011492,APP019772,Nikhil Iyer,Visakhapatnam,2023-03-12,BR025,online,WLWZX8785W,6721757383,rahul.nair@protonmail.com,32.0,54074.0,self_employed_business,528,0.526,1.0,3,vehicle,735000,,0,,missing_required_field
LA011493,APP002122,Shreya Bhat,Coimbatore,2024-02-24,BR030,online,XGKPY9336D,6081122078,jayanth.menon@gmail.com,24.0,0.0,salaried_government,643,0.5984,1.0,5,vehicle,2199000,84.0,0,,income_not_positive
LA011500,APP021259,Saanvi Joshi,Bhopal ,2024-05-23,BR019,branch,NUFXH5422K,9323023756,jayanth.raman@outlook.com,41.0,13523.0,self_employed_business,716,0.4161,,1,gold,127000,36.0,0,,missing_required_field
LA011522,APP026782,Manoj Malhotra,Visakhapatnam,2023-07-09,BR003,partner_referral,DVXML0849G,9984304788,zoya70@protonmail.com,,21185.0, SELF_EMPLOYED_PROFESSIONAL ,752,0.592,1.0,1,home,1500000,360.0,0,,missing_required_field
LA011549,APP007557,Saanvi Kulkarni,Jaipur,2025-05-25,BR029,partner_referral,LCLAP9957N,9739064149,lgupta@gmail.com,28.0,0.0,salaried_private,639,0.2942,1.0,3,gold,68000,12.0,0,,income_not_positive
LA011550,APP026890,Pooja Menon,Madurai,2025-02-04,BR027,branch,FGLRQ6391Q,9684431056,sunita.krishnan@yahoo.co.in,34.0,26020.0,,668,0.3295,1.0,2,gold,152000,24.0,0,,missing_required_field
LA011571,APP009508,Arjun Mukherjee,Ahmedabad,2024-07-17,BR003,branch,NDPEZ0969Q,8502874879,ramya.subramanian@protonmail.com,31.0,-1.0,salaried_private,693,0.502,0.0,2,personal,738000,24.0,0,,income_not_positive
LA011573,APP007097,Aarav Ramesh,Kolkata,2024-13-05,BR037,branch,IDRVI9483L,8182232770,jyothi.bhatia@protonmail.com,27.0,17319.0,salaried_private,857,0.3064,0.0,1,gold,114000,24.0,0,,unparseable_application_date
LA011590,APP011576,Shreya Patel,Tirunelveli,2023-04-17,BR029,branch,LZIWA0050V,7741490569,schatterjee@yahoo.co.in,34.0,-25000.0,salaried_private,701,0.4141,0.0,0,vehicle,799000,84.0,0,,income_not_positive
LA011600,APP026679,Diya Varma,Kolkata,not_a_date,BR007,branch,STURD4846K,6372334953,dchauhan@protonmail.com,57.0,44460.0, SELF_EMPLOYED_PROFESSIONAL ,872,0.3026,0.0,0,vehicle,294000,24.0,0,,unparseable_application_date
LA011608,APP026781,Vivaan Chatterjee,Mumbai,2024-05-21,BR028,online,ZWTWB3523B,7062121204,jyothi.sharma@outlook.com,,20506.0,self_employed_professional,678,0.3329,0.0,1,gold,112000,18.0,0,,missing_required_field
LA011612,APP010551,Vinay Naidu,Pune,2024-07-27,BR039,branch,MNBIF3341S,8827749328,meera_shah8@gmail.com,32.0,33617.0,salaried_private,590,0.3128,0.0,6,gold,317000,,0,,missing_required_field
LA011613,APP025174,Deepika Pillai,Visakhapatnam,2023-11-20,BR009,online,PQQQX1899B,6060430447,chetan.das@gmail.com,38.0,-25000.0,self_employed_professional,449,0.4925,0.0,9,gold,376000,18.0,0,,income_not_positive
LA011650,APP024011,Harsha Sharma,Chennai,,BR007,online,LIBIP1945P,8329568218,zoya.deshpande@gmail.com,32.0,66816.0,self_employed_professional,881,0.3638,0.0,1,personal,1050000,60.0,0,,unparseable_application_date
LA011708,APP018134,Aarav Naidu,Coimbatore,2023-03-13,BR025,online,TVCPJ5782V,9164859875,imran.venkatesan@rediffmail.com,,38986.0, SALARIED_PRIVATE ,799,0.573,3.0,1,personal,247000,24.0,0,,missing_required_field
LA011727,APP016609,Vikram Chatterjee,Rajkot,2023-11-26,BR005,direct_sales_agent,SZEMG6665N,6708394448,sbhatia@yahoo.co.in,45.0,43647.0,salaried_private,250,0.6197,1.0,0,vehicle,542000,24.0,0,,credit_score_out_of_range
LA011760,APP018126,Rahul Joshi,Nashik,2023-10-19,BR004,branch,BQAPB0518U,6858859730,deepak.gowda@hotmail.com,,32805.0,salaried_private,753,0.3605,0.0,2,vehicle,367000,36.0,0,,missing_required_field
LA011771,APP002754,Swathi Bhat,Chennai,2024-02-22,BR006,partner_referral,WFFUJ3798H,8598858935,jshetty@gmail.com,29.0,-25000.0,salaried_government,820,0.2934,0.0,1,gold,111000,18.0,1,15608.03,income_not_positive
LA011776,APP018930,Harsha Bhat,Ahmedabad,2023-03-24,BR035,partner_referral,LNESA5957Q,6307091236,jyothi14@gmail.com,29.0,-25000.0,self_employed_business,573,0.3894,0.0,4,home,1979000,240.0,0,,income_not_positive
LA000459,APP024045,Sandeep Mukherjee,Bhopal,2024-11-27,BR024,branch,YDBDM7104K,7520270427,mprasad@protonmail.com,32.0,88549.0,self_employed_professional,812,0.613,2.0,1,personal,1337000,36.0,0,,duplicate_application_id
LA011805,APP026129,Ritika Ramesh,Nashik,2024-04-19,BR007,online,IWAWJ0552J,9807451903,tvenkatesan@rediffmail.com,44.0,69655.0,self_employed_professional,0,0.4691,0.0,1,vehicle,1016000,36.0,0,,credit_score_out_of_range
LA011807,APP024795,Swathi Nair,Bengaluru,2024-07-11,BR029,online,DQSQN1126R,8877947257,manoj73@rediffmail.com,36.0,-1.0,SELF_EMPLOYED_PROFESSIONAL,662,0.95,4.0,2,vehicle,610000,12.0,0,,income_not_positive
LA011835,APP022796,Aadhya Krishnan,Indore,2023-12-18,BR022,direct_sales_agent,YWUKH4162H,8901737767,dinesh39@hotmail.com,28.0,-1.0,self_employed_professional,617,0.5489,1.0,2,home,3832000,180.0,0,,income_not_positive
LA011838,APP003765,Ananya Banerjee,Delhi,2023-06-26,BR003,branch,DURTS0923S,8163336522,vikram96@protonmail.com,34.0,0.0,salaried_government,613,0.4287,1.0,4,personal,937000,36.0,0,,income_not_positive
LA011841,APP007738,Praveen Malhotra,Rajkot,not_a_date,BR029,partner_referral,CKJQI6396L,8502974952,erao@protonmail.com,28.0,26744.0,salaried_private,754,0.6463,1.0,1,vehicle,722000,60.0,0,,unparseable_application_date
LA011844,APP017276,Rahul Nair,Delhi,2024-13-05,BR012,branch,QKAYM6143C,6269746210,sandeep.venkatesan@yahoo.co.in,49.0,42586.0,salaried_private,769,0.5335,1.0,1,personal,864000,60.0,0,,unparseable_application_date
LA011851,APP007902,Kavya Verma,Nashik,31/02/2024,BR018,online,DIHUR1055Z,6118718302,chetan.malhotra@rediffmail.com,28.0,43110.0,salaried_private,645,0.5218,0.0,3,personal,804000,48.0,0,,unparseable_application_date
LA011856,APP008163,Rohan Joshi,Vadodara,2024-12-16,BR031,direct_sales_agent,LHPRE3434K,9829542464,cmalhotra@yahoo.co.in,29.0,0.0,salaried_private,704,0.1365,0.0,1,gold,50000,24.0,0,,income_not_positive
LA011863,APP024077,Vivaan Varma,Rajkot,2024-01-09,BR022,online,GHDTG0163Z,6608454537,vbanerjee@protonmail.com,33.0,13509.0,self_employed_professional,847,0.2509,,0,gold,30000,12.0,0,,missing_required_field
LA011878,APP002183,Ritika Ramesh,Lucknow,2024-08-31,BR037,branch,ZXWRR7455D,6940074848,ssubramanian@gmail.com,24.0,61516.0,salaried_government,985,0.3284,0.0,2,personal,840000,60.0,0,,credit_score_out_of_range
LA011903,APP009518,Yash Reddy,Visakhapatnam,2024-01-09,BR021,branch,USISM1950E,9326566263,rmukherjee@yahoo.co.in,31.0,-25000.0,salaried_private,700,0.7697,3.0,1,personal,1058000,36.0,0,,income_not_positive
LA011913,APP014010,Arjun Naidu, Madurai,2024-06-20,BR012,branch,EVITC2546I,6979643490,ananya27@hotmail.com,38.0,0.0,salaried_private,818,0.6528,1.0,1,vehicle,1722000,48.0,0,,income_not_positive
LA011967,APP000836,Shreya Bose,Madurai,2023-09-19,BR040,branch,NDXBF2736Z,6056868211,pallavi.patel@gmail.com,33.0,-25000.0,contract,730,0.3529,0.0,1,vehicle,300000,60.0,0,,income_not_positive
LA000332,APP026632,Meera Banerjee,Mumbai,2025-04-09,BR011,partner_referral,RSUSB9595A,6080112870,swathi98@protonmail.com,55.0,13176.0,self_employed_professional,711,0.3404,0.0,1,gold,26000,6.0,0,,duplicate_application_id
LA011988,APP004184,Shreya Patel,Mysuru,2023-02-26,BR036,partner_referral,XANYT3886B,8690755716,ramya89@protonmail.com,36.0,15149.0,salaried_government,763,0.1815,,2,gold,31000,12.0,0,,missing_required_field
LA012012,APP026862,Sandeep Chatterjee,Nagpur,2024-07-03,BR018,direct_sales_agent,LGIUQ1845I,8746820798,nithya.naidu@hotmail.com,31.0,55247.0,,468,0.4244,2.0,8,vehicle,384000,36.0,0,,missing_required_field
LA012031,APP020254,Pooja Subramanian,Nagpur,2023-04-30,BR004,partner_referral,THHAU6495D,7030884679,mdas@rediffmail.com,35.0,21783.0,self_employed_business,0,0.5718,0.0,1,personal,364000,36.0,1,283494.01,credit_score_out_of_range
LA012037,APP026816,Manoj Joshi,Jaipur,2023-06-04,BR026,online,IBWTS2473H,7942303322,bsubramanian@gmail.com,25.0,21394.0,,900,0.2912,1.0,0,gold,29000,6.0,0,,missing_required_field
LA012048,APP000615,Manoj Prasad,Jaipur,2025-01-02,BR038,online,YSLQX2421H,7498957170,ananya.subramanian@gmail.com,31.0,0.0,contract,773,0.2738,0.0,0,vehicle,2500000,60.0,0,,income_not_positive
LA012050,APP026699,Deepika Joshi,Nashik,2023-03-29,BR028,partner_referral,DAABT9190F,9339699123,chetan53@protonmail.com,58.0,31309.0,self_employed_professional,676,0.7302,1.0,3,vehicle,747000,,0,,missing_required_field
LA012074,APP001967,Ananya Bhat,Ludhiana,2024-02-11,BR005,branch,HMMYH9963D,7937437404,hbanerjee@protonmail.com,52.0,43436.0,Contract,679,0.0895,,2,gold,64000,18.0,0,,missing_required_field
LA012087,APP002649,Ananya Hegde,Chennai,2024-12-12,BR027,online,SIBHA6733Z,7258620893,vinay33@gmail.com,28.0,32804.0,salaried_government,793,0.3529,0.0,0,vehicle,699000,,0,,missing_required_field
LA012090,APP007558,Priya Kapoor,Kanpur,2023-12-19,BR024,partner_referral,HZIJG6594B,7537093346,tarun_naidu8@rediffmail.com,28.0,0.0,salaried_private,763,0.6777,1.0,1,vehicle,2452000,48.0,0,,income_not_positive
LA012091,APP008365,Kavya Kulkarni,Kanpur,2024-07-22,BR011,branch,EIHMR4479K,7169379929,jyothi_joshi8@outlook.com,29.0,28529.0,salaried_private,716,0.4772,,1,personal,190000,24.0,0,,missing_required_field
LA012093,APP011571,Arjun Krishnan,Mumbai,2025-04-16,BR022,branch,CGMBN1263R,8739202980,kiran32@hotmail.com,34.0,-1.0,salaried_private,695,0.4572,1.0,5,personal,1500000,48.0,0,,income_not_positive
LA012118,APP011579,Meera Menon,Rajkot,2024-11-30,BR018,online,IFDJC8808F,6883451565,jyothi_nair8@hotmail.com,34.0,0.0, salaried_private,751,0.4233,0.0,1,personal,634000,24.0,0,,income_not_positive
LA012154,APP023818,Swathi Nair,Mumbai,2024-06-21,BR032,branch,WDLEE6745E,8972366937,sanjana26@yahoo.co.in,32.0,-1.0,self_employed_professional,803,0.5745,0.0,0,personal,723000,24.0,0,,income_not_positive
LA012166,APP018727,Nikhil Gowda,Jaipur,2023-05-25,BR020,partner_referral,PFNGN6847G,9475100652,yamini_joshi2@gmail.com,28.0,-25000.0,self_employed_business,631,0.464,1.0,3,personal,471000,12.0,0,,income_not_positive
LA012198,APP026139,Sandeep Hegde,Kanpur,2024-10-12,BR015,branch,QRVAW0015X,6862654360,ahegde@gmail.com,45.0,0.0,self_employed_professional,523,0.6397,0.0,5,vehicle,2500000,36.0,0,,income_not_positive
LA012208,APP026928,Harsha Joshi,Mumbai,2025-06-06,BR039,partner_referral,NWJCC5283T,6364914642,esha.chauhan@yahoo.co.in,39.0,33928.0,,673,0.5604,1.0,1,home,1917000,300.0,0,,missing_required_field
LA012225,APP008822,Vinay Patel,Coimbatore,2023-12-26,BR033,branch,LZUHL2518W,6839735893,sanjana.pillai@outlook.com,30.0,-25000.0,salaried_private,829,0.6255,1.0,1,home,4743000,360.0,0,,income_not_positive
LA012242,APP023927,Ananya Kapoor,Kanpur,31/02/2024,BR029,online,HPJIV5530K,9468863995,shreya59@protonmail.com,32.0,36713.0,SELF_EMPLOYED_PROFESSIONAL,814,0.544,3.0,1,gold,128000,12.0,0,,unparseable_application_date
LA012253,APP023209,Sneha Malhotra,Nagpur,2024-08-30,BR019,partner_referral,PBUIQ8547E,6450594045,nandini29@protonmail.com,29.0,45356.0,self_employed_professional,551,0.4508,,6,personal,840000,60.0,1,457689.91,missing_required_field
LA012266,APP002585,Karthik Shah,Surat,2025-02-11,BR013,branch,HURGB1799K,8171726015,mprasad@outlook.com,28.0,0.0,salaried_government,872,0.4696,1.0,0,vehicle,826000,60.0,0,,income_not_positive
LA012267,APP015655,Neha Malhotra,Ahmedabad,2023-12-28,BR032,online,SJJFZ6273M,7703819817,suresh.banerjee@rediffmail.com,42.0,0.0,salaried_private,578,0.318,0.0,3,personal,1500000,60.0,0,,income_not_positive
LA012285,APP011717,Priya Kulkarni,Lucknow,2024-13-05,BR009,branch,IQVEA7868E,7656518859,deepak.bose@gmail.com,34.0,20867.0,salaried_private,741,0.4192,0.0,0,gold,144000,18.0,0,,unparseable_application_date
LA000071,APP011494,Siddharth Pillai,Nagpur,2025-03-31,BR036,direct_sales_agent,ZSMWD6469Y,7703621164,nandini_chatterjee7@hotmail.com,33.0,70077.0,salaried_private,651,0.4481,0.0,2,personal,1314000,60.0,0,,duplicate_application_id
LA012295,APP002066,Siddharth Prasad,Coimbatore,2025-06-26,BR019,direct_sales_agent,ZWRRF8083U,6856717238,nithya40@gmail.com,,73422.0,contract,780,0.6315,1.0,0,home,4496000,240.0,0,,missing_required_field
LA012306,APP017594,Deepika Iyer,Visakhapatnam,2023-05-18,BR014,online,KSMUJ5485X,6268976574,esha45@rediffmail.com,52.0,47898.0,salaried_private,858,0.4969,1.0,0,home,2065000,,0,,missing_required_field
LA012332,APP026833,Praveen Varma,Tirunelveli,2025-02-20,BR011,branch,EQRKW9121P,8565980232,harish48@outlook.com,28.0,17072.0,,775,0.5724,2.0,1,personal,330000,60.0,0,,missing_required_field
LA012357,APP004494,Divya Ramesh,Delhi,2023-11-01,BR030,branch,IPYLP2375I,9673205382,nsharma@protonmail.com,38.0,-25000.0,salaried_government,896,0.6004,2.0,0,home,3281000,360.0,0,,income_not_positive
LA012361,APP023050,Aditya Prasad,Nagpur,2025-03-17,BR010,online,SCHXP7044P,8520847973,arjun_iyer8@hotmail.com,29.0,-1.0,self_employed_professional,716,0.3115,0.0,0,gold,288000,36.0,0,,income_not_positive
LA000011,APP022325,Ritika Sinha,Kolkata,2023-02-02,BR010,direct_sales_agent,INREY3598E,9578825941,dinesh.das@yahoo.co.in,24.0,62829.0,self_employed_professional,652,0.8459,3.0,2,personal,617000,24.0,0,,duplicate_application_id
LA012403,APP024796,Ritika Menon,Surat,2024-02-07,BR017,online,JWVFQ4887E,6191956854,sunita80@rediffmail.com,36.0,-1.0,self_employed_professional,781,0.4901,1.0,0,vehicle,955000,60.0,0,,income_not_positive
LA012404,APP024641,Shreya Rao,Indore,not_a_date,BR014,direct_sales_agent,RWRXT0459J,8982328666,nithya.raman@yahoo.co.in,35.0,31905.0,self_employed_professional,749,0.5693,0.0,2,personal,376000,24.0,0,,unparseable_application_date
LA012423,APP007849,Saanvi Rao,Visakhapatnam,31/02/2024,BR024,branch,QNGVK2879T,9552261552,zdeshpande@outlook.com,28.0,37110.0,salaried_private,804,0.7327,1.0,0,gold,267000,12.0,0,,unparseable_application_date
LA012445,APP026903,Neha Reddy,Surat,2023-10-29,BR031,branch,SWXRD0322B,7769371008,ishita.kapoor@gmail.com,35.0,86916.0,,621,0.57,1.0,5,personal,1500000,48.0,0,,missing_required_field
LA012484,APP014970,Aditya Gowda,Delhi,2023-06-09,BR010,direct_sales_agent,ZVICU6495K,9087284120,dinesh54@yahoo.co.in,40.0,22607.0,salaried_private,896,0.5443,,0,vehicle,664000,84.0,0,,missing_required_field
LA012489,APP018574,Swathi Gowda,Kanpur,2024-12-31,BR035,online,FMKKX7751V,7673650964,anand.prasad@yahoo.co.in,27.0,-1.0,self_employed_business,688,0.2161,0.0,1,gold,79000,18.0,0,,income_not_positive
LA012492,APP026853,Vivaan Varma,Chennai ,2024-05-12,BR031,branch,JKYQV8390I,7823457867,anand.krishnan@hotmail.com,30.0,91392.0,,675,0.5275,1.0,2,home,3077000,120.0,0,,missing_required_field
LA000385,APP025965,Lakshmi Rao,Ahmedabad,2024-10-20,BR031,online,ABCDE12345F,6150841637,dinesh.iyer@rediffmail.com,43.0,27302.0,self_employed_professional,699,0.3696,1.0,1,gold,148000,24.0,0,,duplicate_application_id
LA000438,APP003356,Kavya Kulkarni,Pune,2024-02-08,BR004,branch,QTMPX0498Z,9676271619,bhavana_patel3@gmail.com,31.0,59487.0,salaried_government,750,0.5363,1.0,1,vehicle,1784000,84.0,0,,duplicate_application_id
LA012536,APP026787,Sandeep Hegde,Ludhiana,2023-09-18,BR032,online,BVHHS2961Q,7742763861,chetan10@hotmail.com,,31272.0,self_employed_professional,862,0.4995,1.0,0,home,1500000,360.0,0,,missing_required_field
LA012560,APP024267,Vinay Shah,Kolkata,2024-13-05,BR009,online,AGQCM9183Y,9543445521,ishita.chauhan@gmail.com,33.0,69232.0,self_employed_professional,718,0.3684,0.0,0,gold,148000,6.0,0,,unparseable_application_date
LA012574,APP024055,Praveen Bhat,Indore,2024-09-26,BR035,branch,WQZEJ5569F,7638697874,psubramanian@protonmail.com,33.0,-1.0,Self_Employed_Professional,654,0.6535,2.0,1,vehicle,1964000,60.0,0,,income_not_positive
LA012579,APP012851,Vikram Bose,Pune,2025-05-25,BR040,online,YDQPQ8246N,6946175582,manoj.naidu@protonmail.com,36.0,-25000.0,salaried_private,702,0.5999,3.0,0,home,3025000,240.0,0,,income_not_positive
LA012589,APP016611,Aditya Reddy,Bhopal,,BR001,branch,SRTSC8164N,7203379998,meera.nair@gmail.com,45.0,44111.0,salaried_private,819,0.3071,0.0,1,gold,413000,36.0,0,,unparseable_application_date
LA012593,APP018100,Yash Pillai,Madurai,2024-09-01,BR012,online,UZCTF1977R,9714860340,omkar_bhatia9@gmail.com,,17449.0,salaried_private,796,0.3802,0.0,0,gold,142000,24.0,0,,missing_required_field
LA012596,APP009692,Sneha Chatterjee,Ludhiana,2024-03-26,BR013,direct_sales_agent,QRMKX1890R,9669293276,lakshmi53@protonmail.com,31.0,23568.0,salaried_private,792,0.6933,,0,home,1500000,180.0,0,,missing_required_field
LA012633,APP018239,Rohan Mukherjee, Coimbatore,2023-03-07,BR033,direct_sales_agent,ISDRQ3193Q,9215170892,varun.sharma@outlook.com,24.0,24955.0,self_employed_business,250,0.7454,0.0,1,gold,108000,6.0,0,,credit_score_out_of_range
LA012646,APP007548,Vikram Reddy,Kochi,2023-08-22,BR027,branch,PDPQR9540V,7810678142,ganesh90@gmail.com,28.0,-25000.0,Salaried_Private,639,0.397,1.0,2,personal,684000,36.0,0,,income_not_positive
LA012662,APP010248,Ritika Sharma,Indore,2023-03-07,BR013,direct_sales_agent,XMAXW5419T,6879196220,sridhar.venkatesan@outlook.com,32.0,-1.0,salaried_private ,571,0.5768,1.0,3,personal,576000,36.0,0,,income_not_positive
LA012669,APP005810,Shreya Malhotra,Visakhapatnam ,2023-12-06,BR017,direct_sales_agent,EJCSI5446U,9085495284,kshetty@protonmail.com,,17460.0,salaried_government,625,0.8655,2.0,4,vehicle,485000,48.0,0,,missing_required_field
LA012676,APP001070,Aditya Kapoor,Delhi,2023-08-30,BR025,partner_referral,LUDAX6379F,7935410860,sanjana_bhat5@rediffmail.com,35.0,0.0,CONTRACT,772,0.4537,1.0,1,home,4265000,360.0,0,,income_not_positive
LA012677,APP002056,Neha Kulkarni,Nashik,2024-01-28,BR008,branch,MYGWW4211X,6982388810,sanjana_krishnan2@yahoo.co.in,,24469.0,contract,594,0.6842,1.0,3,personal,419000,36.0,1,246051.63,missing_required_field
LA012686,APP025121,Deepika Joshi,Pune,2023-05-01,BR028,branch,GAQKW0955K,9365476687,vinay.das@yahoo.co.in,37.0,56543.0,self_employed_professional,879,0.423,,0,home,2486000,300.0,0,,missing_required_field
LA012697,APP010433,Deepika Reddy,Tirunelveli,2025-06-17,BR031,online,IGIHI2144K,6020504247,rajesh_subramanian3@rediffmail.com,32.0,23620.0,salaried_private,754,0.4575,0.0,1,vehicle,428000,,0,,missing_required_field
LA012715,APP026774,Deepika Sinha,Kochi,2023-01-11,BR033,online,YSURL7925E,8196876963,sunita_rathore2@rediffmail.com,,112491.0, self_employed_professional,750,0.6027,1.0,1,gold,346000,6.0,0,,missing_required_field
LA012734,APP018089,Priya Krishnan,Rajkot ,2023-12-27,BR023,direct_sales_agent,ZSNEK6520W,7971613839,swathi_chauhan1@gmail.com,,13871.0,salaried_private,653,0.5452,3.0,3,personal,141000,36.0,0,,missing_required_field
LA012766,APP022886,Anjali Pillai,Vadodara ,2024-13-05,BR003,partner_referral,THBDJ5014F,9814197776,ppatel@gmail.com,28.0,25613.0,self_employed_professional,830,0.7307,2.0,1,vehicle,297000,24.0,0,,unparseable_application_date
LA012846,APP007549,Kavya Subramanian,Nagpur,2023-06-23,BR003,branch,BMWEB5641U,6159995093,vinay31@hotmail.com,28.0,-25000.0, salaried_private,700,0.306,0.0,2,gold,208000,18.0,0,,income_not_positive
LA012854,APP000560,Gayathri Varma,Ludhiana,2023-02-01,BR034,branch,DHGHH5505T,7320516178,yamini.chauhan@rediffmail.com,30.0,34791.0,contract,0,0.7491,2.0,3,home,2480000,300.0,1,1119592.31,credit_score_out_of_range
LA012858,APP005824,Saanvi Joshi,Nashik,2023-09-20,BR038,online,DHTBU2955N,8619261861,mahesh_mukherjee9@rediffmail.com,,52032.0,salaried_government,661,0.3124,1.0,0,gold,159000,18.0,0,,missing_required_field
LA012898,APP020314,Ritika Sharma,Indore,2023-03-17,BR008,branch,KGHLB0631Y,9219384103,varun.bhat@gmail.com,35.0,38074.0,self_employed_business,663,0.4737,2.0,3,gold,240000,,0,,missing_required_field
LA012902,APP025318,Rahul Hegde,Chennai,2025-02-27,BR014,online,IYRRC4619Q,8576200563,nandini.bhatia@yahoo.co.in,38.0,60234.0,self_employed_professional,793,0.2548,,1,personal,557000,48.0,0,,missing_required_field
LA012936,APP000388,Diya Hegde,Lucknow,2023-01-28,BR025,partner_referral,UDJNV4581Z,9498459517,naveen_gupta1@protonmail.com,29.0,-25000.0,contract,847,0.433,0.0,0,home,9354000,300.0,0,,income_not_positive
LA012939,APP014449,Deepika Kapoor,Chennai,2023-11-04,BR036,branch,ZKXYF3279C,6836468835,naveen_deshpande9@gmail.com,39.0,-1.0,salaried_private,733,0.6951,5.0,0,personal,1500000,48.0,0,,income_not_positive
LA012982,APP026825,Saanvi Verma,Surat ,2023-12-14,BR032,branch,HJNTZ1663M,9930825312,imran_krishnan6@rediffmail.com,26.0,36488.0,,700,0.6067,1.0,2,personal,512000,36.0,0,,missing_required_field
LA012997,APP020230,Arjun Chatterjee,Visakhapatnam,not_a_date,BR027,online,CCZHJ5465F,8431017427,kavya_menon4@hotmail.com,35.0,145870.0,self_employed_business ,666,0.6235,1.0,1,home,10043000,360.0,0,,unparseable_application_date
LA013003,APP014881,Priya Kapoor,Nashik,2023-08-01,BR009,branch,LVPPA4714F,9423357120,nithya18@protonmail.com,40.0,-25000.0,salaried_private,883,0.4933,1.0,1,vehicle,1083000,36.0,0,,income_not_positive
LA013010,APP010254,Vinay Prasad,Kochi,2023-04-17,BR012,online,QHXWZ6930X,6709476901,sridhar_gupta2@protonmail.com,32.0,-25000.0,salaried_private,675,0.3487,1.0,1,home,6567000,240.0,0,,income_not_positive
LA013025,APP020652,Karthik Prasad,Lucknow,2024-05-18,BR018,online,FHTTZ4760M,7157972193,ishita91@outlook.com,37.0,28700.0,self_employed_business,711,0.4432,,0,personal,536000,60.0,0,,missing_required_field
LA013037,APP014463,Rohan Sharma,Ludhiana,2024-01-04,BR012,branch,PRXIH3234J,7185109801,dchauhan@outlook.com,39.0,0.0,salaried_private,657,0.346,0.0,0,vehicle,2500000,84.0,0,,income_not_positive
LA013038,APP018729,Rohan Prasad,Pune,2025-02-14,BR024,direct_sales_agent,WXMIP0675X,7910699524,sridhar.bhatia@yahoo.co.in,28.0,0.0,SELF_EMPLOYED_BUSINESS,767,0.4479,1.0,0,gold,110000,24.0,0,,income_not_positive
LA013047,APP003160,Nandini Menon,Ahmedabad,not_a_date,BR018,online,FZZSR3057M,9520359872,manoj_mukherjee8@yahoo.co.in,30.0,71224.0,salaried_government,784,0.414,1.0,0,home,2921000,240.0,0,,unparseable_application_date
LA000055,APP001609,Ananya Iyer,Tirunelveli,2024-01-27,BR023,branch,RXKVZ9726U,7556931496,meera_patel9@rediffmail.com,41.0,24664.0,contract,787,0.3297,2.0,0,gold,69000,18.0,0,,duplicate_application_id
LA013104,APP006598,Priya Sinha,Pune,2025-05-11,BR035,online,ABETY4236M,8850581409,jverma@hotmail.com,26.0,18034.0,salaried_private,0,0.4407,1.0,2,gold,74000,12.0,0,,credit_score_out_of_range
LA013107,APP013425,Swathi Gowda,Visakhapatnam,2025-06-15,BR024,partner_referral,PCUML2419B,6282471475,chetan17@rediffmail.com,37.0,-25000.0,salaried_private,771,0.4697,0.0,0,personal,733000,60.0,0,,income_not_positive
LA013128,APP007758,Aniket Prasad,Jaipur,2023-09-17,BR013,online,NLDLB7892F,8620852563,uiyer@hotmail.com,28.0,29096.0,salaried_private,741,0.3847,3.0,1,gold,66000,,0,,missing_required_field
LA013138,APP019517,Reyansh Krishnan,Vadodara,2025-04-30,BR007,branch,EEKMI8923H,7165682636,praveen68@outlook.com,31.0,43025.0, self_employed_business,880,0.3489,,1,gold,82000,12.0,0,,missing_required_field
LA013163,APP026875,Priya Bhat,Vadodara,2024-03-29,BR009,branch,IKVBZ7455Z,7802327360,esha87@gmail.com,32.0,80609.0,,639,0.5785,0.0,3,personal,1337000,36.0,0,,missing_required_field
LA013201,APP004589,Vikram Hegde,Bhopal,2024-09-10,BR001,direct_sales_agent,MQISI8029Z,7625347616,ndeshpande@yahoo.co.in,38.0,50005.0,SALARIED_GOVERNMENT,817,0.3695,1.0,0,personal,475000,,1,328554.37,missing_required_field
LA013224,APP024539,Praveen Pillai,Ahmedabad,2025-06-13,BR020,direct_sales_agent,RNCCB0890X,8045021439,manoj_prasad1@gmail.com,35.0,0.0,self_employed_professional,738,0.3126,0.0,1,vehicle,176000,24.0,0,,income_not_positive
LA013228,APP026901,Siddharth Bhat,Nagpur,2023-11-13,BR035,branch,AGDHN0460Q,8436605811,drathore@yahoo.co.in,35.0,62986.0,,642,0.6101,2.0,3,home,3359000,300.0,0,,missing_required_field
LA013233,APP005465,Divya Desai,Delhi,2024-10-30,BR035,partner_referral,QYZCC2553Z,6782194632,jverma@rediffmail.com,48.0,-25000.0,salaried_government,787,0.2339,1.0,1,gold,94000,24.0,0,,income_not_positive
LA013235,APP005817,Diya Krishnan,Kolkata,2025-01-21,BR040,partner_referral,VUXME6076Y,9847518780,varun.kapoor@rediffmail.com,,43857.0,salaried_government,721,0.2583,1.0,5,vehicle,274000,36.0,0,,missing_required_field
LA013238,APP025332,Yash Malhotra,Kolkata,2023-10-05,BR011,online,HRXZB5230M,7669981715,esha.rao@gmail.com,38.0,76456.0,self_employed_professional,588,0.4094,1.0,6,home,2707000,,0,,missing_required_field
LA013246,APP018932,Vivaan Malhotra,Madurai,2024-09-08,BR037,partner_referral,QNLQR4038L,7362887057,abhatia@hotmail.com,29.0,0.0,self_employed_business ,446,0.5239,1.0,9,home,2795000,300.0,0,,income_not_positive
LA013257,APP001413,Yash Kapoor,Tirunelveli,2024-13-05,BR036,branch,JYCEZ3511R,7676336221,meera40@protonmail.com,38.0,32156.0,contract,900,0.4063,0.0,0,home,1500000,240.0,0,,unparseable_application_date
LA013292,APP005550,Aniket Gowda,Mumbai,2025-03-25,BR009,branch,XFLHU0661M,6319241227,nandini.prasad@yahoo.co.in,49.0,71074.0,salaried_government,669,0.2446,,2,gold,196000,12.0,0,,missing_required_field
LA013293,APP011577,Meera Rao,Bengaluru,2023-12-31,BR037,partner_referral,KTEUP7307S,7560578375,lakshmi.sharma@outlook.com,34.0,-25000.0,Salaried_Private,786,0.676,2.0,0,personal,361000,60.0,0,,income_not_positive
LA013326,APP018139,Swathi Menon,Ahmedabad,2024-11-17,BR025,direct_sales_agent,VMZLU0082L,8792001569,sridhar.venkatesan@yahoo.co.in,,43568.0, SALARIED_PRIVATE ,767,0.3883,1.0,2,home,1553000,240.0,0,,missing_required_field
LA013414,APP022137,Anjali Gowda,Visakhapatnam,2023-06-05,BR031,direct_sales_agent,IJMTM6140B,6515977477,deepak11@hotmail.com,60.0,-25000.0,self_employed_business,708,0.5364,2.0,2,personal,128000,36.0,0,,income_not_positive
LA013416,APP014450,Swathi Mukherjee,Indore,2024-12-25,BR039,branch,ISBMN6356X,9720138099,imran.rao@rediffmail.com,39.0,-1.0,salaried_private,626,0.5505,0.0,4,vehicle,321000,12.0,0,,income_not_positive
LA013429,APP026927,Sandeep Verma,Delhi,2023-04-15,BR029,online,GFMUT8314X,6126826785,chetan26@gmail.com,39.0,33035.0,,856,0.4916,0.0,0,personal,181000,12.0,0,,missing_required_field
LA013430,APP015741,Gayathri Hegde,Bhopal,not_a_date,BR030,partner_referral,YBUEC7903I,9520770473,uma_pillai9@outlook.com,42.0,24128.0,salaried_private,705,0.6646,3.0,1,personal,374000,48.0,1,225798.07,unparseable_application_date
LA013436,APP001184,Praveen Chauhan,Mumbai,2024-09-30,BR028,online,ZGFJY4322V,9645895903,esha23@outlook.com,36.0,0.0,contract,862,0.2371,0.0,0,gold,562000,36.0,0,,income_not_positive
LA013445,APP017240,Divya Pillai,Nashik,2025-02-24,BR023,branch,UBQFY2449X,9464333026,dnair@gmail.com,49.0,27333.0,Salaried_Private,599,0.5418,0.0,4,personal,421000,,0,,missing_required_field
LA013447,APP023915,Ishaan Verma,Coimbatore,not_a_date,BR028,online,MHLYF4341R,6676342194,nithya.rathore@rediffmail.com,32.0,34169.0,self_employed_professional,758,0.1544,0.0,0,personal,154000,36.0,0,,unparseable_application_date
LA013483,APP007316,Harsha Prasad,Visakhapatnam,2024-05-10,BR017,branch,EYSBJ5529H,7186713613,bhargav_bhatia6@rediffmail.com,27.0,41270.0,salaried_private,585,0.6501,,5,personal,187000,12.0,0,,missing_required_field
LA013496,APP022941,Siddharth Prasad,Madurai,2023-10-01,BR009,partner_referral,EESID9938J,9644090054,onaidu@outlook.com,28.0,38037.0,self_employed_professional,674,0.2263,1.0,2,gold,153000,,0,,missing_required_field
LA013503,APP024060,Vikram Rao,Pune,2023-07-16,BR023,direct_sales_agent,WDAFY4257J,9755020285,pallavi.raman@protonmail.com,33.0,-25000.0,self_employed_professional,660,0.2985,1.0,2,gold,87000,24.0,0,,income_not_positive
LA013507,APP021687,Gayathri Sinha,Madurai,not_a_date,BR011,branch,RZLXD8335J,6275887059,sridhar_pillai1@rediffmail.com,45.0,42983.0,self_employed_business,732,0.25,0.0,0,gold,177000,18.0,0,,unparseable_application_date
LA013511,APP026972,Aniket Rao,Mumbai,2025-02-17,BR009,partner_referral,YBGZZ4995J,8515221978,dinesh95@rediffmail.com,60.0,39892.0,,539,0.3556,1.0,6,gold,65000,6.0,0,,missing_required_field
LA000088,APP012735,Sneha Malhotra,Nashik,2025-06-11,BR030,branch,PLSSL1631B,7301850904,swathi_venkatesan4@gmail.com,35.0,61137.0,salaried_private,704,0.411,0.0,1,personal,1056000,60.0,0,,duplicate_application_id
LA013547,APP021414,Yash Rao,Indore,2023-09-22,BR008,direct_sales_agent,CXMSP0589F,9629418438,ananya76@gmail.com,42.0,33105.0,self_employed_business,716,0.95,4.0,0,personal,252000,,0,,missing_required_field
LA013580,APP026841,Ananya Bhat,Vadodara,2023-06-18,BR008,branch,NVFBA5531C,7240537813,nithya.joshi@outlook.com,29.0,50840.0,,658,0.416,0.0,4,home,2324000,240.0,0,,missing_required_field
LA013588,APP000198,Ananya Chauhan,Ahmedabad,2024-13-05,BR009,branch,YBBRE9934N,7415072728,mbhatia@rediffmail.com,26.0,60264.0,contract,656,0.4908,2.0,2,home,2566000,360.0,0,,unparseable_application_date
LA013596,APP008157,Manoj Kapoor, Nashik,2023-09-30,BR035,branch,CZYBL1693N,9655202120,naveen_sharma8@protonmail.com,29.0,-25000.0,salaried_private,772,0.7235,3.0,0,vehicle,435000,24.0,0,,income_not_positive
LA013628,APP010920,Aditya Sharma,Bhopal,2023-03-21,BR003,branch,VGMJD7482L,8516591856,yamini_gupta7@gmail.com,33.0,-25000.0,salaried_private,705,0.703,1.0,1,gold,1000000,12.0,0,,income_not_positive
LA013670,APP024797,Divya Hegde,Nagpur,2023-03-05,BR020,branch,AVFQL1448P,7859955041,imran_gupta5@yahoo.co.in,36.0,-1.0,self_employed_professional,783,0.417,2.0,1,personal,265000,24.0,0,,income_not_positive
LA013692,APP000167,Vivaan Patel,Ludhiana,2023-05-29,BR037,partner_referral,GENJK1895Q,6908972636,nithya79@hotmail.com,26.0,31389.0,contract,795,0.4348,0.0,0,home,1653000,,0,,missing_required_field
LA013736,APP023552,Lakshmi Patel,Kochi,2024-10-30,BR015,branch,KRQVE2927E,6657296598,aditi_shetty2@hotmail.com,31.0,0.0,self_employed_professional,786,0.4494,1.0,0,home,2859000,300.0,0,,income_not_positive
LA013769,APP024563,Sandeep Prasad,Surat,2024-01-28,BR011,branch,DUZPN3765H,8510080808,manoj_deshpande8@protonmail.com,35.0,144238.0,self_employed_professional,985,0.7338,2.0,1,home,7604000,180.0,0,,credit_score_out_of_range
LA000061,APP002527,Karthik Krishnan,Kanpur,2025-04-09,BR040,branch,ETTFR8900N,9435072782,jchauhan@yahoo.co.in,27.0,41693.0,salaried_government,787,0.7592,2.0,0,home,2694000,240.0,0,,duplicate_application_id
LA013781,APP026963,Neha Sharma,Mumbai,2023-06-09,BR033,partner_referral,GAAHI6506M,6570107144,dinesh56@yahoo.co.in,48.0,27442.0,,717,0.5619,1.0,3,personal,429000,48.0,0,,missing_required_field
LA013784,APP025175,Arjun Malhotra,Nashik,2024-02-02,BR019,branch,NMCJU9103G,7017052975,pjoshi@gmail.com,38.0,-25000.0,self_employed_professional,779,0.5143,1.0,1,vehicle,466000,60.0,0,,income_not_positive
LA013789,APP026863,Arjun Krishnan,Pune,2025-01-09,BR037,online,YJJAN2295L,6838029465,charitha_pillai2@yahoo.co.in,31.0,56260.0,,696,0.5124,1.0,1,personal,490000,24.0,0,,missing_required_field
LA013799,APP019492,Arjun Hegde,Mumbai,2025-01-08,BR005,direct_sales_agent,KPBNX1956J,8003607464,imran94@protonmail.com,31.0,38061.0,self_employed_business,673,0.6372,,0,vehicle,924000,60.0,0,,missing_required_field
LA013816,APP026022,Sneha Joshi,Bengaluru,2024-10-06,BR038,branch,FWKKI2429U,7747564640,rahul97@outlook.com,44.0,-25000.0,self_employed_professional,603,0.5582,1.0,1,home,15000000,360.0,0,,income_not_positive
LA000155,APP024663,Ishaan Krishnan,Kolkata,2023-10-22,BR034,partner_referral,KYVGS8506I,7685335557,rprasad@yahoo.co.in,35.0,36139.0,self_employed_professional ,595,0.7761,1.0,2,personal,735000,36.0,1,415951.38,duplicate_application_id
LA013827,APP015522,Krishna Hegde,Kolkata,,BR017,online,PZESQ5978Y,7004621484,anand_patel1@gmail.com,41.0,52243.0,salaried_private,852,0.4378,1.0,0,personal,553000,36.0,0,,unparseable_application_date
LA013852,APP000948,Vivaan Reddy,Hyderabad,31/02/2024,BR037,online,RUGRT7860Q,9539393102,chetan42@rediffmail.com,34.0,130245.0,contract,850,0.4327,3.0,0,home,3941000,360.0,0,,unparseable_application_date
LA013865,APP015656,Sandeep Sharma,Lucknow,2023-04-23,BR021,online,QQMVG6772P,7570917011,pbhat@protonmail.com,42.0,0.0,salaried_private,792,0.5167,0.0,1,vehicle,481000,24.0,0,,income_not_positive
LA013866,APP026891,Bhavana Hegde,Rajkot,2024-10-20,BR014,online,KYWHG2428P,9941960687,shegde@hotmail.com,34.0,39968.0,,576,0.2789,0.0,4,vehicle,240000,24.0,0,,missing_required_field
LA013888,APP026784,Pooja Varma,Coimbatore,2025-03-15,BR022,branch,CUUWQ8978X,8354736808,zoya.deshpande@protonmail.com,,22707.0,self_employed_professional,434,0.3608,1.0,4,gold,186000,36.0,0,,missing_required_field
LA013912,APP015948,Diya Bhat,Bengaluru,2024-06-19,BR017,branch,WSEAC0005W,8216602961,jhegde@protonmail.com,43.0,-1.0,salaried_private,861,0.4781,0.0,0,vehicle,749000,60.0,0,,income_not_positive
LA013927,APP005206,Manoj Gowda,Bengaluru,2024-04-27,BR026,direct_sales_agent,AGTPP3141H,9257828168,karthik.kulkarni@rediffmail.com,44.0,28422.0,salaried_government,985,0.3886,1.0,9,personal,325000,48.0,0,,credit_score_out_of_range
LA013939,APP026958,Harsha Nair,Bengaluru,2024-06-17,BR002,online,BTGLW0122C,9958288572,mgupta@protonmail.com,47.0,37740.0,,613,0.3663,0.0,3,gold,294000,24.0,0,,missing_required_field
LA013959,APP019374,Ananya Nair,Chennai,2024-06-02,BR026,online,HMTMJ9343F,7571403187,pchauhan@rediffmail.com,31.0,-1.0,self_employed_business,798,0.4245,0.0,0,gold,446000,24.0,0,,income_not_positive
LA013966,APP018461,Aditya Joshi,Coimbatore,2024-03-15,BR034,branch,FHTQI3112J,8944313100,mahesh.kapoor@yahoo.co.in,26.0,21797.0,self_employed_business,658,0.5173,1.0,1,personal,332000,,0,,missing_required_field
LA014001,APP003435,Deepika Sinha,Indore,2024-13-05,BR032,partner_referral,QRUBV5588B,9784751352,arao@hotmail.com,32.0,21881.0,salaried_government,819,0.4446,1.0,0,vehicle,503000,84.0,0,,unparseable_application_date
LA014003,APP008148,Yash Ramesh,Ludhiana,2024-10-31,BR006,partner_referral,RTVQL5969I,7932981175,pchatterjee@rediffmail.com,28.0,97458.0,salaried_private,787,0.3915,0.0,0,personal,424000,,0,,missing_required_field
LA014005,APP017875,Harsha Krishnan,Madurai,2025-03-15,BR005,online,CEYJI3945Y,7741144096,cpillai@yahoo.co.in,58.0,-25000.0,salaried_private,657,0.6094,1.0,3,vehicle,347000,48.0,0,,income_not_positive
LA014015,APP001065,Aditya Rao,Mumbai,2025-02-28,BR032,online,FDIHY7160B,8593227574,arjun_shetty7@rediffmail.com,35.0,-1.0,contract,627,0.2563,1.0,3,gold,189000,18.0,0,,income_not_positive
LA014046,APP024535,Rahul Rao,Kanpur,2023-08-09,BR028,partner_referral,HGXTN5821S,6546218031,aditi_hegde4@yahoo.co.in,35.0,-1.0, SELF_EMPLOYED_PROFESSIONAL ,399,0.3827,1.0,10,gold,120000,24.0,0,,income_not_positive
LA014065,APP009187,Reyansh Desai,Coimbatore,31/02/2024,BR017,online,FGZHT6833X,7726688916,knaidu@protonmail.com,30.0,39538.0,salaried_private,733,0.352,2.0,0,gold,115000,18.0,0,,unparseable_application_date
LA014087,APP022401,Meera Krishnan,Kochi,2023-03-19,BR031,branch,NXRAH6042V,6842177473,ananya_kulkarni2@rediffmail.com,25.0,40181.0,self_employed_professional,0,0.3332,0.0,1,home,1500000,240.0,0,,credit_score_out_of_range
LA014090,APP012844,Ishaan Krishnan,Chennai,2024-03-06,BR033,direct_sales_agent,YAFWG8629R,6958459974,vaishnavi.pillai@rediffmail.com,36.0,-1.0,salaried_private,816,0.3651,0.0,1,personal,258000,12.0,0,,income_not_positive
LA014096,APP008981,Arjun Shah,Madurai,2023-05-27,BR019,branch,IDYEB3758N,7007625200,sridhar_rathore7@rediffmail.com,30.0,21870.0,salaried_private,120,0.649,1.0,0,home,1500000,360.0,1,681067.83,credit_score_out_of_range
LA014112,APP010341,Nandini Varma,Mysuru,2024-10-24,BR011,branch,MWISG6322C,6032205842,harish.naidu@yahoo.co.in,32.0,16735.0,SALARIED_PRIVATE,836,0.3756,,0,vehicle,154000,36.0,0,,missing_required_field
LA014176,APP015260,Vinay Pillai,Tirunelveli,2024-11-04,BR024,branch,BLEGE2996T,6984680266,uma71@hotmail.com,41.0,-25000.0,salaried_private,674,0.5058,0.0,1,personal,464000,60.0,0,,income_not_positive
LA014179,APP010985,Sneha Reddy,Ahmedabad,2024-13-05,BR002,branch,MPLTV4997Y,9977596782,aditi_patel7@hotmail.com,33.0,157189.0,salaried_private ,654,0.3096,0.0,3,gold,549000,12.0,0,,unparseable_application_date
LA014180,APP021673,Aditya Menon,Jaipur,2025-03-30,BR021,online,PGKSM5749J,7627584374,chetan.mehta@rediffmail.com,45.0,32189.0,self_employed_business,615,0.2091,,4,personal,138000,24.0,0,,missing_required_field
LA014200,APP025049,Sneha Chauhan,Jaipur,2025-04-03,BR040,online,QENFI6137K,8688846994,ananya34@outlook.com,37.0,31176.0,self_employed_professional,649,0.4164,,2,home,1500000,300.0,0,,missing_required_field
LA014202,APP016712,Krishna Malhotra,Hyderabad,2024-05-22,BR013,branch,SIWRU4600E,6346969891,kiran_kapoor6@outlook.com,46.0,0.0,salaried_private,546,0.3743,0.0,5,personal,292000,24.0,0,,income_not_positive
LA014298,APP026820,Manoj Kulkarni,Vadodara,2023-02-14,BR031,online,SIFXI8600N,6637390476,priya.chatterjee@gmail.com,26.0,126361.0,,823,0.8334,1.0,0,personal,1067000,12.0,0,,missing_required_field
LA014302,APP018649,Rahul Pillai,Jaipur,31/02/2024,BR003,online,JGANL2362K,8984115005,rajesh16@hotmail.com,27.0,34228.0,self_employed_business,488,0.3983,0.0,12,gold,79000,6.0,1,28121.32,unparseable_application_date
LA014338,APP026912,Aarav Subramanian,Hyderabad,2023-09-24,BR013,branch,WCXBN2097J,7599909080,hema_joshi3@gmail.com,36.0,50502.0,,682,0.5664,2.0,3,vehicle,412000,24.0,0,,missing_required_field
LA014354,APP026431,Aniket Ramesh, Bhopal,2023-01-07,BR026,branch,RWSEU1735J,8330333350,sanjana13@outlook.com,49.0,18572.0,self_employed_professional,775,0.2991,0.0,0,gold,119000,,0,,missing_required_field
LA014386,APP011039,Karthik Kulkarni,Nashik,2024-08-14,BR038,branch,UKYUR0774P,6481536083,vinay.rathore@hotmail.com,33.0,20928.0,salaried_private,509,0.6006,,7,home,1500000,360.0,0,,missing_required_field
LA014390,APP002961,Anjali Iyer,Tirunelveli,2023-07-06,BR003,branch,UEILM0468D,6392530550,priya_prasad2@hotmail.com,30.0,-25000.0,salaried_government,773,0.7013,1.0,1,home,1500000,240.0,0,,income_not_positive
LA014413,APP023163,Anjali Banerjee,Jaipur,2024-01-30,BR008,direct_sales_agent,DIIYD1243B,6594783100,bhavana26@rediffmail.com,29.0,33772.0,self_employed_professional,4300,0.4093,0.0,1,personal,498000,48.0,0,,credit_score_out_of_range
LA014421,APP026242,Nandini Rao,Vadodara,2023-06-05,BR027,online,FJUNI6927L,8621684068,esha_bhat7@protonmail.com,46.0,17456.0,self_employed_professional,779,0.95,2.0,1,personal,312000,,0,,missing_required_field
LA014425,APP014451,Ananya Desai,Delhi,2025-01-23,BR012,partner_referral,HRIHV0334Z,7666292397,rajesh61@hotmail.com,39.0,-1.0,salaried_private,897,0.3061,2.0,0,gold,140000,36.0,0,,income_not_positive
LA014446,APP020300,Lakshmi Gowda,Delhi,2023-02-05,BR035,online,PUTHV7539Q,7413035198,swathi87@outlook.com,35.0,33569.0,self_employed_business,459,0.459,2.0,7,gold,92000,,0,,missing_required_field
LA014460,APP010805,Anjali Bose,Pune,2024-10-21,BR016,online,BSGFA7197Y,6049439947,uma.verma@hotmail.com,32.0,65585.0, SALARIED_PRIVATE ,781,0.3721,,0,personal,672000,48.0,0,,missing_required_field
LA014482,APP021088,Ananya Krishnan,Bhopal,2023-06-15,BR030,online,SRKPJ8036R,6783618255,biyer@outlook.com,39.0,76554.0, self_employed_business,641,0.5611,,3,vehicle,1400000,48.0,0,,missing_required_field
LA014485,APP014456,Gayathri Sharma,Mysuru,2024-05-17,BR034,partner_referral,LQPMW7634G,6947786586,manoj_venkatesan8@outlook.com,39.0,-25000.0,salaried_private,721,0.7045,0.0,0,vehicle,1521000,24.0,0,,income_not_positive
LA014509,APP007541,Lakshmi Banerjee,Pune,2024-04-24,BR009,online,RUJQR5131I,9276374356,shreya87@rediffmail.com,28.0,-1.0,salaried_private,687,0.3023,1.0,1,personal,398000,48.0,0,,income_not_positive
LA000218,APP020920,Swathi Naidu,Indore,2025-05-13,BR033,online,TYKLK0310E,6205710171,sridhar.ghosh@outlook.com,38.0,66407.0,self_employed_business,589,0.3621,2.0,3,personal,441000,36.0,1,298084.2,duplicate_application_id
LA014516,APP016493,Reyansh Sharma,Rajkot,not_a_date,BR022,online,AYRKL8913J,6411356672,hema83@outlook.com,45.0,150912.0,salaried_private,707,0.4449,2.0,1,personal,1307000,36.0,0,,unparseable_application_date
LA014525,APP018132,Aarav Subramanian,Kolkata ,2025-01-15,BR019,branch,WFYTT2903M,9874856713,uma94@rediffmail.com,,36882.0,salaried_private,767,0.3309,0.0,1,vehicle,380000,36.0,0,,missing_required_field
LA014537,APP025821,Lakshmi Pillai, Indore,2024-08-24,BR028,branch,KYKIT3317W,6424411966,nverma@outlook.com,42.0,146102.0,self_employed_professional,985,0.3731,0.0,8,home,5272000,180.0,0,,credit_score_out_of_range
LA014560,APP015219,Saanvi Bose,Mumbai,2025-05-09,BR014,direct_sales_agent,VLLQV6002M,8466433541,anand.ghosh@outlook.com,40.0,75162.0,salaried_private,900,0.6173,0.0,0,vehicle,1867000,,0,,missing_required_field
LA014568,APP004550,Krishna Desai,Ludhiana,2024-07-12,BR010,branch,MZFFU5954Z,8388739729,jverma@outlook.com,38.0,31983.0,salaried_government,617,0.4391,,1,vehicle,837000,84.0,0,,missing_required_field
LA014608,APP009519,Praveen Iyer,Ahmedabad,2023-01-27,BR036,partner_referral,STVEA1210J,6825181140,ramya_pillai2@outlook.com,31.0,-25000.0,salaried_private,739,0.4264,1.0,0,personal,484000,48.0,0,,income_not_positive
LA000090,APP026256,Rohan Gowda,Mumbai,2024-06-25,BR038,branch,XLXBD3036Z,9580665719,yamini.sharma@yahoo.co.in,46.0,26311.0,self_employed_professional,692,0.5208,1.0,1,personal,355000,36.0,1,241022.77,duplicate_application_id
LA000339,APP019035,Reyansh Banerjee,Ahmedabad,2025-06-03,BR005,online,BNNPD5317M,6754734241,kprasad@rediffmail.com,29.0,37310.0,self_employed_business,683,0.5057,0.0,0,home,2349000,360.0,0,,duplicate_application_id
LA014684,APP005622,Divya Varma,Kolkata,2023-01-17,BR027,online,PEWVC3434G,8275704354,sridhar.bhatia@rediffmail.com,52.0,-25000.0,salaried_government,683,0.1689,0.0,1,personal,188000,36.0,0,,income_not_positive
LA014685,APP015905,Sandeep Prasad,Chennai,2025-03-31,BR001,online,EKMVA6933M,6380397216,naveen98@protonmail.com,42.0,69982.0,salaried_private,703,0.288,,0,personal,578000,36.0,0,,missing_required_field
LA000041,APP014358,Rahul Shah,Ludhiana,2024-03-14,BR039,branch,VNGNN8123H,8585833196,rohit_sharma1@rediffmail.com,38.0,59443.0,salaried_private,612,0.7792,2.0,2,personal,416000,12.0,0,,duplicate_application_id
LA014691,APP018032,Rohan Kapoor,Indore,2025-02-13,BR027,partner_referral,NUXVH8129T,9474911086,lkapoor@protonmail.com,60.0,52561.0,salaried_private,-15,0.6738,2.0,1,vehicle,1213000,60.0,1,778636.96,credit_score_out_of_range
LA000272,APP018645,Priya Varma,Hyderabad,2025-06-08,BR033,branch,WJRJF8267K,7107065854,lakshmi_prasad1@protonmail.com,27.0,32597.0,self_employed_business,716,0.8633,2.0,2,vehicle,892000,48.0,1,250775.1,duplicate_application_id
LA014702,APP024850,Arjun Sharma,Ahmedabad,2025-06-10,BR029,branch,FNBTD7939T,8112522912,suresh_mukherjee7@outlook.com,36.0,27057.0,self_employed_professional ,704,0.5024,0.0,4,personal,281000,,0,,missing_required_field
LA014732,APP010574,Diya Desai,Pune,2024-05-03,BR030,online,VBZNW6241B,9703489904,sunita.iyer@rediffmail.com,32.0,35659.0,salaried_private,657,0.7857,0.0,2,personal,310000,,0,,missing_required_field
LA014757,APP026532,Saanvi Desai, Mysuru,2024-09-19,BR034,online,XJGNG0920N,7747043829,swathi74@yahoo.co.in,51.0,37329.0,self_employed_professional,250,0.3392,0.0,3,personal,446000,48.0,0,,credit_score_out_of_range
LA014773,APP024469,Vinay Hegde,Mysuru,2023-05-10,BR032,online,UWYWG8844I,9808553136,swathi.chauhan@yahoo.co.in,34.0,50509.0,self_employed_professional,673,0.45,,1,personal,543000,36.0,0,,missing_required_field
LA000333,APP015949,Bhavana Krishnan,Ahmedabad,2024-01-24,BR030,direct_sales_agent,EVRDT8420K,7625109086,pallavi21@hotmail.com,43.0,-1.0,salaried_private,795,0.3832,0.0,0,vehicle,824000,84.0,0,,duplicate_application_id
LA014778,APP014457,Rahul Verma,Ahmedabad ,2024-07-25,BR019,branch,TBNTJ8679S,7662612991,yraman@hotmail.com,39.0,-25000.0,salaried_private,702,0.5797,0.0,3,personal,469000,24.0,0,,income_not_positive
LA014782,APP006368,Meera Nair,Coimbatore,2025-04-14,BR006,branch,FKYDY0846D,9341717763,vikram_venkatesan3@rediffmail.com,25.0,37635.0,salaried_private,552,0.5318,1.0,5,home,1880000,,0,,missing_required_field
LA014783,APP026844,Swathi Kulkarni,Nashik,2023-09-17,BR039,online,VLYGQ5983D,9108105992,sshetty@protonmail.com,30.0,111446.0,,719,0.5511,1.0,2,home,5623000,180.0,0,,missing_required_field
LA014788,APP018164,Bhavana Varma,Lucknow,2024-04-30,BR034,online,RVQPQ4034Z,7733268384,nandini52@gmail.com,,82911.0,salaried_private,559,0.4648,1.0,5,home,2576000,120.0,0,,missing_required_field
LA014801,APP020407,Diya Verma, Hyderabad,2025-02-20,BR004,partner_referral,BWHGH2249P,8322912079,bhavana88@outlook.com,36.0,101013.0,self_employed_business,839,0.4252,1.0,0,home,3848000,,0,,missing_required_field
LA014810,APP026227,Siddharth Iyer,Hyderabad,2024-03-25,BR009,branch,SFPSW1874T,6508885132,nandini_shah9@yahoo.co.in,46.0,-1.0,self_employed_professional,694,0.4749,0.0,1,vehicle,1368000,48.0,0,,income_not_positive
LA014812,APP026811,Sneha Bhat,Hyderabad,2024-05-20,BR009,branch,ZXABH8822F,9412037115,rajesh62@protonmail.com,23.0,64214.0,,860,0.3801,0.0,0,home,3070000,300.0,0,,missing_required_field
LA014822,APP009525,Yash Ramesh,Rajkot,2023-10-19,BR008,online,EHZWC7086I,6678703306,schatterjee@hotmail.com,31.0,0.0,SALARIED_PRIVATE,858,0.4186,1.0,0,gold,80000,12.0,0,,income_not_positive
LA014829,APP022200,Neha Nair,Lucknow,2024-03-08,BR025,online,DZEHH8207W,7957322872,eprasad@protonmail.com,,36105.0,self_employed_business,649,0.2038,0.0,2,gold,83000,12.0,0,,missing_required_field
LA014834,APP024061,Rohan Hegde,Ahmedabad ,2025-06-23,BR034,online,HIPNP1174K,8286865714,uma_krishnan5@protonmail.com,33.0,0.0,self_employed_professional,719,0.6876,3.0,1,gold,213000,12.0,0,,income_not_positive
LA000311,APP018584,Neha Verma,Lucknow,2024-12-19,BR010,online,XAUCR8575X,9254081934,harish71@yahoo.co.in,27.0,12000.0,self_employed_business,843,0.5023,0.0,0,vehicle,286000,60.0,0,,duplicate_application_id
LA014865,APP004285,Ishaan Krishnan,Chennai,2023-03-24,BR039,branch,ZBMSE3138N,6603206052,varun20@protonmail.com,36.0,51291.0,salaried_government,664,0.5103,,2,vehicle,1032000,60.0,0,,missing_required_field
LA014881,APP016477,Lakshmi Ramesh,Hyderabad,2024-03-31,BR028,online,FSTBX4875L,6471544952,nnaidu@gmail.com,45.0,-1.0,salaried_private,813,0.4538,0.0,0,home,1813000,240.0,0,,income_not_positive
LA014930,APP021012,Lakshmi Subramanian,Nagpur,not_a_date,BR021,direct_sales_agent,GECVX7241Z,7351915405,sridhar.banerjee@rediffmail.com,39.0,33268.0,self_employed_business,799,0.3776,1.0,0,gold,94000,12.0,0,,unparseable_application_date
LA014935,APP018154,Priya Bose,Delhi,2024-02-08,BR001,branch,XPGTB1900L,9560600168,chetan.prasad@gmail.com,,54178.0,salaried_private,630,0.3988,0.0,3,gold,354000,18.0,0,,missing_required_field
LA014936,APP012541,Rahul Shah,Kanpur,2024-05-13,BR019,branch,QCTPU8363V,8791839314,ganesh91@rediffmail.com,35.0,36901.0,salaried_private,900,0.6292,1.0,0,home,1500000,,0,,missing_required_field
LA000447,APP000230,Siddharth Verma,Vadodara,2024-09-25,BR013,direct_sales_agent,NICTC0553Z,6756802654,rajesh_naidu8@hotmail.com,27.0,21590.0,contract,765,0.6031,1.0,0,vehicle,640000,84.0,0,,duplicate_application_id
LA014943,APP002065,Nikhil Varma,Tirunelveli,2023-02-22,BR004,partner_referral,UDMNG7044E,6615341765,meera.kulkarni@yahoo.co.in,,60965.0,contract,532,0.8036,3.0,7,home,3732000,240.0,0,,missing_required_field
LA014982,APP020874,Neha Sinha,Mumbai,2023-10-16,BR001,branch,KWUAA4607L,7457635114,bhavana32@rediffmail.com,38.0,39974.0,self_employed_business,727,0.4773,3.0,0,gold,281000,,0,,missing_required_field
LA014987,APP006211,Meera Menon,Vadodara,2023-09-28,BR039,online,QNZHQ9669A,9827210446,gayatri55@gmail.com,25.0,107067.0, SALARIED_PRIVATE ,985,0.6266,1.0,2,home,6636000,240.0,0,,credit_score_out_of_range
LA015016,APP014458,Lakshmi Reddy,Ludhiana,2024-02-09,BR039,partner_referral,VKPHU1226P,6945677269,rajesh83@hotmail.com,39.0,-25000.0,salaried_private,637,0.7709,3.0,2,home,1523000,240.0,0,,income_not_positive
LA015029,APP026835,Vinay Chauhan,Indore,2024-08-13,BR014,online,TMIZI9752N,8049636672,tarun.bhatia@outlook.com,28.0,66146.0,,900,0.5184,1.0,0,home,3752000,300.0,0,,missing_required_field
LA015049,APP026783,Aarav Naidu,Nagpur,2023-11-03,BR020,online,CNVBV6933E,7852912847,suresh34@outlook.com,,21919.0,self_employed_professional,488,0.5285,1.0,4,gold,202000,24.0,0,,missing_required_field
LA015070,APP011824,Pooja Nair,Nagpur,2024-08-08,BR033,partner_referral,PBPCY2468U,7438167698,ramya94@protonmail.com,34.0,30938.0,salaried_private,509,0.6677,,8,personal,658000,60.0,1,398273.44,missing_required_field
LA000348,APP009446,Sneha Sinha,Delhi,2024-04-27,BR011,direct_sales_agent,ATLPH8279A,6055852780,harish59@outlook.com,30.0,75495.0,salaried_private,773,0.4281,1.0,0,home,3185000,300.0,0,,duplicate_application_id
LA000453,APP024826,Arjun Gowda,Kolkata,2023-04-02,BR029,branch,KWWUG9313W,9808641295,aditi_sharma9@gmail.com,36.0,19093.0,Self_Employed_Professional,759,0.6879,1.0,0,vehicle,383000,36.0,0,,duplicate_application_id
LA015113,APP013107,Saanvi Bhat,Pune,2023-12-08,BR020,partner_referral,AMAXV1580V,6778534963,tnaidu@rediffmail.com,36.0,33839.0,salaried_private,612,0.747,,2,home,2355000,240.0,0,,missing_required_field
LA015117,APP004811,Saanvi Shah,Kochi,2023-10-16,BR035,partner_referral,FSMYB6325Y,6229570573,ananya_iyer7@gmail.com,40.0,32592.0,salaried_government,800,0.4378,,0,vehicle,869000,84.0,0,,missing_required_field
LA015126,APP018112,Kavya Iyer,Mysuru,2023-02-19,BR023,partner_referral,SYTMB7926X,9067907694,nithya.hegde@hotmail.com,,25586.0,salaried_private,730,0.4882,1.0,2,personal,124000,12.0,1,104546.82,missing_required_field
LA015149,APP013366,Neha Chatterjee,Mumbai,2024-10-21,BR010,partner_referral,VXHTS2611Y,8415952817,arjun23@hotmail.com,36.0,72689.0,salaried_private,0,0.3127,0.0,3,personal,816000,48.0,0,,credit_score_out_of_range
LA015184,APP022202,Nikhil Nair,Chennai,2024-11-03,BR022,partner_referral,CAQVS4533R,6408584608,lakshmi.joshi@yahoo.co.in,,45833.0,self_employed_business,900,0.6783,2.0,1,personal,880000,48.0,0,,missing_required_field
LA015189,APP026906,Karthik Sinha, Jaipur,2023-09-21,BR008,online,CWHVP8244K,6534602178,farhan.bhat@yahoo.co.in,36.0,26054.0,,866,0.6301,2.0,0,home,1500000,300.0,0,,missing_required_field
LA015235,APP023819,Lakshmi Verma,Bengaluru,2023-12-19,BR003,online,XSFJH6238M,7002136304,imran85@yahoo.co.in,32.0,-1.0,self_employed_professional,640,0.6211,1.0,4,home,3733000,240.0,0,,income_not_positive
LA015273,APP015383,Gayathri Hegde,Madurai ,2024-09-26,BR023,branch,CBMGY5642N,6814492779,divya59@hotmail.com,41.0,27440.0,salaried_private,665,0.4589,0.0,0,personal,361000,,0,,missing_required_field
LA015275,APP005821,Aadhya Naidu,Rajkot,2023-05-27,BR019,partner_referral,VXUVT1195K,7201086209,bhavana38@yahoo.co.in,,47973.0,salaried_government,749,0.4838,0.0,0,personal,981000,60.0,0,,missing_required_field
LA015312,APP018167,Ritika Desai,Coimbatore,2025-03-28,BR019,direct_sales_agent,IFUKI5044E,7408095275,vikram.bhatia@protonmail.com,,86498.0,salaried_private,621,0.95,3.0,3,gold,403000,6.0,0,,missing_required_field
LA015356,APP016706,Divya Hegde,Surat,2025-04-01,BR003,branch,UIQXZ0103R,7964822526,bhargav99@gmail.com,46.0,-1.0,salaried_private,821,0.2361,0.0,0,vehicle,559000,48.0,0,,income_not_positive
LA015363,APP008813,Bhavana Kulkarni,Bengaluru,2024-01-12,BR030,online,YEIRA5958B,9681364278,hema.venkatesan@gmail.com,29.0,94148.0,salaried_private,250,0.3577,0.0,2,gold,722000,24.0,0,,credit_score_out_of_range
LA015373,APP021469,Bhavana Mukherjee,Mumbai,2023-12-27,BR013,branch,IPAQG9898N,8259299716,omkar_agarwal3@hotmail.com,43.0,-1.0,self_employed_business ,706,0.3355,0.0,3,home,10317000,180.0,0,,income_not_positive
LA000278,APP024543,Kavya Verma,Nashik,2023-12-02,BR002,branch,EHDIN5489T,7014694624,nithya23@protonmail.com,35.0,101819.0,self_employed_professional,778,0.2094,0.0,0,personal,775000,48.0,0,,duplicate_application_id
LA015449,APP018097,Bhavana Malhotra,Vadodara,2023-12-06,BR017,direct_sales_agent,TLMXU8634Q,7361479037,mahesh_gupta1@outlook.com,,16677.0,salaried_private,421,0.7614,5.0,7,personal,193000,36.0,0,,missing_required_field
LA000112,APP017937,Lakshmi Pillai,Tirunelveli,2023-01-05,BR026,branch,GYQBQ9937R,6160655381,draman@rediffmail.com,60.0,115350.0,salaried_private,795,0.5981,1.0,1,home,7538000,300.0,0,,duplicate_application_id
LA015543,APP024802,Vivaan Bhat,Visakhapatnam,2025-03-14,BR023,partner_referral,WFLYZ4555D,9883611786,ishita.patel@hotmail.com,36.0,105985.0,self_employed_professional,692,0.3349,1.0,4,personal,1308000,,0,,missing_required_field
LA015559,APP005816,Sandeep Malhotra,Ahmedabad,2025-06-06,BR026,branch,CZTWX8224Z,7707545965,hkapoor@protonmail.com,,41911.0,salaried_government,670,0.4766,1.0,1,vehicle,449000,36.0,0,,missing_required_field
LA015589,APP014235,Gayathri Reddy,Surat,2023-03-15,BR034,partner_referral,GFCWD0577R,7827552935,esha93@outlook.com,38.0,36390.0,salaried_private,740,0.4924,0.0,4,gold,104000,,0,,missing_required_field
LA015622,APP018065,Nikhil Subramanian,Vadodara,2023-07-15,BR010,partner_referral,XDABQ9372U,6825862108,ujoshi@protonmail.com,60.0,77598.0,salaried_private,694,0.3839,1.0,0,gold,726000,,0,,missing_required_field
LA000267,APP000174,Lakshmi Chauhan,Nagpur,2024-01-15,BR034,partner_referral,PGHBP2185Q,9975611943,harish_prasad2@yahoo.co.in,26.0,36650.0,CONTRACT,796,0.386,1.0,1,home,1500000,300.0,0,,duplicate_application_id
LA015625,APP010262,Gayathri Ramesh,Hyderabad,2024-08-02,BR020,branch,IUBEX9873P,9415169416,harish_pillai2@rediffmail.com,32.0,0.0,salaried_private,705,0.4677,0.0,2,personal,952000,60.0,0,,income_not_positive
LA015633,APP026910,Manoj Varma,Nashik,2023-02-14,BR035,branch,TGVUI6210I,6249778419,kavya.agarwal@protonmail.com,36.0,33174.0,,828,0.5791,2.0,0,gold,248000,18.0,0,,missing_required_field
LA015635,APP015256,Harsha Rao,Ahmedabad,2024-09-19,BR034,online,RUWLV9660G,9117155380,ishita_rathore4@rediffmail.com,41.0,-1.0,salaried_private,772,0.5159,2.0,2,personal,1500000,36.0,0,,income_not_positive
LA015648,APP023852,Aditya Mukherjee,Mysuru,31/02/2024,BR020,branch,BNRQG0924D,9593908015,sunita45@rediffmail.com,32.0,15297.0,self_employed_professional,714,0.6404,3.0,5,gold,141000,36.0,0,,unparseable_application_date
LA000034,APP009118,Rahul Subramanian,Ludhiana,2025-01-28,BR027,online,EKZWJ6293S,6604517215,sandeep87@rediffmail.com,30.0,33527.0,salaried_private,680,0.5768,2.0,1,vehicle,753000,84.0,0,,duplicate_application_id
LA015754,APP025173,Deepika Hegde,Nagpur,2024-07-31,BR018,branch,HRXRW3554I,6743357507,jrao@hotmail.com,38.0,-1.0,self_employed_professional,766,0.5491,0.0,0,vehicle,367000,60.0,0,,income_not_positive
LA015770,APP010968,Ritika Reddy,Rajkot,,BR018,branch,AAIYH4141V,8364051607,bhavana_banerjee8@protonmail.com,33.0,13966.0,salaried_private,643,0.6874,1.0,3,vehicle,278000,36.0,0,,unparseable_application_date
LA015775,APP024153,Sneha Bhat,Ahmedabad,2024-03-09,BR029,partner_referral,RGSUW1372H,6604970678,meera60@yahoo.co.in,33.0,31092.0,self_employed_professional,710,0.4504,0.0,2,personal,504000,,0,,missing_required_field
LA015795,APP023570,Ritika Verma,Bhopal,2025-04-10,BR007,online,GEHEG3544M,9558815535,farhan75@outlook.com,31.0,129758.0,self_employed_professional,690,0.5798,2.0,2,personal,1500000,,0,,missing_required_field
LA000016,APP024095,Lakshmi Krishnan,Madurai,2025-02-18,BR027,direct_sales_agent,LZYSR2024Z,9210783602,farhan.subramanian@yahoo.co.in,33.0,17298.0,self_employed_professional,877,0.3021,0.0,0,personal,154000,36.0,0,,duplicate_application_id
LA000091,APP022553,Vikram Naidu,Coimbatore,2023-03-11,BR003,online,CZFQN6785B,6509750233,ramya_das7@rediffmail.com,26.0,38677.0,self_employed_professional,844,0.2951,0.0,1,personal,490000,60.0,0,,duplicate_application_id
LA015810,APP023466,Shreya Chatterjee,Kolkata,2023-02-19,BR037,online,NSTTG0994C,9185635034,vikram_gupta6@yahoo.co.in,30.0,49643.0,self_employed_professional,4300,0.5663,0.0,2,home,3118000,240.0,0,,credit_score_out_of_range
LA015849,APP009458,Sneha Shah,Coimbatore,2024-05-13,BR022,branch,JJDZU5787V,8421217305,swathi_nair2@yahoo.co.in,30.0,79165.0,salaried_private,647,0.8803,,1,personal,1005000,36.0,0,,missing_required_field
LA015863,APP016174,Bhavana Mukherjee,Tirunelveli,2024-01-12,BR026,online,ZLCXE3481H,8459969263,gayatri.naidu@hotmail.com,43.0,61336.0,salaried_private,829,0.2524,,0,personal,334000,36.0,0,,missing_required_field
LA015869,APP016686,Priya Subramanian,Kanpur,2024-02-14,BR036,online,GEEAN0816F,7430863006,esha_menon5@hotmail.com,45.0,81417.0,Salaried_Private,657,0.9065,,1,home,5539000,300.0,0,,missing_required_field
LA015879,APP016380,Reyansh Menon,Coimbatore,2024-03-06,BR022,branch,LSJAT0603I,8034974858,pallavi94@gmail.com,44.0,40396.0,salaried_private,432,0.4516,0.0,7,vehicle,705000,,0,,missing_required_field
LA015904,APP016707,Nikhil Banerjee,Ludhiana,2025-03-17,BR022,branch,ERVGV4071X,8098674879,divya33@gmail.com,46.0,-1.0,salaried_private,437,0.5615,1.0,7,personal,204000,12.0,0,,income_not_positive
LA015907,APP019086,Aadhya Banerjee,Pune,2023-06-17,BR035,branch,YUTEQ9584P,9776371196,praveen.shetty@hotmail.com,29.0,48987.0,self_employed_business,702,0.2334,0.0,1,vehicle,354000,,0,,missing_required_field
LA000468,APP004852,Priya Mukherjee,Vadodara,2025-04-03,BR015,partner_referral,BVRPM1674D,6026234682,bmukherjee@protonmail.com,40.0,61485.0,SALARIED_GOVERNMENT,632,0.5805,2.0,1,home,3246000,360.0,0,,duplicate_application_id
LA015927,APP004975,Reyansh Joshi,Ludhiana,2023-05-02,BR020,direct_sales_agent,QPWAU8100F,6522635581,meera.shah@rediffmail.com,42.0,-1.0,salaried_government,856,0.2299,0.0,0,gold,100000,24.0,0,,income_not_positive
LA015949,APP012803,Gayathri Joshi,Surat,,BR006,branch,JLJEN0492W,9166010201,deepak46@gmail.com,35.0,78741.0,salaried_private,356,0.95,1.0,8,personal,901000,12.0,1,738965.96,unparseable_application_date
LA016025,APP014868,Harsha Varma,Kanpur,2025-02-02,BR027,branch,FEYKU7174H,6100465052,vinay.pillai@protonmail.com,39.0,95014.0,salaried_private,654,0.2922,0.0,2,personal,993000,,0,,missing_required_field
LA016026,APP018092,Sandeep Hegde,Kochi,2023-04-17,BR008,branch,QIRIJ4097N,8109167783,dinesh10@protonmail.com,,149572.0,salaried_private,743,0.6066,0.0,3,home,9057000,180.0,0,,missing_required_field
LA016031,APP025667,Shreya Shah,Hyderabad,2024-05-17,BR001,branch,BVNXW7980R,6889348594,gayatri_banerjee1@hotmail.com,41.0,-1.0,self_employed_professional,765,0.5702,1.0,2,vehicle,934000,84.0,0,,income_not_positive
LA016042,APP008833,Saanvi Prasad,Kanpur ,2024-11-05,BR003,branch,LUEFD1054P,8968938161,vaishnavi71@yahoo.co.in,30.0,0.0,Salaried_Private,374,0.7702,0.0,12,personal,353000,12.0,0,,income_not_positive
LA016070,APP019073,Sneha Pillai,Ahmedabad,2023-02-06,BR022,branch,KAGMZ4173C,9934289991,karthik_rao9@hotmail.com,29.0,45612.0,self_employed_business,676,0.2331,1.0,2,gold,58000,,0,,missing_required_field
LA016111,APP013426,Siddharth Menon,Ludhiana,2023-10-10,BR003,branch,ANXYY3304E,7954136570,ramya55@yahoo.co.in,37.0,-25000.0,salaried_private,705,0.3245,1.0,2,gold,120000,12.0,0,,income_not_positive
LA016140,APP026899,Saanvi Nair,Lucknow,2024-02-07,BR037,partner_referral,FBUNP2139U,6879929444,rohit_banerjee1@yahoo.co.in,35.0,30990.0,,732,0.5076,0.0,0,personal,325000,24.0,0,,missing_required_field
LA016145,APP024798,Bhavana Kulkarni,Tirunelveli,2025-01-31,BR028,branch,UNQZR8540A,6794296667,suresh.kapoor@yahoo.co.in,36.0,0.0,self_employed_professional,737,0.3952,1.0,1,home,3504000,240.0,0,,income_not_positive
LA016148,APP022186,Ritika Malhotra,Mysuru,2023-09-17,BR022,direct_sales_agent,UGSZQ9872J,6442779249,swathi_bhat5@rediffmail.com,,140644.0,self_employed_business,694,0.433,0.0,1,home,6750000,240.0,0,,missing_required_field
LA016151,APP010034,Rahul Subramanian,Visakhapatnam,,BR017,branch,NWBSB4540R,6261033470,hema_mehta9@yahoo.co.in,31.0,52451.0,salaried_private,900,0.6128,1.0,0,vehicle,317000,12.0,0,,unparseable_application_date
LA016155,APP026957,Saanvi Hegde,Nashik,2023-10-28,BR035,online,MBCCT4422C,7373328128,swathi.kapoor@outlook.com,47.0,24494.0,,791,0.7594,0.0,2,vehicle,405000,24.0,0,,missing_required_field
LA016177,APP012857,Shreya Naidu,Bhopal,2024-02-01,BR029,partner_referral,SAYYX4671C,8899236568,charitha98@hotmail.com,36.0,0.0,salaried_private,747,0.4603,0.0,2,home,1500000,180.0,0,,income_not_positive
LA016211,APP019978,Praveen Prasad,Chennai,,BR031,branch,KZTRK8402I,9130418398,anand_subramanian2@yahoo.co.in,33.0,52504.0,self_employed_business,723,0.5501,0.0,1,home,3217000,240.0,0,,unparseable_application_date
LA016236,APP014885,Vinay Shah,Indore,2023-09-04,BR040,branch,TREPN7182S,7062136380,meera.das@gmail.com,40.0,0.0,salaried_private,569,0.4805,0.0,3,vehicle,1106000,84.0,0,,income_not_positive
LA016238,APP016245,Priya Banerjee,Kochi,2024-07-21,BR030,branch,SKEXP7398Y,6792900205,bhavana94@yahoo.co.in,44.0,0.0,salaried_private,634,0.3164,0.0,3,home,3868000,240.0,0,,income_not_positive
LA016266,APP024617,Priya Patel,Vadodara,2023-09-25,BR003,branch,HVDDU0115G,8170943303,charitha.patel@rediffmail.com,35.0,27147.0,self_employed_professional,869,0.3191,,0,gold,186000,24.0,0,,missing_required_field
LA016267,APP026965,Ritika Sharma,Bhopal,2023-07-20,BR024,online,JALLV7246G,9509616101,pallavi_joshi7@rediffmail.com,48.0,59391.0,,841,0.4395,1.0,1,home,2586000,300.0,0,,missing_required_field
LA016279,APP026839,Aadhya Mukherjee,Ludhiana,2025-05-15,BR004,branch,BZLRJ8091T,9206955541,siyer@rediffmail.com,29.0,13652.0,,839,0.5846,2.0,1,personal,69000,12.0,0,,missing_required_field
LA016302,APP013381,Shreya Sinha,Delhi,,BR038,online,IDQMN0127E,8336972308,imran.sharma@yahoo.co.in,36.0,78883.0,salaried_private,553,0.4636,0.0,5,personal,1500000,60.0,0,,unparseable_application_date
LA016317,APP000103,Manoj Rao,Pune,2023-03-02,BR012,online,UKQSM2538I,9311097168,cdas@rediffmail.com,25.0,41284.0,contract ,748,0.4153,,1,gold,173000,12.0,0,,missing_required_field
LA016376,APP010859,Divya Patel,Mumbai,2024-02-25,BR005,partner_referral,SXTQB7026N,9962556455,sbhat@outlook.com,32.0,78297.0,salaried_private,742,0.3324,,0,home,2901000,240.0,0,,missing_required_field
LA016388,APP002995,Aditya Nair,Ludhiana,not_a_date,BR022,online,DNCWU6450A,8404426051,deepak82@protonmail.com,30.0,19733.0,salaried_government,770,0.3961,1.0,0,gold,125000,24.0,0,,unparseable_application_date
LA016397,APP023875,Meera Subramanian,Ahmedabad,2025-01-12,BR038,branch,ALXGU5507D,6335932089,dinesh30@rediffmail.com,32.0,22822.0,self_employed_professional,0,0.5979,0.0,1,gold,154000,12.0,1,45317.42,credit_score_out_of_range
LA016431,APP018468,Pooja Sinha,Vadodara,2023-05-20,BR003,online,RICHN7789L,6224443039,usubramanian@outlook.com,26.0,23174.0,self_employed_business,570,0.1973,,4,vehicle,141000,36.0,0,,missing_required_field
LA016433,APP022397,Praveen Rao,Chennai,2024-13-05,BR011,direct_sales_agent,HSHKK9457C,9999591268,uma.hegde@hotmail.com,25.0,36980.0,self_employed_professional,690,0.8725,3.0,2,vehicle,1087000,60.0,1,343397.5,unparseable_application_date
LA016439,APP014201,Shreya Pillai,Mysuru,2024-07-03,BR014,branch,QBSCS4498N,6546314108,omkar.agarwal@rediffmail.com,38.0,31923.0,salaried_private,628,0.4251,1.0,2,gold,230000,,0,,missing_required_field
LA016444,APP023626,Shreya Joshi,Surat,2025-04-26,BR034,online,EAPZY5828P,9598747824,ganesh.mehta@hotmail.com,31.0,23914.0,self_employed_professional,761,0.4803,1.0,1,gold,175000,,0,,missing_required_field
LA016451,APP007542,Saanvi Menon,Surat,2024-01-28,BR003,branch,SYKZQ8940S,8587495920,ganesh_rao7@rediffmail.com,28.0,-1.0,salaried_private,559,0.1492,0.0,4,personal,124000,48.0,0,,income_not_positive
LA016457,APP009520,Gayathri Sharma,Bengaluru,2023-01-20,BR025,branch,ZBBCF2154T,7733126656,uma43@outlook.com,31.0,-25000.0,salaried_private,731,0.4021,0.0,1,home,2486000,300.0,0,,income_not_positive
LA016458,APP026858,Divya Subramanian,Madurai,2024-06-28,BR028,branch,JQYPX0317N,7187205835,aditi.das@outlook.com,31.0,41927.0,,814,0.5261,1.0,1,vehicle,603000,36.0,0,,missing_required_field
LA016475,APP001182,Ritika Gowda,Mumbai,2024-04-02,BR006,direct_sales_agent,SWIQR4456Q,7075786114,sanjana_chauhan3@outlook.com,36.0,-1.0,contract,638,0.3982,2.0,3,gold,142000,24.0,0,,income_not_positive
LA016479,APP014994,Arjun Malhotra,Surat,2024-11-04,BR014,direct_sales_agent,UBZVN9786C,6838009416,sanjana_shetty7@rediffmail.com,40.0,26958.0,salaried_private,405,0.4924,,12,home,1615000,360.0,0,,missing_required_field
LA016493,APP019084,Bhavana Verma,Bhopal,2024-01-18,BR003,online,NIGDT5764R,8773200059,dinesh.shah@protonmail.com,29.0,48643.0,self_employed_business,659,0.5311,3.0,5,personal,723000,,0,,missing_required_field
LA016537,APP006470,Sneha Gowda,Kolkata,2025-04-24,BR002,online,UBNKD1402L,6120283772,praveen13@gmail.com,25.0,59509.0,salaried_private,731,0.648,1.0,0,vehicle,784000,,0,,missing_required_field
LA016538,APP022190,Sneha Menon,Visakhapatnam,2025-04-23,BR033,online,WVDFC1585R,7833334853,deepak_malhotra3@outlook.com,,21248.0,self_employed_business,816,0.4606,2.0,0,gold,55000,12.0,0,,missing_required_field
LA016544,APP016228,Vivaan Verma,Madurai,not_a_date,BR015,branch,JZRMK9950R,8308720077,gayatri_raman7@yahoo.co.in,43.0,85585.0,salaried_private,748,0.2931,0.0,2,gold,762000,36.0,0,,unparseable_application_date
LA016559,APP002421,Deepika Krishnan,Chennai,2024-07-26,BR014,branch,KPAZI8898T,8944799765,jyothi35@rediffmail.com,27.0,102667.0,salaried_government,747,0.2234,0.0,2,personal,663000,,0,,missing_required_field
LA016564,APP020892,Arjun Sinha,Bhopal,2024-13-05,BR035,branch,YMMKX7337U,8821094069,vaishnavi_banerjee4@rediffmail.com,38.0,49501.0,self_employed_business,666,0.3767,1.0,5,gold,259000,18.0,0,,unparseable_application_date
LA016567,APP015767,Vikram Bose,Mysuru,not_a_date,BR022,branch,QXFTA7641E,7477526099,vinay_mehta6@outlook.com,42.0,29213.0,Salaried_Private,774,0.6342,4.0,0,personal,359000,60.0,0,,unparseable_application_date
LA016568,APP023115,Aniket Banerjee,Rajkot ,31/02/2024,BR025,branch,AQAGF2659P,9542274353,esha.subramanian@outlook.com,29.0,23685.0,self_employed_professional,675,0.3941,0.0,2,personal,192000,24.0,0,,unparseable_application_date
LA016575,APP021715,Aditya Hegde,Rajkot,2024-03-23,BR018,online,QBCII0241G,8392627514,ananya97@yahoo.co.in,46.0,0.0,self_employed_business,774,0.2137,0.0,0,gold,185000,18.0,0,,income_not_positive
LA016577,APP016381,Bhavana Gowda,Mysuru,2023-04-09,BR004,online,LDSRN0531B,8929297760,arathore@rediffmail.com,44.0,40498.0,salaried_private,985,0.7831,2.0,2,vehicle,1028000,48.0,0,,credit_score_out_of_range
LA016587,APP015264,Nikhil Mukherjee,Bengaluru,2024-02-23,BR011,branch,TBJEI7970G,6402545500,rajesh96@hotmail.com,41.0,0.0,Salaried_Private,686,0.5264,0.0,3,home,2780000,300.0,0,,income_not_positive
LA016590,APP012852,Shreya Patel,Bengaluru,2024-04-12,BR036,partner_referral,EGHBN8053N,9499866294,zoya.ghosh@yahoo.co.in,36.0,-25000.0,salaried_private,717,0.2607,0.0,1,vehicle,1142000,48.0,0,,income_not_positive
LA016602,APP022040,Kavya Krishnan,Coimbatore,2024-04-28,BR012,online,DNFDU8491E,7637574319,nprasad@rediffmail.com,53.0,80112.0,self_employed_business,799,0.4764,,0,gold,701000,24.0,0,,missing_required_field
LA016615,APP011514,Gayathri Menon,Rajkot,2023-09-29,BR003,online,KLRKM1014I,8024241919,chetan_patel4@protonmail.com,33.0,76287.0,salaried_private,681,0.4677,2.0,5,gold,495000,,0,,missing_required_field
LA016622,APP004275,Shreya Gowda,Ludhiana,31/02/2024,BR009,branch,LVDNV5545H,8979591223,graman@rediffmail.com,36.0,46535.0,salaried_government,627,0.2426,0.0,5,gold,341000,36.0,0,,unparseable_application_date
LA016625,APP019426,Rahul Shah,Visakhapatnam,2025-05-02,BR020,online,AQKDY3777U,6194179287,farhan.das@yahoo.co.in,31.0,212973.0,self_employed_business,985,0.4715,2.0,0,home,6602000,180.0,0,,credit_score_out_of_range
LA000369,APP024829,Aniket Iyer,Vadodara,2025-06-02,BR006,branch,IPAIT1837A,7084731020,aarav_mehta7@outlook.com,36.0,19384.0,self_employed_professional,811,0.4772,0.0,0,personal,395000,60.0,0,,duplicate_application_id
LA016649,APP005078,Kavya Patel,Coimbatore,2024-04-20,BR009,branch,IEHDJ9855U,8700542295,drathore@gmail.com,43.0,-1.0,salaried_government,558,0.4511,1.0,7,gold,159000,24.0,0,,income_not_positive
LA016663,APP020044,Meera Ramesh,Indore,2024-04-19,BR034,direct_sales_agent,IEEAY5436X,8527835504,ganesh_gupta8@protonmail.com,34.0,-25000.0,self_employed_business,768,0.2513,0.0,1,gold,443000,36.0,0,,income_not_positive
LA016671,APP006534,Bhavana Hegde,Vadodara,2025-01-01,BR029,online,YMDYG1317C,8670781646,imran.kapoor@yahoo.co.in,26.0,-25000.0,salaried_private,536,0.608,1.0,6,personal,1393000,48.0,0,,income_not_positive
LA016690,APP014229,Praveen Chatterjee,Coimbatore,2024-01-02,BR019,branch,HDKEQ6693Y,9994837538,sridhar_verma9@protonmail.com,38.0,35340.0,salaried_private,606,0.6126,0.0,4,vehicle,1006000,,1,416905.78,missing_required_field
LA000415,APP006033,Swathi Verma,Vadodara,2025-06-12,BR037,partner_referral,EMYSN3768I,9361921278,nkapoor@hotmail.com,24.0,26340.0,salaried_private,694,0.5138,1.0,1,personal,519000,60.0,0,,duplicate_application_id
LA016712,APP022025,Rahul Ramesh,Pune,2023-01-21,BR023,branch,LJWUB6447B,9641232043,sanjana.bhatia@gmail.com,53.0,33857.0,self_employed_business,1200,0.6327,1.0,5,home,2061000,300.0,0,,credit_score_out_of_range
LA016722,APP026369,Neha Patel,Kolkata,2024-09-12,BR031,partner_referral,QAQBB9311I,8430333792,vaishnavi.kulkarni@outlook.com,48.0,-25000.0,self_employed_professional,589,0.3104,0.0,5,personal,393000,60.0,1,297960.64,income_not_positive
LA016743,APP026565,Nikhil Chauhan,Kochi,2024-04-08,BR008,online,WNBHM7415F,9293727491,mrathore@rediffmail.com,52.0,48475.0,self_employed_professional,738,0.4585,,2,vehicle,1356000,84.0,0,,missing_required_field
LA016777,APP026873,Saanvi Nair,Visakhapatnam,2025-04-21,BR001,branch,PCVAA1055I,8155693495,esha_mukherjee9@protonmail.com,32.0,54438.0,,661,0.6725,1.0,3,personal,1130000,48.0,0,,missing_required_field
LA016779,APP000574,Swathi Pillai,Bengaluru,2024-08-25,BR040,branch,DHIWE1520F,7547760046,lbanerjee@yahoo.co.in,30.0,48341.0,contract,695,0.5297,1.0,1,personal,944000,,1,827149.58,missing_required_field
LA016782,APP026950,Krishna Iyer, Mumbai,2023-05-26,BR001,branch,FHQTH6611D,7055778685,anand_rathore1@protonmail.com,46.0,103697.0,,584,0.521,3.0,4,personal,1074000,36.0,0,,missing_required_field
LA016788,APP026902,Reyansh Mukherjee,Jaipur ,2023-03-27,BR031,partner_referral,PTXDF6321S,8836887567,creddy@protonmail.com,35.0,80698.0,,859,0.4405,1.0,0,home,3876000,300.0,0,,missing_required_field
LA016791,APP013282,Reyansh Patel,Bengaluru,2023-06-04,BR006,online,JTCWU7983W,8186876226,kkulkarni@hotmail.com,36.0,56646.0,salaried_private,709,0.4816,,2,gold,308000,12.0,0,,missing_required_field
LA016829,APP017689,Siddharth Bhat,Chennai,2023-06-14,BR003,branch,FKMQF8781V,7556498887,ishita.kulkarni@yahoo.co.in,54.0,-1.0,salaried_private,760,0.2578,0.0,0,gold,96000,18.0,0,,income_not_positive
LA016834,APP018161,Rahul Chauhan,Ludhiana,2025-04-04,BR024,branch,IVTHX9288F,8956437710,bhargav14@rediffmail.com,,68543.0,salaried_private,602,0.472,0.0,6,vehicle,995000,36.0,0,,missing_required_field
LA016841,APP001799,Bhavana Reddy,Bengaluru,,BR040,branch,HEMZL1974S,8739361668,ganesh.shetty@gmail.com,45.0,31865.0,contract,657,0.5991,0.0,2,vehicle,589000,36.0,0,,unparseable_application_date
LA016890,APP026651,Harsha Nair,Mumbai,2023-07-27,BR020,branch,QKSHS0251Z,7324178255,sanjana88@rediffmail.com,56.0,12000.0,self_employed_professional,4300,0.612,1.0,2,personal,185000,36.0,0,,credit_score_out_of_range
LA016893,APP000935,Aditya Banerjee,Indore,2024-04-20,BR017,branch,NVDEN2395W,9772180011,jbhatia@yahoo.co.in,34.0,-1.0,contract,694,0.3054,0.0,0,personal,185000,36.0,0,,income_not_positive
LA016897,APP000915,Kavya Kulkarni,Visakhapatnam,2023-05-18,BR029,branch,FLJZB1441I,9332805170,vikram.shetty@protonmail.com,33.0,67148.0,contract,0,0.4965,0.0,0,vehicle,1565000,60.0,0,,credit_score_out_of_range
LA000366,APP020096,Ishaan Joshi,Jaipur,2025-04-05,BR020,online,GFWPZ5821M,7519668316,yamini.bhatia@hotmail.com,34.0,26172.0,Self_Employed_Business,721,0.3274,0.0,0,vehicle,186000,24.0,0,,duplicate_application_id
LA016918,APP016260,Yash Shah,Kochi ,2023-12-10,BR009,online,CLNVZ8244E,9768752450,naveen_patel5@rediffmail.com,44.0,12000.0,salaried_private,985,0.2341,1.0,1,personal,50000,48.0,0,,credit_score_out_of_range
LA016958,APP001420,Rahul Prasad,Coimbatore,2024-08-12,BR018,branch,QZZYH8007G,7378499134,schauhan@protonmail.com,38.0,38357.0,Contract,876,0.3606,,0,gold,122000,12.0,0,,missing_required_field
LA016976,APP017446,Reyansh Joshi,Visakhapatnam,2023-01-26,BR006,branch,MJQJZ4382Q,9346154210,chetan.gupta@protonmail.com,51.0,0.0,salaried_private,541,0.399,2.0,5,personal,335000,36.0,1,186814.21,income_not_positive
LA017015,APP011014,Bhavana Naidu,Mumbai,not_a_date,BR040,partner_referral,AWRQC9946P,7581066631,arjun.bhatia@outlook.com,33.0,18865.0,Salaried_Private,766,0.2639,1.0,0,personal,79000,24.0,0,,unparseable_application_date
LA017031,APP022206,Arjun Bhat,Nashik,2025-01-13,BR016,direct_sales_agent,VCZHM3231P,9236013877,meera18@gmail.com,,58597.0,self_employed_business,707,0.5494,1.0,1,vehicle,1636000,84.0,0,,missing_required_field
LA017044,APP026810,Pooja Sharma,Mumbai,2024-07-10,BR007,online,DDXPG2677Q,7453768618,spatel@protonmail.com,23.0,30808.0,,746,0.5081,1.0,0,personal,478000,48.0,0,,missing_required_field
LA017050,APP026908,Nikhil Ramesh,Indore,2023-04-04,BR030,branch,NDVRK3432L,7480843174,jayanth_malhotra2@outlook.com,36.0,32584.0,,654,0.7979,1.0,3,vehicle,273000,12.0,0,,missing_required_field
LA017077,APP023551,Deepika Shah,Nashik,2023-06-26,BR022,partner_referral,AIPFC0621M,6856530240,varun78@outlook.com,31.0,-25000.0,self_employed_professional,715,0.5373,1.0,1,vehicle,2500000,48.0,0,,income_not_positive
LA017089,APP005820,Manoj Desai,Indore,2023-11-15,BR010,partner_referral,NHEHP8830W,6943608720,esha72@hotmail.com,,46925.0,salaried_government,473,0.5875,0.0,6,home,3307000,360.0,0,,missing_required_field
LA000158,APP021806,Siddharth Kapoor,Nagpur,2025-01-18,BR016,partner_referral,UJYSU4672Q,7837994127,sunita.bhatia@hotmail.com,47.0,38215.0,self_employed_business,736,0.6595,1.0,0,personal,433000,24.0,0,,duplicate_application_id
LA017122,APP026814,Aarav Chatterjee,Bengaluru,2025-03-05,BR023,branch,YWFRM2921Q,7275379412,nandini26@rediffmail.com,24.0,36220.0,,626,0.3925,1.0,2,gold,290000,36.0,0,,missing_required_field
LA017130,APP012472,Harsha Rao,Rajkot,2023-08-15,BR016,branch,HMEXQ4957G,9622242809,charitha.gowda@outlook.com,35.0,30395.0,salaried_private,120,0.359,0.0,1,gold,233000,24.0,0,,credit_score_out_of_range
LA017138,APP007733,Swathi Nair,Jaipur,2024-03-20,BR002,branch,VJVJV0473N,8702070479,ramya.rao@outlook.com,28.0,26272.0,salaried_private,470,0.184,,6,personal,110000,36.0,0,,missing_required_field
LA017187,APP000723,Aniket Bhat,Kochi,2024-07-05,BR018,branch,VUIVD5329H,7638935644,mgowda@gmail.com,32.0,-1.0,contract,372,0.3662,0.0,8,gold,423000,24.0,0,,income_not_positive
LA017201,APP010927,Neha Nair,Visakhapatnam,2024-02-09,BR004,branch,QVJXG0631W,8852758126,ganesh.rathore@rediffmail.com,33.0,100568.0,salaried_private,900,0.3958,0.0,0,home,4620000,,0,,missing_required_field
LA017239,APP020567,Reyansh Bhat,Ludhiana ,31/02/2024,BR040,online,LFLXF0125J,6805771135,omkar_naidu1@outlook.com,36.0,78289.0,self_employed_business,651,0.285,0.0,4,home,2683000,300.0,0,,unparseable_application_date
LA017252,APP014878,Diya Sharma,Indore,2025-01-21,BR003,online,FBFZQ4367T,9763699492,sgowda@rediffmail.com,40.0,-1.0,salaried_private,502,0.5351,1.0,4,personal,420000,36.0,0,,income_not_positive
LA017263,APP013158,Nandini Banerjee,Surat,2024-08-05,BR034,branch,QMSRL3480I,6836737124,pallavi43@outlook.com,36.0,39214.0,salaried_private,691,0.5154,,2,home,2210000,360.0,0,,missing_required_field
LA017274,APP012332,Arjun Naidu,Rajkot,2024-13-05,BR021,branch,UKHAL5676Q,7567011619,esha_rathore3@rediffmail.com,35.0,17738.0,salaried_private,752,0.2858,1.0,1,gold,105000,36.0,0,,unparseable_application_date
LA017275,APP022254,Praveen Chatterjee,Coimbatore,2024-13-05,BR019,branch,HJBIP5105B,8825064703,deepak42@protonmail.com,23.0,59323.0,self_employed_professional,887,0.5856,2.0,0,gold,512000,24.0,0,,unparseable_application_date
LA017285,APP004495,Vinay Nair,Surat,2025-03-26,BR008,partner_referral,CFVBD3390Z,9035900427,uma.prasad@rediffmail.com,38.0,-25000.0,salaried_government,842,0.5186,1.0,0,personal,340000,48.0,0,,income_not_positive
LA017310,APP021780,Neha Malhotra,Coimbatore,2024-12-14,BR002,branch,RXNAQ2802M,6816520191,jmehta@protonmail.com,47.0,-25000.0,self_employed_business ,900,0.5067,0.0,0,home,3167000,300.0,0,,income_not_positive
LA017315,APP022361,Bhavana Patel,Nagpur,2024-09-12,BR033,online,EZJZJ9510D,6221897505,yamini.shah@rediffmail.com,25.0,202428.0,self_employed_professional,-15,0.3179,1.0,5,vehicle,2500000,84.0,0,,credit_score_out_of_range
LA017395,APP018093,Priya Ramesh,Ludhiana,2023-02-09,BR038,partner_referral,TKKKG7736P,6870204087,kavya73@outlook.com,,154677.0,salaried_private,720,0.3779,2.0,0,personal,776000,24.0,0,,missing_required_field
LA017401,APP009509,Arjun Sharma,Bhopal,2024-10-24,BR010,branch,MIQNE8099G,8700295156,rohit_chatterjee8@rediffmail.com,31.0,-1.0,salaried_private,900,0.4761,0.0,0,vehicle,1281000,60.0,0,,income_not_positive
LA017448,APP025934,Aniket Chauhan,Hyderabad,2024-10-07,BR017,branch,THXEX8374R,7677124956,omkar.subramanian@protonmail.com,43.0,0.0,self_employed_professional,806,0.3727,0.0,0,home,2504000,240.0,0,,income_not_positive
LA017465,APP008823,Siddharth Joshi,Indore,2025-05-23,BR016,online,XKKKA3618M,8456705802,sandeep74@outlook.com,30.0,-25000.0,salaried_private,731,0.439,1.0,1,personal,567000,24.0,0,,income_not_positive
LA000190,APP013096,Aniket Sharma,Lucknow,2024-08-11,BR006,branch,GNYLW2649Y,9691624794,aarav.shah@gmail.com,36.0,32297.0,salaried_private,612,0.6121,2.0,1,vehicle,271000,24.0,0,,duplicate_application_id
LA017550,APP002039,Aditya Menon,Ludhiana,2023-05-31,BR034,branch,JNBHF0137L,6355280508,asharma@hotmail.com,60.0,19621.0,contract,700,0.2882,0.0,2,gold,121000,,0,,missing_required_field
LA017562,APP008254,Ritika Verma,Rajkot,2024-08-08,BR016,branch,HQIWL0262K,8848375018,jyothi_nair9@protonmail.com,29.0,18704.0,salaried_private,120,0.4982,0.0,4,personal,334000,48.0,1,249153.53,credit_score_out_of_range
LA017570,APP026847,Arjun Banerjee,Vadodara,2023-07-21,BR034,online,YTAPS6601Q,8994088179,zvenkatesan@protonmail.com,30.0,19042.0,,633,0.6041,1.0,0,vehicle,449000,60.0,0,,missing_required_field
LA017571,APP026777,Praveen Naidu,Rajkot,2024-12-02,BR011,online,KCPCA4239M,7556344426,harish.mukherjee@rediffmail.com,,13375.0,self_employed_professional,698,0.1067,0.0,2,personal,51000,48.0,0,,missing_required_field
LA017587,APP014415,Karthik Sharma,Indore,2023-10-19,BR035,partner_referral,DCTUY5206K,9076740277,vinay77@outlook.com,38.0,81132.0,salaried_private,0,0.5604,1.0,2,home,5437000,360.0,1,3068133.78,credit_score_out_of_range
LA017592,APP021984,Harsha Bose,Kolkata,2023-08-29,BR023,online,NKGNA9791F,9950901475,hagarwal@rediffmail.com,52.0,-1.0,self_employed_business,430,0.95,4.0,6,home,1779000,240.0,0,,income_not_positive
LA017594,APP025695,Deepika Menon,Rajkot,not_a_date,BR016,online,AUSCR4766R,7158280149,gkulkarni@hotmail.com,41.0,21544.0,self_employed_professional,609,0.4917,2.0,3,vehicle,314000,48.0,0,,unparseable_application_date
LA017601,APP009885,Kavya Malhotra,Rajkot,2024-02-15,BR034,partner_referral,HZGYS3355Y,7585784781,vikram.ghosh@yahoo.co.in,31.0,38421.0,salaried_private ,250,0.241,1.0,5,gold,67000,12.0,0,,credit_score_out_of_range
LA017611,APP018125,Nikhil Subramanian,Ahmedabad,2023-11-14,BR038,branch,XIPGM4212A,8094576191,vaishnavi_chatterjee4@rediffmail.com,,32614.0,SALARIED_PRIVATE,793,0.475,1.0,0,gold,145000,12.0,0,,missing_required_field
LA017615,APP014890,Rahul Mukherjee,Coimbatore,2024-05-22,BR030,direct_sales_agent,DLBGW8983L,6266436536,pallavi_naidu2@yahoo.co.in,40.0,106271.0,salaried_private,900,0.3867,0.0,0,vehicle,2500000,,0,,missing_required_field
LA017703,APP017444,Rohan Desai,Mumbai,2025-04-12,BR009,partner_referral,HNTMP1093D,9514924315,nhegde@rediffmail.com,51.0,-25000.0,Salaried_Private,717,0.7422,0.0,2,gold,117000,6.0,0,,income_not_positive
LA017708,APP008158,Manoj Patel,Rajkot,2025-01-22,BR021,partner_referral,JDHMV8986U,9181351445,jayanth.menon@protonmail.com,29.0,-25000.0,salaried_private,716,0.4947,0.0,0,home,2810000,360.0,0,,income_not_positive
LA017724,APP009610,Ananya Desai, Nashik,2024-13-05,BR006,branch,VTXQV1974Q,7759730545,jayanth.rao@gmail.com,31.0,165704.0,salaried_private,734,0.4063,1.0,1,home,6289000,240.0,0,,unparseable_application_date
LA017782,APP017742,Pooja Naidu,Bengaluru ,2023-02-11,BR001,online,IYNDP0384K,9074159707,yamini54@gmail.com,55.0,0.0,salaried_private,836,0.4874,0.0,0,personal,312000,24.0,0,,income_not_positive
LA017784,APP026889,Priya Desai,Bengaluru,2023-01-14,BR015,online,QGHRQ8080M,9593115087,rahul14@gmail.com,34.0,25806.0,,778,0.4633,3.0,0,personal,204000,48.0,0,,missing_required_field
LA017786,APP023555,Arjun Rao,Vadodara ,31/02/2024,BR004,partner_referral,NGHJF5460D,9228544798,sridhar_nair7@outlook.com,31.0,105757.0,self_employed_professional,900,0.3818,0.0,0,gold,868000,24.0,0,,unparseable_application_date
LA017792,APP012207,Pooja Varma,Mumbai,2023-10-30,BR039,branch,TZNTC4393B,6968026535,ramya33@yahoo.co.in,34.0,97680.0,salaried_private,642,0.7827,,1,vehicle,1953000,48.0,0,,missing_required_field
LA017793,APP018116,Ananya Rao,Kanpur ,2024-07-09,BR037,branch,CWXRV2828J,8998196356,srao@gmail.com,,27428.0,salaried_private ,684,0.4741,1.0,3,vehicle,215000,24.0,0,,missing_required_field
LA017805,APP016904,Anjali Rao,Coimbatore,2024-08-10,BR020,online,GKDPK7614Z,7739831038,yamini58@yahoo.co.in,47.0,-25000.0,salaried_private,640,0.2482,0.0,2,gold,131000,12.0,0,,income_not_positive
LA017859,APP008657,Diya Pillai,Pune,,BR013,online,YVLQU4409K,8127794884,dchauhan@yahoo.co.in,29.0,57171.0,salaried_private,530,0.95,0.0,4,personal,659000,12.0,1,395549.65,unparseable_application_date
LA017873,APP004171,Aditya Ramesh,Kanpur,2024-04-15,BR009,online,ZGSTY9443X,6493316835,suresh_kapoor1@gmail.com,36.0,0.0,salaried_government,706,0.4961,1.0,1,personal,773000,48.0,0,,income_not_positive
LA017875,APP026866,Saanvi Hegde,Nagpur,2025-03-07,BR029,branch,DCLJS0818W,8273060032,jyothi_mehta3@hotmail.com,32.0,19602.0,,766,0.424,1.0,2,personal,288000,60.0,0,,missing_required_field
LA017881,APP007709,Rohan Malhotra,Nashik,2024-07-24,BR003,direct_sales_agent,IUWWS8092Q,8826889166,rahul.ghosh@rediffmail.com,28.0,24698.0,salaried_private,250,0.7179,1.0,7,vehicle,484000,36.0,1,249801.23,credit_score_out_of_range
LA017899,APP014094,Sneha Subramanian,Nashik,not_a_date,BR020,online,BNGEC0820T,9418689955,farhan43@rediffmail.com,38.0,18989.0,salaried_private,586,0.6468,1.0,4,personal,234000,24.0,0,,unparseable_application_date
LA017932,APP018776,Aarav Kapoor,Ahmedabad,2023-12-18,BR012,branch,TFWCS1664E,8504258053,sanjana.kapoor@outlook.com,28.0,20970.0,self_employed_business,738,0.5971,1.0,1,vehicle,480000,,0,,missing_required_field
LA017945,APP015633,Gayathri Malhotra,Hyderabad,2025-05-24,BR004,branch,ABFID9005U,9818861372,dinesh87@outlook.com,41.0,84020.0,salaried_private,689,0.5041,3.0,1,personal,889000,,0,,missing_required_field
LA017946,APP011218,Swathi Bhat,Pune,31/02/2024,BR014,direct_sales_agent,BPPFL0154E,6997756523,esha_patel8@rediffmail.com,33.0,37315.0,salaried_private,671,0.3329,0.0,1,home,1500000,300.0,0,,unparseable_application_date
LA017989,APP004650,Ananya Banerjee,Kanpur,2023-10-14,BR011,branch,RNXDJ7462J,8429899890,aarav_venkatesan9@outlook.com,39.0,161273.0,salaried_government,0,0.3575,1.0,2,gold,1000000,24.0,0,,credit_score_out_of_range
LA017991,APP008834,Deepika Pillai,Chennai,2024-05-25,BR015,branch,JUDZI5122E,9762567274,vaishnavi15@yahoo.co.in,30.0,0.0,salaried_private,853,0.3908,2.0,1,gold,139000,24.0,0,,income_not_positive
LA017994,APP013020,Krishna Menon,Tirunelveli,2024-02-21,BR038,branch,GKCEL5197L,8892407291,chetan.rathore@yahoo.co.in,36.0,25924.0,salaried_private,-15,0.2682,0.0,1,gold,115000,18.0,0,,credit_score_out_of_range
LA018018,APP018088,Aadhya Nair,Lucknow,2023-09-03,BR031,branch,UGHGE8330Q,8108461796,sridhar.prasad@protonmail.com,,127972.0,SALARIED_PRIVATE,800,0.415,1.0,0,home,5923000,360.0,0,,missing_required_field
LA018019,APP026923,Shreya Krishnan,Tirunelveli ,2024-01-22,BR017,online,DWICL2301W,6926004093,ssubramanian@yahoo.co.in,39.0,110285.0,,696,0.2071,0.0,2,gold,377000,18.0,0,,missing_required_field
LA018027,APP011790,Krishna Bose,Jaipur,2024-05-17,BR009,branch,SRQDE8474V,9366884114,vinay_bhat5@gmail.com,34.0,27440.0,salaried_private,-15,0.4244,0.0,0,vehicle,462000,48.0,0,,credit_score_out_of_range
LA018031,APP018135,Deepika Reddy,Kolkata,2024-01-30,BR003,direct_sales_agent,HNVZS9729T,9948623977,latha.prasad@protonmail.com,,40177.0,salaried_private,746,0.5654,1.0,2,home,1500000,120.0,0,,missing_required_field
LA018042,APP026714,Gayathri Hegde,Jaipur,2024-06-24,BR006,branch,IIUVH6987Y,7638983936,sgupta@protonmail.com,60.0,-1.0,self_employed_professional,713,0.5002,1.0,1,vehicle,100000,24.0,0,,income_not_positive
LA018104,APP008888,Saanvi Krishnan,Jaipur,2024-07-20,BR021,online,KLEXJ2201N,7104592857,harish.patel@hotmail.com,30.0,137010.0,salaried_private,4300,0.3757,1.0,3,personal,1500000,60.0,0,,credit_score_out_of_range
LA018114,APP012313,Harsha Menon,Coimbatore,2024-02-11,BR025,online,YYEEY2796G,8260686246,esha63@hotmail.com,35.0,16843.0,salaried_private,545,0.736,1.0,5,personal,290000,,1,228805.95,missing_required_field
LA018118,APP010915,Manoj Subramanian,Ahmedabad,2024-08-20,BR026,partner_referral,EYBRD0509H,7540848631,sandeep.sharma@rediffmail.com,33.0,-1.0,salaried_private,793,0.3981,0.0,2,home,1500000,240.0,0,,income_not_positive
LA018119,APP022187,Praveen Ramesh,Kolkata,2024-12-30,BR021,partner_referral,PMPZI6559X,7019750591,kpillai@rediffmail.com,,163996.0,self_employed_business ,689,0.3168,0.0,1,personal,1500000,36.0,0,,missing_required_field
LA018121,APP009510,Praveen Mukherjee,Pune,2024-02-18,BR033,direct_sales_agent,KGFLQ2353P,6150880848,rohit83@outlook.com,31.0,-1.0,salaried_private,851,0.169,0.0,1,personal,1500000,60.0,0,,income_not_positive
LA018134,APP013427,Nandini Varma,Mysuru,2024-01-11,BR040,branch,JWAEI4847U,6957310708,rbhatia@gmail.com,37.0,-25000.0,salaried_private,716,0.225,1.0,6,gold,72000,18.0,0,,income_not_positive
LA018141,APP001556,Lakshmi Verma,Pune,2024-13-05,BR010,branch,TJEJE2894F,9934105283,lgowda@outlook.com,40.0,26014.0,contract,575,0.4221,1.0,6,personal,181000,24.0,0,,unparseable_application_date
LA018142,APP016271,Deepika Rao,Bengaluru,2024-09-04,BR019,partner_referral,SLUVE6990B,7764132347,farhan28@protonmail.com,44.0,160617.0,SALARIED_PRIVATE,-15,0.4766,0.0,5,gold,862000,12.0,0,,credit_score_out_of_range
LA000182,APP018606,Kavya Chauhan,Kanpur,2024-04-01,BR016,online,UJZGI5329Z,8663730002,no-at-symbol.com,27.0,19440.0,self_employed_business,705,0.3566,1.0,2,gold,172000,36.0,0,,duplicate_application_id
LA018193,APP016242,Lakshmi Banerjee,Ludhiana,2023-04-27,BR034,partner_referral,QWFFJ8598S,9902731939,rajesh38@protonmail.com,44.0,-1.0,salaried_private,642,0.5031,1.0,4,personal,387000,48.0,0,,income_not_positive
LA000284,APP009814,Gayathri Bhat,Rajkot,2023-01-10,BR016,online,ATMIH2164F,9783472883,aditi10@yahoo.co.in,31.0,32396.0,salaried_private,670,0.5324,1.0,0,gold,301000,24.0,0,,duplicate_application_id
LA018221,APP026948,Ananya Joshi,Mysuru,2023-08-01,BR009,online,MDMFU1564K,8799978180,charitha.verma@hotmail.com,45.0,46548.0,,741,0.5482,1.0,4,personal,226000,12.0,0,,missing_required_field
LA018246,APP019209,Aditya Chauhan,Kolkata,2024-09-21,BR021,direct_sales_agent,YKPZL0898R,8175271431,aarav.gowda@outlook.com,30.0,26969.0,SELF_EMPLOYED_BUSINESS,120,0.4023,1.0,1,gold,142000,18.0,0,,credit_score_out_of_range
LA018247,APP013767,Reyansh Pillai,Chennai,2024-07-25,BR014,branch,GLBBU7294I,9360635744,arjun_joshi9@gmail.com,37.0,42767.0,salaried_private,511,0.6145,,8,gold,245000,12.0,0,,missing_required_field
LA018308,APP018099,Krishna Subramanian,Surat,2024-04-28,BR021,branch,FPVXS8972Q,8301218848,suresh56@yahoo.co.in,,17404.0,salaried_private,789,0.5148,0.0,0,gold,52000,6.0,0,,missing_required_field
LA018312,APP005830,Deepika Varma,Chennai,2024-08-20,BR032,branch,ZLPAM4503E,6924192879,suresh92@yahoo.co.in,,92802.0,salaried_government,674,0.5732,2.0,3,home,3780000,180.0,0,,missing_required_field
LA018341,APP005691,Saanvi Menon,Nashik,,BR034,direct_sales_agent,CQNTT1620Q,9032356070,shreya93@rediffmail.com,54.0,68386.0,salaried_government,723,0.661,3.0,0,personal,1097000,48.0,0,,unparseable_application_date
LA018353,APP005807,Nikhil Menon,Hyderabad,2023-06-28,BR010,branch,STEBD4256W,9134099043,meera13@outlook.com,,13039.0,salaried_government,809,0.95,2.0,2,home,1500000,180.0,0,,missing_required_field
LA018365,APP023548,Sandeep Nair,Ludhiana,2025-02-27,BR019,online,LNSIL4788C,7201262403,lakshmi_patel9@outlook.com,31.0,-1.0,self_employed_professional,756,0.3836,0.0,0,home,4496000,180.0,0,,income_not_positive
LA018368,APP002193,Manoj Patel,Ludhiana,2024-03-07,BR018,branch,CDTBF8366H,8491345638,sridhar.rao@gmail.com,25.0,-25000.0,salaried_government,787,0.5852,1.0,1,vehicle,782000,60.0,0,,income_not_positive
LA018405,APP018108,Aniket Shah,Ludhiana,2023-08-27,BR017,online,GMCUA7462R,9696046343,mbanerjee@yahoo.co.in,,24638.0,salaried_private,814,0.318,1.0,0,vehicle,202000,36.0,0,,missing_required_field
LA000007,APP009451,Aadhya Krishnan,Delhi,2023-01-19,BR023,branch,CPHZR0377X,9543835152,ananya.bose@outlook.com,30.0,76110.0,salaried_private,892,0.5585,2.0,0,personal,1085000,60.0,0,,duplicate_application_id
LA018465,APP009526,Karthik Bhat,Kanpur,2025-02-14,BR032,online,DXWYE1536B,6315005191,jyothi50@hotmail.com,31.0,0.0,salaried_private,684,0.5486,0.0,3,vehicle,709000,36.0,0,,income_not_positive
LA018466,APP026069,Krishna Joshi,Kochi,2023-04-29,BR040,online,VGKMN9264P,6197673727,anand20@gmail.com,44.0,32647.0,self_employed_professional,250,0.7727,1.0,4,gold,130000,6.0,0,,credit_score_out_of_range
LA018468,APP002119,Anjali Varma,Vadodara,31/02/2024,BR015,partner_referral,SWJEG4799F,8265015156,shreya.gupta@rediffmail.com,23.0,93704.0,salaried_government,599,0.6772,2.0,1,personal,1500000,48.0,0,,unparseable_application_date
LA018476,APP022801,Siddharth Verma,Kochi,2024-12-04,BR016,branch,WSULJ5107J,8583234459,varun50@protonmail.com,28.0,0.0,self_employed_professional,684,0.5516,0.0,2,home,6013000,120.0,0,,income_not_positive
LA000159,APP025625,Karthik Gowda,Surat,2024-05-13,BR020,online,NIAJN0029I,9527221787,swathi.krishnan@hotmail.com,40.0,58602.0,self_employed_professional,635,0.4748,0.0,4,personal,991000,48.0,0,,duplicate_application_id
LA018485,APP024555,Nandini Naidu,Pune,2023-01-23,BR013,online,CCVJY0816N,7230783681,sunita83@yahoo.co.in,35.0,12000.0,self_employed_professional,638,0.269,0.0,1,personal,115000,,0,,missing_required_field
LA018514,APP019159,Siddharth Bose,Pune,2023-05-04,BR018,online,DZFQU1034L,7170040183,swathi.deshpande@outlook.com,30.0,0.0,self_employed_business,733,0.5643,1.0,2,personal,894000,48.0,0,,income_not_positive
LA018523,APP024953,Krishna Hegde,Visakhapatnam,not_a_date,BR021,online,WUECE4297J,8628106250,lakshmi.shah@gmail.com,36.0,57287.0,self_employed_professional,588,0.6413,3.0,3,home,2222000,180.0,0,,unparseable_application_date
LA000149,APP012164,Aniket Malhotra,Ahmedabad,2023-09-19,BR022,branch,FXLAR4903T,987654321012,gayatri.bhatia@yahoo.co.in,34.0,78672.0,salaried_private,626,0.4044,0.0,2,personal,653000,24.0,0,,duplicate_application_id
LA018559,APP018933,Kavya Bose,Jaipur,2025-04-04,BR023,partner_referral,FXDME0959Y,9939638427,dinesh35@protonmail.com,29.0,0.0,SELF_EMPLOYED_BUSINESS,658,0.3034,0.0,3,personal,143000,24.0,0,,income_not_positive
LA018588,APP007009,Lakshmi Naidu,Ahmedabad,2024-02-03,BR001,partner_referral,QWCPE1090C,6362093852,uma_malhotra3@hotmail.com,27.0,-1.0,salaried_private,748,0.5978,2.0,0,vehicle,1067000,60.0,0,,income_not_positive
LA018609,APP014464,Nikhil Pillai,Kochi,2023-04-17,BR022,online,WZALB6671N,6351637780,yamini12@hotmail.com,39.0,0.0,salaried_private,768,0.5093,2.0,0,home,2085000,180.0,0,,income_not_positive
LA000115,APP007809,Priya Kapoor,Tirunelveli,2023-10-02,BR014,direct_sales_agent,ZAGJD0223L,6540558053,omkar47@outlook.com,28.0,33163.0,salaried_private ,656,0.6045,1.0,1,vehicle,499000,36.0,0,,duplicate_application_id
LA018719,APP018038,Ananya Bose,Kochi,2025-03-28,BR034,branch,BCFMK1798F,9398660978,aditi.naidu@rediffmail.com,60.0,53355.0,salaried_private,714,0.5154,,1,personal,568000,24.0,0,,missing_required_field
LA018731,APP001324,Aadhya Naidu,Kanpur,2023-08-26,BR023,branch,RUHJN0826Y,6335371104,nshetty@rediffmail.com,37.0,32201.0,contract,735,0.3148,0.0,1,gold,167000,,0,,missing_required_field
LA018737,APP022782,Swathi Varma,Vadodara,31/02/2024,BR038,branch,FINHQ6267T,7266176410,tarun.verma@rediffmail.com,27.0,88743.0, self_employed_professional,666,0.6889,2.0,1,vehicle,1778000,48.0,0,,unparseable_application_date
LA018759,APP018086,Praveen Naidu,Mysuru,2024-04-15,BR007,online,TLNMX4218Y,6627870350,rajesh66@yahoo.co.in,,114777.0,salaried_private,870,0.3376,1.0,0,personal,643000,24.0,0,,missing_required_field
LA018762,APP016466,Nikhil Bhat,Tirunelveli,2024-03-29,BR017,direct_sales_agent,YIUXY1847R,8003512791,ivenkatesan@gmail.com,44.0,80825.0,salaried_private,757,0.3763,0.0,1,personal,882000,,0,,missing_required_field
LA018793,APP015952,Anjali Reddy,Visakhapatnam,2023-10-31,BR018,direct_sales_agent,KGFMY9481I,7892246750,ganesh.patel@rediffmail.com,43.0,-25000.0,salaried_private,805,0.4593,0.0,0,vehicle,1106000,36.0,0,,income_not_positive
LA018795,APP018129,Kavya Malhotra,Tirunelveli,2023-03-10,BR017,partner_referral,HDXBV4694X,8885083203,yamini_hegde8@gmail.com,,34043.0,salaried_private,819,0.4619,2.0,2,gold,55000,6.0,0,,missing_required_field
LA018803,APP025844,Karthik Prasad,Bhopal,2024-08-24,BR026,branch,TGFYR0137Y,7336145526,hema.ghosh@outlook.com,42.0,23341.0,SELF_EMPLOYED_PROFESSIONAL,850,0.5626,0.0,0,home,1500000,,0,,missing_required_field
LA000414,APP011995,Aadhya Subramanian,Bengaluru,2024-01-24,BR028,online,XPLCC5262R,6362797570,dinesh85@hotmail.com,34.0,46152.0,salaried_private,780,0.2866,0.0,0,home,1500000,240.0,0,,duplicate_application_id
LA018817,APP017182,Rahul Nair,Bengaluru,,BR005,partner_referral,CSDVQ0433N,8662947628,hema_kulkarni8@protonmail.com,48.0,68093.0,salaried_private,594,0.7233,3.0,2,vehicle,609000,24.0,0,,unparseable_application_date
LA018837,APP004441,Ananya Pillai,Tirunelveli,2024-02-02,BR015,direct_sales_agent,PBSYE3772L,6278915796,jayanth_naidu8@outlook.com,37.0,48246.0,salaried_government,499,0.644,1.0,6,vehicle,556000,,0,,missing_required_field
LA018839,APP001306,Siddharth Ramesh,Kolkata,2024-07-03,BR015,direct_sales_agent,DCEDB8473B,8778477592,harish.iyer@protonmail.com,37.0,22806.0,contract,250,0.4122,0.0,0,vehicle,570000,84.0,0,,credit_score_out_of_range
LA018855,APP020211,Neha Chatterjee,Vadodara,2024-01-15,BR029,online,BGBZH9077Y,7840942725,suresh_mehta1@yahoo.co.in,34.0,88438.0,self_employed_business,840,0.4095,0.0,0,home,2926000,,0,,missing_required_field
LA000058,APP023401,Kavya Gowda,Tirunelveli,2023-07-13,BR031,direct_sales_agent,IJNXG0266F,6488863231,chetan.gupta@protonmail.com,30.0,33502.0,self_employed_professional,725,0.2563,0.0,0,personal,178000,24.0,0,,duplicate_application_id
LA018858,APP011578,Ritika Prasad,Indore,2025-01-06,BR021,direct_sales_agent,EEFHX8519V,8698063884,yamini10@outlook.com,34.0,-25000.0,salaried_private,733,0.4952,1.0,1,vehicle,1072000,60.0,0,,income_not_positive
LA000083,APP014623,Deepika Banerjee,Nagpur,2023-11-04,BR005,online,ABCD1234E,9464870702,rbhat@gmail.com,39.0,31711.0,salaried_private,643,0.4741,0.0,1,vehicle,594000,48.0,0,,duplicate_application_id
LA018874,APP026938,Aditya Desai,Pune,2024-11-27,BR008,partner_referral,EFJGA1197V,9902505495,varun.naidu@outlook.com,42.0,132044.0,,300,0.5741,0.0,11,home,8329000,300.0,1,2673435.28,missing_required_field
LA018886,APP019619,Ritika Prasad,Nagpur,not_a_date,BR037,online,TAJHY6416H,9717308407,nandini_sharma7@outlook.com,32.0,111779.0,self_employed_business,685,0.4276,1.0,1,personal,1500000,48.0,0,,unparseable_application_date
LA018904,APP015131,Rohan Bhat,Indore,,BR038,online,IAJHV9471N,7654944118,vaishnavi.agarwal@gmail.com,40.0,49590.0, salaried_private,736,0.4468,0.0,2,personal,246000,12.0,0,,unparseable_application_date
LA018932,APP004563,Ritika Joshi,Kochi,31/02/2024,BR038,branch,HEUAK6658L,7185410569,anand.shetty@gmail.com,38.0,36320.0,salaried_government,772,0.2561,1.0,0,personal,262000,48.0,0,,unparseable_application_date
LA018938,APP007696,Saanvi Krishnan,Tirunelveli,2023-04-01,BR007,direct_sales_agent,QDQDI6819Q,8259927825,sanjana.prasad@protonmail.com,28.0,23646.0,salaried_private,880,0.351,0.0,1,vehicle,395000,,0,,missing_required_field
LA018952,APP023483,Pooja Malhotra,Jaipur,2024-12-06,BR022,branch,DBCSR0568U,8685542997,suresh.kulkarni@outlook.com,30.0,55621.0,self_employed_professional,120,0.6218,3.0,4,personal,752000,60.0,0,,credit_score_out_of_range
LA018962,APP026779,Aarav Prasad, Bhopal,2025-06-20,BR023,branch,NLAJB8126Q,9769219470,suresh.chatterjee@protonmail.com,,17374.0,SELF_EMPLOYED_PROFESSIONAL,733,0.2415,0.0,1,gold,69000,18.0,0,,missing_required_field
LA000470,APP018396,Vivaan Shah,Lucknow,2023-03-06,BR030,branch,XVDUT0202F,7802408528,charitha70@gmail.com,25.0,45541.0,self_employed_business,685,0.438,0.0,1,home,1990000,180.0,0,,duplicate_application_id
LA018977,APP004760,Karthik Subramanian,Bhopal,2023-08-18,BR004,branch,GRMBT0428Q,9743627111,deepak.hegde@hotmail.com,40.0,112477.0,salaried_government,985,0.2641,0.0,0,home,3804000,360.0,0,,credit_score_out_of_range
LA018997,APP000592,Saanvi Krishnan,Bhopal,,BR015,branch,HKQIX1658T,9851865785,vikram94@outlook.com,30.0,62095.0,contract,592,0.666,1.0,2,home,4210000,300.0,1,1690640.17,unparseable_application_date
LA019026,APP010774,Ritika Varma,Lucknow,2024-01-01,BR012,online,USXMQ8431V,6415514074,farhan_patel1@rediffmail.com,32.0,60177.0,salaried_private,250,0.4464,0.0,0,home,2979000,240.0,0,,credit_score_out_of_range
LA019030,APP001067,Gayathri Joshi,Pune,2024-07-10,BR013,online,WRWTC9329Y,8322069570,rgupta@protonmail.com,35.0,-25000.0,contract,697,0.2182,0.0,0,personal,250000,48.0,0,,income_not_positive
LA019036,APP009357,Gayathri Chatterjee,Kanpur,2025-04-02,BR032,partner_referral,JMVDY3310K,7500841216,rahul_naidu5@protonmail.com,30.0,59593.0,salaried_private,725,0.3979,,2,vehicle,798000,60.0,0,,missing_required_field
LA019039,APP000261,Yash Malhotra,Mumbai,2025-02-24,BR019,partner_referral,JZRGF4422G,6225430882,gayatri_gupta9@yahoo.co.in,27.0,45881.0,CONTRACT,628,0.4311,,3,personal,644000,60.0,0,,missing_required_field
LA019046,APP009312,Bhavana Kulkarni,Ludhiana,2023-08-21,BR038,direct_sales_agent,UVVAA8642M,7187837134,zoya.shetty@gmail.com,30.0,53467.0,salaried_private,843,0.6844,,0,vehicle,1344000,48.0,0,,missing_required_field
LA019057,APP013918,Rohan Joshi,Tirunelveli,2025-05-31,BR032,branch,PQFEC9112V,8667277281,ananya84@rediffmail.com,37.0,63096.0, salaried_private,543,0.5801,,3,home,4418000,360.0,0,,missing_required_field
LA019061,APP022944,Pooja Malhotra,Hyderabad,,BR016,branch,XXPYX8281Y,7898637070,jyothi46@outlook.com,28.0,38186.0,self_employed_professional,900,0.4509,0.0,0,personal,747000,60.0,0,,unparseable_application_date
LA019076,APP005650,Saanvi Hegde, Madurai,2024-11-11,BR020,online,BJFPT1807D,9064796158,kiran.kapoor@outlook.com,53.0,-25000.0,salaried_government,722,0.6548,2.0,2,personal,276000,24.0,0,,income_not_positive
LA019104,APP009521,Anjali Bhat,Kolkata,2024-12-31,BR004,online,XALMW2757A,8815882059,arjun.nair@yahoo.co.in,31.0,-25000.0,salaried_private,500,0.5404,1.0,7,gold,205000,18.0,0,,income_not_positive
LA019107,APP025287,Aniket Chauhan,Chennai,2024-13-05,BR028,partner_referral,TVUMQ3513N,9353884490,mbhat@yahoo.co.in,38.0,46791.0,self_employed_professional,869,0.4314,0.0,0,personal,870000,60.0,0,,unparseable_application_date
LA019131,APP025502,Aditya Rao,Tirunelveli,2025-04-29,BR024,branch,AKGTZ3044Y,8656382389,sridhar_iyer7@outlook.com,40.0,0.0,self_employed_professional,674,0.359,0.0,1,home,2789000,300.0,0,,income_not_positive
LA019148,APP000553,Krishna Varma,Surat,,BR021,partner_referral,YDSDE3712R,7584855038,vagarwal@hotmail.com,30.0,32264.0, CONTRACT ,594,0.7283,2.0,4,vehicle,964000,84.0,0,,unparseable_application_date
LA019152,APP021713,Arjun Naidu,Delhi,2023-06-04,BR027,direct_sales_agent,RYNZG7372V,6945083646,kiran93@protonmail.com,46.0,-1.0,self_employed_business,807,0.4794,1.0,1,personal,160000,12.0,0,,income_not_positive
LA000261,APP010497,Aarav Mukherjee,Lucknow,2024-03-15,BR022,partner_referral,UUBHY2648S,8925220282,suresh86@yahoo.co.in,32.0,29049.0,salaried_private,893,0.2051,1.0,1,personal,182000,48.0,0,,duplicate_application_id
LA019173,APP004480,Bhavana Subramanian,Madurai,2024-07-10,BR039,online,JEJQI0005I,7801045248,jmukherjee@gmail.com,37.0,74164.0,salaried_government,835,0.7064,2.0,0,home,4547000,,1,533164.57,missing_required_field
LA019182,APP005823,Gayathri Kapoor,Mumbai,2023-11-01,BR025,branch,YWWAZ7093G,8384657278,ananya38@protonmail.com,,51110.0,salaried_government,711,0.6757,4.0,0,home,1792000,180.0,0,,missing_required_field
LA019183,APP008600,Priya Sharma,Visakhapatnam,2024-05-12,BR014,partner_referral,JAYBU9382X,7190465639,aarav13@rediffmail.com,29.0,49593.0,salaried_private,120,0.472,0.0,1,vehicle,1407000,84.0,0,,credit_score_out_of_range
LA019190,APP022194,Lakshmi Rao,Bengaluru,2024-09-10,BR026,branch,DJDAX9995C,7357838460,rajesh_malhotra9@rediffmail.com,,28528.0,self_employed_business,767,0.3034,1.0,0,gold,150000,24.0,0,,missing_required_field
LA019231,APP019569,Karthik Prasad,Kolkata,2023-10-15,BR008,online,HSLXS6529R,7437579311,naveen_raman2@protonmail.com,31.0,64907.0,self_employed_business,544,0.478,,4,gold,565000,36.0,0,,missing_required_field
LA019255,APP003399,Gayathri Desai,Kanpur,2024-10-31,BR035,online,MVQAD9650H,6299284882,sbanerjee@gmail.com,32.0,0.0,salaried_government,503,0.315,0.0,5,gold,258000,24.0,0,,income_not_positive
LA019287,APP020790,Aniket Rao,Delhi,2025-01-24,BR015,online,GDULV0707N,7076103525,latha_raman3@outlook.com,38.0,-1.0, self_employed_business,743,0.3416,0.0,0,home,2288000,180.0,0,,income_not_positive
LA019295,APP003886,Pooja Sinha,Tirunelveli,2023-01-31,BR039,branch,VVMLK0366T,9416766626,jayanth12@rediffmail.com,34.0,39354.0,salaried_government,773,0.6395,,1,vehicle,652000,36.0,0,,missing_required_field
LA019298,APP008824,Aarav Bhat,Ludhiana,2023-12-20,BR036,direct_sales_agent,DGFYN7742F,6223735314,meera15@hotmail.com,30.0,-25000.0,salaried_private,702,0.2614,1.0,2,vehicle,879000,48.0,0,,income_not_positive
LA019304,APP017622,Ishaan Prasad,Bhopal,2024-08-31,BR019,branch,ZJXFM8086Z,9145895829,sridhar18@yahoo.co.in,53.0,-25000.0,salaried_private,795,0.8147,0.0,1,personal,396000,12.0,0,,income_not_positive
LA019310,APP026374,Lakshmi Bhat,Madurai,2024-01-28,BR025,branch,JMMRH3786S,9423730282,vbose@yahoo.co.in,48.0,123191.0,self_employed_professional,836,0.5312,,1,vehicle,2041000,36.0,0,,missing_required_field
LA019312,APP015953,Aarav Rao,Jaipur,2024-07-05,BR032,online,DPRGK3468P,8242276155,ramya63@yahoo.co.in,43.0,0.0,salaried_private,808,0.3062,0.0,3,personal,363000,36.0,0,,income_not_positive
LA019319,APP024062,Ritika Joshi,Hyderabad,2024-12-17,BR030,direct_sales_agent,HKGJG9107N,7182889817,rahul43@outlook.com,33.0,0.0, self_employed_professional,606,0.3479,0.0,4,vehicle,279000,36.0,0,,income_not_positive
LA019356,APP019842,Ananya Kapoor,Bengaluru,2024-09-06,BR036,online,JNCVD0306I,6683190516,lakshmi.prasad@rediffmail.com,33.0,0.0,self_employed_business,431,0.3148,1.0,9,gold,59000,6.0,0,,income_not_positive
LA019366,APP010067,Harsha Menon,Lucknow,2025-02-25,BR004,online,IJQER4814T,9256027239,ananya_kapoor3@gmail.com,31.0,57090.0,salaried_private,648,0.258,,2,personal,424000,36.0,0,,missing_required_field
LA019372,APP025176,Bhavana Gowda,Visakhapatnam,2023-11-24,BR008,branch,IRAVJ4718Z,9818093893,omkar.prasad@rediffmail.com,38.0,-25000.0,Self_Employed_Professional,650,0.5271,3.0,3,personal,376000,60.0,0,,income_not_positive
LA019385,APP021366,Yash Prasad,Madurai,2023-09-08,BR024,branch,JXJXU6728P,6190126223,pmenon@hotmail.com,42.0,-1.0,self_employed_business,574,0.2714,0.0,5,personal,1500000,60.0,0,,income_not_positive
LA019387,APP025726,Priya Joshi,Tirunelveli,2023-03-06,BR026,online,FWZHC8666K,7522931518,sandeep70@outlook.com,41.0,32926.0,self_employed_professional,647,0.2163,,2,gold,215000,36.0,0,,missing_required_field
LA019433,APP005987,Aditya Hegde,Nashik,2024-12-15,BR006,branch,WVBLN0893F,6817024094,sshetty@yahoo.co.in,24.0,-1.0,salaried_private,656,0.7297,2.0,0,home,5027000,300.0,0,,income_not_positive
LA019436,APP016710,Aditya Joshi,Rajkot,2023-05-26,BR028,branch,VUBTF3543Y,7469363122,kiran54@yahoo.co.in,46.0,-25000.0,salaried_private,833,0.491,1.0,1,gold,265000,18.0,0,,income_not_positive
LA019459,APP005975,Deepika Subramanian,Ludhiana ,2024-01-03,BR006,branch,SGFMQ1831P,7925610292,cpatel@outlook.com,23.0,79139.0,salaried_private,506,0.4059,,6,home,3688000,300.0,0,,missing_required_field
LA019473,APP012465,Bhavana Nair,Visakhapatnam,,BR002,branch,GGZIL5693D,7835816615,bhargav74@rediffmail.com,35.0,30023.0,salaried_private,517,0.6387,0.0,6,home,2116000,240.0,0,,unparseable_application_date
LA019484,APP007543,Manoj Prasad,Tirunelveli,2023-10-15,BR009,online,MDYHD8033J,9406730140,thegde@rediffmail.com,28.0,-1.0,salaried_private,690,0.3575,0.0,4,gold,139000,18.0,0,,income_not_positive
LA019508,APP026905,Yash Bose,Jaipur,2024-03-26,BR029,branch,PWJLL3107W,8850954484,sunita_joshi8@protonmail.com,36.0,19706.0,,900,0.5259,1.0,0,personal,254000,36.0,0,,missing_required_field
LA019520,APP018098,Karthik Gowda,Nagpur,2024-04-12,BR022,partner_referral,DPZKA3600S,7422976689,varun68@protonmail.com,,167844.0,salaried_private,661,0.2643,0.0,2,gold,500000,12.0,0,,missing_required_field
LA019527,APP012213,Krishna Nair,Surat,2023-01-07,BR004,online,ABRHW2686R,8502802471,praveen31@gmail.com,35.0,-1.0,salaried_private,574,0.3615,0.0,6,vehicle,169000,24.0,0,,income_not_positive
LA019551,APP004170,Meera Patel,Mysuru,2024-02-03,BR030,partner_referral,VMUBM3509E,9005320986,suresh_krishnan8@rediffmail.com,36.0,-25000.0,salaried_government ,687,0.4445,1.0,1,home,1500000,240.0,0,,income_not_positive
LA019556,APP001772,Saanvi Pillai,Hyderabad,,BR021,branch,KCMGW3302E,7654408884,uraman@hotmail.com,44.0,64999.0,contract,763,0.771,2.0,0,personal,811000,24.0,0,,unparseable_application_date
LA019571,APP024734,Priya Sharma,Vadodara,2025-03-29,BR001,online,EVNBF1893C,6745000096,ureddy@hotmail.com,35.0,59553.0, self_employed_professional,845,0.3583,1.0,0,vehicle,449000,,0,,missing_required_field
LA019573,APP026851,Vivaan Mukherjee, Vadodara,2023-04-11,BR019,online,UKWKA7886J,6596159352,rohit.bhatia@outlook.com,30.0,80649.0,,704,0.4547,1.0,2,home,3144000,240.0,0,,missing_required_field
LA019580,APP022799,Neha Verma,Surat,2023-04-29,BR034,online,UBIWJ8019Z,9900717196,yamini.banerjee@rediffmail.com,28.0,-25000.0,self_employed_professional,493,0.2508,1.0,8,personal,82000,24.0,0,,income_not_positive
LA019591,APP010603,Ritika Rao,Pune,2023-02-24,BR020,branch,LUQPC3739L,7586529035,anand.ghosh@outlook.com,32.0,38685.0,salaried_private,701,0.4497,,1,vehicle,813000,60.0,0,,missing_required_field
LA019623,APP026834,Ritika Prasad,Bengaluru,2024-11-16,BR029,partner_referral,ZKTGM3402E,7292095612,hema.verma@hotmail.com,28.0,53710.0,,457,0.5722,0.0,7,home,3729000,360.0,0,,missing_required_field
LA019627,APP001068,Diya Pillai,Rajkot,2023-06-16,BR022,partner_referral,DYXVN7887I,6404221912,dinesh65@protonmail.com,35.0,-25000.0,contract,733,0.1447,1.0,2,gold,147000,18.0,0,,income_not_positive
LA019628,APP007797,Deepika Malhotra,Madurai,2024-04-21,BR032,branch,AYEFX4255V,7466357952,krathore@outlook.com,28.0,32104.0,salaried_private,672,0.3487,,2,vehicle,218000,24.0,0,,missing_required_field
LA019632,APP026855,Neha Krishnan,Chennai,2023-06-27,BR039,branch,VKTYM6349B,9765014904,jayanth_gowda7@hotmail.com,31.0,25383.0,,686,0.3402,1.0,1,gold,73000,12.0,0,,missing_required_field
LA019633,APP013869,Ritika Pillai,Nagpur,2024-11-04,BR026,direct_sales_agent,UUGYT9661C,9899782827,tjoshi@protonmail.com,37.0,54584.0,salaried_private,780,0.3085,,0,gold,513000,36.0,0,,missing_required_field
LA019643,APP012214,Ritika Kulkarni,Pune,2023-11-01,BR036,branch,JQWST3787E,7376891773,jkapoor@yahoo.co.in,35.0,-1.0,salaried_private,645,0.6014,2.0,2,home,2938000,300.0,0,,income_not_positive
LA019644,APP026796,Pooja Bose,Surat,2025-04-17,BR026,online,DEKPZ6920D,9825602381,aarav.krishnan@gmail.com,,45797.0,self_employed_professional,677,0.4277,1.0,2,personal,493000,36.0,0,,missing_required_field
LA019660,APP003715,Diya Naidu,Mysuru ,2024-05-24,BR027,online,VTQCR4268Y,6432522572,gayatri39@yahoo.co.in,33.0,58474.0,salaried_government,866,0.4345,,0,personal,936000,48.0,0,,missing_required_field
LA019666,APP002064,Reyansh Hegde,Ahmedabad,2023-05-02,BR007,partner_referral,XFILF7137Y,9075650837,aditi_verma1@yahoo.co.in,,56859.0,contract,868,0.5446,1.0,0,vehicle,977000,48.0,0,,missing_required_field
LA019680,APP017621,Meera Bhat,Hyderabad,2023-08-19,BR033,branch,QJUFU4907A,7735915836,bhargav.sharma@protonmail.com,53.0,-1.0,salaried_private ,615,0.3663,0.0,4,gold,535000,24.0,0,,income_not_positive
LA019740,APP026857,Priya Krishnan,Kolkata,2023-06-14,BR007,direct_sales_agent,XJCRR7738M,9392520314,dinesh_nair9@hotmail.com,31.0,27095.0,,721,0.95,2.0,0,vehicle,250000,12.0,0,,missing_required_field
LA019750,APP025501,Manoj Varma,Surat,2024-06-13,BR016,online,ZUTZC6692L,8582148056,biyer@yahoo.co.in,40.0,-25000.0,self_employed_professional,780,0.4366,1.0,0,personal,667000,36.0,0,,income_not_positive
LA019849,APP018104,Aadhya Kapoor,Tirunelveli,2024-02-29,BR039,online,ATYIH0619E,6991526495,meera.nair@protonmail.com,,20282.0,salaried_private,900,0.3659,0.0,0,personal,155000,24.0,0,,missing_required_field
LA019857,APP026864,Manoj Chatterjee,Kochi,2024-01-04,BR018,online,QNZGT8897V,9154244448,vinay_verma2@outlook.com,31.0,63650.0,,672,0.5229,0.0,2,home,3322000,180.0,0,,missing_required_field
LA019869,APP008825,Vikram Pillai,Hyderabad,2024-07-22,BR040,online,EGAWL1224I,7056778742,mahesh66@gmail.com,30.0,-25000.0,salaried_private,888,0.95,2.0,0,home,1500000,240.0,0,,income_not_positive
LA019885,APP002854,Rahul Malhotra, Vadodara,2023-06-08,BR001,online,JRWGY4148D,8413762411,latha.patel@gmail.com,29.0,38082.0,salaried_government,4300,0.322,0.0,4,gold,261000,24.0,0,,credit_score_out_of_range
LA019886,APP026817,Meera Sharma,Bengaluru,2024-02-21,BR036,online,GTYYY0559B,6060146773,ngupta@outlook.com,25.0,26320.0,,390,0.4455,0.0,11,vehicle,686000,84.0,0,,missing_required_field
LA019888,APP015654,Nikhil Chatterjee,Delhi,2023-01-15,BR040,online,IHKBT7390K,6435265366,anand95@rediffmail.com,42.0,-25000.0,salaried_private,570,0.3699,2.0,5,vehicle,395000,36.0,0,,income_not_positive
LA019897,APP005115,Aniket Reddy,Coimbatore,2024-02-22,BR020,direct_sales_agent,KXZLL3368I,6798349404,anand.menon@outlook.com,43.0,34552.0,salaried_government ,985,0.3699,0.0,1,personal,367000,36.0,0,,credit_score_out_of_range
LA019928,APP018117,Ananya Desai,Kanpur,2023-12-28,BR007,branch,PPATF9619N,6985923762,praveen26@protonmail.com,,28168.0,salaried_private,658,0.359,1.0,2,gold,84000,12.0,0,,missing_required_field
LA019949,APP016188,Aadhya Ramesh,Kochi ,2024-13-05,BR019,direct_sales_agent,WTTIU0081A,8874835209,pallavi_bhatia9@rediffmail.com,43.0,65019.0,salaried_private,786,0.1937,1.0,0,gold,123000,18.0,0,,unparseable_application_date
LA019957,APP019375,Kavya Joshi,Madurai,2025-05-31,BR006,branch,AZEJD0206F,9630182758,swathi_malhotra4@rediffmail.com,31.0,-1.0,self_employed_business,826,0.5753,0.0,1,vehicle,904000,36.0,0,,income_not_positive
LA019993,APP016901,Siddharth Naidu,Vadodara,2023-05-30,BR018,branch,JMFLQ7462R,9867532347,arjun_shetty6@yahoo.co.in,46.0,96982.0, SALARIED_PRIVATE ,560,0.4112,,4,personal,1403000,48.0,0,,missing_required_field
LA020030,APP018880,Rohan Chatterjee,Kanpur,,BR016,branch,GJXJZ7737V,7928603050,bhargav_kulkarni5@hotmail.com,28.0,52367.0,self_employed_business,658,0.4891,2.0,3,home,2163000,240.0,0,,unparseable_application_date
LA020038,APP022337,Vikram Subramanian,Pune,2023-02-27,BR031,online,RXXFU5988E,9734455750,rajesh_rao6@protonmail.com,25.0,-25000.0,self_employed_professional,814,0.5092,1.0,0,home,2023000,240.0,0,,income_not_positive
LA020051,APP003043,Siddharth Hegde,Ludhiana,2023-07-04,BR022,branch,MJEMC2230E,6968774138,vikram94@gmail.com,30.0,28956.0,salaried_government,120,0.5086,0.0,0,personal,543000,48.0,1,333799.03,credit_score_out_of_range
LA020058,APP026962,Harsha Bhat,Kochi,2023-05-31,BR012,branch,CSHZR4323B,9874572764,karthik_agarwal9@protonmail.com,48.0,19456.0,,676,0.441,0.0,1,personal,360000,60.0,0,,missing_required_field
LA000231,APP011457,Nandini Varma,Kanpur,2023-07-10,BR006,branch,AKBEA1545W,6449043620,hema82@protonmail.com,33.0,63363.0,salaried_private,677,0.5581,2.0,1,vehicle,773000,36.0,0,,duplicate_application_id
LA020117,APP009511,Vikram Menon,Nagpur,2023-03-31,BR013,online,XSKRY6435L,7580891395,preddy@hotmail.com,31.0,-1.0,salaried_private,871,0.4965,1.0,2,home,4526000,360.0,0,,income_not_positive
LA020124,APP004807,Praveen Patel,Mumbai,not_a_date,BR010,direct_sales_agent,ICGKS9445S,8729543857,vikram77@gmail.com,40.0,31014.0,salaried_government,693,0.6464,2.0,2,personal,594000,60.0,0,,unparseable_application_date
LA020199,APP020273,Rahul Ramesh,Bhopal,2024-11-10,BR009,online,FPCVT5947F,6919199292,shreya_chatterjee3@gmail.com,35.0,25739.0,self_employed_business,587,0.5718,0.0,3,vehicle,167000,,0,,missing_required_field
LA020208,APP018934,Siddharth Patel,Kochi,2025-04-14,BR028,online,DEJMG4196U,7497523600,dinesh33@gmail.com,29.0,0.0,self_employed_business,720,0.5279,0.0,2,home,2092000,360.0,0,,income_not_positive
LA020223,APP018148,Swathi Hegde,Lucknow,2024-08-16,BR029,branch,NXRTP2050R,8047783755,kiran_kapoor9@rediffmail.com,,50868.0,salaried_private,758,0.229,0.0,0,personal,241000,24.0,0,,missing_required_field
LA020252,APP026629,Vivaan Shah,Kochi,2023-03-11,BR034,branch,ZGTBS5491E,8738944546,pallavi29@hotmail.com,55.0,-1.0,self_employed_professional,536,0.395,2.0,6,gold,110000,18.0,0,,income_not_positive
LA020276,APP017064,Vinay Sharma,Lucknow,2025-02-26,BR031,online,ZBKSQ2331T,7965228513,rohit75@outlook.com,48.0,0.0,salaried_private,802,0.95,2.0,1,home,1500000,240.0,0,,income_not_positive
LA020286,APP001334,Lakshmi Bose,Nagpur,2023-04-21,BR040,online,XMWDX7251G,9973718286,ramya.rathore@outlook.com,37.0,41297.0,contract,765,0.6855,,1,home,2341000,180.0,0,,missing_required_field
LA020301,APP001822,Shreya Ramesh,Chennai,2024-10-10,BR006,online,AETTM4828D,9261614779,zoya31@protonmail.com,46.0,16117.0,contract,0,0.2414,1.0,3,gold,29000,12.0,0,,credit_score_out_of_range
LA020313,APP014879,Krishna Varma,Surat,2023-12-21,BR003,branch,PHTKN7654P,7309123777,kgowda@gmail.com,40.0,-1.0,salaried_private,535,0.4944,0.0,2,home,15000000,240.0,0,,income_not_positive
LA020333,APP005808,Nandini Sinha,Kanpur,2024-03-30,BR007,branch,KAGZE7875J,6717257127,aditi16@rediffmail.com,,136277.0,salaried_government,582,0.3088,0.0,2,vehicle,2500000,84.0,0,,missing_required_field
LA020343,APP007013,Vikram Malhotra, Jaipur,2025-06-26,BR004,partner_referral,GIDZA2762H,8065492057,dinesh53@rediffmail.com,27.0,-25000.0, SALARIED_PRIVATE ,640,0.3111,2.0,1,personal,186000,48.0,0,,income_not_positive
LA020367,APP004838,Rohan Banerjee,Kochi,2024-01-08,BR025,online,KQKDG1352W,7866974935,naveen83@yahoo.co.in,40.0,49216.0,salaried_government,1200,0.5422,2.0,3,personal,579000,48.0,0,,credit_score_out_of_range
LA020382,APP004046,Neha Joshi,Surat,2024-13-05,BR031,online,BSWEE5919L,6394723469,suresh.menon@rediffmail.com,35.0,30366.0,salaried_government,900,0.4387,2.0,0,vehicle,419000,48.0,0,,unparseable_application_date
LA020414,APP004819,Rahul Banerjee,Nashik ,2023-02-26,BR020,branch,VIYQA0881A,6268945272,meera.bose@protonmail.com,40.0,38455.0,salaried_government,664,0.5944,,2,personal,816000,48.0,1,582973.24,missing_required_field
LA020445,APP007576,Lakshmi Sinha,Mysuru ,2024-07-13,BR011,online,TVBSG0577A,6131127764,harish_bose5@outlook.com,28.0,12000.0,salaried_private,720,0.4161,1.0,0,gold,86000,,0,,missing_required_field
LA020451,APP018502,Saanvi Pillai,Hyderabad,2024-06-23,BR023,partner_referral,JZSSU6990Z,9161700275,vikram19@hotmail.com,26.0,33060.0,self_employed_business,468,0.6089,,6,vehicle,354000,24.0,0,,missing_required_field
LA020477,APP018162,Diya Joshi,Ludhiana,2023-08-24,BR029,partner_referral,KZUZZ7218V,9780221169,ramya_venkatesan3@rediffmail.com,,71397.0,salaried_private,771,0.5835,2.0,0,personal,869000,48.0,0,,missing_required_field
LA020481,APP026916,Shreya Menon,Chennai,2024-02-27,BR023,branch,GQBDI8306H,7226747509,vrao@gmail.com,37.0,64201.0,,806,0.4399,1.0,0,home,2883000,300.0,0,,missing_required_field
LA020509,APP017298,Rahul Malhotra,Chennai,2024-02-11,BR035,branch,DFIJU1914J,9357883589,asharma@rediffmail.com,49.0,66253.0,salaried_private,722,0.5427,,0,personal,1290000,48.0,0,,missing_required_field
LA020510,APP018159,Praveen Verma,Kochi,2024-09-05,BR002,partner_referral,QUTXM6993R,6076209803,zoya_malhotra3@rediffmail.com,,64621.0,salaried_private,646,0.42,1.0,1,home,2730000,240.0,0,,missing_required_field
LA020515,APP006209,Aarav Kapoor,Rajkot,2025-05-08,BR038,online,VHDUV2641R,7809803640,aditi.agarwal@outlook.com,25.0,106896.0,salaried_private,657,0.6406,,4,personal,1409000,24.0,0,,missing_required_field
LA020522,APP019170,Anjali Prasad,Pune,2025-05-25,BR007,direct_sales_agent,VNHXQ3020D,6315734289,bhavana82@hotmail.com,30.0,128822.0,self_employed_business,120,0.384,1.0,2,gold,641000,18.0,1,299092.18,credit_score_out_of_range
LA020532,APP010263,Meera Bose,Jaipur ,2024-05-26,BR031,online,ISVSU3856P,8051098473,rohit19@yahoo.co.in,32.0,0.0,SALARIED_PRIVATE,628,0.4993,1.0,1,vehicle,654000,84.0,0,,income_not_positive
LA020534,APP026843,Siddharth Bhat,Nagpur,2023-09-25,BR016,branch,MHZAP8822L,6009420815,deepak.rao@protonmail.com,30.0,105195.0,,615,0.4154,0.0,5,home,4822000,240.0,0,,missing_required_field
LA020539,APP010255,Gayathri Krishnan, Hyderabad,2025-06-20,BR016,online,RVCAI0531L,6287733470,kiran88@rediffmail.com,32.0,-25000.0,salaried_private,881,0.5654,0.0,0,vehicle,741000,36.0,0,,income_not_positive
LA020608,APP015850,Shreya Shah,Pune,not_a_date,BR014,online,LFLEG4436H,7012706321,bhargav.naidu@outlook.com,42.0,47071.0,salaried_private ,845,0.8001,0.0,0,personal,420000,12.0,0,,unparseable_application_date
LA020631,APP023799,Ishaan Bhat, Mumbai,,BR014,branch,FLXDI9856X,8600624965,bhavana.chauhan@outlook.com,31.0,87550.0,self_employed_professional,762,0.3784,1.0,1,gold,715000,36.0,0,,unparseable_application_date
LA020635,APP002779,Siddharth Banerjee,Madurai,not_a_date,BR001,branch,ACXWG1856I,8297989444,arjun67@yahoo.co.in,29.0,15546.0,salaried_government,794,0.3772,0.0,0,vehicle,231000,48.0,0,,unparseable_application_date
LA020636,APP025177,Harsha Iyer,Nashik ,2024-01-26,BR021,branch,BLPAV7486W,8063618362,rreddy@hotmail.com,38.0,-25000.0,self_employed_professional,824,0.2657,1.0,0,vehicle,421000,36.0,0,,income_not_positive
LA020663,APP026472,Karthik Reddy,Madurai,2023-02-20,BR011,branch,WVDVG6027V,8476864649,shreya_patel8@rediffmail.com,50.0,-1.0,self_employed_professional,697,0.529,2.0,1,personal,410000,24.0,0,,income_not_positive
LA020718,APP024878,Karthik Verma,Nashik,2023-07-08,BR019,branch,ABMMI7356A,6334969270,rmalhotra@protonmail.com,36.0,33137.0,self_employed_professional,777,0.4481,,1,home,1500000,300.0,0,,missing_required_field
LA020721,APP023051,Siddharth Subramanian,Chennai,2025-03-28,BR037,partner_referral,MLKHY0242P,7812143462,anand.kulkarni@protonmail.com,29.0,-1.0,self_employed_professional,614,0.2329,0.0,1,gold,339000,36.0,0,,income_not_positive
LA020727,APP019892,Vikram Krishnan,Tirunelveli,2023-05-30,BR011,partner_referral,PXZIS2329J,8363560068,bhargav.ghosh@yahoo.co.in,33.0,23232.0,Self_Employed_Business,873,0.4017,0.0,0,personal,405000,,0,,missing_required_field
LA020732,APP026900,Yash Reddy,Hyderabad,2024-01-23,BR009,online,UHFDY9193C,9615506100,hema16@hotmail.com,35.0,61999.0,,603,0.3997,1.0,1,gold,563000,36.0,0,,missing_required_field
LA020766,APP022810,Saanvi Krishnan,Nagpur,2024-13-05,BR013,online,BQQWB6762G,8441406539,jayanth.malhotra@hotmail.com,28.0,110529.0,self_employed_professional,461,0.5034,1.0,8,gold,720000,18.0,0,,unparseable_application_date
LA020787,APP009527,Vinay Menon,Ahmedabad,2025-03-16,BR002,online,ZRHVI9251H,7728305336,chetan_raman5@protonmail.com,31.0,0.0,salaried_private,570,0.3473,0.0,4,home,1500000,240.0,0,,income_not_positive
LA020815,APP024307,Saanvi Menon,Visakhapatnam,2023-03-19,BR040,online,NUJNT3406Y,7395868459,bhavana.kapoor@rediffmail.com,34.0,-1.0,self_employed_professional,720,0.6107,2.0,1,vehicle,421000,36.0,0,,income_not_positive
LA020818,APP019203,Deepika Sinha,Delhi,2025-04-27,BR016,branch,GRENP5642B,6948011812,bhargav.menon@yahoo.co.in,30.0,24949.0,self_employed_business,599,0.7151,,6,vehicle,332000,24.0,0,,missing_required_field
LA020855,APP013832,Vivaan Malhotra,Ludhiana ,2023-09-24,BR026,branch,NMVHB8778U,9925479008,vmukherjee@hotmail.com,37.0,50430.0,salaried_private,727,0.3609,,2,home,2070000,240.0,0,,missing_required_field
LA020857,APP026931,Manoj Sinha,Tirunelveli,2023-09-19,BR037,direct_sales_agent,AWTGS1991D,6463311870,manoj.iyer@outlook.com,40.0,26980.0,,694,0.547,1.0,2,home,1500000,240.0,0,,missing_required_field
LA020876,APP009512,Rohan Pillai,Nashik,2025-03-31,BR034,partner_referral,SQWNY3282H,6945283427,bhavana48@gmail.com,31.0,-1.0, salaried_private,589,0.1138,0.0,4,gold,110000,36.0,0,,income_not_positive
LA020877,APP026837,Reyansh Iyer,Bengaluru,2023-04-20,BR019,branch,DPGHW1559P,6053328308,ishita.menon@outlook.com,28.0,70260.0,,806,0.95,3.0,0,vehicle,642000,12.0,0,,missing_required_field
LA020884,APP000747,Reyansh Hegde,Lucknow,2024-07-17,BR033,online,FHVLR6107U,9833890460,kavya49@gmail.com,32.0,20089.0,contract,725,0.4416,,0,vehicle,536000,84.0,0,,missing_required_field
LA020900,APP022956,Sneha Chauhan,Vadodara,,BR035,branch,XBMLT3369X,6798472049,hema.prasad@yahoo.co.in,28.0,42950.0,self_employed_professional,590,0.3269,0.0,2,home,1544000,240.0,0,,unparseable_application_date
LA020922,APP005171,Swathi Subramanian,Hyderabad ,2024-10-26,BR030,partner_referral,KIBDK1016E,7207151362,hema10@hotmail.com,44.0,0.0,salaried_government,731,0.5636,1.0,2,vehicle,605000,36.0,0,,income_not_positive
LA000449,APP016117,Deepika Naidu,Nagpur,2023-03-12,BR004,partner_referral,KUJSX5678W,6384659749,sridhar.shetty@outlook.com,43.0,41613.0,salaried_private,600,0.2952,1.0,4,personal,162000,24.0,0,,duplicate_application_id
LA000062,APP023006,Ishaan Iyer,Kolkata,2023-08-23,BR011,direct_sales_agent,MSUQC4720L,9497015450,arao@yahoo.co.in,28.0,61203.0,self_employed_professional,782,0.6152,1.0,1,personal,1101000,48.0,0,,duplicate_application_id
LA020965,APP021663,Pooja Bose,Pune,2024-07-11,BR006,online,FRNEH3883B,8221249324,fbhatia@hotmail.com,45.0,21421.0,self_employed_business,619,0.5242,1.0,3,vehicle,481000,,0,,missing_required_field
LA020973,APP002057,Praveen Ramesh,Delhi,2025-01-10,BR029,branch,DZHQZ2179A,8008720164,divya_das6@hotmail.com,,30630.0,contract,536,0.5545,1.0,4,vehicle,904000,84.0,1,294291.47,missing_required_field
LA020998,APP022208,Aarav Sinha,Indore,2023-08-23,BR004,online,MHYMW8484W,9301151115,naveen_deshpande6@protonmail.com,,96467.0,self_employed_business,900,0.3599,0.0,0,personal,1500000,60.0,0,,missing_required_field
LA021004,APP025806,Reyansh Rao,Hyderabad,2024-03-02,BR017,branch,VQLDV1764U,6109386468,uma78@hotmail.com,42.0,0.0,self_employed_professional,673,0.388,0.0,1,home,3152000,240.0,0,,income_not_positive
LA021023,APP023296,Gayathri Bhat,Ahmedabad,2023-10-14,BR003,branch,RDURR0200I,7553415895,naveen41@yahoo.co.in,30.0,-1.0,self_employed_professional,730,0.5293,0.0,1,home,5993000,300.0,0,,income_not_positive
LA021036,APP001322,Deepika Varma,Nashik,2023-11-12,BR033,direct_sales_agent,CGHKE5482A,7540394927,bbhatia@hotmail.com,37.0,31472.0,contract,687,0.6915,2.0,2,home,2073000,,0,,missing_required_field
LA021046,APP019137,Ananya Reddy,Jaipur,not_a_date,BR021,branch,VWVYJ5400B,6770677468,zoya73@protonmail.com,29.0,65241.0,self_employed_business,550,0.3268,0.0,5,home,2057000,180.0,0,,unparseable_application_date
LA021076,APP002129,Lakshmi Reddy, Kolkata,2023-10-16,BR006,branch,FYZIG8185V,8680861903,shreya.shetty@outlook.com,24.0,12266.0,salaried_government,803,0.4438,,1,personal,210000,60.0,0,,missing_required_field
LA021105,APP026776,Ishaan Banerjee,Jaipur,2024-04-11,BR003,branch,RZMXV7325Z,8371179031,mvenkatesan@protonmail.com,,124052.0,self_employed_professional,816,0.3132,0.0,0,home,4390000,240.0,0,,missing_required_field
LA000278,APP014963,Kavya Rao,Vadodara,2023-10-19,BR023,branch,HDRJJ5371H,7194393427,vaishnavi.verma@yahoo.co.in,40.0,21758.0, SALARIED_PRIVATE ,827,0.4498,1.0,0,personal,329000,60.0,0,,duplicate_application_id
LA021129,APP025895,Meera Pillai,Visakhapatnam,2024-03-05,BR037,online,CJTIC9000D,8019210533,priya_gowda8@protonmail.com,42.0,60276.0,self_employed_professional,476,0.3926,0.0,7,home,2265000,,0,,missing_required_field
LA021149,APP015216,Yash Gowda,Bengaluru,2024-09-20,BR028,online,BEHZZ5114G,6273401343,dbhatia@outlook.com,40.0,74219.0,salaried_private,843,0.62,,0,home,5308000,360.0,0,,missing_required_field
LA021155,APP007318,Gayathri Prasad,Bengaluru,2024-08-25,BR006,branch,WRPJD1298H,7725291659,vikram.mehta@hotmail.com,27.0,41347.0,salaried_private,707,0.538,,2,gold,129000,6.0,0,,missing_required_field
LA000433,APP012080,Ritika Shah,Delhi,2024-12-24,BR019,online,WCXIS5543S,7706011661,hbose@outlook.com,34.0,61211.0,salaried_private,690,0.4736,0.0,0,home,3632000,360.0,0,,duplicate_application_id
LA021164,APP012536,Arjun Ramesh,Bengaluru,2023-09-10,BR033,branch,XAEYV1923C,7132144095,hema41@gmail.com,35.0,36718.0,salaried_private,861,0.2702,0.0,0,gold,164000,,0,,missing_required_field
LA021182,APP000724,Praveen Iyer,Vadodara,2023-05-16,BR035,partner_referral,WGDHS5653W,8235644373,hprasad@hotmail.com,32.0,-25000.0,contract,900,0.6061,1.0,0,personal,1500000,36.0,0,,income_not_positive
LA021203,APP022336,Nandini Chatterjee,Surat,2024-07-08,BR016,online,MFYHB1635Q,7373195641,naveen_malhotra8@gmail.com,25.0,-1.0,self_employed_professional,812,0.5931,2.0,0,home,2542000,360.0,0,,income_not_positive
LA021212,APP007550,Aditya Subramanian,Coimbatore,2023-05-29,BR008,online,KSKXF8562B,9024454312,harish79@hotmail.com,28.0,-25000.0,salaried_private,812,0.4238,0.0,0,home,4341000,360.0,0,,income_not_positive
LA021228,APP005819,Sneha Sinha,Ludhiana,2024-02-14,BR039,branch,IZNBU2964D,7558003461,imran45@protonmail.com,,46473.0,salaried_government,662,0.4298,1.0,3,vehicle,1089000,84.0,0,,missing_required_field
LA021237,APP006199,Ishaan Sinha,Hyderabad ,2023-07-31,BR018,branch,FTCZI2340U,7077405000,jayanth.mukherjee@protonmail.com,25.0,0.0,salaried_private,601,0.6726,2.0,6,personal,456000,48.0,0,,income_not_positive
LA021264,APP000300,Diya Gowda,Ahmedabad,2024-01-02,BR013,branch,IQEYJ3136D,8829142136,rajesh83@rediffmail.com,28.0,-25000.0,contract,552,0.4733,0.0,5,vehicle,484000,48.0,0,,income_not_positive
LA021278,APP014406,Neha Rao,Nashik,2024-13-05,BR017,branch,CDNEP1374B,7467187984,arathore@outlook.com,38.0,77750.0,salaried_private,807,0.2291,1.0,0,personal,349000,36.0,0,,unparseable_application_date
LA021290,APP014452,Aditya Malhotra,Lucknow,2023-06-05,BR022,partner_referral,TFUWA8917F,9167879089,ejoshi@hotmail.com,39.0,-1.0,salaried_private,640,0.6717,1.0,2,vehicle,478000,24.0,0,,income_not_positive
LA021291,APP012845,Pooja Kulkarni,Kanpur ,2025-06-05,BR035,partner_referral,XMSNP9630T,8838744513,jayanth97@gmail.com,36.0,-1.0,salaried_private,653,0.5548,1.0,4,vehicle,457000,60.0,0,,income_not_positive
LA021314,APP017325,Praveen Verma,Delhi,2024-08-08,BR036,branch,JELTS2432C,8287540265,kprasad@gmail.com,50.0,-25000.0,salaried_private,602,0.4869,2.0,5,gold,109000,12.0,0,,income_not_positive
LA000300,APP018035,Vikram Varma,Jaipur,2025-01-07,BR040,online,SQCTT2879A,8518187659,zoya.hegde@protonmail.com,60.0,53128.0,salaried_private,707,0.4629,0.0,1,gold,405000,18.0,0,,duplicate_application_id
LA021352,APP018482,Aarav Verma,Ludhiana,2025-03-30,BR015,branch,RYACE1423U,6286008751,charitha94@gmail.com,26.0,27237.0,self_employed_business,699,0.4914,,3,gold,151000,12.0,0,,missing_required_field
LA021365,APP020205,Meera Sinha,Indore,2023-08-03,BR032,branch,DGQZE7919J,7039924282,bhargav.ghosh@outlook.com,34.0,84948.0,Self_Employed_Business,744,0.6591,2.0,0,vehicle,2140000,,0,,missing_required_field
LA021366,APP019576,Krishna Hegde,Surat,2023-05-06,BR030,branch,CXVAI3701E,7545225446,karthik_subramanian9@rediffmail.com,31.0,66321.0,self_employed_business,985,0.4966,1.0,7,vehicle,1212000,60.0,0,,credit_score_out_of_range
LA021405,APP025372,Lakshmi Menon,Hyderabad,2023-05-28,BR009,partner_referral,BNXUN5790B,6042180458,ashah@rediffmail.com,39.0,13449.0,self_employed_professional,496,0.5606,1.0,6,personal,255000,,1,199762.38,missing_required_field
LA021415,APP005812,Anjali Banerjee,Mysuru,2024-10-13,BR022,branch,IFLCH8476Y,6345664619,ananya56@hotmail.com,,23608.0, SALARIED_GOVERNMENT ,742,0.4958,1.0,0,vehicle,299000,36.0,0,,missing_required_field
LA021462,APP010364,Swathi Kulkarni,Ludhiana,2025-03-25,BR004,online,ULKYB1087A,6515606303,suresh.kapoor@gmail.com,32.0,19281.0,salaried_private,120,0.3669,0.0,0,gold,152000,24.0,0,,credit_score_out_of_range
LA021470,APP016243,Siddharth Patel,Vadodara,2023-10-16,BR018,partner_referral,HHBZS7027Q,7995102321,kiran_nair7@outlook.com,44.0,-1.0,salaried_private,833,0.3143,1.0,0,personal,494000,36.0,0,,income_not_positive
LA021476,APP014004,Praveen Malhotra,Rajkot,2023-12-08,BR015,branch,ZJRIL1396K,6903862132,vinay31@yahoo.co.in,38.0,-25000.0,salaried_private,534,0.5939,1.0,6,personal,1164000,60.0,0,,income_not_positive
LA021477,APP011572,Pooja Krishnan,Visakhapatnam,2023-09-02,BR031,branch,QQEZA4971H,6575002367,meera52@protonmail.com,34.0,-1.0,salaried_private,697,0.5885,1.0,3,personal,883000,36.0,0,,income_not_positive
LA021506,APP026913,Aarav Kulkarni,Visakhapatnam,2025-05-07,BR029,online,KDYGE9051P,7688327449,miyer@yahoo.co.in,37.0,53832.0,,543,0.71,1.0,5,personal,378000,12.0,1,237813.47,missing_required_field
LA021524,APP018047,Nandini Krishnan,Ahmedabad,2024-13-05,BR036,branch,IMQQT3245I,7020604892,karthik_rathore5@yahoo.co.in,60.0,59831.0,salaried_private,682,0.6134,1.0,1,gold,487000,18.0,0,,unparseable_application_date
LA021531,APP007544,Reyansh Sharma,Rajkot,2025-05-19,BR018,online,HLWXP4019V,9126797812,harish.nair@hotmail.com,28.0,-1.0,salaried_private,617,0.5329,0.0,2,personal,1500000,48.0,0,,income_not_positive
LA021540,APP022833,Aarav Desai,Kanpur,31/02/2024,BR016,online,RBJJI6656T,6864164345,lakshmi14@protonmail.com,28.0,13542.0,self_employed_professional,449,0.8254,1.0,10,personal,199000,24.0,1,162221.15,unparseable_application_date
LA021569,APP026204,Karthik Menon,Bengaluru,2024-13-05,BR039,branch,HKTBA7722P,6296305043,vinay.shetty@outlook.com,45.0,55901.0, self_employed_professional,687,0.4765,0.0,1,home,2965000,240.0,0,,unparseable_application_date
LA021596,APP017852,Kavya Reddy, Bhopal,31/02/2024,BR007,partner_referral,JFSCM7904E,8131113169,imran.joshi@protonmail.com,57.0,29384.0,salaried_private,568,0.3552,0.0,6,vehicle,225000,24.0,0,,unparseable_application_date
LA021630,APP026647,Meera Krishnan,Ludhiana,2024-07-20,BR016,online,BJEBQ2619J,9820013074,kiran28@rediffmail.com,55.0,66554.0, self_employed_professional,1200,0.5225,2.0,4,personal,999000,60.0,0,,credit_score_out_of_range
LA021636,APP002507,Rahul Menon,Ahmedabad,2024-11-13,BR033,online,PPZQD9336R,9681476427,vikram.kulkarni@hotmail.com,27.0,34797.0,salaried_government,120,0.2841,0.0,4,gold,297000,36.0,0,,credit_score_out_of_range
LA000358,APP011450,Arjun Desai,Ludhiana ,2024-11-19,BR019,branch,VLFXI7788G,7601010184,aditi_menon8@outlook.com,33.0,61509.0,salaried_private,773,0.471,1.0,0,gold,258000,12.0,0,,duplicate_application_id
LA021705,APP008880,Nandini Kapoor,Chennai,2024-08-27,BR032,online,SFEPZ0084L,9761392885,zoya_subramanian7@gmail.com,30.0,129321.0,salaried_private,640,0.3083,0.0,2,home,4743000,,0,,missing_required_field
LA021717,APP026059,Rahul Naidu,Kochi,31/02/2024,BR024,online,PKIDS7259T,7023526949,ananya95@hotmail.com,44.0,28669.0,self_employed_professional,751,0.6204,2.0,2,vehicle,602000,60.0,0,,unparseable_application_date
LA021737,APP014693,Priya Subramanian,Indore,31/02/2024,BR035,branch,SYDIW3842G,6752373587,hema92@rediffmail.com,39.0,40781.0,salaried_private,833,0.4858,1.0,0,personal,720000,60.0,0,,unparseable_application_date
LA021741,APP026872,Reyansh Varma,Nagpur,2024-08-04,BR018,branch,SKVJW1486N,6337742405,lverma@hotmail.com,32.0,42708.0,,584,0.3913,1.0,3,personal,465000,48.0,0,,missing_required_field
LA021746,APP000705,Reyansh Prasad,Mumbai,2024-05-26,BR021,direct_sales_agent,PKEKD2422J,8499291527,divya_chauhan5@yahoo.co.in,31.0,67764.0,contract,250,0.4691,0.0,0,vehicle,1504000,60.0,0,,credit_score_out_of_range
LA000423,APP005484,Saanvi Nair,Chennai,2024-03-27,BR038,branch,UWGQM2964Z,8366045714,ramya82@rediffmail.com,48.0,27070.0,salaried_government,732,0.586,2.0,1,gold,60000,6.0,0,,duplicate_application_id
LA021756,APP016444,Rahul Desai,Vadodara,2024-08-09,BR022,online,ZSEFR1360R,8827562703,farhan49@rediffmail.com,44.0,64183.0,salaried_private,985,0.7609,2.0,2,vehicle,1615000,48.0,0,,credit_score_out_of_range
LA021757,APP024126,Harsha Bhat,Kanpur,,BR029,branch,SWGKG1610A,6638806782,praveen64@protonmail.com,33.0,23903.0,self_employed_professional,883,0.3896,1.0,1,gold,79000,12.0,0,,unparseable_application_date
LA021762,APP006179,Manoj Subramanian,Nashik,2025-06-21,BR011,online,MRJRP4990B,9739451401,zkulkarni@rediffmail.com,24.0,83988.0,salaried_private,0,0.6304,0.0,1,vehicle,602000,12.0,0,,credit_score_out_of_range
LA021763,APP024887,Aniket Chauhan,Delhi,2023-11-10,BR014,branch,GQVVD0269T,9598201976,aarav87@hotmail.com,36.0,35680.0,self_employed_professional,-15,0.4335,1.0,5,gold,63000,6.0,0,,credit_score_out_of_range
LA021820,APP014005,Aniket Chauhan,Hyderabad,2024-07-16,BR036,branch,SRYPG7157M,7761881880,jayanth28@protonmail.com,38.0,-25000.0,salaried_private,704,0.6615,1.0,2,personal,482000,36.0,0,,income_not_positive
LA021826,APP007274,Reyansh Kapoor,Indore,2024-12-15,BR035,branch,GIGDB9080G,7931121899,dprasad@yahoo.co.in,27.0,37192.0,salaried_private,837,0.4682,1.0,0,personal,539000,,0,,missing_required_field
LA021838,APP011891,Ishaan Prasad,Visakhapatnam,2024-13-05,BR025,online,GRVAU7057K,7436915353,deepak34@hotmail.com,34.0,36099.0,salaried_private,567,0.4347,0.0,3,home,1743000,240.0,0,,unparseable_application_date
LA021855,APP006228,Meera Desai,Mysuru ,2023-09-10,BR011,online,CYDVX5798Q,7115186367,zoya_krishnan7@outlook.com,25.0,13369.0,salaried_private,4300,0.4103,1.0,1,gold,49000,12.0,0,,credit_score_out_of_range
LA021860,APP005831,Shreya Hegde,Coimbatore,2023-01-03,BR023,partner_referral,BFJPN5643D,6248957163,omkar95@hotmail.com,,94161.0,salaried_government,683,0.618,3.0,2,home,4129000,240.0,0,,missing_required_field
LA021863,APP015877,Swathi Kulkarni,Mumbai,2024-13-05,BR005,branch,FKQUZ9502Y,7001863008,rohit11@gmail.com,42.0,55421.0,salaried_private,669,0.5584,2.0,2,gold,267000,12.0,0,,unparseable_application_date
LA021869,APP004361,Pooja Nair,Bengaluru,2024-13-05,BR020,branch,JFABC3009C,9284204281,charitha55@gmail.com,37.0,21087.0,salaried_government,728,0.3246,0.0,1,personal,76000,12.0,0,,unparseable_application_date
LA021870,APP021646,Arjun Subramanian,Mumbai,2025-05-31,BR030,branch,JAHLL7999Z,7148685775,naveen46@protonmail.com,45.0,0.0, self_employed_business,715,0.4034,1.0,0,personal,1292000,60.0,0,,income_not_positive
LA021886,APP026828,Sandeep Nair, Lucknow,2023-05-15,BR014,online,GBFQT2535G,6234486497,inair@hotmail.com,27.0,27458.0,,654,0.2975,0.0,1,gold,174000,24.0,0,,missing_required_field
LA021898,APP014366,Priya Desai,Surat ,2023-01-15,BR004,online,EIKAS3326N,8854991082,nithya_bose6@yahoo.co.in,38.0,61584.0,salaried_private,647,0.6101,1.0,1,personal,663000,,0,,missing_required_field
LA021913,APP024654,Krishna Chatterjee,Pune,2024-13-05,BR033,branch,XYSEQ6349Q,9091584958,naveen.reddy@hotmail.com,35.0,34851.0,self_employed_professional,665,0.4701,1.0,0,gold,285000,24.0,0,,unparseable_application_date
LA021928,APP016502,Rahul Mukherjee,Mysuru,2025-01-20,BR038,direct_sales_agent,WCIFS4338S,6116959259,chetan.gowda@rediffmail.com,45.0,175442.0,salaried_private,688,0.4214,2.0,1,personal,1500000,,0,,missing_required_field
LA021932,APP018131,Aditya Mukherjee,Hyderabad,2025-05-10,BR020,online,UEJGF8264S,7881700598,nithya.bhatia@hotmail.com,,35583.0,salaried_private,592,0.7615,4.0,3,home,1640000,240.0,0,,missing_required_field
LA021940,APP000293,Bhavana Bose,Coimbatore,2024-01-26,BR012,online,JBAIG5005V,6455590458,shreya12@rediffmail.com,27.0,76345.0,contract,837,0.536,,2,personal,1500000,48.0,0,,missing_required_field
LA021942,APP018101,Swathi Chatterjee,Vadodara,2024-02-04,BR014,partner_referral,RSCWD4851I,7051710232,nvenkatesan@yahoo.co.in,,18144.0,salaried_private,559,0.5717,1.0,5,personal,364000,60.0,0,,missing_required_field
LA021962,APP006200,Aarav Bose,Lucknow,2025-04-14,BR001,branch,XWQJN7731E,7430777946,sunita26@rediffmail.com,25.0,0.0,salaried_private,774,0.3315,1.0,0,gold,98000,18.0,0,,income_not_positive
LA021965,APP026968,Lakshmi Sharma,Ahmedabad,2025-02-22,BR038,online,IHIRL4425J,6519230956,pallavi_rathore2@rediffmail.com,52.0,83363.0,,788,0.5233,1.0,1,home,4436000,300.0,0,,missing_required_field
LA021996,APP025665,Anjali Verma,Pune,2024-10-22,BR007,branch,RIPQP0871V,9023674321,aarav.mehta@outlook.com,40.0,99317.0, self_employed_professional,1200,0.417,0.0,0,home,3980000,180.0,0,,credit_score_out_of_range
LA022008,APP015419,Siddharth Prasad,Delhi,2023-06-08,BR037,online,WXZLV1228C,8017993312,pallavi_raman1@gmail.com,41.0,33915.0,salaried_private,736,0.3196,0.0,2,gold,232000,,0,,missing_required_field
LA022040,APP004334,Vinay Verma,Mumbai,2023-11-24,BR003,direct_sales_agent,KSUQH8740C,9642116744,shreya_raman9@yahoo.co.in,37.0,-25000.0,salaried_government,670,0.9142,1.0,0,personal,470000,24.0,0,,income_not_positive
LA022076,APP012228,Aarav Malhotra, Indore,2024-02-05,BR035,branch,XUPTM0432R,6110421876,zdas@hotmail.com,35.0,0.0,salaried_private,877,0.68,2.0,1,vehicle,436000,84.0,0,,income_not_positive
LA000308,APP017292,Deepika Shah, Hyderabad,2023-10-31,BR030,branch,BWDNJ9466T,6951548938,rajesh55@outlook.com,49.0,55794.0,salaried_private,626,0.4329,0.0,6,personal,694000,36.0,0,,duplicate_application_id
LA022093,APP018755,Ritika Reddy,Indore,2024-08-16,BR002,partner_referral,LVGCR0200Z,8718938927,bhavana.das@protonmail.com,28.0,15033.0,self_employed_business,740,0.4598,,1,gold,86000,18.0,0,,missing_required_field
LA022133,APP007023,Vinay Bose,Tirunelveli,2023-10-05,BR025,branch,YUMNU3531T,8023615912,arjun20@outlook.com,27.0,104706.0,salaried_private,684,0.5549,,3,personal,1500000,48.0,0,,missing_required_field
LA022137,APP014886,Saanvi Malhotra,Rajkot,2025-05-12,BR037,online,CPYHA9272Z,9741555430,kiran_subramanian4@gmail.com,40.0,0.0,salaried_private,718,0.4529,0.0,3,personal,273000,60.0,0,,income_not_positive
LA022143,APP013897,Krishna Mukherjee,Surat,2024-08-22,BR021,partner_referral,AJUTF3864M,9047292931,shreya50@protonmail.com,37.0,59711.0,salaried_private,739,0.4725,,1,vehicle,1344000,60.0,0,,missing_required_field
LA022181,APP026829,Priya Prasad,Delhi,2024-08-18,BR020,branch,TYQUW5193U,6801325204,akapoor@outlook.com,27.0,28068.0,,679,0.503,0.0,0,home,1688000,300.0,0,,missing_required_field
LA000146,APP005240,Harsha Shah,Bhopal,2023-08-02,BR039,branch,KYAKN2244I,8904231588,swathi_shah1@protonmail.com,44.0,51992.0,salaried_government,893,0.3565,0.0,0,vehicle,1131000,84.0,0,,duplicate_application_id
LA022219,APP017365,Sandeep Naidu,Jaipur,2024-03-07,BR038,online,NGXPJ4631I,6399109519,ramya_nair2@outlook.com,50.0,26771.0,salaried_private,0,0.3633,2.0,0,vehicle,244000,48.0,0,,credit_score_out_of_range
LA000151,APP006676,Pooja Desai,Kanpur,2023-03-04,BR027,partner_referral,HQGIK8899U,9957934002,kiran_joshi2@rediffmail.com,26.0,28523.0,salaried_private,695,0.3809,2.0,0,gold,134000,18.0,0,,duplicate_application_id
LA022228,APP008973,Kavya Iyer,Jaipur,2023-10-26,BR037,branch,ZHWKX5898G,7299641121,vinay.mehta@gmail.com,30.0,21269.0,salaried_private,793,0.7777,,0,vehicle,372000,36.0,0,,missing_required_field
LA022237,APP002417,Manoj Verma,Ludhiana,2023-03-24,BR039,branch,AZWFU4305T,7891247776,zoya.reddy@protonmail.com,27.0,0.0,salaried_government,827,0.3524,0.0,0,gold,192000,18.0,1,7672.07,income_not_positive
LA022239,APP006201,Ananya Nair,Madurai,2023-01-29,BR024,online,MAHYH7538U,6368702417,vikram_venkatesan1@hotmail.com,25.0,0.0,salaried_private,630,0.918,4.0,1,home,1500000,360.0,0,,income_not_positive
LA022251,APP002418,Aarav Patel,Kanpur,2023-10-31,BR031,branch,LTKQL6560H,9554905787,shreya70@outlook.com,27.0,0.0,salaried_government,646,0.6,1.0,2,home,3222000,360.0,0,,income_not_positive
LA022256,APP003766,Sandeep Naidu,Bhopal,2025-04-02,BR009,online,HFSCT8631X,8795769257,sbanerjee@protonmail.com,34.0,0.0,salaried_government,674,0.3624,0.0,1,vehicle,225000,24.0,0,,income_not_positive
LA022261,APP026316,Vinay Kapoor,Kanpur,2023-02-05,BR028,partner_referral,ZSMHY5326I,6479691149,ishita25@hotmail.com,47.0,146976.0,self_employed_professional,833,0.4398,1.0,0,home,7045000,,0,,missing_required_field
LA022262,APP007281,Priya Verma,Coimbatore,2024-13-05,BR031,partner_referral,VAUEL1470S,9518483144,priya.rathore@gmail.com,27.0,37511.0,salaried_private,896,0.6967,3.0,1,home,2185000,300.0,0,,unparseable_application_date
LA022271,APP002717,Gayathri Bhat,Nagpur,2024-09-28,BR004,online,FILYW3058T,8939696260,vaishnavi66@protonmail.com,28.0,63726.0,salaried_government,-15,0.6576,2.0,0,home,3022000,180.0,0,,credit_score_out_of_range
LA022278,APP023052,Yash Hegde,Chennai,2024-04-01,BR030,online,QGYHM4027J,8875558371,chetan_banerjee9@rediffmail.com,29.0,-1.0,self_employed_professional,775,0.5013,1.0,1,personal,599000,48.0,0,,income_not_positive
LA022289,APP006482,Yash Sinha,Bengaluru,31/02/2024,BR040,branch,KPUXA9097A,9909298918,sandeep.mehta@gmail.com,25.0,65843.0,salaried_private,662,0.5856,1.0,2,home,4242000,360.0,0,,unparseable_application_date
LA022292,APP011580,Ishaan Kulkarni,Tirunelveli,2025-06-18,BR011,partner_referral,TIGVK8961L,8350796325,aditi.chauhan@protonmail.com,34.0,0.0,salaried_private,744,0.5624,0.0,0,home,5652000,360.0,0,,income_not_positive
LA022300,APP026945,Reyansh Naidu,Kochi,2023-07-22,BR026,online,YGAGM6913Q,8914017753,meera_reddy5@protonmail.com,45.0,16440.0,,743,0.4661,0.0,0,personal,323000,60.0,0,,missing_required_field
LA022306,APP006472,Saanvi Gowda,Ahmedabad,2023-05-02,BR002,partner_referral,IHCYZ6735S,7723065273,ekrishnan@yahoo.co.in,25.0,60254.0,salaried_private,0,0.6192,0.0,0,personal,778000,24.0,1,572311.14,credit_score_out_of_range
LA022320,APP026944,Rohan Kulkarni,Mysuru,2023-12-29,BR039,partner_referral,TXELN5521D,8312535906,lchatterjee@outlook.com,44.0,91413.0,,570,0.2535,1.0,5,personal,357000,24.0,0,,missing_required_field
LA022357,APP013773,Swathi Hegde,Bhopal,2023-04-03,BR015,branch,UWSYK3509L,6097388669,nandini47@yahoo.co.in,37.0,43036.0,salaried_private,4300,0.3815,0.0,0,home,1635000,180.0,0,,credit_score_out_of_range
LA022368,APP025002,Aditya Sinha,Pune,not_a_date,BR036,partner_referral,VWRQC3362H,7389822428,meera_patel4@hotmail.com,37.0,14220.0,self_employed_professional,607,0.547,2.0,1,vehicle,114000,24.0,0,,unparseable_application_date
LA022393,APP011154,Nandini Gowda,Jaipur,2024-08-03,BR019,online,TIIIR7063U,6796724707,chetan43@yahoo.co.in,33.0,30259.0,salaried_private,614,0.264,,1,vehicle,192000,48.0,0,,missing_required_field
LA022421,APP026801,Bhavana Shah,Jaipur ,2024-07-07,BR038,branch,DSUSW3606Y,9837139303,suresh_chauhan5@outlook.com,,57720.0,self_employed_professional,594,0.2742,0.0,3,gold,259000,18.0,0,,missing_required_field
LA022425,APP010256,Vikram Kapoor,Visakhapatnam,2023-11-27,BR035,direct_sales_agent,BSBYR5049N,8577143476,imran.mukherjee@hotmail.com,32.0,-25000.0,Salaried_Private,586,0.2368,0.0,5,gold,61000,12.0,0,,income_not_positive
LA022455,APP001069,Pooja Naidu,Visakhapatnam,2023-01-26,BR009,branch,IPDSU1645R,6117363664,esha_das2@yahoo.co.in,35.0,-25000.0,contract,785,0.4555,1.0,0,home,6614000,240.0,0,,income_not_positive
LA000023,APP016545,Ishaan Prasad,Pune,2024-03-27,BR030,branch,ABCDE12345F,7808243428,sagarwal@hotmail.com,45.0,27506.0,salaried_private,494,0.3506,0.0,5,personal,337000,48.0,0,,duplicate_application_id
LA022466,APP013423,Vikram Joshi,Nagpur,2024-05-13,BR032,online,MBBUX8903H,7905466767,priya_subramanian2@outlook.com,37.0,-1.0,salaried_private,719,0.3454,1.0,1,gold,216000,36.0,0,,income_not_positive
LA022486,APP022463,Deepika Hegde,Madurai,2023-04-25,BR033,branch,MVUZQ9051E,8730733922,manoj.bhat@yahoo.co.in,26.0,-25000.0,self_employed_professional,767,0.3057,0.0,1,gold,175000,36.0,0,,income_not_positive
LA022488,APP025803,Harsha Sharma,Nashik,2025-03-28,BR030,branch,AIXLQ8928G,7813951096,sridhar_gowda5@protonmail.com,42.0,-1.0,self_employed_professional,726,0.2873,0.0,0,personal,1001000,60.0,0,,income_not_positive
LA022493,APP008164,Manoj Chauhan,Jaipur,2023-04-09,BR036,branch,FBNFW5458U,9226302176,shegde@outlook.com,29.0,0.0,salaried_private,752,0.4313,1.0,1,home,2107000,180.0,0,,income_not_positive
LA022494,APP021130,Gayathri Iyer,Coimbatore,2024-13-05,BR003,direct_sales_agent,QKNEF4201N,7820825196,bhargav11@protonmail.com,40.0,22230.0,self_employed_business,569,0.5109,0.0,6,gold,128000,12.0,0,,unparseable_application_date
LA022515,APP026956,Pooja Verma, Mysuru,2025-02-15,BR015,online,NIMNY6541R,7724325873,arjun.pillai@rediffmail.com,46.0,81402.0,,791,0.5322,1.0,2,home,4836000,300.0,0,,missing_required_field
LA022536,APP026974,Rohan Varma,Visakhapatnam,2023-07-11,BR008,branch,KUEHB9613B,7341450451,hiyer@rediffmail.com,60.0,72401.0,,677,0.4807,0.0,1,personal,1450000,60.0,0,,missing_required_field
LA022588,APP026861,Rohan Gowda,Hyderabad,2024-09-10,BR039,online,GYDCE9534B,6792263204,bhargav.naidu@hotmail.com,31.0,48810.0,,564,0.6973,2.0,4,vehicle,1023000,48.0,0,,missing_required_field
LA022624,APP020516,Shreya Rao,Coimbatore,2023-06-28,BR012,direct_sales_agent,TICLM4218R,7573462774,esha13@yahoo.co.in,36.0,48981.0,self_employed_business,664,0.4603,0.0,3,personal,803000,,0,,missing_required_field
LA022632,APP013403,Nikhil Kapoor,Surat,2024-10-11,BR012,branch,TSSRI9629T,9069705139,chetan29@protonmail.com,36.0,90207.0,salaried_private,120,0.5426,0.0,0,home,6205000,360.0,0,,credit_score_out_of_range
LA022634,APP005943,Aarav Bose,Surat,2023-01-29,BR019,online,GSACZ5224L,9867645380,bhargav55@outlook.com,23.0,47854.0,salaried_private,761,0.6535,,1,home,2836000,240.0,0,,missing_required_field
LA000206,APP011675,Rohan Hegde,Mysuru,2023-04-28,BR020,branch,MYHKK0207Q,6874331986,esha.chauhan@protonmail.com,34.0,17313.0,salaried_private,766,0.3999,1.0,1,gold,118000,24.0,0,,duplicate_application_id
LA000156,APP007920,Lakshmi Kulkarni,Ludhiana,31/02/2024,BR003,online,MRKHB6215M,9021598976,manoj91@gmail.com,28.0,45303.0, salaried_private,657,0.4713,1.0,2,personal,686000,48.0,0,,duplicate_application_id
LA022647,APP006531,Kavya Ramesh,Visakhapatnam ,2023-10-30,BR032,online,SWIAW3662Z,6036611233,sridhar.prasad@gmail.com,26.0,-1.0,salaried_private,730,0.4202,2.0,0,vehicle,254000,48.0,1,46698.77,income_not_positive
LA022673,APP018151,Bhavana Gowda,Lucknow,2025-02-08,BR018,direct_sales_agent,BJRNI3802J,7908068621,karthik_gowda7@yahoo.co.in,,53047.0,salaried_private,748,0.2864,1.0,0,gold,310000,36.0,0,,missing_required_field
LA022709,APP011483,Karthik Sharma,Bhopal,2024-05-16,BR003,branch,SFEXK0418T,8507311286,vinay.shah@hotmail.com,33.0,67696.0,salaried_private,900,0.5276,,0,personal,1380000,60.0,0,,missing_required_field
LA022711,APP026846,Ritika Joshi, Nagpur,2025-06-17,BR010,branch,SDGDA0415Y,8993021455,vgupta@yahoo.co.in,30.0,14972.0,,751,0.4547,2.0,3,gold,72000,18.0,0,,missing_required_field
LA022737,APP026932,Ritika Gowda,Surat,2024-04-15,BR037,branch,EGPDK7280P,8898558953,varun_bhat5@gmail.com,40.0,34921.0,,546,0.3993,0.0,3,home,1631000,300.0,0,,missing_required_field
LA022743,APP006532,Vikram Mukherjee,Ludhiana,2023-03-01,BR006,direct_sales_agent,FTNXK7571V,7447626323,vikram_mukherjee7@hotmail.com,26.0,-1.0,salaried_private,900,0.4119,1.0,0,gold,195000,36.0,0,,income_not_positive
LA022744,APP011760,Pooja Iyer,Nagpur,2023-11-15,BR011,branch,JYZRY2446Q,6867250995,vinay51@gmail.com,34.0,24800.0,salaried_private,354,0.5793,1.0,8,home,1500000,,1,642424.54,missing_required_field
LA000023,APP005526,Shreya Sinha,Bhopal,2024-01-23,BR025,direct_sales_agent,UGIZH3609R,9303760730,praveen_banerjee3@protonmail.com,49.0,29716.0,salaried_government,699,0.465,2.0,3,personal,395000,48.0,0,,duplicate_application_id
LA022764,APP003573,Nikhil Varma,Mysuru,2023-09-27,BR007,branch,UNTND3742P,8839176153,ganesh48@yahoo.co.in,33.0,-25000.0,salaried_government,707,0.2848,1.0,2,vehicle,222000,36.0,0,,income_not_positive
LA022778,APP017926,Aadhya Reddy,Kochi,2023-12-28,BR025,online,YNZLB3572S,6917540503,rnaidu@outlook.com,60.0,0.0,salaried_private,734,0.2628,1.0,0,personal,182000,48.0,0,,income_not_positive
LA022789,APP018130,Kavya Nair,Ahmedabad,2023-12-08,BR031,online,GEAXJ0021K,6065936573,aditi_gupta4@protonmail.com,,35179.0,salaried_private,781,0.4714,1.0,2,vehicle,859000,84.0,0,,missing_required_field
LA022843,APP007551,Saanvi Ramesh,Hyderabad,2023-05-20,BR023,partner_referral,LZWAN9865G,6958591799,zoya.rao@gmail.com,28.0,-25000.0,salaried_private ,636,0.4463,1.0,2,home,1530000,240.0,0,,income_not_positive
LA022845,APP013431,Vinay Gowda,Jaipur,2023-05-02,BR040,online,QVXNA2250A,6293515491,skulkarni@outlook.com,37.0,0.0,salaried_private,751,0.8948,3.0,1,home,1500000,360.0,0,,income_not_positive
LA022871,APP006004,Swathi Gowda,Ahmedabad,2023-08-12,BR010,branch,FETMX7299P,8998660419,brao@gmail.com,24.0,150248.0,salaried_private,814,0.274,,0,personal,1500000,48.0,0,,missing_required_field
LA022889,APP009622,Manoj Hegde,Hyderabad,2023-06-02,BR040,branch,RDDHS9115U,8849826708,nithya85@rediffmail.com,31.0,178410.0,salaried_private,250,0.5038,1.0,1,vehicle,2500000,36.0,0,,credit_score_out_of_range
LA022893,APP004206,Vikram Reddy,Bengaluru ,2024-03-23,BR025,online,SDFVI2290K,7215251180,pallavi37@gmail.com,36.0,18754.0,salaried_government,660,0.4471,0.0,3,personal,240000,,0,,missing_required_field
LA022907,APP010191,Vivaan Reddy,Ludhiana,not_a_date,BR006,branch,WACGI8758U,8569614655,dinesh_rathore1@protonmail.com,31.0,81269.0,salaried_private,717,0.5132,0.0,2,personal,1500000,48.0,0,,unparseable_application_date
LA022918,APP021867,Neha Subramanian,Coimbatore,2024-04-05,BR002,online,KQUSN4142T,8549334338,nbhat@outlook.com,48.0,83513.0,self_employed_business ,4300,0.538,1.0,2,personal,1051000,36.0,0,,credit_score_out_of_range
LA022968,APP006094,Ishaan Chauhan,Mumbai,2023-01-17,BR024,branch,MJIUE4706S,9470696623,kiran35@protonmail.com,24.0,42297.0,salaried_private,798,0.3266,,0,gold,160000,18.0,0,,missing_required_field
LA022985,APP026798,Priya Prasad,Mumbai,2024-04-22,BR039,partner_referral,IIUQP7101Z,6583095651,ganesh_sharma5@gmail.com,,48553.0,self_employed_professional,810,0.5258,2.0,0,personal,444000,36.0,0,,missing_required_field
LA022990,APP011886,Vivaan Varma,Jaipur,2025-04-29,BR017,online,TGQCQ1438U,8987841216,kiran.mukherjee@gmail.com,34.0,35794.0,salaried_private,544,0.4524,,4,home,1588000,180.0,0,,missing_required_field
LA023014,APP009642,Ritika Nair,Vadodara,not_a_date,BR033,branch,CLVJY2287Y,8582815283,praveen30@gmail.com,31.0,19698.0,salaried_private,639,0.4482,2.0,1,personal,211000,48.0,0,,unparseable_application_date
LA023024,APP002987,Swathi Bose,Bengaluru,2024-01-29,BR040,direct_sales_agent,EMQXQ3204X,9418715101,rajesh.malhotra@hotmail.com,30.0,16269.0, SALARIED_GOVERNMENT ,985,0.4826,2.0,0,personal,122000,24.0,0,,credit_score_out_of_range
LA000318,APP011872,Saanvi Hegde,Vadodara,2024-03-24,BR022,branch,MLHMW1647Y,9715804890,latha.pillai@protonmail.com,34.0,34936.0,salaried_private,700,0.3008,1.0,1,personal,127000,24.0,0,,duplicate_application_id
LA023079,APP026934,Anjali Ramesh,Rajkot,2023-02-07,BR010,branch,FTKQS6800V,8557790412,arjun.gowda@hotmail.com,41.0,24966.0,,772,0.4608,3.0,2,gold,132000,18.0,0,,missing_required_field
LA023080,APP020387,Divya Sharma,Chennai,2024-06-14,BR033,direct_sales_agent,ZRKVV0115G,7822319861,karthik_gupta1@outlook.com,35.0,75017.0,self_employed_business,721,0.6648,,1,home,4121000,240.0,0,,missing_required_field
LA023131,APP023299,Siddharth Desai,Bengaluru,2024-03-26,BR010,online,BTRUP2908K,6113687517,harish72@yahoo.co.in,30.0,-25000.0,self_employed_professional,835,0.3628,0.0,0,gold,53000,6.0,0,,income_not_positive
LA023147,APP003062,Meera Sinha,Madurai,not_a_date,BR027,branch,CQHZU8475I,9736338172,jayanth.joshi@outlook.com,30.0,34222.0, salaried_government,502,0.2561,1.0,6,gold,128000,24.0,0,,unparseable_application_date
LA023149,APP018379,Aditya Mukherjee,Nagpur,2025-02-10,BR009,branch,HIHBI9463W,9320470201,adas@gmail.com,25.0,35022.0,self_employed_business,799,0.4331,,1,vehicle,918000,84.0,0,,missing_required_field
LA023159,APP026791,Rohan Menon,Mysuru,2023-07-03,BR004,direct_sales_agent,EGXCK9676Q,9464404496,sridhar_shetty3@outlook.com,,37800.0,self_employed_professional,645,0.6765,2.0,5,home,2166000,300.0,0,,missing_required_field
LA023163,APP003874,Bhavana Kulkarni,Mumbai,2024-10-05,BR027,online,XNPII5537R,7638492326,ykrishnan@hotmail.com,34.0,37267.0,salaried_government,-15,0.4514,2.0,0,personal,560000,60.0,0,,credit_score_out_of_range
LA023186,APP005895,Vikram Bose,Vadodara,2025-05-19,BR011,online,NHJDM0151S,9588028329,niyer@gmail.com,23.0,25952.0,salaried_private,0,0.6324,2.0,1,gold,166000,18.0,0,,credit_score_out_of_range
LA000331,APP022454,Anjali Varma,Bengaluru,2023-04-26,BR034,branch,IUGKI0645D,98765abcde,priya.deshpande@gmail.com,25.0,80227.0,self_employed_professional,609,0.7758,2.0,3,vehicle,1030000,24.0,1,497633.63,duplicate_application_id
LA000119,APP024944,Aditya Pillai,Mumbai,2024-04-13,BR027,direct_sales_agent,VGVYQ9096L,7151515682,sdeshpande@hotmail.com,36.0,53198.0,self_employed_professional ,802,0.6879,1.0,1,personal,965000,36.0,0,,duplicate_application_id
LA023219,APP009805,Reyansh Varma,Jaipur,2023-02-05,BR027,branch,ZWNBW4609Z,7826912498,shreya_chatterjee6@protonmail.com,31.0,31910.0,salaried_private,358,0.373,0.0,10,personal,408000,,1,255306.06,missing_required_field
LA023222,APP026789,Praveen Banerjee,Indore,2023-06-02,BR018,branch,WNZFC5430X,9574847269,varun_verma1@yahoo.co.in,,35018.0,SELF_EMPLOYED_PROFESSIONAL,595,0.5151,0.0,4,personal,199000,12.0,1,163369.65,missing_required_field
LA023232,APP005856,Siddharth Varma,Indore,2024-08-15,BR039,branch,XUCLI6969V,6119719048,aditi.chatterjee@rediffmail.com,23.0,-1.0,salaried_private,827,0.3078,0.0,1,gold,206000,24.0,0,,income_not_positive
LA023242,APP020590,Aniket Krishnan,Coimbatore,2023-02-16,BR034,online,IWFPW2784G,8160986951,kiran25@gmail.com,37.0,-1.0,self_employed_business,795,0.8125,1.0,1,vehicle,406000,24.0,0,,income_not_positive
LA023252,APP022197,Harsha Shah,Mysuru,2025-01-22,BR005,branch,UCTDP9196G,9326439448,vikram56@outlook.com,,29517.0,self_employed_business,738,0.3472,1.0,1,personal,313000,60.0,0,,missing_required_field
LA023255,APP004623,Vivaan Naidu,Indore,2024-11-01,BR005,online,BTCWJ4729Q,8394941566,meera_patel2@gmail.com,38.0,90369.0,salaried_government,872,0.578,0.0,0,vehicle,2080000,,0,,missing_required_field
LA023268,APP005845,Rahul Hegde,Madurai,2023-10-25,BR001,partner_referral,KTLTC6533A,8241779562,bhavana_bhat3@rediffmail.com,22.0,32355.0,salaried_private,250,0.2979,0.0,0,personal,350000,48.0,1,301775.96,credit_score_out_of_range
LA023299,APP026914,Divya Verma,Nashik,2025-02-11,BR023,online,AEDSA8898Z,8672863700,rajesh_shetty4@outlook.com,37.0,55700.0,,801,0.3137,1.0,1,gold,216000,18.0,0,,missing_required_field
LA023313,APP004878,Nikhil Shah,Jaipur,2025-06-15,BR039,branch,BCQKZ5537T,9176892162,farhan_chauhan6@gmail.com,41.0,0.0,salaried_government,493,0.6928,2.0,11,personal,384000,36.0,0,,income_not_positive
LA023325,APP015651,Vinay Kulkarni,Mumbai,2024-09-22,BR035,partner_referral,XWTXU1002I,7584415354,varun34@gmail.com,42.0,-1.0,SALARIED_PRIVATE,585,0.5065,1.0,4,personal,342000,36.0,0,,income_not_positive
LA023366,APP013480,Nandini Patel,Bhopal,not_a_date,BR015,branch,CUSIX5654S,7034154685,nmukherjee@yahoo.co.in,37.0,134182.0, salaried_private,578,0.1723,1.0,2,gold,224000,24.0,0,,unparseable_application_date
LA023380,APP024098,Anjali Pillai,Ahmedabad,2024-04-12,BR032,partner_referral,ABQFT0962M,8462756379,rohit.menon@yahoo.co.in,33.0,19138.0,self_employed_professional,528,0.4679,0.0,5,personal,365000,,0,,missing_required_field
LA023383,APP002439,Aniket Sinha,Chennai,not_a_date,BR037,online,QGFIR2493F,6108464797,imran_agarwal4@gmail.com,27.0,13663.0,salaried_government,636,0.3257,0.0,3,gold,73000,18.0,0,,unparseable_application_date
LA000066,APP007975,Kavya Krishnan,Ahmedabad,2023-08-17,BR010,online,YLGYI9194X,7673376035,imran_mukherjee4@protonmail.com,28.0,52692.0,salaried_private,806,0.398,1.0,1,personal,489000,36.0,0,,duplicate_application_id
LA023391,APP006883,Rahul Prasad,Bhopal,2023-05-25,BR028,branch,HQRZR6345T,9630283758,bverma@protonmail.com,26.0,55671.0,SALARIED_PRIVATE,690,0.5019,1.0,1,gold,404000,,0,,missing_required_field
LA023440,APP008072,Bhavana Shah,Tirunelveli,31/02/2024,BR032,online,DDKDY8408H,7220460153,arjun.shah@outlook.com,28.0,71525.0,salaried_private,685,0.4516,0.0,2,vehicle,1918000,84.0,0,,unparseable_application_date
LA023441,APP024989,Ananya Shah,Indore,2023-11-16,BR034,branch,LJLDA8886I,6053690022,latha_verma5@rediffmail.com,37.0,-25000.0,self_employed_professional,807,0.4778,0.0,0,home,3198000,360.0,0,,income_not_positive
LA023467,APP022464,Lakshmi Reddy,Jaipur,2025-03-25,BR015,partner_referral,HEKLS8626I,8033625027,rajesh25@rediffmail.com,26.0,-25000.0,self_employed_professional,566,0.5325,2.0,4,personal,1285000,60.0,0,,income_not_positive
LA023474,APP026860,Aadhya Desai,Visakhapatnam,2023-06-28,BR024,branch,ALVYE0219S,8860872449,aarav_venkatesan9@outlook.com,31.0,45856.0,,879,0.4202,0.0,0,home,2336000,300.0,0,,missing_required_field
LA023487,APP005857,Diya Prasad, Kanpur,2023-10-11,BR021,partner_referral,IRRXC7048E,7283113353,rkulkarni@hotmail.com,23.0,-1.0,salaried_private,668,0.496,1.0,1,vehicle,523000,36.0,0,,income_not_positive
LA023488,APP007017,Vinay Chatterjee,Pune,2023-11-20,BR040,direct_sales_agent,AQKFN9261G,6978099396,praveen_chauhan5@outlook.com,27.0,0.0,salaried_private,651,0.477,0.0,1,vehicle,341000,24.0,1,173075.31,income_not_positive
LA023494,APP026474,Bhavana Naidu,Nashik,2024-04-29,BR018,branch,LDVAZ6698D,9744337290,imran86@protonmail.com,50.0,-25000.0,Self_Employed_Professional,587,0.7439,2.0,2,personal,1130000,24.0,0,,income_not_positive
LA023519,APP015413,Vivaan Malhotra,Delhi,2023-05-17,BR021,partner_referral,ASNVT4887N,7662643103,deepak68@yahoo.co.in,41.0,33014.0,salaried_private,0,0.4363,0.0,0,personal,614000,60.0,1,581191.65,credit_score_out_of_range
LA023549,APP012546,Gayathri Chauhan,Rajkot,,BR031,branch,BWMCA4191L,9328501134,lakshmi_mukherjee5@rediffmail.com,35.0,37358.0,salaried_private,396,0.44,1.0,12,personal,469000,60.0,0,,unparseable_application_date
LA023629,APP020944,Nandini Varma,Mysuru,2024-06-11,BR006,online,KRAIU9486L,9210642278,drathore@rediffmail.com,39.0,-1.0,self_employed_business,808,0.3676,0.0,1,gold,453000,12.0,0,,income_not_positive
LA023635,APP002416,Vikram Kulkarni,Nashik,2024-05-06,BR022,branch,HHJRC8576T,7149108228,varun18@gmail.com,27.0,-25000.0,salaried_government,900,0.2915,0.0,1,personal,470000,60.0,0,,income_not_positive
LA023648,APP018168,Gayathri Kapoor,Vadodara,2024-11-22,BR024,online,KGMYF5798I,7274769638,mahesh.das@outlook.com,,86642.0,Salaried_Private,567,0.4778,1.0,4,home,3165000,180.0,0,,missing_required_field
LA023658,APP018114,Arjun Pillai,Ludhiana,2023-08-29,BR034,branch,FTKLU7332D,9255123199,arjun_naidu1@rediffmail.com,,27317.0,salaried_private,428,0.2701,1.0,5,gold,181000,36.0,0,,missing_required_field
LA023669,APP010921,Reyansh Pillai,Chennai,2023-08-10,BR040,partner_referral,QLTDT1862D,6667721732,vikram_iyer4@protonmail.com,33.0,-25000.0,salaried_private,779,0.247,0.0,1,gold,116000,24.0,0,,income_not_positive
LA023681,APP010369,Harsha Verma,Vadodara,2023-08-24,BR022,branch,AABCH4771C,9637002747,arjun_shetty9@rediffmail.com,32.0,19479.0,salaried_private,1200,0.4193,1.0,1,gold,172000,36.0,0,,credit_score_out_of_range
LA023686,APP022201,Rahul Sharma,Tirunelveli,2023-08-16,BR017,online,DMBES1803R,7256422295,ishita.banerjee@yahoo.co.in,,42493.0,self_employed_business,387,0.6822,2.0,12,home,2466000,360.0,0,,missing_required_field
LA023699,APP007144,Sandeep Chatterjee,Kochi,2024-06-16,BR029,branch,JNWXK7926G,9688050209,kavya_naidu9@hotmail.com,27.0,22405.0,salaried_private,885,0.468,3.0,0,gold,68000,,0,,missing_required_field
LA023708,APP013428,Vivaan Shah,Rajkot,2024-05-01,BR006,partner_referral,SFDLB5302V,9743580151,bhavana89@gmail.com,37.0,-25000.0,salaried_private,668,0.3873,2.0,1,gold,92000,18.0,0,,income_not_positive
LA023719,APP013967,Anjali Bhat,Lucknow,not_a_date,BR011,branch,LBQCP4987Y,7123245043,pallavi.kapoor@protonmail.com,37.0,76703.0,salaried_private,655,0.5108,1.0,1,vehicle,2115000,84.0,0,,unparseable_application_date
LA023720,APP005723,Meera Sharma,Tirunelveli,2025-06-23,BR030,online,TUCEB2429I,7516920597,rohit.rao@outlook.com,56.0,66393.0,salaried_government,985,0.236,1.0,5,vehicle,420000,48.0,0,,credit_score_out_of_range
LA000141,APP024536,Anjali Malhotra,Hyderabad,2023-10-05,BR008,branch,FXYKE1331W,8529666777,vinay.joshi@hotmail.com,35.0,-1.0,Self_Employed_Professional,812,0.245,0.0,1,gold,90000,18.0,0,,duplicate_application_id
LA023729,APP013633,Vivaan Kapoor,Hyderabad,2024-13-05,BR014,partner_referral,PBHXL9892G,9404483969,dinesh.raman@yahoo.co.in,37.0,28540.0,salaried_private,614,0.4139,0.0,2,vehicle,551000,60.0,0,,unparseable_application_date
LA023748,APP026822,Gayathri Iyer,Kochi,2023-08-07,BR003,online,SGYIZ0422J,8393511877,mprasad@gmail.com,26.0,137061.0,,491,0.7554,4.0,6,gold,921000,18.0,1,144325.11,missing_required_field
LA023758,APP019379,Siddharth Kulkarni,Indore,2023-06-05,BR033,branch,UEKHJ3730W,6162644028,kavya44@gmail.com,31.0,0.0,self_employed_business,646,0.3827,0.0,1,personal,446000,36.0,0,,income_not_positive
LA023780,APP004098,Harsha Prasad,Nagpur,2023-10-31,BR035,branch,IDNGV4611M,7338703174,naveen37@gmail.com,35.0,51839.0,salaried_government,861,0.4563,,0,home,2494000,300.0,0,,missing_required_field
LA023781,APP014459,Rahul Menon,Visakhapatnam,2023-04-01,BR031,online,DVICI5708J,9752844745,swathi.venkatesan@rediffmail.com,39.0,-25000.0,salaried_private,819,0.5092,0.0,1,home,3690000,240.0,0,,income_not_positive
LA023798,APP026933,Rohan Subramanian,Pune,2024-01-28,BR003,online,GRTNE7529Q,9855166689,gmalhotra@protonmail.com,41.0,23875.0,,499,0.3485,2.0,5,personal,151000,48.0,0,,missing_required_field
LA023805,APP017623,Pooja Hegde,Lucknow,2024-11-22,BR015,online,DESUF0364K,9116908443,ananya_agarwal6@gmail.com,53.0,-25000.0,salaried_private,746,0.4483,1.0,0,vehicle,212000,48.0,0,,income_not_positive
LA023817,APP022800,Harsha Naidu,Bhopal,2023-08-19,BR024,partner_referral,EZIXA4640K,9754335994,sshetty@yahoo.co.in,28.0,-25000.0,self_employed_professional,439,0.5815,1.0,9,personal,1028000,48.0,0,,income_not_positive
LA023824,APP006144,Anjali Sinha,Nashik,2025-03-18,BR004,branch,WIESJ2079D,8095206337,vmehta@hotmail.com,24.0,60877.0,salaried_private,748,0.3976,,2,personal,703000,36.0,0,,missing_required_field
LA023862,APP006634,Aniket Chatterjee,Bengaluru,2024-07-03,BR011,partner_referral,FZLDE9520D,7632692325,shreya75@hotmail.com,26.0,22520.0,salaried_private,1200,0.5928,1.0,2,personal,388000,48.0,1,231101.94,credit_score_out_of_range
LA023893,APP011147,Praveen Nair,Coimbatore,2025-04-19,BR010,direct_sales_agent,DQNTW4425W,7194203398,agupta@gmail.com,33.0,29591.0,salaried_private,679,0.4793,0.0,0,personal,507000,,0,,missing_required_field
LA023895,APP026869,Nikhil Menon,Rajkot,2024-01-26,BR040,branch,XMWGE7692M,7189148790,rohit.naidu@yahoo.co.in,32.0,29782.0,,753,0.6253,2.0,1,gold,81000,6.0,0,,missing_required_field
LA023907,APP026941,Siddharth Bhat,Hyderabad,2023-03-03,BR018,partner_referral,UTIDM4085G,9869274958,praveen.das@yahoo.co.in,44.0,22675.0,,676,0.3802,1.0,1,gold,146000,24.0,0,,missing_required_field
LA023950,APP006443,Harsha Banerjee,Delhi,2023-11-23,BR004,branch,ZWJVM9745E,6656936147,omkar74@hotmail.com,25.0,52472.0,salaried_private,678,0.3064,1.0,3,gold,144000,,0,,missing_required_field
LA024004,APP000958,Ishaan Bhat,Bhopal ,2023-06-25,BR003,branch,PHMLX8952X,9176048076,shreya.shetty@gmail.com,34.0,18103.0,contract,985,0.4938,0.0,5,vehicle,521000,84.0,0,,credit_score_out_of_range
LA024024,APP014460,Vivaan Bhat,Mumbai,2023-12-28,BR039,branch,CHCZJ7724A,9776701912,yamini.kapoor@protonmail.com,39.0,-25000.0,salaried_private,804,0.3001,1.0,0,gold,82000,6.0,0,,income_not_positive
LA024050,APP000654,Aadhya Verma,Ahmedabad,2024-13-05,BR015,online,MKFGU5781R,9834266075,diyer@protonmail.com,31.0,33900.0,contract,710,0.5514,1.0,1,personal,430000,36.0,0,,unparseable_application_date
LA024076,APP026850,Bhavana Chauhan,Coimbatore,2024-03-16,BR026,direct_sales_agent,KANDB2300U,7433487771,kiran_prasad6@outlook.com,30.0,67426.0,,618,0.1205,0.0,2,gold,173000,24.0,0,,missing_required_field
LA024082,APP016065,Bhavana Sinha,Nashik,2024-05-02,BR012,branch,VKNEG9013S,6833903609,divya24@yahoo.co.in,43.0,31612.0,salaried_private,698,0.4133,,1,vehicle,515000,48.0,0,,missing_required_field
LA024139,APP009513,Praveen Bhat,Kochi,2025-05-28,BR030,branch,AAKKY0100G,7833722372,vikram18@outlook.com,31.0,-1.0,salaried_private,749,0.4028,1.0,2,gold,281000,12.0,0,,income_not_positive
LA024146,APP009454,Aditya Sharma,Ludhiana,2023-04-03,BR039,branch,TSFJL6320C,8405416885,nithya.rao@hotmail.com,30.0,77232.0,salaried_private,739,0.4997,,1,home,2508000,300.0,0,,missing_required_field
LA024162,APP018136,Sneha Sinha,Mysuru,2024-06-15,BR039,online,QZCDE7201S,9218513243,sverma@gmail.com,,40546.0,salaried_private,534,0.4029,1.0,7,personal,256000,24.0,0,,missing_required_field
LA024172,APP013432,Sandeep Pillai,Mysuru,2023-05-09,BR025,online,MGWFQ2633N,7688572901,mahesh.shah@hotmail.com,37.0,0.0,salaried_private,900,0.5623,2.0,0,personal,958000,60.0,0,,income_not_positive
LA024208,APP006580,Arjun Banerjee,Nagpur,2024-02-04,BR011,online,APLGR9531K,6058890183,pallavi.shah@hotmail.com,26.0,15456.0,salaried_private,798,0.3043,,0,gold,62000,24.0,0,,missing_required_field
LA024216,APP002287,Rohan Nair,Chennai,2024-05-18,BR022,branch,AIXNV7449L,8464281491,charitha.shetty@hotmail.com,26.0,-1.0,salaried_government,781,0.3714,0.0,0,home,4505000,300.0,0,,income_not_positive
LA024274,APP008153,Siddharth Verma,Madurai,2025-02-24,BR010,branch,JMRJY9737H,8699761385,vinay.reddy@gmail.com,29.0,-1.0,salaried_private,500,0.2887,0.0,3,vehicle,197000,36.0,0,,income_not_positive
LA024277,APP005172,Reyansh Gowda,Mumbai,2023-11-13,BR002,online,WLCIQ4609U,7107213527,anaidu@hotmail.com,44.0,0.0,salaried_government,611,0.4485,1.0,2,home,2629000,240.0,0,,income_not_positive
LA024287,APP026887,Deepika Subramanian,Kanpur,2024-05-12,BR007,partner_referral,SMTLP0672U,7385269030,kgupta@hotmail.com,33.0,90727.0,,612,0.6155,1.0,2,home,5481000,360.0,0,,missing_required_field
LA000389,APP013780,Krishna Verma,Ludhiana,2023-05-26,BR009,partner_referral,TXALQ9333B,6405713637,charitha92@gmail.com,37.0,43667.0,salaried_private,682,0.3305,0.0,1,home,1747000,300.0,0,,duplicate_application_id
LA024317,APP022188,Vikram Gowda,Lucknow,2024-03-16,BR024,branch,JLPTK8609W,9749558514,gjoshi@rediffmail.com,,190050.0,self_employed_business,724,0.5736,3.0,1,home,7273000,360.0,0,,missing_required_field
LA024324,APP009990,Manoj Prasad,Rajkot,2025-01-02,BR018,partner_referral,PKFDC4182L,6754241171,kbhatia@rediffmail.com,31.0,48114.0,salaried_private,772,0.2085,,0,gold,215000,24.0,0,,missing_required_field
LA024334,APP018053,Lakshmi Prasad,Bengaluru,2023-07-07,BR008,direct_sales_agent,QDALW9543M,8972579970,arjun.chauhan@gmail.com,60.0,66544.0, SALARIED_PRIVATE ,699,0.3827,2.0,2,personal,454000,,0,,missing_required_field
LA024345,APP005829,Siddharth Bhat,Surat,2023-01-10,BR006,partner_referral,RWTEW7157Q,7619852121,gayatri33@gmail.com,,89291.0,salaried_government,676,0.3439,1.0,2,personal,408000,24.0,1,222509.24,missing_required_field
LA024373,APP016478,Arjun Ramesh,Kochi,2025-04-22,BR029,branch,NXFLM1775B,6903582221,ananya.shah@gmail.com,45.0,-1.0,salaried_private,778,0.5811,2.0,0,home,2607000,240.0,0,,income_not_positive
LA024410,APP026943,Aarav Menon,Madurai,2024-07-18,BR004,online,HWCLC5893H,6951049034,deepak_pillai4@yahoo.co.in,44.0,55590.0,,703,0.4006,0.0,2,personal,798000,48.0,0,,missing_required_field
LA024427,APP020950,Ishaan Chatterjee,Kolkata,2024-06-09,BR010,partner_referral,KWAIP5588C,8951014258,karthik_deshpande4@yahoo.co.in,39.0,12000.0, SELF_EMPLOYED_BUSINESS ,592,0.4203,,3,vehicle,300000,84.0,0,,missing_required_field
LA024437,APP003076,Aditya Subramanian,Vadodara,2024-04-16,BR012,branch,LYJEL9777Y,8943535881,hpillai@rediffmail.com,30.0,38359.0,salaried_government,740,0.6246,2.0,2,personal,687000,,0,,missing_required_field
LA024479,APP026897,Neha Desai,Vadodara,2024-04-24,BR033,branch,ULTDW3793R,8562500004,praveen28@gmail.com,35.0,25225.0,,637,0.37,2.0,4,personal,218000,48.0,0,,missing_required_field
LA024481,APP007539,Priya Patel,Ahmedabad,2023-06-24,BR003,online,APLCP6485L,9085737105,charitha86@protonmail.com,27.0,97238.0,salaried_private,-15,0.2475,0.0,1,personal,1006000,60.0,1,813300.47,credit_score_out_of_range
LA024489,APP021026,Divya Iyer,Jaipur,2023-10-24,BR036,online,NWFJN8981L,6516524799,bhargav23@yahoo.co.in,39.0,39658.0,self_employed_business,1200,0.4146,0.0,3,personal,471000,36.0,0,,credit_score_out_of_range
LA024494,APP026663,Bhavana Malhotra,Mysuru,2024-11-10,BR030,direct_sales_agent,HVJKZ9203K,7166450564,arjun.agarwal@protonmail.com,57.0,0.0,self_employed_professional,758,0.4045,1.0,1,home,2335000,300.0,0,,income_not_positive
LA024507,APP018138,Aditya Chatterjee,Madurai ,2023-06-27,BR009,partner_referral,VKMGS0037D,6165711839,imran.kapoor@protonmail.com,,43172.0,salaried_private,877,0.3458,0.0,2,home,1500000,180.0,0,,missing_required_field
LA024521,APP008154,Nikhil Kulkarni,Indore ,2025-02-06,BR027,online,RMTNZ1465Z,9148288200,vikram12@outlook.com,29.0,-1.0,salaried_private,821,0.541,1.0,0,vehicle,806000,36.0,0,,income_not_positive
LA024529,APP018709,Nandini Rao,Indore,2023-06-01,BR007,partner_referral,JTWKG0461L,8922393668,manoj_iyer9@hotmail.com,27.0,65922.0,self_employed_business,833,0.3023,0.0,0,gold,611000,,0,,missing_required_field
LA024559,APP007552,Meera Chatterjee,Indore,2025-04-17,BR033,direct_sales_agent,IVKSC2323Y,7956983591,tbose@hotmail.com,28.0,-25000.0,salaried_private,787,0.4119,1.0,0,vehicle,497000,24.0,0,,income_not_positive
LA000485,APP001285,Anjali Pillai,Nashik,2023-12-20,BR009,online,JYAJR0379M,8419936878,charitha.iyer@gmail.com,36.0,98041.0,contract,731,0.528,0.0,1,gold,585000,12.0,0,,duplicate_application_id
LA024634,APP002864,Shreya Bhat,Coimbatore,not_a_date,BR028,branch,RNEPW4013E,7954226743,divya_reddy2@protonmail.com,29.0,39742.0, salaried_government,664,0.3084,0.0,4,personal,252000,24.0,0,,unparseable_application_date
LA000274,APP014217,Vivaan Menon,Delhi,2023-04-13,BR038,online,HWLRJ5093A,6990207761,meera.rao@gmail.com,38.0,33869.0,salaried_private ,816,0.4246,0.0,1,personal,420000,36.0,0,,duplicate_application_id
LA024668,APP017979,Praveen Sinha,Bhopal,2024-02-22,BR022,online,VPGZY7263H,9896566176,eprasad@outlook.com,60.0,28661.0,salaried_private,4300,0.4204,0.0,3,home,1500000,360.0,0,,credit_score_out_of_range
LA024673,APP007010,Aarav Rao,Kanpur,2024-05-18,BR024,partner_referral,MCGLW9856G,9458592103,sandeep_mehta5@yahoo.co.in,27.0,-1.0,salaried_private,687,0.5397,2.0,3,home,4367000,300.0,0,,income_not_positive
LA024682,APP019302,Manoj Sharma,Rajkot,,BR022,branch,CPYRA9373Q,9628314926,smenon@rediffmail.com,30.0,46324.0,self_employed_business,857,0.2942,0.0,0,personal,588000,60.0,0,,unparseable_application_date
LA024737,APP012965,Krishna Prasad,Kanpur,2024-13-05,BR016,branch,XYVYC6604D,6236154212,rahul_reddy4@yahoo.co.in,36.0,20426.0,salaried_private,752,0.6045,1.0,3,home,1500000,360.0,0,,unparseable_application_date
LA024758,APP003513,Ishaan Mukherjee,Madurai,2023-05-29,BR033,branch,SRIDZ3563S,6645371353,agowda@gmail.com,32.0,51004.0, salaried_government,120,0.284,0.0,2,gold,238000,18.0,0,,credit_score_out_of_range
LA024763,APP002143,Yash Bhat,Bengaluru,2023-09-03,BR040,online,KETDL0056Y,9663522093,jmenon@gmail.com,24.0,25723.0,salaried_government,672,0.9187,,2,personal,468000,36.0,1,282848.08,missing_required_field
LA024787,APP010014,Karthik Chauhan,Nashik,2024-04-16,BR005,branch,JZLUK2547I,8499874861,aarav_malhotra4@hotmail.com,31.0,50316.0,salaried_private,0,0.2304,2.0,1,gold,65000,18.0,0,,credit_score_out_of_range
LA024801,APP008159,Diya Prasad,Surat,2023-01-30,BR029,branch,ENSMS8950T,8133553992,omkar_hegde5@gmail.com,29.0,-25000.0,salaried_private,637,0.6323,2.0,2,personal,668000,60.0,0,,income_not_positive
LA024816,APP025670,Praveen Shah,Ludhiana,2024-03-04,BR021,direct_sales_agent,PWFKW6660Q,9786903717,kavya_pillai2@outlook.com,41.0,0.0,self_employed_professional,831,0.4902,2.0,1,personal,1500000,60.0,0,,income_not_positive
LA024823,APP024308,Krishna Shah,Ludhiana,2023-04-11,BR020,online,LEKHW0806P,7281386766,naveen24@gmail.com,34.0,-25000.0,Self_Employed_Professional,775,0.3533,0.0,1,home,4071000,180.0,0,,income_not_positive
LA024838,APP018152,Divya Ramesh,Kanpur,2024-02-21,BR019,direct_sales_agent,UNCAC8291Q,9208742784,manoj_bhat5@outlook.com,,53144.0,salaried_private,737,0.4935,1.0,1,personal,1008000,60.0,0,,missing_required_field
LA024840,APP014006,Nikhil Rao,Coimbatore,2024-10-22,BR003,branch,KYZEV3201E,7957402237,jayanth67@rediffmail.com,38.0,-25000.0,salaried_private,591,0.3992,1.0,3,home,2811000,300.0,0,,income_not_positive
LA024843,APP018144,Priya Rao,Visakhapatnam,2024-08-11,BR039,branch,DLGZY1958C,6662193236,rohit99@protonmail.com,,47406.0,salaried_private,638,0.4369,1.0,3,vehicle,907000,84.0,0,,missing_required_field
LA024880,APP014453,Manoj Krishnan,Ludhiana,2023-09-11,BR015,online,GHEPM7024X,6482261623,vvenkatesan@hotmail.com,39.0,-1.0,salaried_private,900,0.5577,1.0,0,vehicle,770000,60.0,0,,income_not_positive
LA024914,APP023004,Ritika Banerjee,Surat,2024-07-06,BR003,branch,BNHCR5769G,6746676817,nbhat@yahoo.co.in,28.0,60881.0,self_employed_professional,711,0.5497,1.0,0,home,3683000,,0,,missing_required_field
LA024926,APP020405,Swathi Sharma,Rajkot,2023-05-06,BR037,branch,WVDLZ6643B,6570874553,ibhatia@yahoo.co.in,36.0,0.0,self_employed_business,781,0.285,0.0,1,personal,266000,48.0,0,,income_not_positive
LA024928,APP020945,Praveen Nair,Kochi,2024-05-29,BR013,branch,DCDQN2448R,7596202919,ramya_gowda8@rediffmail.com,39.0,-1.0,self_employed_business,588,0.4553,0.0,3,home,1826000,300.0,0,,income_not_positive
LA024953,APP018886,Kavya Sharma,Rajkot,,BR007,branch,YLUDB8148X,9946659557,opatel@rediffmail.com,28.0,53730.0,self_employed_business,799,0.343,0.0,1,gold,395000,24.0,0,,unparseable_application_date
LA024966,APP006973,Nikhil Bose,Coimbatore,2025-05-26,BR018,direct_sales_agent,YTBYC2575X,8730620128,iagarwal@yahoo.co.in,26.0,77082.0,salaried_private,656,0.3805,1.0,0,personal,938000,,0,,missing_required_field
LA000478,APP006419,Divya Kapoor,Coimbatore,2024-03-01,BR038,partner_referral,PBCDN6358U,8327028647,ishita54@yahoo.co.in,25.0,47948.0,salaried_private,663,0.3544,0.0,3,home,2125000,360.0,0,,duplicate_application_id
LA025057,APP012229,Vivaan Nair,Ludhiana,2023-02-21,BR027,online,XWFHE9846F,9322418749,sanjana_bhatia1@gmail.com,35.0,0.0,salaried_private,460,0.4742,1.0,8,vehicle,500000,60.0,0,,income_not_positive
LA025058,APP006585,Krishna Desai,Mumbai,2023-05-17,BR025,partner_referral,NLWRA4887V,7910706267,mmalhotra@protonmail.com,26.0,15961.0,salaried_private,0,0.8287,2.0,8,personal,301000,36.0,1,236491.36,credit_score_out_of_range
LA025075,APP000762,Swathi Kapoor,Ludhiana,2023-01-29,BR002,direct_sales_agent,UFUPH0254F,7729938189,nmukherjee@rediffmail.com,32.0,27362.0,contract,806,0.472,,1,gold,75000,6.0,0,,missing_required_field
LA025086,APP014002,Ritika Krishnan,Pune,2024-05-26,BR038,branch,IRFTP8580I,8825934276,praveen_hegde7@rediffmail.com,38.0,-1.0,salaried_private,672,0.4698,0.0,3,personal,508000,48.0,0,,income_not_positive
LA000260,APP013916,Aniket Malhotra,Ludhiana,2025-03-31,BR022,direct_sales_agent,SXHJN5516K,8495424667,bhargav67@gmail.com,37.0,62943.0,salaried_private ,873,0.4872,0.0,0,personal,1319000,60.0,0,,duplicate_application_id
LA025127,APP026827,Reyansh Iyer,Visakhapatnam,2025-04-24,BR028,online,PMRRT9068Y,8046390819,omkar.pillai@protonmail.com,26.0,57955.0,,683,0.3831,0.0,2,vehicle,879000,48.0,0,,missing_required_field
LA000013,APP000216,Diya Subramanian,Madurai,2025-01-14,BR002,online,XXTED9836J,6823082632,ishita_reddy3@yahoo.co.in,27.0,-1.0,contract,732,0.6015,1.0,1,personal,508000,24.0,0,,duplicate_application_id
LA025143,APP020746,Diya Pillai,Chennai,2025-04-06,BR012,direct_sales_agent,NPWCY0688Y,8264331278,rohit.venkatesan@outlook.com,37.0,58203.0,self_employed_business,686,0.3757,,4,home,2636000,300.0,0,,missing_required_field
LA025156,APP011581,Aniket Malhotra,Rajkot,2024-09-06,BR010,branch,CYBTJ4141M,8313587893,priya65@outlook.com,34.0,0.0,salaried_private,828,0.3677,0.0,0,personal,380000,24.0,0,,income_not_positive
LA025182,APP023493,Divya Menon,Kolkata,2024-03-15,BR020,branch,XPSCU7083I,9120372853,vaishnavi.agarwal@outlook.com,30.0,59483.0,self_employed_professional,606,0.4115,,6,home,2884000,300.0,0,,missing_required_field
LA025193,APP022465,Pooja Verma,Surat,2024-12-22,BR006,branch,FGLPG3086J,7477860310,esha_mukherjee3@gmail.com,26.0,0.0,self_employed_professional,678,0.551,2.0,1,home,3393000,300.0,0,,income_not_positive
LA025211,APP022784,Lakshmi Kapoor,Nashik,2024-13-05,BR001,online,TYWFL7335F,9882047218,vdeshpande@rediffmail.com,27.0,90704.0,self_employed_professional,500,0.4606,0.0,8,home,4871000,300.0,0,,unparseable_application_date
LA025218,APP022100,Sneha Nair,Delhi,2024-11-09,BR038,branch,FHBNN1196T,7083134604,vaishnavi.das@hotmail.com,57.0,0.0,self_employed_business,713,0.7092,1.0,2,personal,963000,48.0,0,,income_not_positive
LA025224,APP012853,Shreya Desai,Visakhapatnam,2023-05-01,BR005,branch,MBIEZ1479B,6887356719,naveen.rathore@gmail.com,36.0,-25000.0,salaried_private,727,0.4349,1.0,0,home,2741000,240.0,0,,income_not_positive
LA025230,APP018854,Aditya Reddy,Tirunelveli,2024-13-05,BR018,partner_referral,NWUNW6942F,8468907954,rajesh83@rediffmail.com,28.0,44197.0,self_employed_business,751,0.4297,1.0,0,personal,424000,36.0,0,,unparseable_application_date
LA025277,APP005828,Krishna Menon,Vadodara,2023-05-01,BR028,branch,VYAJT5553R,6601071960,vsharma@outlook.com,,77823.0,salaried_government,713,0.2804,0.0,1,gold,661000,36.0,0,,missing_required_field
LA025313,APP021952,Nandini Chatterjee,Bhopal,2024-13-05,BR002,branch,VHMIH0302H,7460790606,hema_chauhan3@protonmail.com,50.0,68714.0,self_employed_business,763,0.2458,0.0,0,vehicle,523000,36.0,0,,unparseable_application_date
LA025322,APP012225,Harsha Naidu,Bhopal,2023-06-08,BR016,online,ZTGWE9949B,9190850118,crathore@outlook.com,35.0,-25000.0,salaried_private,801,0.2076,0.0,1,personal,191000,24.0,0,,income_not_positive
LA000121,APP018107,Ananya Chatterjee,Surat,2023-05-20,BR021,partner_referral,EAFXD4353P,9612877593,omkar87@protonmail.com,,21477.0,salaried_private,784,0.4934,1.0,1,personal,200000,24.0,0,,duplicate_application_id
LA025367,APP006162,Manoj Kapoor,Bengaluru,,BR021,partner_referral,KVDYZ1735R,8487827119,pallavi_sharma8@outlook.com,24.0,70796.0,salaried_private,454,0.5464,2.0,8,personal,727000,36.0,0,,unparseable_application_date
LA025369,APP010275,Arjun Chauhan,Mysuru,2024-02-07,BR028,branch,SQQZE9573Y,8090176999,bhargav45@hotmail.com,32.0,109571.0,salaried_private,769,0.3789,,0,home,4628000,240.0,0,,missing_required_field
LA025389,APP005667,Neha Kapoor,Kanpur,2023-03-21,BR025,branch,VEMPF5345K,7296513074,ishita_kapoor1@outlook.com,53.0,71041.0,salaried_government,604,0.493,,3,home,2547000,180.0,0,,missing_required_field
LA025394,APP023157,Deepika Shah,Surat,2024-11-04,BR025,online,SMNVL9063L,9279977134,suresh.bose@hotmail.com,29.0,32971.0,self_employed_professional,535,0.6116,1.0,5,home,2293000,,1,397559.53,missing_required_field
LA025408,APP026778,Kavya Pillai,Pune,2025-06-23,BR019,branch,AGJSP3875N,8213814272,latha.sharma@gmail.com,,159412.0,self_employed_professional,682,0.4566,0.0,4,personal,1500000,24.0,0,,missing_required_field
LA000384,APP021407,Karthik Varma,Nashik,2025-04-11,BR015,branch,GSREL8414W,6853479036,manoj35@hotmail.com,42.0,27207.0,self_employed_business,585,0.3753,0.0,8,vehicle,610000,84.0,0,,duplicate_application_id
LA025431,APP026794,Bhavana Hegde,Surat,2023-05-06,BR011,online,MEAJB4266S,9806975604,nshah@protonmail.com,,39118.0,self_employed_professional,643,0.5242,1.0,6,home,1807000,180.0,0,,missing_required_field
LA025470,APP026023,Lakshmi Chauhan, Pune,2024-01-21,BR026,online,QTSLT8771P,8737516620,kavya.chatterjee@outlook.com,44.0,-25000.0,self_employed_professional,640,0.3415,0.0,1,personal,574000,60.0,0,,income_not_positive
LA025503,APP010249,Rahul Kulkarni,Nagpur ,2023-04-29,BR032,branch,ZYQDC4934P,7890797054,shegde@gmail.com,32.0,-1.0,salaried_private,580,0.8781,4.0,3,vehicle,1797000,84.0,0,,income_not_positive
LA025534,APP012215,Nandini Hegde,Lucknow,2025-05-27,BR038,online,IASIT5244J,9613731000,gjoshi@outlook.com,35.0,-1.0,salaried_private,775,0.5026,1.0,0,home,10646000,360.0,0,,income_not_positive
LA025538,APP026921,Rahul Desai,Visakhapatnam,2024-04-11,BR029,online,ZUZJH8771Z,8122538277,aarav17@outlook.com,38.0,92748.0,,670,0.2213,0.0,4,personal,423000,24.0,0,,missing_required_field
LA000235,APP018091,Yash Varma,Bhopal,2025-01-21,BR034,branch,JASNF9700H,6489234945,bhavana85@protonmail.com,,149106.0,salaried_private,719,0.2387,0.0,1,personal,1500000,60.0,0,,duplicate_application_id
LA025605,APP018103,Ritika Sharma,Vadodara,2024-07-01,BR040,online,SPNXR8233L,7695810274,manoj_banerjee6@gmail.com,,19982.0,salaried_private,779,0.7742,3.0,0,personal,356000,48.0,1,268844.66,missing_required_field
LA025633,APP003970,Pooja Bose,Ahmedabad,2024-11-01,BR007,partner_referral,JSFSE6909C,8409909028,kavya.hegde@yahoo.co.in,35.0,107557.0,salaried_government,873,0.3467,,0,home,4281000,240.0,0,,missing_required_field
LA025649,APP004986,Harsha Pillai,Vadodara,2024-02-14,BR038,online,EDDDC5050W,7166845879,ramya_banerjee9@protonmail.com,42.0,15889.0,salaried_government,1200,0.2714,0.0,4,gold,25000,6.0,0,,credit_score_out_of_range
LA025655,APP009734,Aadhya Kapoor,Jaipur ,2023-05-16,BR004,branch,GHIUX4268H,8821294248,mmenon@protonmail.com,31.0,27248.0,salaried_private,250,0.4758,0.0,0,personal,553000,60.0,1,540283.61,credit_score_out_of_range
LA025658,APP016479,Ritika Kulkarni,Delhi,2023-09-20,BR006,online,HTXSD3454C,8929653019,asubramanian@yahoo.co.in,45.0,-1.0,salaried_private,691,0.5143,0.0,2,personal,669000,36.0,0,,income_not_positive
LA025665,APP017458,Pooja Patel,Kanpur,2023-12-23,BR011,branch,DUGTM6489G,6980989288,znaidu@outlook.com,51.0,21661.0,salaried_private,1200,0.5013,0.0,1,personal,313000,36.0,0,,credit_score_out_of_range
LA025685,APP016989,Pooja Verma,Kochi,2024-11-17,BR036,online,RBSVE7799Q,6522914584,sanjana.sharma@outlook.com,47.0,39211.0,salaried_private,0,0.548,1.0,0,personal,789000,60.0,0,,credit_score_out_of_range
LA025693,APP020509,Lakshmi Patel,Pune,2024-03-08,BR008,direct_sales_agent,EUEEF2930U,6352710215,meera_agarwal7@outlook.com,36.0,46231.0,self_employed_business,556,0.4943,1.0,3,home,1980000,,0,,missing_required_field
LA025699,APP011904,Diya Ramesh,Chennai,2024-05-09,BR013,branch,CDBQZ9025N,7110304370,rohit.agarwal@protonmail.com,34.0,36829.0,salaried_private,709,0.6258,1.0,1,home,2307000,,0,,missing_required_field
LA025716,APP017377,Harsha Banerjee,Madurai,2024-03-21,BR035,partner_referral,UDMVP9893S,7754084581,zoya.venkatesan@protonmail.com,50.0,31849.0,salaried_private,1200,0.2827,0.0,0,gold,273000,36.0,0,,credit_score_out_of_range
LA025717,APP026886,Bhavana Menon,Tirunelveli,2023-04-20,BR002,online,ANICB4873M,9285094082,mvenkatesan@yahoo.co.in,33.0,89758.0,,568,0.4458,0.0,8,home,4784000,360.0,0,,missing_required_field
LA000071,APP009263,Ananya Krishnan,Ahmedabad,2023-08-16,BR029,branch,BJENX8055X,+91 98765 43210,kiran67@yahoo.co.in,30.0,46702.0,salaried_private,725,0.6146,1.0,1,vehicle,798000,36.0,0,,duplicate_application_id
LA025729,APP008826,Sneha Reddy,Bengaluru,2024-10-02,BR024,online,WCBUN3917G,6876731890,deepak_bose7@gmail.com,30.0,-25000.0,salaried_private,773,0.5305,1.0,0,personal,1199000,24.0,0,,income_not_positive
LA025752,APP022207,Pooja Ramesh,Surat,2023-01-29,BR026,branch,DLAIL3185V,6238417063,uma.prasad@hotmail.com,,70634.0,self_employed_business,636,0.4085,0.0,1,gold,325000,12.0,0,,missing_required_field
LA025760,APP019612,Manoj Sharma,Kanpur,2024-08-21,BR025,partner_referral,RKLTS1660K,6281559956,pallavi_gupta8@outlook.com,32.0,104077.0,self_employed_business,899,0.3827,,0,home,4403000,300.0,1,1622386.31,missing_required_field
LA025774,APP021031,Vinay Malhotra,Ahmedabad,2024-06-28,BR006,direct_sales_agent,BJIBN8165Q,8689376343,tarun.banerjee@outlook.com,39.0,42391.0,self_employed_business,1200,0.4678,1.0,0,vehicle,361000,24.0,0,,credit_score_out_of_range
LA025790,APP023083,Bhavana Prasad,Kolkata,31/02/2024,BR030,online,KWCGL7096S,7172419636,jyothi_shetty6@protonmail.com,29.0,155460.0,SELF_EMPLOYED_PROFESSIONAL,613,0.2334,0.0,4,personal,1500000,60.0,0,,unparseable_application_date
LA000374,APP023347,Divya Menon,Vadodara,2023-03-27,BR006,branch,XBVTA3040N,8231089612,jmukherjee@yahoo.co.in,30.0,17396.0,self_employed_professional,490,0.4836,1.0,6,gold,116000,18.0,0,,duplicate_application_id
LA025806,APP026893,Priya Reddy,Ahmedabad,2025-06-28,BR016,branch,BFGLD6519W,7347480660,aarav_das5@yahoo.co.in,34.0,71367.0,,715,0.115,0.0,1,gold,135000,18.0,0,,missing_required_field
LA000375,APP022281,Yash Chatterjee,Lucknow,2023-07-11,BR029,online,RYQXM8578M,9016005920,praveen_malhotra5@rediffmail.com,24.0,26488.0,self_employed_professional,869,0.5009,2.0,1,personal,243000,36.0,0,,duplicate_application_id
LA000005,APP015703,Aadhya Reddy, Madurai,2025-02-23,BR023,branch,YEQLS8119T,9345406701,karthik_menon4@yahoo.co.in,42.0,18467.0,salaried_private,682,0.6011,1.0,4,personal,318000,48.0,0,,duplicate_application_id
LA025863,APP014613,Aditya Iyer,Jaipur,31/02/2024,BR003,direct_sales_agent,IKEZE4907W,8818264155,naveen_kapoor6@outlook.com,39.0,30986.0,salaried_private ,900,0.3839,0.0,0,home,1500000,300.0,0,,unparseable_application_date
LA025868,APP007018,Arjun Reddy,Tirunelveli,2023-06-23,BR004,branch,ZIXZE9562G,9819950849,jyothi.verma@gmail.com,27.0,0.0,salaried_private,659,0.3284,2.0,1,personal,402000,48.0,0,,income_not_positive
LA025877,APP000298,Manoj Menon,Surat,2023-06-20,BR036,branch,JUQXS7930W,6428813684,dkulkarni@rediffmail.com,28.0,-1.0,contract,898,0.2749,0.0,0,personal,133000,36.0,0,,income_not_positive
LA025901,APP009629,Rahul Krishnan,Tirunelveli,2023-11-06,BR010,partner_referral,NTMEQ7493C,7960163287,gverma@outlook.com,31.0,18419.0,salaried_private,765,0.6425,,0,vehicle,296000,36.0,0,,missing_required_field
LA025937,APP018105,Divya Nair,Kochi,2025-05-01,BR022,online,TVXZT9095P,8521541542,chetan_agarwal3@protonmail.com,,20562.0,salaried_private,407,0.2591,0.0,8,personal,183000,48.0,0,,missing_required_field
LA000048,APP010188,Nikhil Kapoor,Pune,2025-05-29,BR012,online,KNHBM7795T,6474633430,omkar_bose9@protonmail.com,31.0,80299.0,salaried_private,462,0.3798,1.0,8,personal,665000,36.0,0,,duplicate_application_id
LA025971,APP026808,Siddharth Sharma,Jaipur,2023-12-20,BR033,branch,UYUPP0423B,6534461236,nchauhan@protonmail.com,,79012.0,self_employed_professional,787,0.4136,0.0,2,personal,363000,12.0,0,,missing_required_field
LA025989,APP012230,Aarav Rao,Pune ,2023-11-21,BR010,branch,UWGFT7731Q,6828018705,vaishnavi.mukherjee@rediffmail.com,35.0,0.0,salaried_private,856,0.5975,2.0,1,gold,176000,18.0,0,,income_not_positive
LA026004,APP024479,Manoj Varma,Pune,not_a_date,BR033,direct_sales_agent,UZRKF2195C,9266233020,rhegde@rediffmail.com,34.0,54503.0,self_employed_professional,801,0.4407,1.0,1,gold,332000,18.0,0,,unparseable_application_date
LA026019,APP019668,Ritika Kulkarni, Madurai,2024-11-11,BR028,direct_sales_agent,VCBIX5306D,8348386073,zmukherjee@outlook.com,32.0,24829.0,self_employed_business,832,0.5628,,0,personal,291000,24.0,0,,missing_required_field
LA026035,APP021898,Shreya Chatterjee,Delhi,2024-03-12,BR001,branch,VZQZW7500G,7207034082,rvenkatesan@yahoo.co.in,49.0,47248.0,self_employed_business,707,0.3541,1.0,0,gold,233000,,0,,missing_required_field
LA000446,APP018423,Aarav Hegde,Rajkot,2023-06-22,BR024,branch,ENKLZ1290Z,8358254370,swathi56@yahoo.co.in,25.0,68066.0,self_employed_business,900,0.1944,0.0,0,personal,390000,36.0,0,,duplicate_application_id
LA026053,APP018575,Krishna Kulkarni,Kanpur,2024-06-03,BR009,online,QDTBQ0457T,9342874516,kmenon@outlook.com,27.0,-1.0,self_employed_business,887,0.6556,2.0,0,vehicle,689000,48.0,0,,income_not_positive
LA026060,APP023553,Harsha Rao,Rajkot,2024-06-03,BR013,online,RQPSH3669V,6938330602,latha_deshpande3@protonmail.com,31.0,0.0,self_employed_professional,842,0.6363,2.0,0,personal,291000,36.0,0,,income_not_positive
LA026087,APP009582,Nikhil Subramanian,Mysuru,,BR007,online,VSXEZ8115R,7101173328,praveen_nair5@rediffmail.com,31.0,131870.0,salaried_private,814,0.2666,0.0,0,personal,1500000,60.0,0,,unparseable_application_date
LA026091,APP012226,Krishna Sinha,Rajkot,2025-01-09,BR018,online,AANKE1976U,9124064295,sridhar.menon@rediffmail.com,35.0,-25000.0,salaried_private,556,0.6418,0.0,4,personal,612000,36.0,0,,income_not_positive
LA026110,APP022797,Ritika Gowda,Kanpur,2023-02-09,BR008,branch,PJWQK0477W,9336564591,sridhar.naidu@hotmail.com,28.0,-1.0,self_employed_professional,488,0.6717,1.0,9,personal,1259000,48.0,0,,income_not_positive
LA026112,APP009514,Sandeep Pillai,Madurai,2023-12-18,BR036,online,CDXZE3759B,7216473411,ugowda@outlook.com,31.0,-1.0,salaried_private,827,0.5352,1.0,0,personal,1094000,60.0,0,,income_not_positive
LA026126,APP026134,Aarav Menon,Mysuru,2023-06-23,BR021,partner_referral,ISFAJ1662Q,8611144616,bhargav.joshi@rediffmail.com,44.0,79994.0,self_employed_professional,120,0.5045,0.0,10,home,4771000,360.0,0,,credit_score_out_of_range
LA026133,APP022136,Gayathri Mukherjee,Delhi,2023-10-15,BR025,partner_referral,PEBUU3552R,7806984699,rbhatia@hotmail.com,60.0,-1.0,self_employed_business,605,0.6462,2.0,2,home,2388000,300.0,1,209928.76,income_not_positive
LA026139,APP004009,Diya Ramesh,Kochi,2023-11-25,BR027,online,DDWBR1578T,8887276099,hpillai@outlook.com,35.0,207798.0,salaried_government ,615,0.4394,2.0,0,personal,1500000,,0,,missing_required_field
LA026150,APP012216,Saanvi Nair, Delhi,2024-02-24,BR025,branch,YEGLA8741M,9732531162,mahesh_chatterjee2@hotmail.com,35.0,-1.0,salaried_private,600,0.2383,1.0,5,gold,88000,24.0,0,,income_not_positive
LA026172,APP020592,Priya Chatterjee,Delhi,2025-04-07,BR024,partner_referral,CZAAF6545L,8327203470,bhavana.verma@yahoo.co.in,37.0,-25000.0,self_employed_business,819,0.4203,1.0,0,personal,442000,36.0,0,,income_not_positive
LA026174,APP026795,Aditya Menon,Bengaluru,2024-01-18,BR011,branch,QWDBH7384C,6595498160,ksharma@rediffmail.com,,43420.0,self_employed_professional,723,0.1861,0.0,2,personal,167000,24.0,0,,missing_required_field
LA026188,APP015407,Vikram Sinha,Pune,2024-05-02,BR003,online,UTIXH2069N,7330975204,rohit.mukherjee@gmail.com,41.0,32191.0,salaried_private,250,0.3497,0.0,8,personal,317000,36.0,0,,credit_score_out_of_range
LA026200,APP017062,Ishaan Verma,Bengaluru,2023-05-22,BR021,branch,EFZWA9777M,7781206305,lakshmi.rathore@yahoo.co.in,48.0,-1.0,salaried_private,664,0.7828,2.0,1,vehicle,1779000,48.0,0,,income_not_positive
LA026214,APP016246,Krishna Subramanian,Vadodara,2023-04-26,BR028,online,MGWHZ7789P,6699302126,achatterjee@gmail.com,44.0,0.0,salaried_private,593,0.6495,1.0,0,vehicle,440000,36.0,0,,income_not_positive
LA026256,APP010250,Ishaan Desai,Rajkot,2023-05-25,BR035,branch,CWJXD4755B,9568512704,vraman@rediffmail.com,32.0,-1.0,salaried_private,846,0.6153,1.0,2,home,3222000,360.0,0,,income_not_positive
LA026286,APP018867,Ananya Bhat,Bhopal,2024-03-28,BR015,branch,MPIZC6434S,6754189543,jghosh@gmail.com,28.0,49555.0,self_employed_business,1200,0.5517,0.0,0,personal,304000,12.0,0,,credit_score_out_of_range
LA000077,APP008795,Diya Naidu,Ludhiana,2023-02-01,BR036,branch,MGMAX5591V,+91 98765 43210,charitha_shah5@gmail.com,29.0,84000.0,salaried_private,667,0.4279,1.0,4,home,3744000,360.0,0,,duplicate_application_id
LA026302,APP001940,Diya Mukherjee,Kochi,2024-07-02,BR039,direct_sales_agent,YHWGM5763H,8661083022,lbhatia@outlook.com,51.0,-1.0, contract,482,0.2116,0.0,6,personal,145000,36.0,0,,income_not_positive
LA000464,APP018503,Vivaan Patel,Lucknow,2024-12-11,BR015,branch,ECPSM6946U,8192704076,dbhat@outlook.com,26.0,33371.0,self_employed_business,643,0.4615,0.0,2,vehicle,478000,36.0,0,,duplicate_application_id
LA026333,APP026598,Nikhil Chatterjee,Coimbatore,2024-11-26,BR004,online,TDZXT3195T,9720115482,aghosh@rediffmail.com,53.0,45355.0,self_employed_professional,250,0.4767,0.0,6,personal,759000,48.0,0,,credit_score_out_of_range
LA000496,APP017837,Ananya Sharma,Chennai,2025-05-16,BR034,branch,KVFDY1262H,6051708475,swathi59@protonmail.com,57.0,12000.0,salaried_private,790,0.3827,0.0,0,vehicle,100000,24.0,0,,duplicate_application_id
LA026397,APP015734,Praveen Chatterjee,Mumbai,2025-06-23,BR014,branch,JMDYW4525F,7847906872,vreddy@rediffmail.com,42.0,23515.0, SALARIED_PRIVATE ,577,0.6631,0.0,1,personal,444000,,1,348432.7,missing_required_field
LA026435,APP026918,Priya Reddy,Nagpur,2024-09-20,BR030,partner_referral,YEIJE6120H,6438996734,rajesh55@hotmail.com,38.0,35704.0,,465,0.5647,2.0,10,personal,376000,36.0,1,256298.85,missing_required_field
LA026442,APP008206,Krishna Verma,Pune,2024-12-27,BR009,branch,CUERP8858J,8359827326,ymukherjee@protonmail.com,29.0,130547.0,salaried_private,679,0.717,,0,home,8922000,360.0,0,,missing_required_field
LA026478,APP004204,Sneha Desai, Bengaluru,2024-11-02,BR028,branch,QARBJ7796L,8885697865,uma.rathore@outlook.com,36.0,18712.0,salaried_government,743,0.496,,2,personal,337000,48.0,0,,missing_required_field
LA026488,APP023297,Reyansh Chatterjee,Ahmedabad,2023-05-11,BR023,direct_sales_agent,YDCBS0175W,9755428546,mchauhan@outlook.com,30.0,-1.0,Self_Employed_Professional,756,0.4967,0.0,0,vehicle,641000,60.0,0,,income_not_positive
LA026505,APP026892,Reyansh Ramesh,Visakhapatnam,2024-07-17,BR006,online,YRQII0639N,6261763340,rohit45@rediffmail.com,34.0,65345.0,,697,0.4441,1.0,0,home,2894000,240.0,0,,missing_required_field
LA026524,APP009101,Meera Ramesh,Kolkata,2024-11-22,BR002,partner_referral,LMKQT2244D,9165691382,omkar_verma9@gmail.com,30.0,32761.0,salaried_private,985,0.5132,1.0,0,gold,309000,24.0,0,,credit_score_out_of_range
LA026536,APP026929,Harsha Sharma,Kanpur,2024-01-26,BR031,direct_sales_agent,BWXNN0659G,6244692293,zoya_pillai6@rediffmail.com,39.0,50359.0,,681,0.5591,1.0,1,home,2952000,300.0,0,,missing_required_field
LA026564,APP011910,Aniket Chauhan,Pune,2023-11-07,BR016,online,SJMQS3973F,7111075169,rajesh_bose7@gmail.com,34.0,37284.0,salaried_private,821,0.4887,,1,home,2394000,360.0,0,,missing_required_field
LA026565,APP006850,Manoj Menon,Hyderabad,2024-03-08,BR036,online,HCCHW5474I,8937900028,naveen96@yahoo.co.in,26.0,52251.0,salaried_private,120,0.4011,1.0,4,gold,249000,18.0,0,,credit_score_out_of_range
LA000100,APP023247,Ananya Banerjee,Bhopal ,2023-05-12,BR037,direct_sales_agent,NHQMJ1182U,98765abcde,imran99@rediffmail.com,29.0,60174.0,self_employed_professional,717,0.3374,0.0,0,home,2512000,360.0,0,,duplicate_application_id
LA000387,APP022089,Aditya Joshi,Madurai,2024-03-29,BR007,branch,LBXGL1284G,6477826730,sandeep.ghosh@gmail.com,56.0,24481.0,self_employed_business,673,0.5625,0.0,1,vehicle,541000,48.0,0,,duplicate_application_id
LA026624,APP018337,Vinay Nair,Kochi,2023-02-27,BR015,partner_referral,IHANE6599E,8849011288,echauhan@hotmail.com,25.0,178321.0,self_employed_business,4300,0.5579,0.0,2,home,11562000,300.0,0,,credit_score_out_of_range
LA026654,APP017201,Rahul Mukherjee,Delhi,2023-04-09,BR016,branch,WFWYC9789M,8043230121,hsubramanian@protonmail.com,49.0,-25000.0,salaried_private,609,0.4948,0.0,2,home,2878000,240.0,0,,income_not_positive
LA026655,APP009674,Aditya Rao,Jaipur,2024-09-25,BR035,branch,CTTVC3834E,7239107398,charitha.das@yahoo.co.in,31.0,221485.0,salaried_private,525,0.3816,1.0,5,vehicle,2203000,,0,,missing_required_field
LA026672,APP018728,Deepika Nair, Kochi,2025-01-29,BR006,branch,MGDNZ4649Q,6873835712,deepak.chauhan@gmail.com,28.0,-25000.0,self_employed_business,708,0.603,0.0,2,vehicle,994000,60.0,0,,income_not_positive
LA026724,APP004239,Vikram Prasad,Ludhiana,2024-04-21,BR010,branch,JEXKU0592V,8594989580,rohit.reddy@gmail.com,36.0,29974.0,Salaried_Government,727,0.7347,1.0,1,vehicle,726000,,0,,missing_required_field
LA026745,APP002062,Shreya Shah,Vadodara,2023-02-20,BR007,partner_referral,UIZLC4874A,6625716661,asharma@outlook.com,,47866.0,contract,793,0.7347,3.0,0,vehicle,881000,48.0,0,,missing_required_field
LA026774,APP003572,Kavya Desai,Delhi ,2024-02-26,BR040,online,WUVGY0489V,7211255604,rkulkarni@yahoo.co.in,33.0,-1.0, SALARIED_GOVERNMENT ,719,0.4135,1.0,1,gold,165000,18.0,0,,income_not_positive
LA026787,APP026876,Krishna Gowda,Delhi,2024-02-17,BR001,direct_sales_agent,VIJEV6836V,9862185724,shreya.bhatia@hotmail.com,33.0,24196.0,,782,0.5451,1.0,0,gold,136000,12.0,0,,missing_required_field
LA026856,APP023820,Divya Hegde,Madurai,2024-03-10,BR003,online,LIPTT5036Y,7425201886,ciyer@protonmail.com,32.0,0.0,self_employed_professional,670,0.4697,1.0,0,personal,759000,48.0,0,,income_not_positive
LA026859,APP010740,Arjun Sharma,Kanpur,2024-04-02,BR023,branch,KHUXN6042Z,7602134329,arao@gmail.com,32.0,55227.0,salaried_private,581,0.5739,,3,vehicle,1579000,84.0,0,,missing_required_field
LA026882,APP016218,Diya Joshi,Delhi,2025-03-16,BR033,branch,KVNIJ9168S,9137871669,hkulkarni@protonmail.com,43.0,75596.0,salaried_private,569,0.5204,0.0,3,personal,803000,,0,,missing_required_field
LA026894,APP006025,Bhavana Naidu,Indore,2023-05-27,BR013,online,HDTRZ2160V,9046571492,biyer@protonmail.com,24.0,23955.0,salaried_private,4300,0.3841,1.0,6,personal,265000,48.0,0,,credit_score_out_of_range
LA026897,APP007553,Aniket Prasad,Lucknow,2024-10-28,BR037,online,HYSWQ4633F,8772580203,rahul.chauhan@protonmail.com,28.0,-25000.0,salaried_private,495,0.3646,0.0,7,gold,235000,24.0,0,,income_not_positive
LA026913,APP026888,Ishaan Joshi,Mumbai,2024-09-05,BR024,partner_referral,LQMEE5549S,9757784440,yagarwal@gmail.com,33.0,92578.0,,847,0.5148,1.0,0,vehicle,2500000,84.0,0,,missing_required_field
LA026927,APP022798,Anjali Sinha,Bengaluru,2024-11-18,BR027,branch,MBMVD3737W,6930449761,manoj_shah4@outlook.com,28.0,-1.0,self_employed_professional,892,0.3737,0.0,0,personal,479000,48.0,0,,income_not_positive
LA026935,APP026896,Aarav Kapoor,Chennai,2024-05-16,BR039,branch,MDGGY0480Z,7676620160,abhat@outlook.com,35.0,18935.0,,788,0.6688,2.0,1,vehicle,304000,36.0,0,,missing_required_field
LA027066,APP026826,Shreya Joshi,Kochi,2024-01-15,BR021,online,ALPHE3429B,6152968694,mhegde@outlook.com,26.0,39667.0,,764,0.2164,1.0,0,personal,153000,36.0,0,,missing_required_field
LA027067,APP019376,Vivaan Rao,Nagpur,2023-04-02,BR009,branch,YATKU6078G,9022632424,graman@yahoo.co.in,31.0,-1.0,self_employed_business,608,0.5414,2.0,4,vehicle,138000,24.0,0,,income_not_positive
LA027132,APP021714,Aditya Chauhan,Ahmedabad,2024-02-09,BR003,online,HNUUU6191L,6158938550,bhavana_rathore8@hotmail.com,46.0,-25000.0,self_employed_business,712,0.2193,1.0,3,personal,554000,36.0,0,,income_not_positive
LA000446,APP002406,Diya Iyer,Madurai,2023-03-25,BR018,branch,QSQGD6085B,6932750888,rahul_gowda4@hotmail.com,26.0,76818.0,salaried_government,707,0.5719,1.0,0,home,4716000,300.0,0,,duplicate_application_id
LA027159,APP014417,Vinay Kulkarni,Pune,2025-04-15,BR017,branch,XUJNE9199X,6080533562,pkulkarni@yahoo.co.in,38.0,81548.0,salaried_private,777,0.3982,1.0,1,gold,696000,,0,,missing_required_field
LA027169,APP022992,Gayathri Iyer,Chennai ,not_a_date,BR020,branch,PDGDI4660X,8573579868,imran_chauhan4@hotmail.com,28.0,56185.0, SELF_EMPLOYED_PROFESSIONAL ,830,0.7009,2.0,0,personal,337000,12.0,0,,unparseable_application_date
LA027170,APP026153,Meera Chatterjee,Hyderabad,2024-08-07,BR005,branch,DYIYZ4676U,7310618857,chetan_pillai8@rediffmail.com,45.0,15809.0,self_employed_professional,120,0.4233,1.0,3,personal,252000,60.0,1,187956.47,credit_score_out_of_range
LA000122,APP023362,Ishaan Chatterjee,Indore,2023-05-10,BR024,partner_referral,QEGJM4665T,9389200226,sridhar_rao1@hotmail.com,30.0,22050.0,self_employed_professional,771,0.3514,1.0,0,vehicle,227000,48.0,0,,duplicate_application_id
LA027205,APP012350,Lakshmi Sharma,Lucknow,2024-13-05,BR007,online,LGBWH5689H,7535012299,sandeep_bhatia2@outlook.com,35.0,19178.0,salaried_private,668,0.5079,1.0,3,personal,170000,24.0,1,110593.97,unparseable_application_date
LA027210,APP018096,Ananya Pillai,Jaipur,2025-02-08,BR018,online,PDQBQ6185Y,9983392657,zoya_sharma9@rediffmail.com,,164433.0,salaried_private,574,0.4247,0.0,5,home,7974000,300.0,0,,missing_required_field
LA027265,APP020713,Meera Sharma,Madurai,2024-03-13,BR033,branch,NBGMA3695Z,6775972522,lakshmi_rathore3@rediffmail.com,37.0,46076.0,self_employed_business,120,0.4916,0.0,8,vehicle,1046000,60.0,0,,credit_score_out_of_range
LA027268,APP001846,Rahul Ramesh,Mumbai,2023-04-03,BR037,branch,GMXQM8289F,7305951390,kavya_banerjee6@protonmail.com,47.0,0.0,contract,684,0.5472,3.0,1,home,2414000,240.0,0,,income_not_positive
LA027297,APP007263,Krishna Varma,Nagpur,2025-06-10,BR012,partner_referral,DBCPK4096W,6884899907,yamini_nair5@yahoo.co.in,27.0,35550.0,salaried_private,740,0.4805,4.0,0,gold,77000,,0,,missing_required_field
LA000497,APP023783,Siddharth Naidu,Lucknow,2024-08-31,BR011,direct_sales_agent,BJILV1872X,8688206275,nithya48@outlook.com,31.0,76788.0,self_employed_professional,829,0.5698,4.0,1,gold,324000,18.0,0,,duplicate_application_id
LA027336,APP007517,Karthik Subramanian, Bhopal,2024-13-05,BR013,online,TWCIT9494E,7898340595,uma.shetty@yahoo.co.in,27.0,84134.0, SALARIED_PRIVATE ,758,0.6224,3.0,0,vehicle,1205000,36.0,0,,unparseable_application_date
LA027338,APP024537,Gayathri Bhat, Kolkata,2025-04-13,BR019,partner_referral,SQFAQ4151P,8713675655,chetan.das@protonmail.com,35.0,-25000.0,self_employed_professional,737,0.27,0.0,0,gold,225000,18.0,0,,income_not_positive
LA027341,APP025935,Harsha Subramanian,Delhi,2024-05-16,BR033,branch,CJBBF8906U,8580588244,achauhan@rediffmail.com,43.0,0.0, SELF_EMPLOYED_PROFESSIONAL ,769,0.8321,4.0,1,home,3273000,240.0,0,,income_not_positive
LA027370,APP015333,Sneha Reddy,Coimbatore,not_a_date,BR015,online,DRHDV0984M,6702506082,jkrishnan@outlook.com,41.0,20306.0,salaried_private,719,0.3474,0.0,1,personal,255000,48.0,0,,unparseable_application_date
LA027373,APP024261,Bhavana Bose,Kochi,2024-12-22,BR031,online,PLNBF7993B,8673091441,anand_subramanian8@hotmail.com,33.0,66758.0,SELF_EMPLOYED_PROFESSIONAL,722,0.9438,,1,vehicle,1608000,36.0,0,,missing_required_field
LA027388,APP022205,Vikram Shah,Surat,2023-07-09,BR039,branch,VWAEQ3715H,9225543570,vinay.verma@outlook.com,,51083.0,self_employed_business ,844,0.3688,0.0,1,personal,210000,12.0,0,,missing_required_field
LA027437,APP026805,Nandini Pillai,Pune,2023-01-23,BR002,online,BUCDG3963C,9657811748,dinesh.sharma@rediffmail.com,,68910.0,self_employed_professional,803,0.6839,3.0,0,vehicle,1128000,60.0,0,,missing_required_field
LA027457,APP000507,Nikhil Krishnan,Nashik,2024-11-19,BR021,online,LVMCW0698Y,8078931576,deepak_agarwal5@rediffmail.com,30.0,112093.0,contract,1200,0.5804,1.0,0,home,7352000,360.0,0,,credit_score_out_of_range
LA027495,APP026363,Aarav Sharma,Mysuru,2023-07-20,BR030,partner_referral,BNMND7943P,9325354429,chetan_raman3@rediffmail.com,47.0,83266.0,self_employed_professional,0,0.5472,1.0,3,vehicle,2265000,84.0,0,,credit_score_out_of_range
LA000099,APP013725,Karthik Rao,Surat ,2025-04-29,BR001,partner_referral,YIBCE9616N,9868114549,nprasad@protonmail.com,37.0,37581.0,salaried_private,759,0.4794,0.0,1,personal,656000,48.0,0,,duplicate_application_id
LA027502,APP005642,Vikram Nair,Mumbai,2024-06-14,BR035,branch,ACUEI1700G,7363597090,rohit_rathore2@gmail.com,52.0,49667.0,salaried_government,250,0.64,1.0,0,vehicle,1362000,60.0,0,,credit_score_out_of_range
LA000258,APP018963,Aditya Reddy,Tirunelveli,2024-08-30,BR006,branch,MWQJD9649T,9083468279,lagarwal@outlook.com,29.0,17779.0,self_employed_business,616,0.332,0.0,2,personal,121000,24.0,0,,duplicate_application_id
LA000477,APP001812,Meera Prasad,Nashik,2023-05-19,BR018,branch,QUYIU1031T,6881151167,vinay_venkatesan1@rediffmail.com,45.0,68666.0,contract,632,0.5659,0.0,1,home,4623000,300.0,0,,duplicate_application_id
LA027526,APP011371,Krishna Iyer, Bhopal,2024-13-05,BR025,branch,TAQBZ0125N,9612288748,bhargav.gupta@rediffmail.com,33.0,52875.0,salaried_private,700,0.5457,2.0,1,personal,756000,60.0,0,,unparseable_application_date
LA027536,APP008827,Karthik Naidu,Indore,2024-12-23,BR019,branch,FHPGH2727P,6518464799,varun_ghosh8@protonmail.com,30.0,-25000.0,salaried_private,649,0.2324,2.0,3,gold,43000,12.0,0,,income_not_positive
LA027563,APP022196,Saanvi Ramesh,Chennai,2023-03-17,BR002,partner_referral,KJQYK2238V,8209257365,rmalhotra@protonmail.com,,29465.0,self_employed_business,707,0.6405,1.0,1,personal,327000,24.0,0,,missing_required_field
LA027640,APP026856,Vivaan Shah,Mysuru,2024-04-13,BR040,online,PMGTT7852T,8024994662,meera.chauhan@rediffmail.com,31.0,26509.0,,544,0.6108,2.0,6,personal,406000,48.0,0,,missing_required_field
LA027645,APP021716,Saanvi Bose,Indore,2024-08-03,BR035,partner_referral,QWIBX4726Q,7618937532,hema_iyer5@gmail.com,46.0,0.0,self_employed_business,649,0.6516,1.0,3,personal,755000,36.0,0,,income_not_positive
LA027654,APP009528,Siddharth Malhotra,Vadodara,2023-04-14,BR022,online,XBFVQ1465I,8336976731,mahesh.mehta@outlook.com,31.0,0.0,salaried_private,786,0.3456,0.0,0,personal,351000,24.0,0,,income_not_positive
LA027679,APP025805,Yash Joshi,Tirunelveli,2025-02-20,BR019,online,XAHSI3995R,6580469684,vaishnavi.iyer@outlook.com,42.0,-25000.0,self_employed_professional,688,0.3653,0.0,2,personal,490000,36.0,0,,income_not_positive
LA000067,APP018913,Aditya Sinha,Lucknow,2024/07/22,BR037,partner_referral,LLDZA8341C,7488528664,tarun76@rediffmail.com,28.0,74702.0,self_employed_business,696,0.8336,0.0,0,vehicle,708000,12.0,0,,duplicate_application_id
LA027710,APP001652,Krishna Shah,Coimbatore,2023-10-12,BR024,direct_sales_agent,WGZCB0770Y,7136504612,anand.rao@gmail.com,42.0,-1.0,contract,789,0.4608,1.0,0,personal,423000,48.0,0,,income_not_positive
LA027719,APP014882,Aadhya Iyer,Coimbatore,2023-04-25,BR040,online,NWZYZ2107S,6948800602,tarun.subramanian@yahoo.co.in,40.0,-25000.0,salaried_private,779,0.3738,2.0,1,personal,185000,36.0,0,,income_not_positive
LA027729,APP010734,Vivaan Nair,Madurai,,BR026,branch,JVIUX7712I,7729535773,sghosh@gmail.com,32.0,54687.0,salaried_private,657,0.6833,3.0,1,home,3034000,300.0,0,,unparseable_application_date
LA027732,APP004036,Priya Sharma,Jaipur,2024-13-05,BR017,partner_referral,RUZYS6705G,6634477477,nmalhotra@yahoo.co.in,35.0,28257.0,salaried_government,704,0.8085,3.0,2,home,1932000,360.0,0,,unparseable_application_date
LA027741,APP003370,Aditya Pillai,Surat,,BR026,partner_referral,ICYBD6098B,9160471440,ipillai@yahoo.co.in,31.0,67376.0,salaried_government,519,0.658,1.0,4,home,4584000,300.0,0,,unparseable_application_date
LA027758,APP000797,Vikram Pillai,Vadodara,2023-09-17,BR011,branch,DLRCI1434Y,8677299783,yverma@protonmail.com,32.0,48735.0,contract,730,0.4246,,1,vehicle,530000,36.0,0,,missing_required_field
LA027797,APP022926,Yash Chatterjee,Nashik,not_a_date,BR009,online,EBMIT9305P,8181113174,nandini.iyer@rediffmail.com,28.0,34451.0,self_employed_professional,825,0.4734,2.0,1,gold,200000,24.0,0,,unparseable_application_date
LA000464,APP024790,Aadhya Chauhan,Kochi,2025-05-20,BR017,partner_referral,TRQMP8697Z,8472392737,imran.bhat@outlook.com,35.0,94348.0,self_employed_professional,672,0.2747,1.0,0,gold,647000,36.0,0,,duplicate_application_id
LA027846,APP007712,Gayathri Menon,Nagpur,2023-11-29,BR003,branch,HEIPV2844W,6879283646,suresh_gupta5@protonmail.com,28.0,24789.0,salaried_private,580,0.214,0.0,1,gold,113000,,0,,missing_required_field
LA027892,APP022225,Aditya Banerjee,Vadodara,2025-06-14,BR017,online,DFJHK0969U,9328476408,anand39@yahoo.co.in,23.0,17098.0,self_employed_professional,250,0.7379,3.0,1,vehicle,315000,36.0,1,106340.62,credit_score_out_of_range
LA027896,APP011875,Gayathri Naidu,Ahmedabad,2025-03-15,BR008,branch,EQGMV5118Y,9200933686,vikram36@outlook.com,34.0,35036.0,salaried_private,250,0.7086,2.0,0,gold,116000,6.0,1,38962.73,credit_score_out_of_range
LA027900,APP016507,Krishna Gowda,Vadodara,2024-04-20,BR019,branch,ZPUVK0161P,7335151504,jchatterjee@yahoo.co.in,45.0,18590.0,salaried_private,4300,0.3538,1.0,1,gold,93000,24.0,0,,credit_score_out_of_range
LA027901,APP013097,Manoj Malhotra,Kolkata,2024-08-11,BR028,branch,GNYLW2649Y,9691624794,aarav.shah@gmail.com,36.0,32297.0,SALARIED_PRIVATE,612,0.6121,,1,vehicle,271000,24.0,0,,missing_required_field
LA027910,APP018090,Divya Joshi,Madurai,2025-05-11,BR011,direct_sales_agent,KQMJC4452H,6074611000,latha.mehta@rediffmail.com,,142991.0,salaried_private,611,0.3626,0.0,4,vehicle,1117000,24.0,0,,missing_required_field
LA027916,APP011794,Vivaan Iyer,Nagpur,2023-11-04,BR023,partner_referral,YATHL1974Q,7593594731,rmalhotra@gmail.com,34.0,27934.0,salaried_private,688,0.5064,,3,personal,407000,36.0,0,,missing_required_field
LA027917,APP018320,Pooja Menon,Ahmedabad,2023-01-17,BR009,partner_referral,FDXEU5113Z,7199048420,ldas@rediffmail.com,25.0,-1.0,self_employed_business,686,0.6349,3.0,3,vehicle,613000,36.0,0,,income_not_positive
LA027955,APP015265,Ishaan Chatterjee,Coimbatore,2024-04-04,BR010,branch,XZGYL5782P,9324971162,imran32@protonmail.com,41.0,0.0,salaried_private,670,0.5337,1.0,4,vehicle,745000,84.0,0,,income_not_positive
LA027956,APP023811,Vivaan Shah,Nagpur,not_a_date,BR026,online,CQFII2956X,9115426234,jprasad@rediffmail.com,31.0,96412.0,self_employed_professional,871,0.4139,0.0,0,home,4960000,300.0,0,,unparseable_application_date
LA027986,APP018287,Neha Nair,Indore,2023-04-18,BR020,branch,APXZS2884Z,7243694481,ishita43@protonmail.com,24.0,51646.0,self_employed_business,806,0.5966,,1,personal,533000,24.0,0,,missing_required_field
LA028009,APP012854,Rohan Patel,Ludhiana,2023-02-10,BR032,branch,TWICR9142D,6058503224,vinay.sharma@hotmail.com,36.0,-25000.0,salaried_private,624,0.4311,0.0,4,personal,680000,60.0,0,,income_not_positive
LA028017,APP018158,Reyansh Mukherjee,Lucknow,2023-11-18,BR032,online,YYDJK3933L,6994784032,divya.venkatesan@gmail.com,,62419.0,salaried_private,699,0.6903,1.0,2,personal,1113000,36.0,0,,missing_required_field
LA028069,APP012858,Neha Bhat,Coimbatore,2023-07-21,BR026,partner_referral,RHTWI7160S,6150215672,divya33@yahoo.co.in,36.0,0.0,salaried_private,769,0.3767,1.0,2,vehicle,548000,24.0,0,,income_not_positive
LA028095,APP011573,Ritika Hegde,Mysuru,2023-08-21,BR008,branch,BPNBQ8678B,8339755268,lprasad@gmail.com,34.0,-1.0,salaried_private,825,0.2795,0.0,0,personal,435000,24.0,0,,income_not_positive
LA028097,APP026959,Meera Desai,Chennai,2024-08-27,BR040,partner_referral,VECXZ5097C,8592790895,tarun_banerjee8@rediffmail.com,47.0,66404.0,,558,0.5558,3.0,0,personal,468000,24.0,0,,missing_required_field
LA028108,APP023302,Siddharth Subramanian,Jaipur,2024-05-24,BR033,branch,ZIGPP8121S,8489276521,rajesh15@rediffmail.com,30.0,0.0,self_employed_professional,741,0.4432,1.0,1,home,7593000,300.0,0,,income_not_positive
LA028121,APP011967,Anjali Gowda,Ludhiana,,BR012,partner_referral,LELLQ9993W,6562230363,gayatri.bhat@hotmail.com,34.0,43183.0,salaried_private,498,0.1836,1.0,9,gold,52000,12.0,0,,unparseable_application_date
LA028146,APP018133,Sneha Sinha,Hyderabad,2025-06-08,BR012,partner_referral,KDKEK3970C,8921504255,vikram.mukherjee@gmail.com,,37824.0,salaried_private,900,0.5881,0.0,0,vehicle,892000,48.0,0,,missing_required_field
LA028166,APP010257,Nikhil Joshi,Mumbai,2025-05-26,BR015,direct_sales_agent,LJWGK1579M,6958379623,rohit.das@outlook.com,32.0,-25000.0,salaried_private,706,0.3951,0.0,3,vehicle,1391000,60.0,0,,income_not_positive
LA028171,APP021107,Bhavana Bhat,Ludhiana,2024-07-04,BR029,partner_referral,TZRKT0574I,7265248669,omkar59@yahoo.co.in,40.0,-25000.0,self_employed_business,687,0.6022,1.0,0,personal,477000,36.0,0,,income_not_positive
LA028174,APP026961,Aniket Sharma,Jaipur,2024-08-08,BR023,branch,HTAQF6713S,8944165317,pghosh@hotmail.com,48.0,17475.0,,705,0.3152,0.0,4,gold,32000,6.0,0,,missing_required_field
LA028179,APP026823,Praveen Sharma,Nashik,2023-11-21,BR025,direct_sales_agent,HVMII0368F,8287269864,ishita_joshi8@outlook.com,26.0,25280.0,,693,0.6686,1.0,1,personal,296000,24.0,1,146513.84,missing_required_field
LA028205,APP026775,Siddharth Shah,Tirunelveli,2024-01-29,BR001,online,LDQXB1835B,9468950489,zoya.venkatesan@rediffmail.com,,12154.0,self_employed_professional,643,0.3686,1.0,1,gold,116000,36.0,0,,missing_required_field
LA028208,APP026868,Praveen Nair,Surat,2023-07-21,BR007,online,CXBQA5352Q,7085617597,aditi.deshpande@hotmail.com,32.0,29537.0,,805,0.3293,1.0,1,gold,218000,36.0,0,,missing_required_field
LA028224,APP010141,Arjun Varma,Pune ,2024-01-27,BR004,branch,IRPSH1957A,7173372972,swathi.subramanian@outlook.com,31.0,69350.0,salaried_private,120,0.4546,0.0,1,vehicle,685000,24.0,1,394052.26,credit_score_out_of_range
LA000416,APP010211,Manoj Chatterjee,Coimbatore,2024-04-25,BR019,branch,CNWKP0949A,7021779266,nithya41@gmail.com,31.0,85972.0,salaried_private,715,0.4549,0.0,1,home,4754000,360.0,0,,duplicate_application_id
LA028234,APP017045,Saanvi Mukherjee,Ahmedabad,2024-03-20,BR010,branch,PZZHM9658F,6216491734,shreya_hegde6@hotmail.com,47.0,78383.0,salaried_private,0,0.4776,0.0,0,personal,1335000,48.0,0,,credit_score_out_of_range
LA028235,APP026840,Harsha Joshi,Coimbatore,2023-08-21,BR035,partner_referral,JWRLM0795F,7405844335,dinesh.kulkarni@rediffmail.com,29.0,138305.0,,835,0.4449,0.0,0,home,7423000,300.0,0,,missing_required_field
LA028242,APP023053,Reyansh Menon,Mumbai,2024-02-14,BR016,branch,VRYVX3435K,6054918792,rsubramanian@yahoo.co.in,29.0,-1.0,self_employed_professional,706,0.3775,0.0,2,personal,846000,48.0,0,,income_not_positive
LA028255,APP026966,Sandeep Kulkarni,Jaipur,2023-08-17,BR016,online,LSZWA5665T,8439217303,karthik59@hotmail.com,49.0,12517.0,,650,0.3453,0.0,1,gold,71000,18.0,0,,missing_required_field
LA028264,APP006062,Nandini Mukherjee,Vadodara,2023-11-15,BR017,branch,FZEUY7942R,7606452333,jnaidu@hotmail.com,24.0,32240.0,salaried_private,900,0.4685,3.0,1,personal,373000,,0,,missing_required_field
LA000009,APP005184,Saanvi Reddy,Vadodara,2023-11-07,BR019,branch,FXHAS2025P,7766543646,imran89@rediffmail.com,44.0,16552.0,salaried_government,710,0.8153,3.0,2,personal,114000,12.0,0,,duplicate_application_id
LA000076,APP024614,Praveen Chatterjee,Visakhapatnam,2025-06-22,BR001,online,PFSXL5338J,987654321012,fpillai@rediffmail.com,35.0,27051.0,self_employed_professional,649,0.2048,0.0,4,personal,159000,36.0,0,,duplicate_application_id
LA000141,APP015013,Saanvi Sinha,Indore,2025-03-08,BR039,partner_referral,HMQLF8848A,8471202313,suresh.sharma@yahoo.co.in,40.0,29266.0,salaried_private,701,0.6567,1.0,0,vehicle,740000,60.0,0,,duplicate_application_id
LA028332,APP024540,Sneha Kulkarni,Jaipur,2023-03-05,BR015,online,SAUCD8656G,6977318625,dagarwal@outlook.com,35.0,0.0,self_employed_professional,726,0.6676,1.0,1,vehicle,273000,24.0,1,87487.46,income_not_positive
LA028422,APP008440,Aniket Chauhan,Bhopal,2025-04-04,BR020,branch,ZIIQI8444C,6781386552,rnair@rediffmail.com,29.0,34022.0,salaried_private,682,0.6569,1.0,1,personal,527000,,0,,missing_required_field
LA028430,APP005918,Kavya Bose,Surat ,2025-01-17,BR004,partner_referral,KRWTE5845L,6042600592,vinay32@gmail.com,23.0,36528.0,salaried_private,250,0.8912,1.0,6,personal,311000,12.0,1,215364.48,credit_score_out_of_range
LA028444,APP026967,Neha Varma,Pune,2023-01-07,BR021,online,LPLLL2902J,6658587113,sshah@hotmail.com,49.0,31595.0,,786,0.5889,0.0,1,vehicle,736000,48.0,0,,missing_required_field
LA028452,APP015257,Vikram Malhotra,Mumbai,2023-12-28,BR034,online,PDGTB9003L,6307867953,jayanth.shetty@protonmail.com,41.0,-1.0,salaried_private,678,0.6647,1.0,4,personal,354000,12.0,0,,income_not_positive
LA028455,APP019573,Harsha Bose,Coimbatore,2023-01-21,BR027,direct_sales_agent,UADGS9361T,6335471100,nandini.chatterjee@hotmail.com,31.0,66037.0,self_employed_business,708,0.7517,,2,personal,814000,24.0,1,554534.91,missing_required_field
LA028468,APP021974,Vikram Subramanian,Pune,2024-10-05,BR014,online,PEXIG2768C,8951340936,bshah@outlook.com,51.0,45200.0,self_employed_business,-15,0.4318,0.0,0,personal,563000,36.0,0,,credit_score_out_of_range
LA028498,APP018123,Harsha Patel,Ahmedabad,2024-04-02,BR029,online,NNEFZ4620D,8221218429,deepak.iyer@hotmail.com,,32051.0,salaried_private,715,0.9441,2.0,0,personal,520000,24.0,0,,missing_required_field
LA028520,APP003968,Harsha Chatterjee,Nagpur,2024-10-18,BR011,online,YNVKY2741T,7287754269,sanjana_pillai5@hotmail.com,35.0,0.0,salaried_government,765,0.4442,1.0,1,vehicle,706000,84.0,0,,income_not_positive
LA028535,APP017445,Aniket Menon,Surat,2024-11-09,BR011,partner_referral,XVLFP3262T,9035431436,divya51@rediffmail.com,51.0,-25000.0,salaried_private,527,0.4378,1.0,5,vehicle,739000,60.0,0,,income_not_positive
LA028556,APP022802,Rahul Verma,Lucknow,2024-11-18,BR002,online,QAKFI7904T,9106855466,ishita_bhat8@protonmail.com,28.0,0.0,self_employed_professional,900,0.4464,0.0,0,vehicle,1237000,84.0,0,,income_not_positive
LA028605,APP012859,Vikram Joshi,Vadodara,2023-10-26,BR009,partner_referral,GCIJR3185A,6039363954,sagarwal@gmail.com,36.0,0.0,salaried_private,541,0.7372,2.0,7,personal,549000,48.0,0,,income_not_positive
LA028619,APP003544,Arjun Banerjee,Kochi,31/02/2024,BR023,direct_sales_agent,PFAJB6675L,6841989168,lakshmi_subramanian9@yahoo.co.in,32.0,65733.0,salaried_government,520,0.4405,0.0,7,personal,591000,24.0,0,,unparseable_application_date
LA028627,APP015258,Vivaan Krishnan,Madurai,2024-04-10,BR002,partner_referral,YIEDC7681P,7678697981,farhan74@yahoo.co.in,41.0,-1.0,salaried_private,660,0.5215,1.0,5,personal,891000,48.0,0,,income_not_positive
LA028649,APP004755,Divya Patel,Bengaluru,2024-06-21,BR014,online,QLPDV8090B,7972193946,pdeshpande@protonmail.com,40.0,-25000.0,salaried_government,862,0.323,1.0,0,gold,79000,12.0,0,,income_not_positive
LA028655,APP018798,Nikhil Chauhan,Coimbatore,2024-10-01,BR027,branch,KZHGH6240P,8237521358,charitha.menon@rediffmail.com,28.0,29306.0,self_employed_business,817,0.4936,,0,gold,84000,6.0,0,,missing_required_field
LA028681,APP012528,Anjali Desai,Mysuru,not_a_date,BR032,online,YULQK8945H,6301589534,uiyer@protonmail.com,35.0,35704.0,salaried_private,664,0.5608,1.0,3,vehicle,950000,84.0,0,,unparseable_application_date
LA028706,APP002542,Priya Pillai,Coimbatore,2023-12-21,BR040,branch,PFGXJ4238K,8161760086,hema.malhotra@hotmail.com,27.0,52707.0,Salaried_Government,120,0.4873,1.0,3,personal,445000,24.0,1,403572.36,credit_score_out_of_range
LA028715,APP026859,Kavya Sinha,Rajkot,2025-05-30,BR035,partner_referral,BRTLG9712Y,8680724321,ishita.kulkarni@yahoo.co.in,31.0,44161.0,,786,0.4803,0.0,1,home,2416000,240.0,0,,missing_required_field
LA028719,APP015101,Shreya Prasad,Lucknow,2025-01-02,BR029,online,CVHZF0502B,7235089412,sraman@outlook.com,40.0,44243.0,salaried_private,804,0.455,1.0,1,home,1929000,,0,,missing_required_field
LA028728,APP026874,Sneha Bose,Madurai,2023-09-04,BR034,branch,PBGZI2641B,8518106037,lakshmi_gowda1@protonmail.com,32.0,60773.0,,639,0.3544,1.0,1,home,2117000,300.0,0,,missing_required_field
LA028756,APP018745,Divya Naidu,Bhopal,2024-07-25,BR009,online,CKWFU0913N,6121231306,naveen57@protonmail.com,28.0,130641.0,self_employed_business,985,0.5964,0.0,1,personal,865000,12.0,1,385201.77,credit_score_out_of_range
LA028768,APP026607,Bhavana Nair,Tirunelveli,2024-01-19,BR015,branch,FGAZH9388A,9555779417,bhargav25@yahoo.co.in,54.0,-1.0,self_employed_professional,731,0.5712,0.0,0,home,1900000,180.0,0,,income_not_positive
LA028782,APP023884,Sneha Reddy,Kolkata,2024-06-02,BR004,direct_sales_agent,FMKPR5985K,7886616271,lmalhotra@hotmail.com,32.0,25792.0,self_employed_professional,475,0.3517,0.0,10,vehicle,420000,,0,,missing_required_field
LA028808,APP026942,Ishaan Varma,Kolkata,2023-05-11,BR022,online,YRDLR3984D,6014105255,hema45@rediffmail.com,44.0,54633.0,,658,0.545,1.0,3,personal,252000,12.0,0,,missing_required_field
LA028843,APP026804,Rahul Sinha,Kanpur,2023-06-21,BR034,online,DKPHH2331G,8865059862,omkar54@outlook.com,,64292.0,self_employed_professional,532,0.424,0.0,7,home,2653000,180.0,0,,missing_required_field
LA028869,APP020938,Swathi Gowda,Rajkot,2023-10-02,BR030,branch,GVTUM3648G,6235022033,omkar.shetty@gmail.com,38.0,85259.0,self_employed_business,623,0.3223,,3,personal,691000,48.0,1,519366.2,missing_required_field
LA028884,APP005464,Karthik Sinha,Ludhiana,2023-05-20,BR032,partner_referral,XSKSA9693W,7130746519,hmenon@yahoo.co.in,48.0,-1.0,salaried_government,760,0.3302,1.0,0,gold,219000,36.0,0,,income_not_positive
LA028919,APP025387,Ishaan Varma,Nagpur,2023-05-08,BR035,online,CTZCW0192Q,8378323448,mhegde@outlook.com,39.0,19596.0,self_employed_professional,250,0.865,2.0,3,vehicle,534000,48.0,1,224096.84,credit_score_out_of_range
LA029021,APP007418,Aditya Bose,Pune,2024-02-11,BR006,online,RDRUZ9615D,6996712738,dshetty@protonmail.com,27.0,55434.0,salaried_private,748,0.3363,,1,personal,672000,48.0,0,,missing_required_field
LA029031,APP022447,Rohan Menon,Tirunelveli,2023-03-11,BR011,branch,ZJYTA7281U,6655147769,nithya.malhotra@yahoo.co.in,25.0,73682.0,self_employed_professional,470,0.287,0.0,10,vehicle,649000,,0,,missing_required_field
LA029046,APP018157,Vinay Shah,Delhi,2025-03-10,BR019,partner_referral,ZJNDW7408L,9083136163,zoya.bose@rediffmail.com,,62271.0, SALARIED_PRIVATE ,659,0.5785,2.0,3,home,3461000,360.0,0,,missing_required_field
LA029084,APP002037,Aniket Desai,Indore,2024-06-24,BR011,branch,MFKAL1240V,7391494306,igowda@yahoo.co.in,60.0,0.0,contract,648,0.4507,1.0,5,gold,236000,24.0,0,,income_not_positive
LA029092,APP008835,Rahul Sharma,Delhi ,2023-12-20,BR014,partner_referral,VZZPH6162W,8380023770,svenkatesan@protonmail.com,30.0,0.0,salaried_private,614,0.5414,2.0,4,home,1549000,120.0,0,,income_not_positive
LA029142,APP017281,Aditya Pillai,Bhopal,2024-09-21,BR014,direct_sales_agent,HGIQA4500L,9510633280,vverma@yahoo.co.in,49.0,46010.0,salaried_private,732,0.3726,1.0,2,vehicle,696000,,0,,missing_required_field
LA029151,APP005811,Vivaan Rao,Kanpur,2025-04-18,BR003,direct_sales_agent,QTIJN5853R,9796374454,mkapoor@protonmail.com,,19234.0,Salaried_Government,714,0.7184,1.0,0,personal,129000,12.0,0,,missing_required_field
LA029162,APP005139,Manoj Kulkarni,Indore,2023-08-05,BR023,online,HTFZI8551P,7101580680,nithya_nair3@gmail.com,43.0,52559.0,salaried_government,1200,0.5472,1.0,7,gold,374000,18.0,0,,credit_score_out_of_range
LA029164,APP026273,Vivaan Sinha,Nashik,2023-08-06,BR031,online,INAXI0780W,9094931923,imran_subramanian9@gmail.com,46.0,39018.0,self_employed_professional,0,0.4568,0.0,1,vehicle,1079000,84.0,1,785243.33,credit_score_out_of_range
LA029175,APP007439,Shreya Menon,Bhopal,2023-07-10,BR003,online,PTFYM7293K,7661605399,chetan_rao8@rediffmail.com,27.0,63014.0,salaried_private,585,0.423,,2,vehicle,1573000,84.0,0,,missing_required_field
LA029181,APP018149,Sneha Sinha,Visakhapatnam,2024-10-21,BR027,online,SZEFY6056I,6725351189,nithya32@gmail.com,,51241.0,salaried_private,819,0.6075,1.0,0,personal,962000,48.0,0,,missing_required_field
LA029223,APP015266,Krishna Gowda,Delhi,2024-10-18,BR011,branch,PNWRD5851G,6940125514,pallavi42@gmail.com,41.0,0.0,salaried_private,520,0.2315,0.0,2,gold,371000,36.0,0,,income_not_positive
LA029229,APP023426,Harsha Sharma,Pune,2023-04-18,BR024,branch,ZZDMJ0695B,6494110272,hema92@outlook.com,30.0,39015.0,self_employed_professional,652,0.6226,2.0,1,vehicle,912000,,0,,missing_required_field
LA029252,APP018124,Ananya Hegde,Nagpur ,2024-05-17,BR036,branch,LCKYS4512Q,6977204318,chetan.shah@gmail.com,,32108.0,salaried_private,751,0.6307,2.0,0,vehicle,331000,24.0,0,,missing_required_field
LA000500,APP014257,Siddharth Nair,Bengaluru,2023-03-16,BR037,direct_sales_agent,KHPFM3911E,9551665370,dhegde@outlook.com,38.0,40256.0,salaried_private,755,0.3797,1.0,1,gold,208000,18.0,0,,duplicate_application_id
LA029275,APP026952,Aadhya Verma,Visakhapatnam,2023-10-07,BR010,branch,KTTAE1747E,7646522763,bhargav29@hotmail.com,46.0,26129.0,,629,0.5875,0.0,3,personal,315000,24.0,0,,missing_required_field
LA029305,APP013678,Swathi Ramesh,Nagpur,2024-07-02,BR020,partner_referral,UHQTJ1316Z,6596772662,varun_reddy9@yahoo.co.in,37.0,33242.0,Salaried_Private,985,0.3752,1.0,3,gold,236000,24.0,0,,credit_score_out_of_range
LA029310,APP002866,Swathi Joshi,Kochi,2023-09-25,BR026,direct_sales_agent,KSWRM1066I,8674388810,ananya_kapoor3@gmail.com,29.0,40206.0,salaried_government,-15,0.6753,1.0,1,home,2743000,300.0,0,,credit_score_out_of_range
LA029314,APP001202,Diya Subramanian,Ludhiana,2024-12-15,BR015,branch,IBZHD9137B,9589535904,sanjana50@yahoo.co.in,36.0,22436.0,contract,693,0.216,0.0,3,vehicle,191000,,0,,missing_required_field
LA029344,APP020591,Rahul Kapoor,Mumbai,2024-03-24,BR004,branch,BQXNP5363W,7256295529,varun.rao@outlook.com,37.0,-1.0,self_employed_business,623,0.3794,2.0,3,gold,144000,12.0,0,,income_not_positive
LA029350,APP000149,Ritika Nair,Vadodara,2023-06-30,BR003,direct_sales_agent,ESUYG3306Z,6809793637,nithya_sharma2@hotmail.com,26.0,17821.0,contract,785,0.8793,,1,vehicle,373000,36.0,0,,missing_required_field
LA029357,APP004629,Bhavana Hegde,Pune,2024-10-06,BR019,online,QEHAP2684U,6202243183,zoya18@outlook.com,39.0,0.0,salaried_government,691,0.4298,0.0,3,gold,850000,24.0,0,,income_not_positive
LA029380,APP002069,Swathi Patel,Surat,2023-01-16,BR023,partner_referral,FNICR2859V,7855514241,rahul_kulkarni3@gmail.com,22.0,16220.0,salaried_government,839,0.3326,1.0,0,personal,105000,,0,,missing_required_field
LA029384,APP001542,Sneha Banerjee,Tirunelveli,2023-06-21,BR039,branch,BBKEB8771U,9524774208,vbhatia@gmail.com,40.0,14791.0,contract,684,0.4547,,2,personal,180000,48.0,0,,missing_required_field
LA029388,APP002962,Rohan Menon,Kolkata,2025-05-04,BR005,online,IXWIX0184F,7523413682,latha26@hotmail.com,30.0,-25000.0,salaried_government,457,0.6402,1.0,10,vehicle,782000,60.0,0,,income_not_positive
LA000364,APP019482,Bhavana Hegde,Vadodara,2024-12-18,BR035,direct_sales_agent,VRZAJ9201R,9269268134,chetan41@hotmail.com,31.0,34411.0,self_employed_business,569,0.6968,4.0,7,vehicle,482000,48.0,1,19829.15,duplicate_application_id
LA029480,APP012217,Priya Kapoor,Rajkot,2024-07-04,BR023,direct_sales_agent,HSYSU8684A,7826409123,manoj.raman@outlook.com,35.0,-1.0,salaried_private,366,0.3944,1.0,10,gold,199000,24.0,1,52660.55,income_not_positive
LA029490,APP021368,Aniket Chauhan,Mysuru,2023-03-09,BR038,online,MSRZB3948A,7953918158,sbose@hotmail.com,42.0,0.0,self_employed_business,877,0.4937,0.0,0,personal,1289000,60.0,0,,income_not_positive
LA029501,APP002445,Nandini Banerjee, Visakhapatnam,2023-07-09,BR015,online,MARFZ3654T,9239717061,jayanth74@outlook.com,27.0,139715.0,salaried_government,651,0.2368,,1,gold,1000000,36.0,0,,missing_required_field
LA029505,APP001183,Deepika Sinha,Bhopal,2023-11-08,BR015,online,KTJIV2652M,7943723214,vverma@hotmail.com,36.0,-1.0,contract,686,0.3986,0.0,1,home,1617000,180.0,0,,income_not_positive
LA029535,APP020045,Krishna Rao,Tirunelveli,2024-07-31,BR002,partner_referral,GHDHM4798W,7246969545,zoya_sharma1@rediffmail.com,34.0,0.0,self_employed_business,746,0.3496,3.0,1,gold,62000,12.0,0,,income_not_positive
LA029579,APP016875,Neha Mukherjee,Tirunelveli,2024-13-05,BR025,online,AZJGA6797Q,8313194532,suresh_verma8@outlook.com,46.0,70976.0,salaried_private,560,0.4207,1.0,5,gold,438000,24.0,0,,unparseable_application_date
LA029617,APP005331,Reyansh Menon,Jaipur,2023-06-24,BR008,partner_referral,AWBPX8032M,8852863591,kbanerjee@protonmail.com,45.0,69775.0,salaried_government,664,0.4927,0.0,1,personal,707000,,0,,missing_required_field
LA029619,APP015261,Diya Joshi,Kochi,2025-02-21,BR001,branch,NNZRD4161Z,9060208077,nithya.kulkarni@rediffmail.com,41.0,-25000.0,salaried_private,588,0.5635,0.0,5,vehicle,1023000,48.0,0,,income_not_positive
LA000116,APP006576,Pooja Kulkarni,Indore,2024-03-04,BR024,partner_referral,WBCFF8489T,9101864421,aarav_iyer2@yahoo.co.in,26.0,146618.0,salaried_private,712,0.2194,0.0,2,gold,687000,24.0,0,,duplicate_application_id
LA029642,APP003400,Nikhil Reddy,Madurai,2025-05-17,BR020,online,DMKEW2769G,6608091082,bhavana.krishnan@rediffmail.com,32.0,0.0,salaried_government,774,0.386,0.0,0,personal,406000,36.0,0,,income_not_positive
LA029647,APP005535,Yash Chauhan,Lucknow,2023-11-14,BR001,branch,XIVXA5475X,9953311052,sandeep_nair3@yahoo.co.in,49.0,47191.0,salaried_government,688,0.3614,,4,personal,493000,36.0,0,,missing_required_field
LA029655,APP026915,Bhavana Sinha,Hyderabad,2024-09-03,BR033,branch,ISERK1287E,8883139723,tarun16@rediffmail.com,37.0,60161.0,,704,0.3361,0.0,2,personal,731000,48.0,0,,missing_required_field
LA029686,APP018119,Praveen Reddy,Surat,2024-02-13,BR006,branch,FSGDS7996F,7737759939,uma.reddy@protonmail.com,,29479.0,salaried_private,704,0.2979,1.0,2,vehicle,180000,36.0,0,,missing_required_field
LA029699,APP004335,Divya Gowda,Bengaluru,2024-06-14,BR016,online,JXSGJ4117C,6331762386,kavya69@hotmail.com,37.0,0.0,salaried_government,730,0.6476,2.0,0,personal,442000,48.0,0,,income_not_positive
LA029705,APP004514,Vikram Sharma,Nagpur,2023-08-07,BR009,branch,NQHPL8995S,7429093619,swathi92@gmail.com,38.0,14732.0,salaried_government,120,0.5585,2.0,0,personal,195000,48.0,0,,credit_score_out_of_range
LA029751,APP011544,Pooja Reddy,Ludhiana,2024-09-18,BR004,direct_sales_agent,WCQLF6318Y,8043076186,nithya35@protonmail.com,33.0,86760.0,salaried_private,798,0.5724,,1,personal,1424000,48.0,0,,missing_required_field
LA029763,APP011574,Anjali Subramanian,Visakhapatnam,2024-07-31,BR017,partner_referral,MPGAA2122X,7026503986,fkulkarni@yahoo.co.in,34.0,-1.0,salaried_private,835,0.2994,1.0,0,personal,706000,60.0,0,,income_not_positive
LA029818,APP019845,Aadhya Kulkarni,Ludhiana,not_a_date,BR019,online,LAHMQ6579M,7817647056,jgowda@rediffmail.com,33.0,101206.0,self_employed_business,747,0.4803,2.0,0,home,4188000,240.0,0,,unparseable_application_date
LA029829,APP018156,Vinay Bose,Delhi,2023-05-10,BR002,online,LDWJC8708P,6252021616,bhavana.nair@hotmail.com,,61818.0,salaried_private,778,0.3395,0.0,0,home,2589000,300.0,0,,missing_required_field
LA029832,APP013957,Anjali Joshi,Coimbatore,31/02/2024,BR028,branch,RKEZD9512J,9485785632,praveen_banerjee6@gmail.com,37.0,73349.0,salaried_private,819,0.396,2.0,1,gold,199000,12.0,0,,unparseable_application_date
LA000060,APP016030,Nandini Verma,Vadodara,2024-03-03,BR016,branch,DVLIS6655G,8126007416,pallavi.sharma@gmail.com,43.0,26139.0,salaried_private,762,0.5827,1.0,1,home,1796000,360.0,0,,duplicate_application_id
LA029858,APP026904,Rohan Chatterjee,Indore,2025-01-20,BR006,partner_referral,MFWTU3778Z,8336247633,rajesh36@outlook.com,36.0,126313.0,,730,0.4507,1.0,0,personal,1500000,36.0,0,,missing_required_field
LA029885,APP022199,Vivaan Pillai,Nagpur,2023-08-06,BR016,branch,IZDQZ8955A,8455850945,charitha_hegde6@yahoo.co.in,,35625.0,self_employed_business,735,0.538,1.0,1,gold,165000,12.0,0,,missing_required_field
LA029920,APP003791,Swathi Desai,Madurai,2024-03-23,BR033,direct_sales_agent,ESRKI0576Y,6883352455,vinay.gupta@outlook.com,34.0,16721.0,salaried_government,694,0.4879,,1,personal,294000,48.0,0,,missing_required_field
LA029932,APP000857,Siddharth Desai,Surat,2023-04-10,BR015,online,ZMJQP5083U,9707314620,hema_agarwal9@hotmail.com,33.0,22982.0,contract,775,0.2976,,1,vehicle,213000,36.0,0,,missing_required_field
LA029939,APP018155,Aadhya Bose,Visakhapatnam,2023-12-18,BR018,direct_sales_agent,BKQIN1330D,8296184199,varun_verma1@hotmail.com,,57195.0,Salaried_Private,655,0.5159,0.0,2,personal,606000,24.0,0,,missing_required_field
LA029959,APP001845,Vikram Ramesh,Coimbatore,2023-09-01,BR024,online,CDEXD8277S,6808179953,tarun.rao@protonmail.com,47.0,-1.0,contract,466,0.4324,1.0,7,gold,88000,6.0,0,,income_not_positive
LA029968,APP007014,Anjali Nair,Kochi,2024-11-09,BR009,branch,BPDMZ5166I,6699761440,lkulkarni@hotmail.com,27.0,-25000.0,salaried_private,512,0.4873,0.0,5,personal,296000,24.0,0,,income_not_positive
LA029969,APP003185,Rahul Pillai,Vadodara,2023-10-11,BR010,branch,XRTCF7887U,8808919382,tbhatia@gmail.com,31.0,0.0,salaried_government,767,0.2258,0.0,3,gold,686000,36.0,0,,income_not_positive
LA029989,APP011595,Divya Bose, Bhopal,2023-03-01,BR017,branch,RHFAD4417T,9661516414,arathore@rediffmail.com,34.0,113571.0,salaried_private,795,0.616,,1,home,6951000,360.0,0,,missing_required_field
LA029990,APP017924,Sneha Mukherjee, Indore,2024-04-17,BR019,branch,BHHSC0752L,9390804965,deepak_hegde3@rediffmail.com,60.0,-1.0,salaried_private,578,0.7629,0.0,5,vehicle,266000,24.0,0,,income_not_positive
LA029991,APP025852,Gayathri Ramesh,Coimbatore,2024-12-19,BR038,direct_sales_agent,DVVUI3848D,8489055991,nshetty@hotmail.com,42.0,25560.0,self_employed_professional,643,0.3489,,3,personal,183000,24.0,0,,missing_required_field
LA030023,APP004153,Shreya Chauhan,Tirunelveli,not_a_date,BR005,branch,KEFLR6321K,9452535439,naveen_raman8@yahoo.co.in,35.0,79629.0,salaried_government,653,0.4665,1.0,1,home,4069000,360.0,0,,unparseable_application_date
LA030047,APP026848,Kavya Krishnan, Mumbai,2024-04-02,BR032,branch,HNYLE4745L,8281897135,nbose@hotmail.com,30.0,31747.0,,701,0.6279,1.0,2,vehicle,390000,24.0,0,,missing_required_field
LA030053,APP000616,Ritika Ramesh,Visakhapatnam,2024-04-06,BR025,branch,NRMMH5650F,6762436259,latha.naidu@yahoo.co.in,31.0,0.0,contract,805,0.2199,1.0,1,gold,109000,12.0,0,,income_not_positive
LA030054,APP011582,Neha Naidu,Nagpur,2024-04-20,BR019,partner_referral,WZFMZ1668X,6063788471,jrao@outlook.com,34.0,0.0,salaried_private,865,0.3368,0.0,0,personal,564000,36.0,0,,income_not_positive
LA030110,APP026879,Aadhya Verma,Jaipur,2023-11-02,BR022,online,XQTZK1252Z,9727461624,krathore@rediffmail.com,33.0,41527.0,,589,0.622,0.0,2,vehicle,1012000,48.0,0,,missing_required_field
LA030132,APP017144,Gayathri Malhotra,Bengaluru,2024-08-12,BR021,direct_sales_agent,NVAXJ8732E,6806842374,lakshmi25@outlook.com,48.0,44004.0,salaried_private,575,0.6208,,6,gold,262000,12.0,0,,missing_required_field
LA030134,APP021084,Nandini Subramanian,Pune,2023-03-24,BR030,online,TNGXN5778X,7900576887,bhargav18@protonmail.com,39.0,68829.0,self_employed_business,398,0.9076,,10,personal,865000,24.0,1,575081.18,missing_required_field
LA030138,APP007509,Ishaan Menon,Pune,2024-08-28,BR032,branch,VTXAX6396I,7577276985,latha.chauhan@protonmail.com,27.0,82534.0,salaried_private,628,0.5086,1.0,1,personal,1500000,,0,,missing_required_field
LA030141,APP007545,Aadhya Subramanian,Kanpur,2024-07-09,BR011,branch,UEPFH0732L,8363767215,kiran32@hotmail.com,28.0,-1.0,salaried_private,687,0.7287,1.0,2,gold,163000,6.0,0,,income_not_positive
LA030160,APP009631,Sandeep Shah,Rajkot,2025-03-02,BR016,online,CPZUJ9190Z,9662360779,hema.sharma@hotmail.com,31.0,18473.0,salaried_private,708,0.3637,1.0,3,gold,156000,,0,,missing_required_field
LA030164,APP025668,Nikhil Bhat,Chennai,2025-04-27,BR006,branch,EEBLM6606D,7899522487,sunita13@outlook.com,41.0,-1.0, SELF_EMPLOYED_PROFESSIONAL ,900,0.6451,1.0,0,home,2555000,240.0,0,,income_not_positive
LA030165,APP022343,Rahul Gowda,Vadodara,2023-12-12,BR030,online,ABFRK7106R,8235107125,pallavi.chatterjee@protonmail.com,25.0,109155.0,Self_Employed_Professional,4300,0.3206,0.0,0,home,4260000,300.0,0,,credit_score_out_of_range
LA030200,APP018911,Gayathri Hegde, Bhopal,2025-01-26,BR030,online,ZFJBJ1406I,8391763533,rahul52@outlook.com,28.0,73298.0,self_employed_business,0,0.3281,2.0,0,personal,411000,48.0,0,,credit_score_out_of_range
LA030206,APP011915,Aniket Rao,Rajkot,,BR010,branch,XNHRN4468V,9710006804,mpatel@yahoo.co.in,34.0,37503.0,salaried_private,717,0.336,1.0,1,vehicle,333000,36.0,0,,unparseable_application_date
LA030224,APP012231,Bhavana Chatterjee,Mysuru,2024-05-08,BR003,online,CJQKK4530D,9153263079,rajesh_malhotra4@rediffmail.com,35.0,0.0,salaried_private ,831,0.6517,1.0,1,personal,481000,36.0,0,,income_not_positive
LA030243,APP016903,Rahul Patel, Kolkata,2024-02-29,BR035,direct_sales_agent,TWWLY4365X,8635271627,suresh15@hotmail.com,47.0,-1.0,salaried_private,756,0.626,1.0,0,home,1500000,360.0,0,,income_not_positive
LA030255,APP017454,Nikhil Bose,Delhi,,BR008,branch,LAYHW7041N,6163384561,hema10@rediffmail.com,51.0,150394.0,salaried_private,775,0.4742,1.0,2,gold,302000,6.0,0,,unparseable_application_date
LA030288,APP011575,Rohan Malhotra,Bengaluru,2025-05-06,BR015,partner_referral,PEVZX8957V,6453082537,smenon@hotmail.com,34.0,-1.0,salaried_private,571,0.6012,2.0,3,gold,260000,18.0,0,,income_not_positive
LA030304,APP018730,Harsha Bhat,Coimbatore,2024-08-04,BR024,direct_sales_agent,AZTUB8445X,6798304351,tsharma@hotmail.com,28.0,0.0,self_employed_business,505,0.5773,3.0,4,home,6188000,300.0,0,,income_not_positive
LA030305,APP004877,Vivaan Rao,Vadodara,2023-12-05,BR031,direct_sales_agent,CTPIG2545H,6664564157,skapoor@rediffmail.com,41.0,-25000.0,Salaried_Government,788,0.4761,1.0,0,home,2226000,240.0,0,,income_not_positive
LA030317,APP023298,Anjali Naidu,Bengaluru,2024-03-16,BR017,branch,WQJRG9720N,7867462285,zoya_bhatia4@rediffmail.com,30.0,-1.0,self_employed_professional,852,0.4966,1.0,0,personal,1500000,60.0,0,,income_not_positive
LA030340,APP000462,Divya Gowda,Kochi,not_a_date,BR003,online,DDMIW3661I,9581828372,rohit.bose@outlook.com,29.0,55036.0,contract,540,0.3368,0.0,4,personal,378000,24.0,0,,unparseable_application_date
LA030357,APP026836,Ananya Rao,Indore,2025-05-17,BR023,direct_sales_agent,CNAZT0704U,7285265036,esha49@outlook.com,28.0,68142.0,,707,0.4607,2.0,2,gold,632000,36.0,0,,missing_required_field
LA030378,APP008820,Anjali Chauhan,Hyderabad,2024-01-21,BR019,branch,IUCRZ1049M,8943454127,abhat@gmail.com,30.0,-1.0, SALARIED_PRIVATE ,773,0.4598,0.0,1,home,4476000,360.0,0,,income_not_positive
LA030381,APP016850,Karthik Kulkarni,Ahmedabad,2023-01-06,BR022,online,LIWQT9509D,7640488174,vikram.krishnan@rediffmail.com,46.0,58093.0,salaried_private,556,0.3868,,4,vehicle,879000,48.0,0,,missing_required_field
LA000254,APP019000,Manoj Mukherjee,Kanpur,2023-01-13,BR022,branch,ZXBMG3953S,7734823268,sunita73@hotmail.com,29.0,30412.0,self_employed_business,900,0.4955,0.0,1,vehicle,471000,36.0,0,,duplicate_application_id
LA030410,APP018577,Ananya Kapoor,Delhi,2025-03-08,BR017,partner_referral,UZQPD4905E,9957381661,vikram17@rediffmail.com,27.0,-25000.0,self_employed_business,710,0.4202,1.0,2,home,3312000,300.0,0,,income_not_positive
LA030419,APP002123,Aniket Varma,Kolkata,2024-08-20,BR014,direct_sales_agent,JHHZM8006V,8666320344,charitha.iyer@yahoo.co.in,24.0,0.0, salaried_government,754,0.2688,0.0,1,gold,546000,24.0,0,,income_not_positive
LA030429,APP026865,Shreya Malhotra,Lucknow,2024-03-27,BR025,direct_sales_agent,TUHWE8599C,8476027508,nandini60@hotmail.com,32.0,19227.0,,855,0.5132,0.0,0,personal,290000,36.0,0,,missing_required_field
LA000446,APP021725,Sandeep Hegde,Hyderabad,2023-04-22,BR003,online,VHFGU4902Q,8987967877,adeshpande@rediffmail.com,46.0,17995.0,self_employed_business,877,0.3443,0.0,0,personal,228000,48.0,0,,duplicate_application_id
LA030509,APP011526,Vinay Iyer,Delhi,2024-13-05,BR012,online,KFVKK2024W,8790939107,harish.bose@gmail.com,33.0,80466.0,salaried_private ,822,0.3517,0.0,0,personal,1033000,48.0,0,,unparseable_application_date
LA030512,APP022218,Swathi Krishnan,Jaipur,,BR033,branch,JAXIL6958X,6924112885,gprasad@yahoo.co.in,22.0,58829.0,self_employed_professional,736,0.2244,0.0,1,personal,384000,36.0,0,,unparseable_application_date
LA030520,APP014508,Arjun Banerjee,Mumbai,2023-12-20,BR029,branch,JQSRM8089C,6744063356,ananya_shah2@outlook.com,39.0,16141.0,salaried_private,120,0.9361,2.0,0,personal,286000,24.0,1,216773.97,credit_score_out_of_range
LA030525,APP026969,Shreya Kapoor,Kochi,2025-03-19,BR027,branch,SSGDJ2625K,7657968849,lakshmi99@protonmail.com,54.0,19980.0,,654,0.6442,1.0,3,vehicle,524000,60.0,0,,missing_required_field
LA030563,APP026830,Anjali Bhat,Mysuru,2024-07-10,BR008,online,ZPJTS6551V,6166300225,naveen.joshi@rediffmail.com,27.0,45887.0,,751,0.4396,1.0,2,home,2069000,240.0,0,,missing_required_field
LA030584,APP007878,Shreya Pillai,Mysuru,not_a_date,BR034,partner_referral,BXTKG5750W,8724554947,divya72@hotmail.com,28.0,40344.0,salaried_private,533,0.5147,1.0,9,home,2127000,240.0,0,,unparseable_application_date
LA030587,APP026473,Ishaan Shah,Indore,2025-02-14,BR021,branch,NSZDX7632A,9423293623,ramya.subramanian@rediffmail.com,50.0,-1.0,self_employed_professional,697,0.4136,1.0,3,personal,670000,36.0,1,317374.63,income_not_positive
LA030597,APP025671,Aadhya Desai,Nagpur,,BR024,branch,HBNLB2872G,8415384775,vdeshpande@gmail.com,41.0,102556.0,self_employed_professional,663,0.41,0.0,1,vehicle,1656000,48.0,0,,unparseable_application_date
LA030614,APP021108,Pooja Rao,Lucknow,2025-02-12,BR030,branch,GMMAK6198L,9876762129,vnair@outlook.com,40.0,-25000.0,self_employed_business,541,0.5413,1.0,3,home,1500000,180.0,0,,income_not_positive
LA030629,APP020217,Vinay Malhotra,Kochi,2023-01-20,BR018,branch,WRHQX2940W,8718615517,deepak18@outlook.com,35.0,0.0,self_employed_business,765,0.2118,1.0,0,vehicle,303000,48.0,0,,income_not_positive
LA030636,APP026299,Nandini Kapoor,Tirunelveli,2024-01-28,BR031,direct_sales_agent,RDRSZ7593Q,9926158245,bhavana_chauhan1@yahoo.co.in,46.0,77462.0,self_employed_professional,872,0.2257,,0,gold,245000,24.0,0,,missing_required_field
LA030653,APP026911,Karthik Varma,Ludhiana,2023-05-28,BR004,online,JABVP7875Y,7221079417,riyer@outlook.com,36.0,47327.0,,694,0.5097,1.0,2,gold,318000,18.0,1,93077.62,missing_required_field
LA030694,APP009619,Reyansh Joshi, Kochi,2025-06-02,BR033,online,QRSET1881E,8852284463,swathi_mukherjee6@hotmail.com,31.0,17454.0,salaried_private,-15,0.6763,1.0,5,personal,222000,24.0,1,209906.76,credit_score_out_of_range
LA030711,APP026970,Praveen Chatterjee,Bhopal,2024-06-15,BR037,online,JTTEL1263E,7414888013,harish_mehta6@hotmail.com,56.0,62933.0,,841,0.6059,0.0,1,personal,1118000,36.0,0,,missing_required_field
LA030743,APP020737,Lakshmi Kulkarni,Mysuru,2023-05-04,BR025,partner_referral,DXZSG6538P,9725382109,sanjana79@protonmail.com,37.0,55753.0,self_employed_business,884,0.7794,3.0,0,home,3818000,,0,,missing_required_field
LA030771,APP012423,Saanvi Sinha,Tirunelveli,2024-06-30,BR023,branch,ZIEQE3452S,6721288481,praveen62@gmail.com,35.0,25919.0,salaried_private,827,0.8962,,0,home,1500000,180.0,0,,missing_required_field
LA030774,APP017541,Vikram Varma, Visakhapatnam,2023-11-09,BR034,branch,JJBEJ7174W,7475783327,imran.ghosh@hotmail.com,52.0,-1.0,salaried_private,689,0.5599,1.0,2,personal,231000,60.0,0,,income_not_positive
LA030779,APP019939,Ritika Kapoor,Vadodara ,2023-06-30,BR035,branch,FRVKQ3154W,7884250440,bhavana.bose@outlook.com,33.0,37217.0,self_employed_business,756,0.5793,,1,home,2045000,300.0,0,,missing_required_field
LA030782,APP026935,Pooja Nair,Visakhapatnam,2023-06-23,BR017,partner_referral,ZLYMQ8320K,6922015693,jayanth_rao4@outlook.com,41.0,25290.0,,878,0.4348,0.0,0,personal,475000,60.0,0,,missing_required_field
LA030784,APP002963,Aadhya Sharma,Delhi,2025-01-02,BR020,branch,WIXKU1059F,7703733655,sanjana_rathore2@yahoo.co.in,30.0,0.0,salaried_government,551,0.2951,2.0,3,gold,291000,18.0,0,,income_not_positive
LA030802,APP019817,Reyansh Bhat,Bengaluru,31/02/2024,BR012,direct_sales_agent,ISIIV2677Q,9004752870,vinay.krishnan@rediffmail.com,32.0,72254.0,self_employed_business,866,0.6076,0.0,1,vehicle,2105000,60.0,0,,unparseable_application_date
LA030819,APP001368,Divya Nair,Nashik,2024-13-05,BR026,branch,HNESU8346B,7088391720,sridhar.kapoor@outlook.com,37.0,64553.0,contract,845,0.4615,0.0,0,personal,1092000,48.0,0,,unparseable_application_date
LA030824,APP024047,Sneha Nair,Kanpur,,BR029,branch,IBVYL0076G,6060393416,ramya_reddy5@outlook.com,32.0,88948.0,self_employed_professional,889,0.7386,3.0,0,home,5168000,360.0,1,1445221.65,unparseable_application_date
LA030836,APP020328,Yash Krishnan,Nashik,2025-04-17,BR030,online,PHQAR2690Q,8869801614,vinay.shah@protonmail.com,35.0,42318.0,self_employed_business,250,0.4633,0.0,1,vehicle,1207000,84.0,1,404258.19,credit_score_out_of_range
LA030841,APP000005,Siddharth Sinha,Visakhapatnam,2024-12-24,BR030,partner_referral,FLIDC5110E,8196022784,karthik.das@outlook.com,23.0,-1.0,contract,676,0.5674,2.0,1,personal,282000,24.0,0,,income_not_positive
LA030846,APP022803,Nandini Patel,Rajkot ,2025-04-23,BR031,direct_sales_agent,CNDPD8151P,9481492411,kiran_das9@protonmail.com,28.0,0.0,self_employed_professional,455,0.5284,0.0,5,home,1500000,180.0,0,,income_not_positive
LA030852,APP026960,Priya Chatterjee,Vadodara,2025-01-18,BR024,branch,FWTTS8122C,6068612573,mreddy@gmail.com,47.0,93422.0,,713,0.4868,1.0,1,personal,1500000,60.0,0,,missing_required_field
LA030870,APP018576,Pooja Iyer,Mysuru,2025-04-18,BR036,partner_referral,VALKS4249M,9235615865,vinay.verma@gmail.com,27.0,-1.0,self_employed_business,830,0.3547,0.0,0,gold,465000,18.0,0,,income_not_positive
LA030886,APP002476,Nandini Bose,Rajkot,2023-03-12,BR027,online,YBDAC8666V,9113890501,mkapoor@gmail.com,27.0,24381.0,salaried_government,632,0.2484,0.0,3,gold,129000,,0,,missing_required_field
LA030895,APP003763,Divya Rao,Nagpur,2023-02-08,BR015,branch,KQRWL5198H,8271636685,naveen36@protonmail.com,34.0,-25000.0, SALARIED_GOVERNMENT ,784,0.374,0.0,3,personal,1500000,60.0,0,,income_not_positive
LA030900,APP026688,Sneha Kapoor,Kochi,2023-02-19,BR021,branch,VFFQB7194G,8392704392,jayanth_deshpande1@yahoo.co.in,58.0,0.0,self_employed_professional,673,0.3086,0.0,3,personal,1347000,36.0,0,,income_not_positive
LA030947,APP008259,Anjali Chauhan,Delhi,2023-02-10,BR036,branch,RMKZC3772W,9052575007,hema80@protonmail.com,29.0,19169.0,salaried_private,-15,0.4729,1.0,0,personal,288000,48.0,1,205693.74,credit_score_out_of_range
LA030956,APP020679,Vinay Subramanian,Kanpur,not_a_date,BR029,branch,UTLHW0914M,9832095077,aagarwal@outlook.com,37.0,34649.0,self_employed_business,821,0.516,1.0,0,personal,659000,60.0,0,,unparseable_application_date
LA030975,APP009515,Gayathri Hegde,Indore,2023-02-02,BR038,online,ZKSGA4745V,7271938545,nbhatia@rediffmail.com,31.0,-1.0,SALARIED_PRIVATE,730,0.6951,1.0,0,personal,746000,24.0,0,,income_not_positive
LA000158,APP007922,Lakshmi Chatterjee,Surat,2024-07-16,BR012,partner_referral,FIYAB4799X,7203010266,swathi50@hotmail.com,28.0,45707.0,salaried_private,616,0.6576,2.0,5,vehicle,1323000,84.0,0,,duplicate_application_id
LA031018,APP023585,Siddharth Chatterjee,Ahmedabad,2023-02-12,BR032,branch,WSKBX0364R,9458122648,fkulkarni@hotmail.com,31.0,154094.0,self_employed_professional,819,0.4266,0.0,0,vehicle,1433000,,0,,missing_required_field
LA031076,APP000373,Ananya Bhat,Nashik,2024-09-18,BR006,branch,AUCIB6411C,9370975813,tarun44@gmail.com,28.0,59949.0,contract,564,0.6645,3.0,7,personal,911000,,0,,missing_required_field
LA031084,APP003401,Rahul Bose,Tirunelveli,2023-02-27,BR023,online,EHZCF3752H,8451463750,pagarwal@rediffmail.com,32.0,0.0,salaried_government,900,0.3702,0.0,0,vehicle,459000,36.0,0,,income_not_positive
LA031096,APP005545,Aditya Joshi,Mumbai ,not_a_date,BR020,online,YMEEB1606K,6467692154,gnair@rediffmail.com,49.0,63960.0,salaried_government,694,0.5422,0.0,0,home,4170000,300.0,0,,unparseable_application_date
LA031116,APP018137,Aditya Bose,Tirunelveli,2025-05-03,BR032,partner_referral,AGAFF8873F,8196150629,areddy@yahoo.co.in,,41152.0,salaried_private,685,0.583,0.0,4,home,2684000,240.0,0,,missing_required_field
LA031145,APP021798,Karthik Reddy,Jaipur,2024-01-28,BR014,online,SYDZV8739Z,7333800169,sunita55@rediffmail.com,47.0,31874.0,self_employed_business,716,0.4105,2.0,1,gold,116000,,0,,missing_required_field
LA031196,APP025969,Krishna Ramesh,Delhi,2025-01-17,BR009,partner_referral,ZNYGP3168C,6623365516,sanjana40@rediffmail.com,43.0,31897.0,self_employed_professional,0,0.4822,3.0,0,gold,117000,18.0,0,,credit_score_out_of_range
LA031197,APP002063,Priya Reddy,Chennai,2024-12-21,BR025,branch,PHMWT8340V,9241866200,nnair@protonmail.com,,49188.0,contract,699,0.3137,0.0,1,home,1746000,240.0,0,,missing_required_field
LA031207,APP001370,Swathi Varma,Hyderabad,2023-11-04,BR027,online,PABJT8568X,7956495832,divya.mehta@hotmail.com,37.0,66799.0,contract,640,0.487,0.0,2,vehicle,1951000,,1,634191.25,missing_required_field
LA031227,APP026509,Harsha Subramanian,Jaipur,2024-09-30,BR008,partner_referral,UJRRR8115Z,9322906453,skapoor@rediffmail.com,50.0,76147.0,self_employed_professional,471,0.5726,,7,personal,793000,24.0,1,698208.52,missing_required_field
LA031234,APP007261,Krishna Varma,Hyderabad,2024-03-22,BR010,online,NTNHE3709K,7114821609,rahul_subramanian7@outlook.com,27.0,35485.0,salaried_private,0,0.6315,1.0,2,personal,747000,60.0,1,680413.13,credit_score_out_of_range
LA031241,APP001851,Reyansh Iyer,Pune,2023-08-31,BR031,partner_referral,IWZLQ2472N,9372347321,divya.kulkarni@protonmail.com,47.0,24129.0,contract,671,0.7964,2.0,1,vehicle,649000,,0,,missing_required_field
LA031274,APP024309,Gayathri Mukherjee,Coimbatore,2023-01-06,BR027,branch,SGTUD8455U,9850454972,anand_kulkarni1@rediffmail.com,34.0,0.0,self_employed_professional,647,0.6244,0.0,1,vehicle,1627000,60.0,0,,income_not_positive
LA031288,APP024310,Karthik Ramesh,Ahmedabad,2023-11-18,BR003,online,FPITR3360D,6930203477,ananya.agarwal@gmail.com,34.0,0.0,self_employed_professional,649,0.5137,0.0,1,vehicle,748000,24.0,0,,income_not_positive
LA031326,APP018163,Swathi Hegde,Surat,2023-04-20,BR020,branch,BKJWT8627U,9328476518,tarun67@protonmail.com,,78644.0,salaried_private,808,0.4466,1.0,0,vehicle,651000,24.0,0,,missing_required_field
LA031347,APP004149,Vikram Hegde,Visakhapatnam,2024-08-13,BR025,branch,IJJDL5843F,6498467314,naveen21@yahoo.co.in,35.0,77519.0,salaried_government,1200,0.2694,0.0,2,personal,433000,24.0,0,,credit_score_out_of_range
LA031372,APP008821,Aditya Desai,Kolkata,2024-10-26,BR022,partner_referral,WJXKY0173Q,9449355029,kiran.raman@protonmail.com,30.0,-1.0,salaried_private,666,0.8392,1.0,2,personal,864000,12.0,0,,income_not_positive
LA031376,APP008828,Neha Kulkarni,Visakhapatnam,2023-04-13,BR006,branch,CHWWN8004I,7650012764,aarav96@protonmail.com,30.0,-25000.0,salaried_private,614,0.6729,0.0,5,personal,389000,24.0,0,,income_not_positive
LA031401,APP007251,Praveen Patel,Nagpur,2023-06-13,BR002,partner_referral,FTXAY9878S,8082431875,yamini_rathore5@hotmail.com,27.0,34662.0,salaried_private,399,0.1802,0.0,8,personal,126000,,0,,missing_required_field
LA031421,APP016713,Yash Iyer,Kanpur,2023-02-10,BR036,online,XQZTK6416H,7056034390,vikram96@rediffmail.com,46.0,0.0,salaried_private,641,0.3712,0.0,4,personal,661000,36.0,0,,income_not_positive
LA031422,APP012421,Gayathri Chauhan,Mumbai,2024-12-06,BR028,branch,MYLTL5115F,7091495985,arjun58@yahoo.co.in,35.0,25913.0,salaried_private,715,0.6276,,0,personal,486000,60.0,0,,missing_required_field
LA031447,APP019160,Anjali Bose,Hyderabad,2024-02-10,BR011,branch,EWZXQ4063Y,6355040651,jyothi.rao@gmail.com,30.0,0.0,self_employed_business,642,0.2338,0.0,2,vehicle,205000,36.0,0,,income_not_positive
LA031511,APP017646,Karthik Sharma,Indore,2024-02-19,BR005,partner_referral,KSQXX5396Y,9400374320,liyer@outlook.com,53.0,32908.0,salaried_private,4300,0.314,1.0,5,gold,101000,12.0,0,,credit_score_out_of_range
LA031519,APP023516,Vinay Rao, Kolkata,2023-10-06,BR037,branch,QLJYK2386B,9567260154,ishita87@rediffmail.com,30.0,69395.0,self_employed_professional,1200,0.4012,0.0,0,personal,1028000,48.0,0,,credit_score_out_of_range
LA031532,APP026845,Rahul Kapoor,Lucknow,2024-02-24,BR021,online,SBRKI0274L,9227218696,pverma@hotmail.com,30.0,129887.0,,782,0.3739,0.0,0,personal,1412000,36.0,0,,missing_required_field
LA031533,APP003967,Saanvi Krishnan,Vadodara,2023-07-23,BR008,branch,SSVGS3888C,9840119866,farhan.venkatesan@yahoo.co.in,35.0,-1.0,salaried_government,619,0.3887,0.0,3,home,3287000,300.0,0,,income_not_positive
LA031534,APP014011,Meera Banerjee,Coimbatore,2024-09-03,BR025,online,BXCIY1466H,9514034194,pallavi_bhat7@protonmail.com,38.0,0.0,salaried_private,739,0.4873,0.0,1,personal,1133000,60.0,0,,income_not_positive
LA031536,APP025338,Meera Desai,Chennai,2023-04-05,BR014,branch,HFZKM5453I,9712671209,praveen90@outlook.com,38.0,81818.0,self_employed_professional,826,0.7127,,2,vehicle,2043000,60.0,0,,missing_required_field
LA031551,APP026228,Aditya Krishnan,Mysuru,2023-11-01,BR022,online,GELYQ4330D,8335513752,naveen59@outlook.com,46.0,-25000.0,self_employed_professional,663,0.5723,1.0,1,personal,256000,60.0,0,,income_not_positive
LA031556,APP005809,Rahul Kulkarni,Kolkata,2023-11-10,BR031,branch,ZYZEV4689S,7371184997,rohit48@outlook.com,,150169.0,salaried_government,728,0.3115,0.0,1,gold,1000000,24.0,0,,missing_required_field
LA031601,APP013497,Gayathri Pillai,Bhopal,2024-13-05,BR037,online,MRZHQ6430T,6506124436,rohit.venkatesan@rediffmail.com,37.0,15118.0,salaried_private,803,0.4917,1.0,0,personal,248000,48.0,0,,unparseable_application_date
LA031605,APP007522,Aditya Bose,Delhi,not_a_date,BR002,online,PDDSL8567B,6778231084,kavya83@rediffmail.com,27.0,86535.0,Salaried_Private,704,0.4258,0.0,2,personal,759000,24.0,0,,unparseable_application_date
LA031621,APP009529,Rohan Krishnan, Lucknow,2023-09-01,BR031,branch,DRGYZ0000E,7201489196,sunita57@yahoo.co.in,31.0,0.0,salaried_private,611,0.4617,1.0,3,gold,185000,18.0,0,,income_not_positive
LA031659,APP014527,Rahul Shah,Nashik,2024-09-16,BR012,branch,ATTCN5751M,6091822314,deepak.mehta@yahoo.co.in,39.0,18071.0,salaried_private,4300,0.449,0.0,5,vehicle,251000,36.0,0,,credit_score_out_of_range
LA031662,APP001781,Nikhil Subramanian,Mumbai,not_a_date,BR019,branch,WLEDV8159E,7872526934,hpatel@protonmail.com,45.0,101619.0,contract,900,0.7654,2.0,0,home,6919000,360.0,0,,unparseable_application_date
LA031700,APP005858,Priya Rao,Hyderabad,2023-09-23,BR005,online,GMVWU7130N,7262854359,manoj_prasad3@outlook.com,23.0,-25000.0,salaried_private,745,0.4873,2.0,1,vehicle,418000,36.0,0,,income_not_positive
LA031710,APP018142,Rahul Sinha,Mumbai,2024-01-19,BR008,branch,KEUVR4957S,8229682592,karthik_reddy8@hotmail.com,,46863.0,salaried_private,452,0.5592,1.0,8,home,2629000,360.0,0,,missing_required_field
LA031729,APP005988,Karthik Hegde,Lucknow,2024-03-10,BR036,branch,RDIIH0627K,9096869699,praveen.ghosh@gmail.com,24.0,-1.0,salaried_private,666,0.4477,1.0,2,home,8023000,360.0,0,,income_not_positive
LA031749,APP021393,Arjun Rao,Mumbai,2023-02-17,BR009,branch,WWFNJ9880F,8956556430,ishita74@gmail.com,42.0,21235.0,self_employed_business,726,0.4407,1.0,0,vehicle,297000,,0,,missing_required_field
LA031759,APP026854,Swathi Chatterjee,Delhi,2023-12-28,BR035,online,EEADY6108K,8412191857,zhegde@outlook.com,31.0,20565.0,,558,0.3418,0.0,3,personal,200000,36.0,0,,missing_required_field
LA031769,APP026852,Krishna Sharma,Tirunelveli,2024-04-01,BR040,partner_referral,ZDMKY7832B,6338626447,esha_bose8@outlook.com,30.0,84109.0,,672,0.2759,0.0,0,gold,700000,36.0,0,,missing_required_field
LA031798,APP017690,Priya Hegde,Surat,2025-02-12,BR022,online,QPQAC3275A,8894890038,vhegde@outlook.com,54.0,-25000.0,salaried_private,800,0.4308,2.0,1,vehicle,674000,36.0,0,,income_not_positive
LA031808,APP015129,Swathi Bhat,Kolkata,2025-06-01,BR016,online,BAFWU0999X,6296237308,bhargav52@hotmail.com,40.0,48732.0,salaried_private,730,0.3889,1.0,1,personal,425000,,0,,missing_required_field
LA031846,APP003540,Pooja Joshi,Indore,not_a_date,BR036,partner_referral,KGVHL2007I,9995481980,ajoshi@yahoo.co.in,32.0,62075.0,salaried_government,670,0.4545,1.0,1,gold,333000,18.0,0,,unparseable_application_date
LA031858,APP012041,Aniket Malhotra,Jaipur,not_a_date,BR005,branch,EJEZZ2626F,8700895396,rajesh39@hotmail.com,34.0,53030.0,salaried_private,749,0.4809,0.0,1,home,3115000,300.0,0,,unparseable_application_date
LA000255,APP020008,Vivaan Krishnan,Kochi,2024-06-05,BR023,partner_referral,RGNED0005A,6050513407,kiran_das7@yahoo.co.in,33.0,66893.0,self_employed_business,779,0.7291,3.0,0,personal,1442000,60.0,0,,duplicate_application_id
LA031864,APP016729,Rohan Sinha,Bengaluru,2023-03-24,BR030,branch,KQUVY5992J,6543034962,hema.shah@hotmail.com,46.0,14063.0,salaried_private,831,0.6933,1.0,0,personal,190000,,0,,missing_required_field
LA031880,APP012232,Ishaan Hegde, Nagpur,2025-04-01,BR034,direct_sales_agent,KYHGC9966T,8994390575,agowda@outlook.com,35.0,0.0,salaried_private,831,0.7996,2.0,0,personal,1321000,24.0,1,671298.29,income_not_positive
LA031894,APP017773,Vinay Prasad,Madurai,2023-07-04,BR021,online,HSPFA2077K,7815886577,bhargav.rao@yahoo.co.in,55.0,40922.0,salaried_private,717,0.4048,1.0,1,vehicle,260000,,0,,missing_required_field
LA031913,APP025476,Deepika Mukherjee,Hyderabad,2024-13-05,BR016,online,UDWNM3907Y,9486378800,hema.mehta@yahoo.co.in,39.0,63368.0,self_employed_professional,611,0.5187,0.0,3,personal,937000,36.0,1,651925.21,unparseable_application_date
LA031931,APP022045,Ananya Krishnan,Rajkot,2024-12-17,BR038,online,JNSCQ0352H,8129079545,rohit.reddy@gmail.com,54.0,0.0,self_employed_business,710,0.5089,0.0,1,vehicle,552000,48.0,0,,income_not_positive
LA031936,APP020593,Neha Chatterjee,Nagpur,2024-08-15,BR006,branch,BIEZT4897H,7210492922,pvenkatesan@rediffmail.com,37.0,-25000.0,self_employed_business,845,0.471,2.0,0,home,1899000,300.0,0,,income_not_positive
LA000054,APP011074,Arjun Shah,Rajkot,2024-03-02,BR004,direct_sales_agent,NPSBN1278Y,6915564517,kmehta@hotmail.com,33.0,24828.0,salaried_private,671,0.7317,1.0,1,home,1500000,180.0,0,,duplicate_application_id
LA031967,APP015352,Aniket Reddy,Nagpur,2023-11-07,BR038,branch,KEQWG2685V,6807050361,sandeep49@protonmail.com,41.0,23680.0,salaried_private,511,0.2739,0.0,4,gold,137000,,0,,missing_required_field
LA031992,APP018146,Deepika Reddy,Kochi,2023-01-28,BR001,branch,SKVUY7256S,9027977482,bhargav60@hotmail.com,,49816.0,salaried_private,479,0.8788,4.0,6,personal,1030000,60.0,0,,missing_required_field
LA032007,APP017326,Nandini Krishnan,Hyderabad,2024-04-10,BR001,online,ZZFLT3397H,9907146321,jayanth_chauhan9@gmail.com,50.0,-25000.0,salaried_private,616,0.4791,0.0,3,personal,1065000,60.0,0,,income_not_positive
LA032010,APP014454,Gayathri Joshi,Nagpur,2023-08-06,BR002,online,ZSXLI6299J,7394656908,vikram.joshi@outlook.com,39.0,-1.0,salaried_private,899,0.3733,0.0,1,vehicle,1727000,60.0,0,,income_not_positive
LA032016,APP001253,Swathi Nair,Delhi,2023-07-04,BR010,online,IUYZG5943Z,9811406145,rajesh27@outlook.com,36.0,51436.0,contract,851,0.4278,,0,vehicle,553000,36.0,0,,missing_required_field
LA032021,APP024374,Aniket Nair,Bhopal,2024-01-21,BR031,online,HSGFM2611U,8266963633,shreya_rao8@yahoo.co.in,34.0,29281.0,self_employed_professional,740,0.5273,,0,vehicle,650000,60.0,0,,missing_required_field
LA032044,APP018143,Shreya Banerjee,Kochi,2024-08-13,BR021,partner_referral,JPAWQ5578L,9806085334,sridhar.bhat@gmail.com,,46955.0,salaried_private,728,0.2386,0.0,0,gold,340000,36.0,0,,missing_required_field
LA032061,APP023392,Aditya Nair,Visakhapatnam,2025-06-09,BR015,online,KKPBS4699Y,7816011004,drao@rediffmail.com,30.0,29913.0,self_employed_professional,4300,0.3925,1.0,0,vehicle,324000,36.0,0,,credit_score_out_of_range
LA032069,APP026898,Neha Subramanian,Bengaluru,2023-12-01,BR022,online,FQXTP9295U,8661039010,cshah@protonmail.com,35.0,29284.0,,768,0.5252,1.0,1,home,1606000,240.0,0,,missing_required_field
LA032070,APP010258,Meera Bose,Nagpur,2024-07-01,BR004,branch,NGZYZ8208Q,8449326606,siyer@protonmail.com,32.0,-25000.0,Salaried_Private,749,0.3413,1.0,1,gold,50000,12.0,0,,income_not_positive
LA000403,APP023056,Ananya Reddy,Lucknow,2024-06-24,BR032,branch,ZRBUP4770V,7839226267,praveen_venkatesan8@outlook.com,29.0,103677.0,self_employed_professional,754,0.4001,0.0,0,home,4647000,240.0,0,,duplicate_application_id
LA032086,APP018160,Diya Malhotra,Coimbatore,2025-05-06,BR037,online,FEAXG7198N,6862532349,hema.krishnan@yahoo.co.in,,67073.0,salaried_private,710,0.7723,1.0,1,personal,1267000,36.0,1,759319.62,missing_required_field
LA032088,APP026894,Priya Patel,Nagpur,2023-02-04,BR027,direct_sales_agent,KQGTQ1110S,7443269991,zraman@rediffmail.com,35.0,103177.0,,781,0.3979,0.0,0,vehicle,2500000,84.0,0,,missing_required_field
LA032104,APP018590,Siddharth Rao,Kanpur,2023-12-06,BR007,branch,GTEII0151Y,8505975222,svenkatesan@outlook.com,27.0,14572.0,self_employed_business,0,0.4844,0.0,1,personal,296000,60.0,0,,credit_score_out_of_range
LA032112,APP002058,Bhavana Patel,Bhopal,2025-04-18,BR019,branch,SATBP1341W,8700868521,kavya10@outlook.com,,32417.0,contract,755,0.5504,1.0,2,home,1744000,240.0,0,,missing_required_field
LA032118,APP015950,Bhavana Desai,Bhopal,2024-11-12,BR026,online,MTXBM2338L,7846689837,chetan96@rediffmail.com,43.0,-1.0,salaried_private,613,0.2506,0.0,4,gold,310000,18.0,0,,income_not_positive
LA032119,APP022645,Nandini Sharma,Nagpur,2023-01-11,BR019,partner_referral,EEWQT5430P,8638750354,smenon@hotmail.com,27.0,15462.0,self_employed_professional,571,0.3473,1.0,4,vehicle,115000,,0,,missing_required_field
LA032132,APP014499,Priya Verma,Vadodara,2024-07-23,BR018,direct_sales_agent,FKMHT0033S,8827666780,vsubramanian@gmail.com,39.0,153977.0,salaried_private,560,0.7183,,7,home,8790000,360.0,0,,missing_required_field
LA032154,APP012860,Harsha Prasad,Visakhapatnam,2023-01-12,BR017,partner_referral,XBVMM3813Q,8608505813,tarun19@outlook.com,36.0,0.0,salaried_private,844,0.3219,0.0,1,home,2811000,360.0,0,,income_not_positive
LA032170,APP012846,Kavya Ramesh,Chennai,2024-04-08,BR027,branch,DTRFG8553G,8256883070,uma_gupta7@gmail.com,36.0,-1.0,SALARIED_PRIVATE,683,0.4296,1.0,1,home,3154000,240.0,0,,income_not_positive
LA032188,APP013433,Vinay Pillai,Delhi,2024-09-14,BR023,direct_sales_agent,KCEAI9322C,6860406222,kiran_gupta7@yahoo.co.in,37.0,0.0,salaried_private,634,0.4996,1.0,2,vehicle,428000,48.0,0,,income_not_positive
LA032196,APP020362,Manoj Subramanian,Ahmedabad,,BR007,partner_referral,MEBQY9805P,7873981797,jayanth93@protonmail.com,35.0,58064.0,self_employed_business,454,0.3942,1.0,10,personal,485000,36.0,1,350178.6,unparseable_application_date
LA032201,APP004259,Pooja Chauhan,Mysuru,not_a_date,BR018,partner_referral,KHXEH4763V,9548261773,vinay40@yahoo.co.in,36.0,38214.0,salaried_government,778,0.6095,2.0,0,gold,199000,12.0,0,,unparseable_application_date
LA032222,APP025804,Divya Reddy,Kanpur ,2025-03-28,BR013,branch,KBGHR2465U,6509842344,fdas@protonmail.com,42.0,-1.0,self_employed_professional,613,0.8601,4.0,5,home,4369000,360.0,0,,income_not_positive
LA032224,APP025356,Pooja Rao,Surat,2023-02-20,BR032,branch,CXSXK0608F,8579096156,bhargav_menon3@protonmail.com,39.0,-1.0, SELF_EMPLOYED_PROFESSIONAL ,835,0.7678,0.0,1,personal,445000,12.0,0,,income_not_positive
LA032244,APP026618,Deepika Patel,Pune,2024-04-06,BR026,online,HTBHT6630K,9982315908,tarun.naidu@hotmail.com,54.0,26490.0,self_employed_professional,761,0.5471,1.0,2,personal,324000,,0,,missing_required_field
LA032245,APP018122,Anjali Joshi,Chennai,2023-08-09,BR023,online,XWIYP2544C,7480332489,jayanth.malhotra@protonmail.com,,31311.0,salaried_private,766,0.4821,0.0,0,home,1707000,240.0,0,,missing_required_field
LA032251,APP026790,Ananya Bose,Indore,2024-12-12,BR036,branch,LWUHZ7701H,8077866169,omkar44@hotmail.com,,35030.0,self_employed_professional,793,0.5188,1.0,0,home,1647000,240.0,0,,missing_required_field
LA032259,APP010291,Deepika Chatterjee,Pune,31/02/2024,BR027,partner_referral,RLAAA7339R,6662083287,dinesh_venkatesan6@rediffmail.com,32.0,12256.0,salaried_private,582,0.4185,3.0,5,gold,39000,24.0,0,,unparseable_application_date
LA032263,APP022334,Swathi Iyer,Mumbai,,BR035,partner_referral,TQCGC5184M,9800341523,vaishnavi_rao2@gmail.com,24.0,85344.0,self_employed_professional,801,0.413,0.0,0,personal,1500000,60.0,0,,unparseable_application_date
LA032287,APP020792,Meera Sharma,Bhopal,2023-06-26,BR006,branch,UBACF9026R,7165051249,lakshmi58@protonmail.com,38.0,-25000.0,self_employed_business,701,0.3256,1.0,3,personal,683000,60.0,0,,income_not_positive
LA032297,APP020404,Aditya Chauhan,Coimbatore,2023-03-03,BR026,branch,LXVMZ8493J,6921620491,aarav_malhotra6@hotmail.com,36.0,-25000.0,self_employed_business,684,0.648,0.0,4,vehicle,737000,12.0,0,,income_not_positive
LA032311,APP012591,Neha Rao,Kanpur,2024-10-31,BR020,branch,STEHP0480N,7832058785,nandini.shah@outlook.com,35.0,41633.0,salaried_private,734,0.2839,,1,personal,428000,48.0,0,,missing_required_field
LA032324,APP026809,Aadhya Menon,Vadodara,2024-05-14,BR039,partner_referral,HRJXW2575L,9542899738,harish83@hotmail.com,22.0,29709.0,,882,0.2958,1.0,1,gold,102000,18.0,0,,missing_required_field
LA032337,APP002835,Saanvi Bhat,Mumbai,2025-06-21,BR029,branch,DICBK2685N,9932854434,swathi64@hotmail.com,29.0,33881.0,salaried_government,650,0.441,2.0,3,gold,298000,,0,,missing_required_field
LA032346,APP013989,Rohan Menon,Bengaluru,2024-07-10,BR012,branch,QTDIJ4405Q,9358223453,bgupta@outlook.com,37.0,93080.0,salaried_private,712,0.3772,0.0,0,personal,1267000,,0,,missing_required_field
LA032348,APP022138,Aadhya Rao,Coimbatore,2025-01-19,BR027,branch,NSITZ5844L,7784543246,manoj21@gmail.com,60.0,-25000.0,self_employed_business,700,0.4496,0.0,1,home,3007000,180.0,0,,income_not_positive
LA032352,APP015954,Lakshmi Gowda, Coimbatore,2024-01-29,BR010,partner_referral,RNMVM4295K,6075104084,deepak_rathore4@protonmail.com,43.0,0.0,salaried_private,492,0.7747,3.0,7,personal,584000,48.0,0,,income_not_positive
LA032366,APP002389,Ananya Nair,Visakhapatnam,2024-09-21,BR032,direct_sales_agent,NAKIY2213L,7817634997,varun.mukherjee@outlook.com,26.0,55332.0,salaried_government,985,0.4055,1.0,1,gold,260000,18.0,0,,credit_score_out_of_range
LA032371,APP016244,Vivaan Verma,Hyderabad,2023-11-12,BR007,online,XSHSR9954L,9800532265,manoj.bhat@protonmail.com,44.0,-25000.0,salaried_private,744,0.2607,0.0,3,gold,60000,6.0,0,,income_not_positive
LA032388,APP026515,Vivaan Hegde,Bhopal,2023-09-16,BR027,branch,SWKKV5870S,7451654285,msubramanian@protonmail.com,51.0,-1.0,self_employed_professional,610,0.2107,0.0,1,gold,225000,18.0,0,,income_not_positive
LA032412,APP026557,Aarav Verma,Kolkata,2024-11-19,BR028,online,NRZKA5660Y,7103260395,lakshmi_banerjee5@protonmail.com,52.0,26854.0,self_employed_professional,250,0.5376,1.0,0,home,1500000,300.0,0,,credit_score_out_of_range
LA032428,APP001066,Sneha Verma,Delhi,2023-09-06,BR036,partner_referral,HKDQV0456F,8640643092,chetan_nair2@protonmail.com,35.0,-1.0,contract,634,0.4128,0.0,2,gold,193000,24.0,0,,income_not_positive
LA000337,APP017598,Aarav Reddy,Vadodara,2024-10-26,BR039,branch,PEXFC7713T,6834090566,oghosh@outlook.com,52.0,50708.0,salaried_private,458,0.4843,0.0,9,vehicle,1135000,60.0,0,,duplicate_application_id
LA032457,APP009958,Deepika Bose,Nagpur,not_a_date,BR002,branch,ARCNQ7858Y,7191483460,arjun_malhotra4@hotmail.com,31.0,44091.0,salaried_private,869,0.6393,2.0,0,personal,733000,48.0,0,,unparseable_application_date
LA032505,APP018106,Swathi Joshi,Ludhiana,2023-07-25,BR011,online,JILQM6488N,9945945694,mahesh_menon5@outlook.com,,20845.0,salaried_private,514,0.3499,0.0,7,personal,256000,48.0,1,168974.09,missing_required_field
LA032509,APP025961,Ritika Ramesh,Bhopal,2024-13-05,BR002,branch,GZQMX0705G,6387219822,farhan_prasad1@yahoo.co.in,43.0,24297.0,self_employed_professional,608,0.2691,1.0,2,personal,181000,48.0,0,,unparseable_application_date
LA032519,APP000301,Yash Hegde,Surat,2023-11-06,BR038,partner_referral,FNTRI3036Z,8840483808,ananya.subramanian@hotmail.com,28.0,0.0,contract,755,0.5977,2.0,0,gold,389000,12.0,0,,income_not_positive
LA032535,APP008829,Bhavana Sharma,Lucknow,2024-12-28,BR016,branch,VLVYH5870I,9569272171,sverma@outlook.com,30.0,-25000.0,salaried_private,829,0.5873,2.0,1,home,2878000,240.0,0,,income_not_positive
LA032564,APP002811,Priya Rao,Nashik,2023-02-28,BR026,branch,YFRHR1631V,7089955519,ishita_subramanian9@outlook.com,29.0,24248.0,salaried_government,833,0.6107,,1,personal,446000,48.0,0,,missing_required_field
LA032574,APP026831,Deepika Desai,Visakhapatnam,2025-04-17,BR024,branch,CZCHZ8893E,8917974919,meera13@hotmail.com,27.0,48513.0,,419,0.6677,1.0,11,home,3364000,360.0,1,679226.45,missing_required_field
LA032604,APP014883,Krishna Gowda,Bengaluru,2024-10-16,BR039,branch,HAKSG7190Y,6984085622,sandeep96@hotmail.com,40.0,-25000.0,salaried_private,900,0.5304,1.0,0,home,2446000,240.0,0,,income_not_positive
LA032617,APP020684,Rahul Naidu,Kanpur,2023-07-22,BR002,online,DZTPR5189T,8662129873,suresh.krishnan@gmail.com,37.0,35452.0,self_employed_business,702,0.5093,1.0,0,home,1947000,,1,531912.58,missing_required_field
LA032639,APP018599,Siddharth Sharma,Vadodara,2024-08-26,BR033,online,PDHDS6773B,8807510076,suresh.shah@rediffmail.com,27.0,16305.0,self_employed_business,707,0.3531,0.0,2,personal,242000,,0,,missing_required_field
LA032654,APP026973,Neha Menon,Pune,2023-12-08,BR020,partner_referral,JSBJA5295B,8808056082,harish_subramanian7@gmail.com,60.0,45144.0,,379,0.7291,2.0,8,vehicle,562000,24.0,0,,missing_required_field
LA032656,APP026803,Shreya Prasad,Kolkata,2023-05-29,BR025,branch,BNSRY9480J,7938791126,harish.gowda@gmail.com,,59756.0,self_employed_professional,702,0.3912,0.0,1,personal,676000,36.0,0,,missing_required_field
LA032662,APP015464,Sneha Desai,Kochi,2024-02-25,BR033,online,DHXMI2602E,9900162901,sandeep.gupta@yahoo.co.in,41.0,41412.0,salaried_private,985,0.5378,0.0,2,home,2808000,360.0,0,,credit_score_out_of_range
LA032703,APP021079,Karthik Nair,Kanpur,2024-13-05,BR038,branch,TNUYW3652M,7665106207,ksubramanian@hotmail.com,39.0,67385.0,self_employed_business,414,0.693,2.0,10,personal,1353000,60.0,1,959445.81,unparseable_application_date
LA032707,APP018094,Priya Rao,Nagpur,2023-01-04,BR005,online,RQSCJ7675E,9414868904,divya.subramanian@rediffmail.com,,15482.0,salaried_private,782,0.8394,1.0,0,home,1500000,360.0,0,,missing_required_field
LA032729,APP022804,Priya Sharma,Kolkata,2024-06-29,BR005,online,JZXTF2676V,7678248984,kiran.chatterjee@yahoo.co.in,28.0,0.0,self_employed_professional,793,0.4268,1.0,0,home,1685000,240.0,0,,income_not_positive
LA000330,APP009358,Nandini Malhotra,Kolkata,2025-04-02,BR026,branch,JMVDY3310K,7500841216,rahul_naidu5@protonmail.com,30.0,59593.0,salaried_private,725,0.3979,1.0,2,vehicle,798000,60.0,0,,duplicate_application_id
LA032759,APP025646,Deepika Naidu,Indore,2023-05-08,BR031,partner_referral,KTLZV8197Y,8965517807,rajesh_raman3@rediffmail.com,40.0,72109.0,self_employed_professional,250,0.5223,0.0,0,personal,778000,24.0,1,502905.32,credit_score_out_of_range
LA032763,APP022338,Neha Varma,Vadodara,2024-12-22,BR036,branch,EUPCI2743R,8179022200,vikram.deshpande@protonmail.com,25.0,-25000.0,self_employed_professional,783,0.6071,0.0,0,vehicle,384000,12.0,0,,income_not_positive
LA032796,APP023300,Vikram Prasad,Nashik,2024-02-22,BR024,branch,QXZMT6185Q,8351974638,divya_kulkarni8@yahoo.co.in,30.0,-25000.0,self_employed_professional,750,0.3874,0.0,0,personal,478000,24.0,0,,income_not_positive
LA032804,APP000720,Krishna Desai,Surat,2023-12-08,BR031,online,BXGUH4676E,7025401653,yhegde@rediffmail.com,31.0,98972.0,contract,-15,0.6118,2.0,2,vehicle,2062000,60.0,0,,credit_score_out_of_range
LA032811,APP004666,Pooja Sharma,Nashik,2023-07-19,BR032,direct_sales_agent,JLMHD8441P,7959369911,ngupta@hotmail.com,39.0,25238.0, SALARIED_GOVERNMENT ,250,0.5185,0.0,1,personal,145000,12.0,1,120245.98,credit_score_out_of_range
LA032827,APP025301,Ananya Krishnan,Bengaluru,2024-01-13,BR008,direct_sales_agent,IVWUE2952E,8411455228,bhavana_chauhan6@gmail.com,38.0,50982.0,self_employed_professional,654,0.3905,0.0,3,personal,220000,,0,,missing_required_field
LA032828,APP008160,Aniket Sharma,Indore,2023-05-12,BR025,branch,CKGLX1719G,9262065636,naveen73@outlook.com,29.0,-25000.0,salaried_private,673,0.6119,2.0,0,home,4093000,360.0,0,,income_not_positive
LA032852,APP022340,Neha Patel,Rajkot,2024-05-08,BR007,online,YQVUD0025D,8690284608,ukulkarni@yahoo.co.in,25.0,0.0, SELF_EMPLOYED_PROFESSIONAL ,638,0.3546,1.0,1,personal,421000,60.0,0,,income_not_positive
LA032862,APP021869,Aarav Naidu,Hyderabad,2023-10-18,BR032,direct_sales_agent,ZWLSR4795F,8147906117,hema84@hotmail.com,49.0,-25000.0,self_employed_business,755,0.4873,0.0,0,vehicle,181000,36.0,0,,income_not_positive
LA032873,APP010916,Bhavana Kapoor,Jaipur,2023-08-22,BR039,branch,FSRZV2962A,9758417448,sanjana.shetty@outlook.com,33.0,-1.0,salaried_private,900,0.4619,3.0,0,vehicle,509000,24.0,0,,income_not_positive
LA032886,APP005173,Diya Chatterjee,Kanpur,2025-03-26,BR010,direct_sales_agent,HCZND8817Q,9218756619,vpatel@yahoo.co.in,44.0,0.0,salaried_government,589,0.7081,0.0,4,vehicle,706000,36.0,0,,income_not_positive
LA032900,APP010718,Rahul Pillai,Mysuru,2024-13-05,BR008,branch,VCXTB0805R,6746316140,bhavana_kulkarni4@protonmail.com,32.0,52314.0,salaried_private,792,0.413,0.0,3,vehicle,861000,48.0,0,,unparseable_application_date
LA032917,APP023821,Deepika Bose,Vadodara,2024-01-07,BR032,branch,IHVCH5677V,8297295600,sanjana_naidu5@yahoo.co.in,32.0,0.0,self_employed_professional,725,0.6977,2.0,1,personal,523000,48.0,0,,income_not_positive
LA000444,APP021693,Nandini Rao,Lucknow,2023-07-17,BR003,branch,TALTT9821H,6986732391,rahul33@hotmail.com,45.0,48626.0,self_employed_business,617,0.2954,0.0,3,personal,511000,48.0,0,,duplicate_application_id
LA032933,APP003324,Saanvi Ramesh,Ahmedabad,2023-03-21,BR036,online,YKYQR8456F,7505092253,manoj55@outlook.com,31.0,43134.0,salaried_government,690,0.5355,,3,home,2404000,360.0,0,,missing_required_field
LA032988,APP016893,Meera Hegde,Pune,2024-09-15,BR028,direct_sales_agent,NMWXJ8699J,9188890070,rkrishnan@gmail.com,46.0,86171.0,salaried_private,1200,0.4732,0.0,3,personal,1449000,48.0,0,,credit_score_out_of_range
