message_id,references_found,references_not_found,amounts,dates
MSG000002,,,,2026-05-31
MSG000004,,,260000.0,
MSG000006,,,187000.0,
MSG000007,,,285000.0,
MSG000008,,,344000.0,
MSG000010,,,885000.0,2026-10-05
MSG000013,,,770000.0,
MSG000017,,LA908001,,2025-10-06
MSG000019,LA023342,,,
MSG000020,,,649000.0,
MSG000021,,LA924692,,
MSG000022,,LA016915,,
MSG000034,LA010570,,,
MSG000038,,LA991088,,
MSG000040,,LA934397,,
MSG000042,,LA974463,,
MSG000045,LA013972,,,
MSG000050,,,250000.0,
MSG000052,LA016443,,9000.0,
MSG000057,,,898000.0,
MSG000058,LA026921,,,
MSG000059,,LA934331,,
MSG000060,LA018346,,,
MSG000062,,,,2026-02-24
MSG000064,,,68000.0,
MSG000066,,,362000.0,
MSG000067,,,280000.0,
MSG000079,,,,2025-09-23
MSG000083,,,660000.0,
MSG000087,,LA993181,,
MSG000089,,,305000.0,
MSG000093,LA026192,,,
MSG000097,,,189000.0,
MSG000102,,,787000.0,
MSG000105,,,379000.0,
MSG000106,LA000908,,,
MSG000112,LA025002,,,
MSG000115,LA016756,,,
MSG000132,,LA982185,,
MSG000136,LA032944,,,
MSG000140,,LA946998,,
MSG000141,LA015581,,,2025-03-22
MSG000142,,LA968440,,
MSG000144,,,784000.0,2025-11-24
MSG000146,,,28000.0,
MSG000149,,LA941328,,
MSG000155,,LA994439,,
MSG000160,LA015804,,,
MSG000161,,,185000.0,
MSG000162,,LA004219,,2025-12-02
MSG000165,,,815000.0,
MSG000166,,,175000.0,2026-05-23
MSG000167,LA026641,,,2026-11-06
MSG000168,,,465000.0,
MSG000169,,,897000.0,
MSG000172,,,286000.0,
MSG000175,LA023177,,,
MSG000181,LA028465,,882000.0,
MSG000182,,LA935840,,
MSG000186,,,165000.0,
MSG000190,,,664000.0,
MSG000194,,LA983644,,
MSG000196,LA003070,,,2026-02-02
MSG000199,LA007012,,,
MSG000204,,,39000.0,2025-03-12
MSG000207,,,674000.0,
MSG000208,LA028942,,728000.0,
MSG000210,,,,2025-09-09
MSG000213,,,783000.0,
MSG000215,,,,2025-02-04
MSG000217,LA001390,,,
MSG000220,LA016797,,,
MSG000222,LA013372,,,
MSG000223,,,,2025-10-02
MSG000224,,,401000.0,2025-04-17
MSG000225,,,734000.0,
MSG000226,,,,2026-10-07
MSG000228,,,,2026-05-03
MSG000234,LA030999,,,
MSG000236,,,121000.0,
MSG000238,,,81000.0,
MSG000241,,,,2026-02-18
MSG000243,,,801000.0,
MSG000248,,,,2025-11-07
MSG000251,,,,2025-05-25
MSG000260,LA028279,,,
MSG000266,,,102000.0,
MSG000269,,,,2026-11-06
MSG000271,LA029589,,,
MSG000278,,,196000.0,
MSG000286,,,779000.0,
MSG000287,,LA961630,,
MSG000288,,,877000.0,
MSG000289,,,,2026-10-22
MSG000296,,,86000.0,
MSG000297,,,,2026-05-14
MSG000300,,LA964367,,
MSG000301,,,417000.0,
MSG000308,LA009563,,,2026-11-10
MSG000309,,,,2026-08-17
MSG000311,,,309000.0,
MSG000312,,,25000.0,
MSG000316,,,770000.0,
MSG000327,,LA935155,,
MSG000329,,,83000.0,
MSG000330,,,821000.0,
MSG000332,,,252000.0,
MSG000336,,LA983286,,
MSG000337,LA019409,,,2026-02-02
MSG000340,,,,2025-02-23
MSG000347,,,230000.0,
MSG000352,,,813000.0,
MSG000355,LA023125,,,2025-11-23
MSG000356,LA031926,,,
MSG000358,,,668000.0,
MSG000360,LA000240,,,
MSG000361,,,,2025-11-17
MSG000368,LA032243,,,
MSG000372,,,118000.0,
MSG000375,LA011743,,,
MSG000377,,,455000.0,
MSG000381,,,,2025-07-31
MSG000383,,,,2025-03-24
MSG000385,,,530000.0,
MSG000392,,LA974626,,
MSG000396,LA004245,,,
MSG000398,,LA981528,,
MSG000399,,,,2025-10-30
MSG000401,,LA980130,,
MSG000404,,,,2025-06-07
MSG000406,,,,2025-07-01
MSG000407,,,573000.0,2026-12-05
MSG000408,,,186000.0,2026-05-31
MSG000412,,,,2025-03-18
MSG000413,,,289000.0,
MSG000414,LA020332,,,
MSG000416,,,524000.0,
MSG000421,LA025814,,,
MSG000425,LA004292,,,
MSG000427,LA001348,,,2026-12-04
MSG000432,,,228000.0,
MSG000433,,,,2026-04-20
MSG000435,,,,2025-01-31
MSG000440,LA029586,,,
MSG000447,,,410000.0,
MSG000455,,,167000.0,
MSG000461,LA030812,,,
MSG000467,,,254000.0,
MSG000469,LA005181,,,
MSG000471,,,858000.0,
MSG000472,,LA915760,,
MSG000474,LA029830,,,
MSG000476,LA030021,,,
MSG000477,,,126000.0,
MSG000481,,,248000.0,
MSG000482,,,299000.0,
MSG000483,,LA032917,,
MSG000485,LA007175,,,
MSG000490,LA019122,,,
MSG000492,,,128000.0,2025-12-17
MSG000495,LA032815,,,
MSG000498,,,181000.0,
MSG000499,LA029783,,,
MSG000501,,,178000.0,
MSG000504,,,574000.0,
MSG000506,LA019982,,,
MSG000507,,,479000.0,
MSG000520,,,,2025-07-31
MSG000524,,LA987583,,
MSG000527,LA006533,,,
MSG000528,,,422000.0,
MSG000538,LA002790,,,
MSG000539,LA008583,,,
MSG000543,LA002159,,,
MSG000545,LA006473,,,
MSG000556,,,140000.0,
MSG000557,LA002482,,401000.0,
MSG000560,,LA984183,,
MSG000562,LA025173,,,
MSG000566,LA019487,,,
MSG000571,,,117000.0,
MSG000574,,LA924279,,
MSG000575,,,753000.0,
MSG000576,LA017115,,,
MSG000578,LA026727,,,
MSG000585,LA013574,,,
MSG000586,,,739000.0,2025-09-21
MSG000589,,,,2025-09-28
MSG000594,,LA998164,,
MSG000595,LA013315,,,
MSG000598,LA006859,,,
MSG000602,LA014693,,,
MSG000607,,,615000.0,2025-02-01
MSG000610,,,120000.0,
MSG000613,,,600000.0,2025-05-11
MSG000615,,,130000.0,
MSG000616,,,763000.0,
MSG000617,LA005782,,,
MSG000622,,,195000.0,
MSG000633,LA019467,,,
MSG000637,,,,2025-08-13
MSG000638,,,,2026-06-12
MSG000644,LA032918,,,
MSG000647,,,358000.0,
MSG000651,,,,2026-05-21
MSG000653,LA017609,,,
MSG000655,,,472000.0,
MSG000657,LA009890,,,
MSG000658,LA022732,,,
MSG000663,LA027068,,,
MSG000666,,,179000.0,
MSG000667,LA015583,,,
MSG000668,,,,2025-04-24
MSG000673,LA008294,,,
MSG000675,,,347000.0,
MSG000678,,,599000.0,
MSG000679,,,294000.0,
MSG000682,,,767000.0,
MSG000683,,,513000.0,
MSG000684,,,83000.0,
MSG000685,,,571000.0,
MSG000686,,,265000.0,
MSG000687,,,500000.0,2025-02-04
MSG000689,,LA952701,,
MSG000694,,LA932190,,
MSG000695,LA023584,,,
MSG000696,LA006203,,,
MSG000703,,,385000.0,2025-11-27
MSG000705,,,525000.0,
MSG000709,,,483000.0,
MSG000710,,,799000.0,
MSG000711,,,476000.0,
MSG000712,,LA922344,,
MSG000713,,,12000.0,
MSG000716,,LA936471,,2026-03-06
MSG000717,,,138000.0,
MSG000719,,LA903755,,
MSG000721,,,716000.0,2025-01-11
MSG000722,,,219000.0,
MSG000723,,,,2026-10-15
MSG000729,LA032913,,,
MSG000733,LA010510,,,
MSG000734,LA011576,,,
MSG000737,,,,2025-08-16
MSG000739,,,,2026-12-23
MSG000745,,LA969069,,
MSG000746,,,172000.0,
MSG000747,,,855000.0,
MSG000748,LA024016,,,
MSG000757,,,441000.0,
MSG000760,LA000402,,,
MSG000763,,,,2026-11-12
MSG000766,LA006726,,,
MSG000769,LA004158,,,
MSG000776,LA012921,,,
MSG000779,,,127000.0,2026-02-13
MSG000781,,LA970781,,
MSG000783,,,,2025-02-01
MSG000787,,LA966777,,
MSG000789,,,,2025-10-29
MSG000790,,,,2025-06-11
MSG000791,,LA954897,,
MSG000795,,,,2026-05-10
MSG000798,,,477000.0,
MSG000799,,,329000.0,
MSG000807,,,14000.0,
MSG000809,LA018283,,,
MSG000810,,,418000.0,2026-12-30
MSG000811,,,461000.0,
MSG000816,,,729000.0,
MSG000819,,,780000.0,
MSG000820,,,,2026-07-13
MSG000821,,,790000.0,2025-07-12
MSG000824,,,485000.0,
MSG000825,,,443000.0,
MSG000826,,,662000.0,
MSG000830,,,319000.0,
MSG000831,LA005953,,,2025-05-05
MSG000833,,,25000.0,
MSG000835,,,,2026-07-23
MSG000836,,,,2025-08-03
MSG000840,,,35000.0,
MSG000844,LA011377,,,
MSG000845,,LA025503,,
MSG000846,,,,2025-10-11
MSG000848,,,376000.0,
MSG000851,,,,2026-09-24
MSG000859,,,317000.0,
MSG000865,,,189000.0,
MSG000873,,,519000.0,
MSG000878,,,492000.0,
MSG000880,,,292000.0,
MSG000890,,,,2026-05-16
MSG000893,,,282000.0,
MSG000897,,,,2026-04-25
MSG000905,,,,2025-05-27
MSG000907,,,,2026-07-19
MSG000910,,,711000.0,
MSG000911,,,,2025-08-21
MSG000912,,,193000.0,
MSG000915,LA031019,,,
MSG000916,LA000474,,,
MSG000917,LA020726,,,
MSG000921,,,153000.0,
MSG000922,,,,2026-08-07
MSG000924,,,316000.0,
MSG000925,,,97000.0,
MSG000927,,,827000.0,
MSG000933,,,236000.0,
MSG000937,,,,2025-01-18
MSG000939,,,398000.0,
MSG000942,,,,2026-09-05
MSG000945,LA000852,,,
MSG000946,LA017196,,,
MSG000948,,,,2025-08-01
MSG000952,,,39000.0,
MSG000953,LA029023,,,
MSG000954,,,365000.0,
MSG000959,LA026350,,,
MSG000960,LA007716,,,
MSG000961,LA008565,,,
MSG000966,,,,2025-12-24
MSG000967,,,333000.0,
MSG000972,,LA936274,,
MSG000974,,,630000.0,
MSG000976,,LA025877,,
MSG000978,,,860000.0,
MSG000979,,,51000.0,
MSG000980,,,,2025-02-26
MSG000982,LA027058,,,
MSG000990,LA009298,,,
MSG000991,LA000099,,,
MSG000992,,LA972392,,
MSG000996,,,,2026-04-11
MSG000998,,,,2025-01-26
MSG001002,LA014680,,,
MSG001003,,,466000.0,
MSG001009,,,877000.0,
MSG001013,,LA987137,,
MSG001014,LA020469,,,
MSG001017,LA014658,,,
MSG001022,LA030848,,,
MSG001025,,,793000.0,
MSG001029,,,675000.0,
MSG001031,,LA908762,,
MSG001032,LA026858,,,2026-02-17
MSG001033,,,659000.0,
MSG001035,LA026022,,,
MSG001040,,,727000.0,
MSG001041,LA000677,,,
MSG001042,LA028170,,,
MSG001044,,,76000.0,
MSG001045,LA024946,,,
MSG001050,LA013114,,182000.0,
MSG001052,,,58000.0,
MSG001053,,,228000.0,2026-12-17
MSG001055,,,626000.0,2025-05-17
MSG001059,LA019476,,,2025-06-02
MSG001062,,,,2026-01-14
MSG001065,,,128000.0,
MSG001072,,,,2025-01-17
MSG001073,,,591000.0,
MSG001075,,LA938287,,
MSG001076,,LA999551,,
MSG001077,,LA027204,,
MSG001078,,,526000.0,
MSG001082,LA029901,,,
MSG001084,,,212000.0,
MSG001088,,,,2025-09-15
MSG001091,LA018195,,260000.0,2025-01-19
MSG001093,,,478000.0,
MSG001097,LA001366,,,
MSG001099,LA020431,,,
MSG001101,,,34000.0,
MSG001105,LA022465,,,
MSG001107,,,356000.0,
MSG001109,,LA986196,,
MSG001110,,,794000.0,
MSG001112,,LA999433,,
MSG001117,,,,2025-10-29
MSG001122,LA001949,,,
MSG001123,,LA918329,,
MSG001124,,,,2025-09-26
MSG001128,,,,2025-03-22
MSG001130,LA026981,,,
MSG001131,,,684000.0,
MSG001132,LA006681,,159000.0,
MSG001134,,,,2026-09-30
MSG001135,LA029387,,,
MSG001139,,,104000.0,
MSG001140,LA018199,,,2025-11-06
MSG001148,,LA946499,,
MSG001151,,LA913035,,
MSG001152,,,776000.0,
MSG001157,LA010653,,,
MSG001161,,LA986605,,
MSG001164,LA001945,,,
MSG001169,,,267000.0,
MSG001181,,,,2025-02-12
MSG001183,LA000596,,,
MSG001186,,,305000.0,
MSG001188,,,461000.0,
MSG001190,,,632000.0,2025-08-08
MSG001192,,,192000.0,
MSG001193,LA024496,,,
MSG001195,,,530000.0,
MSG001196,,,576000.0,
MSG001198,,LA951881,,
MSG001201,,,,2026-06-23
MSG001203,,,324000.0,
MSG001204,,,875000.0,
MSG001211,LA012461,,,
MSG001212,,,,2025-02-23
MSG001214,,,728000.0,
MSG001216,,,734000.0,
MSG001218,LA027722,,,
MSG001222,,,138000.0,
MSG001223,LA007644,,,
MSG001232,,LA924356,,
MSG001235,,LA909032,,
MSG001237,,,348000.0,
MSG001239,,,374000.0,2026-08-13
MSG001240,,,586000.0,
MSG001241,,LA973755,,
MSG001246,,,427000.0,
MSG001248,,,319000.0,
MSG001249,,,191000.0,
MSG001250,,,593000.0,
MSG001256,,,,2025-08-16
MSG001257,,LA981183,,
MSG001259,,LA987921,,
MSG001264,LA030371,,,
MSG001269,LA031070,,,
MSG001270,,,738000.0,
MSG001272,,LA997136,,
MSG001274,LA003372,,,
MSG001276,,,,2025-05-09
MSG001277,,,181000.0,
MSG001280,LA021372,,,
MSG001284,LA031010,,8000.0,2026-05-07
MSG001289,,LA981465,,
MSG001290,LA010684,,,
MSG001292,,LA978630,,
MSG001293,LA002239,,,
MSG001294,LA028895,,,
MSG001295,,,,2025-09-03
MSG001298,,,482000.0,
MSG001299,,LA981176,,
MSG001302,LA015659,,501000.0,
MSG001305,,,,2026-02-09
MSG001308,LA000898,,,
MSG001309,LA027728,,,
MSG001310,,,,2025-03-21
MSG001312,,,852000.0,
MSG001313,,,191000.0,
MSG001315,,,151000.0,2026-07-22
MSG001317,,LA999868,,2025-06-30
MSG001319,LA022428,,,
MSG001321,,LA002329,,
MSG001323,,LA946302,,
MSG001325,,LA975856,,
MSG001326,,,,2026-09-13
MSG001332,,,65000.0,
MSG001333,,,403000.0,
MSG001338,,,,2026-08-12
MSG001340,,,835000.0,2026-08-04
MSG001341,,,,2026-05-28
MSG001342,,,403000.0,
MSG001344,,,369000.0,
MSG001345,,LA008567,,
MSG001346,LA000607,,,
MSG001347,,,,2025-04-26
MSG001348,,,184000.0,
MSG001349,,,,2026-08-03
MSG001354,LA031508,,,
MSG001355,,,,2025-03-28
MSG001358,,,636000.0,
MSG001360,,,382000.0,
MSG001365,LA000829,,,
MSG001371,,,449000.0,2026-02-24
MSG001379,LA026281,,,
MSG001380,,,110000.0,
MSG001383,,,646000.0,
MSG001386,,,,2026-02-27
MSG001387,,,90000.0,
MSG001390,LA016898,,675000.0,
MSG001393,,,,2026-03-03
MSG001399,,,751000.0,
MSG001401,,,147000.0,
MSG001402,,,572000.0,
MSG001406,LA019253,,,
MSG001408,,,,2025-07-07
MSG001411,LA026793,,,
MSG001412,LA029531,,,
MSG001413,,,747000.0,
MSG001414,,,,2026-04-08
MSG001419,,,391000.0,
MSG001420,LA004218,,,
MSG001423,,,,2026-08-22
MSG001427,,,530000.0,
MSG001428,,,66000.0,
MSG001434,,,766000.0,2026-11-14
MSG001435,,,,2026-12-13
MSG001438,,,,2025-06-28
MSG001439,,,22000.0,
MSG001447,LA000596,,,
MSG001449,,,150000.0,
MSG001450,,LA981998,,
MSG001451,,LA911627,818000.0,
MSG001453,,LA969069,,
MSG001454,,,,2025-11-04
MSG001460,LA004124,,,
MSG001462,LA022548,,,
MSG001467,,,,2026-01-10
MSG001472,,LA933882,,
MSG001475,LA018776,,,
MSG001477,LA002775,,,
MSG001480,,,,2025-01-30
MSG001485,,,,2026-06-08
MSG001486,LA007767,,,
MSG001489,,,576000.0,
MSG001494,,,735000.0,
MSG001496,,,140000.0,
MSG001502,LA017746,,,
MSG001504,,LA913245,,
MSG001511,,,,2025-09-28
MSG001514,,,,2025-07-07
MSG001515,,,458000.0,
MSG001522,,,841000.0,
MSG001523,,,8000.0,
MSG001525,LA024124,,,2026-02-06
MSG001528,,,,2026-02-26
MSG001530,,,340000.0,
MSG001533,,,417000.0,
MSG001545,,,137000.0,
MSG001546,,LA917036,,
MSG001548,,,380000.0,
MSG001549,,,513000.0,
MSG001552,,,413000.0,
MSG001553,,,754000.0,
MSG001554,,,867000.0,
MSG001556,,,166000.0,
MSG001557,,,,2025-04-20
MSG001558,,,,2025-12-29
MSG001561,,,404000.0,
MSG001562,LA011350,,,
MSG001565,,,601000.0,
MSG001570,,,383000.0,
MSG001571,,,11000.0,
MSG001572,LA031338,,,
MSG001573,LA032749,,,
MSG001581,LA025298,,,
MSG001584,,,,2026-02-09
MSG001595,LA015009,,,
MSG001599,,,,2025-03-29
MSG001603,,,25000.0,
MSG001604,LA028949,,,
MSG001607,,LA911418,,
MSG001613,,,82000.0,
MSG001614,,,707000.0,
MSG001617,,,876000.0,
MSG001627,,,399000.0,
MSG001628,,,783000.0,
MSG001630,LA024048,,,
MSG001635,,,442000.0,
MSG001637,,LA989773,,
MSG001644,,LA977191,,
MSG001647,,,505000.0,
MSG001652,,,269000.0,2025-10-31
MSG001653,,,459000.0,
MSG001657,LA017171,,,2025-09-13
MSG001659,,LA910214,,
MSG001661,,,138000.0,2025-08-06
MSG001666,LA014659,,202000.0,2026-01-22
MSG001668,,,129000.0,
MSG001669,,,,2025-12-05
MSG001677,LA027470,,,
MSG001678,,LA962545,,2025-01-28
MSG001679,,LA966042,,
MSG001680,,,543000.0,
MSG001682,,,145000.0,
MSG001685,,,481000.0,
MSG001686,,,174000.0,
MSG001689,,,,2026-01-21
MSG001694,,,267000.0,
MSG001695,LA018401,,,
MSG001698,,,456000.0,
MSG001699,LA006061,,,
MSG001701,LA032995,,,
MSG001704,,LA951937,,
MSG001705,,,181000.0,
MSG001706,,,692000.0,
MSG001709,,,,2025-09-15
MSG001711,,,789000.0,
MSG001713,LA002262,,,
MSG001714,LA022960,,,
MSG001715,LA021666,,,
MSG001719,,,300000.0,
MSG001720,,,515000.0,
MSG001726,,,655000.0,2025-07-05
MSG001734,LA019365,,,
MSG001736,LA001720,,,
MSG001737,,,818000.0,
MSG001743,,LA960610,,
MSG001744,,,602000.0,
MSG001749,,,858000.0,
MSG001750,LA016271,,,
MSG001754,,,329000.0,
MSG001756,LA029451,,,
MSG001757,,,,2025-12-28
MSG001759,LA007938,,,
MSG001760,,,154000.0,
MSG001761,,,359000.0,
MSG001762,,LA990725,,
MSG001766,,,,2026-12-14
MSG001767,,,280000.0,
MSG001768,,,,2025-07-19
MSG001772,,LA951884,,
MSG001774,,,816000.0,
MSG001776,,,707000.0,2025-03-29
MSG001779,LA022847,,,
MSG001787,,,,2025-06-30
MSG001788,LA028344,,,
MSG001790,,,417000.0,
MSG001792,,LA031421,,2025-08-16
MSG001793,LA017058,,,2025-01-03
MSG001797,,LA965958,,
MSG001800,,,822000.0,2025-02-04
MSG001803,,,358000.0,
MSG001804,LA010379,,,
MSG001806,,,,2025-08-03
MSG001807,LA023112,,,2026-06-22
MSG001810,,,896000.0,
MSG001812,,LA957109,,
MSG001814,,,218000.0,2025-03-05
MSG001815,,,,2025-09-13
MSG001822,LA016057,,,
MSG001825,,,390000.0,
MSG001830,LA020714,,,
MSG001831,LA024503,,,
MSG001832,,,797000.0,
MSG001837,LA023468,,,
MSG001839,LA008042,,,
MSG001840,,,,2026-09-20
MSG001843,,,,2025-02-19
MSG001846,,,407000.0,
MSG001855,,,,2026-02-28
MSG001857,,,529000.0,
MSG001858,LA024965,,,
MSG001859,,,850000.0,
MSG001863,,,,2025-09-14
MSG001865,,,,2025-12-20
MSG001868,,,,2026-10-25
MSG001869,,,,2025-08-07
MSG001871,,,386000.0,
MSG001875,,,12000.0,
MSG001877,,,739000.0,
MSG001885,LA017898,,,
MSG001887,,,480000.0,
MSG001892,,,,2026-02-17
MSG001893,,,185000.0,
MSG001894,LA030713,,,
MSG001899,LA021783,,,
MSG001901,LA029430,,,
MSG001902,LA032306,,,
MSG001903,,,,2026-04-12
MSG001906,,,,2025-08-26
MSG001908,,,710000.0,2025-01-27
MSG001911,,,893000.0,2025-06-22
MSG001913,,,19000.0,
MSG001919,LA032822,,739000.0,
MSG001920,LA024602,,,
MSG001922,,LA939614,,
MSG001923,,LA989084,,
MSG001925,,,733000.0,
MSG001926,LA019736,,,
MSG001929,,,,2025-07-19
MSG001931,,,886000.0,
MSG001936,LA003909,,,
MSG001938,,,,2025-03-18
MSG001941,,,564000.0,
MSG001943,LA012759,,,
MSG001945,LA015700,,,
MSG001946,LA025779,,,
MSG001951,LA019449,,,
MSG001954,,,729000.0,
MSG001957,,,,2025-05-18
MSG001960,,,164000.0,2025-01-03
MSG001962,LA014506,,,
MSG001966,,,,2025-01-26
MSG001969,LA004857,,,
MSG001971,LA023646,,,
MSG001972,,,,2026-01-15
MSG001978,LA014268,,,
MSG001979,,,,2025-04-08
MSG001986,,LA941392,,
MSG001987,LA001199,,,
MSG001990,,,699000.0,
MSG001991,,,,2025-12-31
MSG001996,,LA979994,,
MSG001999,,,266000.0,
MSG002009,,,259000.0,
MSG002010,LA009400,,,2025-06-02
MSG002012,,,,2026-05-17
MSG002013,,,209000.0,
MSG002016,,,208000.0,
MSG002017,,LA960523,,
MSG002018,,,34000.0,
MSG002019,,LA968494,,
MSG002022,,LA976026,,
MSG002024,,LA973593,,
MSG002028,,,838000.0,
MSG002036,,LA956434,,
MSG002038,,,85000.0,
MSG002043,,,602000.0,
MSG002048,,,576000.0,
MSG002058,,,621000.0,
MSG002060,LA029022,,,
MSG002064,,LA961547,,
MSG002065,LA003932,,,
MSG002070,,,246000.0,
MSG002072,,,,2026-10-11
MSG002073,,,356000.0,
MSG002075,LA013417,,,
MSG002076,LA016922,,,
MSG002077,,,149000.0,
MSG002078,,LA950875,,
MSG002079,,,,2026-09-13
MSG002080,,,,2026-02-18
MSG002081,,,315000.0,
MSG002090,LA002771,,,
MSG002092,,,649000.0,
MSG002093,,,169000.0,2026-04-06
MSG002094,,,,2025-02-04
MSG002096,,,775000.0,
MSG002100,LA005485,,,
MSG002101,,,144000.0,
MSG002102,,,535000.0,
MSG002103,LA031028,,,
MSG002104,LA019509,,,
MSG002106,LA006970,,,
MSG002107,LA005619,,,
MSG002109,,,286000.0,2025-07-17
MSG002113,LA014066,,,
MSG002115,,,117000.0,
MSG002119,LA023908,,,
MSG002120,,,164000.0,
MSG002121,,,516000.0,
MSG002122,LA024130,,,
MSG002125,,,,2025-02-20
MSG002127,,,775000.0,
MSG002129,LA006472,,,
MSG002134,,,324000.0,
MSG002137,LA023974,,,
MSG002138,LA029574,,,
MSG002139,,,58000.0,
MSG002145,LA007503,,392000.0,
MSG002146,LA000871,,,
MSG002148,,,391000.0,
MSG002152,,LA933912,,
MSG002153,,,254000.0,2026-04-22
MSG002154,,,443000.0,
MSG002159,,,93000.0,
MSG002160,,,602000.0,
MSG002162,,LA972689,,
MSG002164,,,,2025-11-14
MSG002165,LA031641,,,
MSG002166,LA017250,,,
MSG002169,,,,2025-06-12
MSG002170,LA025645,,,
MSG002173,,LA987887,,
MSG002175,LA010586,,,
MSG002176,,,,2025-03-11
MSG002177,,,,2026-02-13
MSG002179,,LA970525,,
MSG002182,,,742000.0,
MSG002184,,,,2025-12-01
MSG002185,,,168000.0,
MSG002190,LA009895,,,
MSG002192,,,78000.0,
MSG002197,,,780000.0,
MSG002200,LA007462,,,
MSG002202,LA007195,,,
MSG002204,,,629000.0,
MSG002205,,,,2025-03-06
MSG002206,,,677000.0,
MSG002207,,,162000.0,
MSG002208,,LA977216,,
MSG002213,LA015577,,,2026-10-20
MSG002214,LA003502,,,
MSG002216,,,221000.0,2025-07-13
MSG002219,,LA983033,,
MSG002220,,,250000.0,
MSG002224,LA027790,,,
MSG002225,,LA016897,,
MSG002226,,,390000.0,
MSG002227,LA030202,,,
MSG002229,,,355000.0,
MSG002233,,LA936735,271000.0,
MSG002234,LA016596,,,
MSG002235,,,,2026-04-20
MSG002237,,,548000.0,
MSG002242,,,745000.0,2025-02-11
MSG002243,,LA906255,,
MSG002244,LA010030,,,
MSG002247,,LA933756,,
MSG002249,,,756000.0,
MSG002250,,,,2026-10-10
MSG002251,,,626000.0,
MSG002256,,,731000.0,
MSG002261,,LA975494,,
MSG002265,,,759000.0,
MSG002270,,,695000.0,
MSG002271,LA017016,,,
MSG002278,,,97000.0,
MSG002279,,,77000.0,
MSG002280,,,882000.0,2025-02-21
MSG002282,,,,2026-07-31
MSG002285,,LA981571,,2025-02-10
MSG002288,,,,2026-09-27
MSG002289,,,530000.0,
MSG002292,,,,2025-03-10
MSG002293,,,68000.0,
MSG002294,,LA951375,,
MSG002299,,LA977858,,2025-09-17
MSG002303,LA005111,,,2026-06-02
MSG002310,LA027200,,,
MSG002311,,,885000.0,
MSG002312,,,551000.0,
MSG002314,,,197000.0,
MSG002316,,,,2026-12-24
MSG002317,,,631000.0,
MSG002318,LA023792,,,
MSG002323,,,183000.0,
MSG002324,LA004874,,,
MSG002329,,,412000.0,
MSG002332,,,13000.0,
MSG002338,,,,2025-04-10
MSG002341,LA019228,,,
MSG002342,LA017770,,,
MSG002347,,,370000.0,
MSG002353,LA006663,,,
MSG002355,,,168000.0,
MSG002356,,,583000.0,
MSG002357,LA004040,,,
MSG002359,,,813000.0,
MSG002362,,,723000.0,
MSG002363,,,410000.0,
MSG002371,,,676000.0,
MSG002374,LA025110,,,
MSG002378,,LA907469,,
MSG002380,,LA964411,103000.0,
MSG002387,LA008746,,,
MSG002394,,,41000.0,
MSG002395,,,,2025-09-27
MSG002398,,,713000.0,
MSG002401,,,103000.0,2025-02-28
MSG002404,,,540000.0,2025-01-12
MSG002414,,,249000.0,2025-12-03
MSG002415,,,296000.0,
MSG002416,,,569000.0,
MSG002417,,,516000.0,
MSG002421,LA017150,,,
MSG002423,,LA967900,286000.0,
MSG002426,LA008207,,,
MSG002429,LA021583,,,
MSG002430,,,410000.0,
MSG002431,,,,2026-05-09
MSG002433,LA001616,,453000.0,
MSG002434,LA011875,,,
MSG002436,,,,2025-04-10
MSG002438,LA018072,,,
MSG002441,,,800000.0,
MSG002442,,,546000.0,
MSG002443,,LA950783,,
MSG002444,LA014505,,,
MSG002445,,,,2025-06-20
MSG002446,,,676000.0,
MSG002449,LA020231,,,
MSG002454,,,30000.0,2026-08-15
MSG002455,,LA971653,,
MSG002456,,LA949146,,
MSG002458,,,244000.0,
MSG002462,,,,2026-08-24
MSG002467,,,765000.0,
MSG002472,,,,2026-02-24
MSG002473,LA005976,,,
MSG002477,,,492000.0,
MSG002480,,,311000.0,
MSG002482,,,629000.0,
MSG002487,LA014596,,,
MSG002488,LA024989,,,
MSG002494,,,,2025-05-06
MSG002502,,,756000.0,
MSG002503,LA011028,,,
MSG002505,,,582000.0,
MSG002509,,,721000.0,
MSG002519,LA005204,,,
MSG002521,,LA952362,,
MSG002529,,,,2025-01-15
MSG002531,LA027978,,,
MSG002533,,,,2026-11-27
MSG002541,,,709000.0,
MSG002542,LA025706,,,
MSG002544,,LA960396,,
MSG002550,LA022478,,,
MSG002555,,LA979379,,
MSG002557,,LA924870,,
MSG002558,LA026349,,,
MSG002559,,,774000.0,
MSG002560,LA025723,,,
MSG002561,,,709000.0,
MSG002563,,,,2026-10-19
MSG002572,,,665000.0,
MSG002575,,LA930024,,
MSG002576,,,381000.0,
MSG002577,,LA941883,,
MSG002579,,,415000.0,
MSG002581,,LA920190,,
MSG002586,,,,2026-06-21
MSG002587,,,644000.0,2025-08-27
MSG002590,,,,2026-01-17
MSG002591,,,,2026-02-15
MSG002592,LA024664,,,
MSG002593,,,813000.0,
MSG002598,,,317000.0,
MSG002606,,,822000.0,
MSG002608,,,443000.0,
MSG002612,,,58000.0,
MSG002615,,LA933422,,
MSG002616,LA016837,,,
MSG002618,,,,2025-04-28
MSG002622,,LA000648,,
MSG002623,,,565000.0,
MSG002630,LA019730,,,
MSG002631,LA009042,,,
MSG002632,LA025541,,,
MSG002633,LA015472,,,
MSG002634,,LA935073,,
MSG002636,,,,2026-10-06
MSG002640,,,276000.0,
MSG002641,,,495000.0,
MSG002644,,,809000.0,
MSG002654,,,,2025-01-06
MSG002658,LA029870,,,
MSG002659,LA019681,,,
MSG002661,,,616000.0,
MSG002675,LA018185,,,
MSG002677,LA030330,,,
MSG002681,,,511000.0,
MSG002683,,LA931423,,
MSG002685,,,763000.0,
MSG002688,,,732000.0,
MSG002689,,LA941004,,
MSG002691,LA015692,,,
MSG002693,,,246000.0,
MSG002698,,,428000.0,
MSG002700,,,,2026-11-08
MSG002707,,,72000.0,
MSG002711,,,,2026-12-13
MSG002714,,,350000.0,2026-12-13
MSG002715,,,889000.0,2025-01-28
MSG002717,,LA950477,,
MSG002719,,,,2025-09-18
MSG002723,,,828000.0,
MSG002724,,,616000.0,
MSG002726,,,806000.0,
MSG002728,,,,2026-11-09
MSG002731,,LA969592,,
MSG002734,LA012410,,,
MSG002737,,LA930293,,
MSG002741,,,769000.0,
MSG002742,,,349000.0,
MSG002743,,,823000.0,
MSG002745,LA012274,,,
MSG002748,,,117000.0,2026-12-18
MSG002751,,,360000.0,
MSG002752,,LA984551,,
MSG002757,LA028880,,,
MSG002759,,,243000.0,2025-06-19
MSG002761,,,539000.0,
MSG002764,LA024981,,,
MSG002776,,,731000.0,
MSG002780,,,,2026-04-04
MSG002781,LA005412,,,
MSG002785,,,696000.0,
MSG002792,,LA947942,,2026-07-25
MSG002795,LA016268,,,
MSG002797,,,837000.0,
MSG002799,,,131000.0,
MSG002806,,,,2025-10-26
MSG002808,,LA012266,,
MSG002811,LA021364,,,
MSG002812,,LA972091,,
MSG002813,LA001730,,,
MSG002816,,,93000.0,
MSG002817,,LA911480,,
MSG002820,,,552000.0,
MSG002825,,,627000.0,
MSG002832,LA023593,,,
MSG002834,LA024531,,,
MSG002837,LA007512,,,
MSG002840,,,,2026-10-07
MSG002842,LA004991,,,
MSG002844,LA020730,,,
MSG002845,,,,2026-07-04
MSG002847,,LA917398,,
MSG002848,,,774000.0,
MSG002854,LA008513,,,
MSG002855,,LA945355,,
MSG002857,,,312000.0,
MSG002860,,,613000.0,
MSG002861,,,,2026-08-06
MSG002862,,,185000.0,
MSG002865,,,218000.0,
MSG002869,,,,2025-11-27
MSG002874,LA031070,,,
MSG002875,,,825000.0,
MSG002878,,,200000.0,
MSG002879,,,804000.0,
MSG002881,,,9000.0,
MSG002883,,,619000.0,
MSG002886,,LA936621,,
MSG002888,,LA949611,588000.0,
MSG002890,,LA915841,,
MSG002893,LA025604,,,
MSG002895,,LA947360,,
MSG002899,,,111000.0,
MSG002901,LA031513,,,
MSG002904,,,313000.0,
MSG002907,LA017664,,,
MSG002909,,,,2026-09-13
MSG002912,,,,2025-06-12
MSG002913,LA030969,,,
MSG002914,LA000462,,,
MSG002919,,LA968671,,
MSG002922,LA009589,,,2025-09-17
MSG002923,,,239000.0,
MSG002925,,LA972844,,
MSG002928,,,416000.0,
MSG002929,LA000073,,,
MSG002931,,LA924816,,
MSG002932,,,313000.0,
MSG002937,,,,2026-07-09
MSG002939,LA022384,,,
MSG002940,LA016879,,,
MSG002945,,LA934442,,
MSG002946,,,770000.0,
MSG002947,,LA952538,,
MSG002958,LA009516,,,
MSG002959,LA010085,,,
MSG002961,,,,2026-10-04
MSG002964,,,708000.0,
MSG002968,LA021268,,,
MSG002970,,,65000.0,
MSG002972,,,298000.0,
MSG002975,,,240000.0,
MSG002978,,,,2026-11-03
MSG002983,LA005975,,,
MSG002984,,LA951797,,
MSG002986,,,257000.0,
MSG002988,,,139000.0,
MSG002996,,,458000.0,
MSG002998,,,,2026-01-04
MSG003000,,LA979182,,
MSG003002,,,482000.0,
MSG003005,,,568000.0,
MSG003007,LA017003,,,
MSG003008,,,154000.0,
MSG003010,LA020269,,,
MSG003017,,,,2025-06-17
MSG003018,,,374000.0,
MSG003019,,,,2025-12-11
MSG003024,,,892000.0,2025-03-16
MSG003025,,,586000.0,
MSG003027,,,146000.0,
MSG003028,LA007952,,,
MSG003032,,,489000.0,
MSG003033,,LA939028,,2026-08-17
MSG003038,,,10000.0,2026-09-10
MSG003039,,,126000.0,
MSG003042,,,350000.0,
MSG003043,,,549000.0,
MSG003046,LA007574,,,
MSG003047,,,170000.0,
MSG003050,,,,2026-10-01
MSG003053,,,435000.0,
MSG003054,,LA967093,,
MSG003055,LA011706,,,
MSG003056,,,681000.0,
MSG003061,,,477000.0,
MSG003062,,,817000.0,
MSG003064,,,,2025-06-20
MSG003069,LA019564,,,
MSG003077,LA008427,,,
MSG003081,,,395000.0,
MSG003084,,LA988374,,
MSG003085,,,598000.0,
MSG003091,,,,2026-07-17
MSG003094,LA012530,,457000.0,
MSG003096,LA017954,,,
MSG003098,LA006185,,,
MSG003099,LA018788,,,
MSG003100,,,450000.0,
MSG003103,,LA929837,,
MSG003114,LA004570,,,
MSG003116,LA004718,,898000.0,
MSG003117,,,79000.0,
MSG003120,,,,2025-08-22
MSG003123,LA007852,,,
MSG003124,,,671000.0,
MSG003125,,,627000.0,
MSG003127,,,14000.0,
MSG003131,,,195000.0,
MSG003132,,,448000.0,
MSG003135,LA009480,,,
MSG003137,,,582000.0,
MSG003141,LA000992,,,
MSG003143,,,686000.0,
MSG003145,,,384000.0,
MSG003147,,,,2025-12-04
MSG003149,LA031730,,,
MSG003152,LA010190,,,
MSG003154,,,757000.0,
MSG003156,,,856000.0,
MSG003157,,,706000.0,
MSG003158,LA026567,,,2026-10-13
MSG003161,,,234000.0,
MSG003162,,,893000.0,
MSG003165,LA029761,,,
MSG003167,,,800000.0,
MSG003169,,,,2025-06-10
MSG003171,,,163000.0,
MSG003173,LA026434,,,
MSG003174,,,838000.0,2026-10-16
MSG003176,,,38000.0,
MSG003177,,,544000.0,
MSG003182,LA027440,,,
MSG003186,,,563000.0,
MSG003188,LA003313,,,
MSG003192,LA012290,,,
MSG003202,LA024651,,,
MSG003205,LA019022,,,
MSG003207,,,779000.0,
MSG003209,,,,2026-07-25
MSG003210,,,,2026-11-12
MSG003213,,,226000.0,
MSG003215,LA000183,,208000.0,
MSG003220,,,566000.0,
MSG003222,LA018735,,,
MSG003230,,,126000.0,
MSG003232,LA026563,,,2026-06-10
MSG003233,,,,2026-03-21
MSG003234,,,418000.0,
MSG003236,LA027352,,,
MSG003237,LA012684,,,
MSG003240,LA007834,,,
MSG003241,LA010236,,,2025-08-10
MSG003243,,,136000.0,
MSG003244,,,,2026-01-01
MSG003245,,LA982296,,
MSG003246,,,625000.0,
MSG003249,,,649000.0,
MSG003250,LA009804,,,
MSG003252,LA011452,,,
MSG003255,,,,2026-04-24
MSG003256,,,,2025-01-02
MSG003259,LA009981,,,
MSG003265,,,327000.0,
MSG003270,,LA933286,,2026-12-18
MSG003272,,,817000.0,
MSG003275,,,,2025-04-15
MSG003276,,,,2026-10-29
MSG003279,,,707000.0,
MSG003284,LA015107,,,
MSG003287,LA001351,,,
MSG003292,LA009111,,,
MSG003293,,,,2025-05-09
MSG003296,LA010405,,,
MSG003300,LA005082,,,
MSG003301,,,275000.0,
MSG003303,,,181000.0,
MSG003304,,LA933438,,
MSG003306,,,,2026-11-24
MSG003307,,LA965335,,2026-07-14
MSG003309,,LA962177,,2025-02-03
MSG003315,LA028972,,,2025-08-16
MSG003325,,,523000.0,
MSG003331,,,664000.0,2026-05-10
MSG003332,,,,2026-09-07
MSG003333,,,,2025-03-30
MSG003334,LA022315,,,
MSG003338,,,,2025-02-05
MSG003343,,,476000.0,
MSG003344,,,,2025-01-28
MSG003345,,,298000.0,
MSG003351,,LA954946,,
MSG003355,LA030093,,,
MSG003365,,LA923122,,
MSG003366,,,690000.0,
MSG003367,LA018549,,,2025-10-08
MSG003369,,,825000.0,
MSG003381,LA003630,,,
MSG003382,,,,2026-05-15
MSG003384,,,163000.0,
MSG003387,,,107000.0,
MSG003388,LA029848,,,
MSG003398,,,461000.0,
MSG003404,,LA909639,,
MSG003405,,,,2026-03-10
MSG003406,,,,2025-09-18
MSG003415,,,706000.0,
MSG003416,,,432000.0,
MSG003419,,,,2025-12-08
MSG003422,,,539000.0,
MSG003423,,,887000.0,
MSG003424,LA015138,,,
MSG003425,LA022610,,,
MSG003429,,,,2025-08-18
MSG003433,,,,2025-09-01
MSG003436,LA012601,,,
MSG003439,,,,2026-08-04
MSG003444,,,605000.0,
MSG003446,,,697000.0,
MSG003447,LA016329,,,
MSG003449,,,886000.0,
MSG003450,LA016164,,,
MSG003451,,LA990893,,
MSG003453,,,336000.0,
MSG003454,LA009422,,68000.0,2026-02-11
MSG003464,,,251000.0,2025-09-23
MSG003468,,LA987398,,
MSG003473,,,35000.0,
MSG003476,,LA988666,609000.0,
MSG003477,,,,2025-12-26
MSG003479,LA018325,,,
MSG003483,LA024239,,,
MSG003484,,LA000675,,
MSG003488,,,74000.0,
MSG003492,,,681000.0,
MSG003496,,,870000.0,
MSG003497,,,649000.0,
MSG003499,,,,2026-08-23
MSG003503,LA004330,,,
MSG003505,,,458000.0,
MSG003507,,,169000.0,
MSG003508,,,282000.0,
MSG003510,,,686000.0,2025-04-29
MSG003514,,,842000.0,
MSG003519,,,,2025-12-19
MSG003520,,,,2025-08-05
MSG003526,,,318000.0,
MSG003529,,,393000.0,
MSG003532,LA027798,,,
MSG003535,,LA951260,,
MSG003541,,,473000.0,
MSG003542,,,,2026-04-14
MSG003544,,,107000.0,
MSG003549,,,331000.0,
MSG003556,,,138000.0,
MSG003557,,,667000.0,
MSG003559,,,,2026-05-16
MSG003562,,,873000.0,
MSG003565,,,299000.0,
MSG003567,,,475000.0,
MSG003569,,,798000.0,
MSG003570,,LA988452,,
MSG003572,,,,2025-08-25
MSG003573,,,169000.0,
MSG003576,,LA947335,,
MSG003577,,,,2025-11-10
MSG003578,,,78000.0,
MSG003582,,,83000.0,
MSG003588,,,205000.0,
MSG003591,LA018813,,,
MSG003592,LA032134,,,2025-07-24
MSG003594,,LA907550,891000.0,
MSG003595,,,706000.0,
MSG003596,,,132000.0,
MSG003598,,,,2025-01-04
MSG003599,,,868000.0,2026-03-29
MSG003606,,,291000.0,2025-07-09
MSG003609,,,673000.0,
MSG003610,,,685000.0,2026-02-10
MSG003613,,,214000.0,
MSG003615,,,,2026-01-04
MSG003619,,,772000.0,2026-06-20
MSG003622,,,,2026-03-26
MSG003624,LA019979,,,
MSG003625,LA021584,,,
MSG003630,LA029665,,,
MSG003632,,,841000.0,
MSG003634,,,476000.0,
MSG003636,LA021814,,,
MSG003637,,,,2025-02-18
MSG003638,LA010899,,,
MSG003640,,,690000.0,
MSG003641,,,282000.0,
MSG003642,,,788000.0,
MSG003644,,,66000.0,
MSG003645,,,,2026-12-24
MSG003648,LA017444,,,
MSG003649,LA007812,,,
MSG003656,,,,2026-01-04
MSG003657,,,182000.0,
MSG003658,,,,2025-03-12
MSG003660,,LA919843,,
MSG003664,,,420000.0,
MSG003667,,,,2025-07-31
MSG003669,,,385000.0,
MSG003670,,LA927259,,
MSG003673,,,828000.0,
MSG003674,LA011049,,,
MSG003675,,LA937699,,
MSG003683,,,803000.0,
MSG003688,,,895000.0,
MSG003690,,,883000.0,
MSG003692,,LA993904,,
MSG003693,,,812000.0,
MSG003696,,,,2026-08-31
MSG003697,,,,2026-09-22
MSG003700,LA022473,,,
MSG003701,LA004936,,,
MSG003702,LA022198,,,
MSG003704,,,,2025-06-24
MSG003706,,,379000.0,
MSG003708,LA019297,,,
MSG003716,,,,2025-10-04
MSG003717,,LA933282,,
MSG003718,,,63000.0,
MSG003723,,,834000.0,
MSG003724,LA010198,,,
MSG003726,LA001482,,,
MSG003727,,,,2025-12-09
MSG003728,,,702000.0,
MSG003729,,,548000.0,
MSG003731,,,469000.0,
MSG003735,LA023280,,,
MSG003737,,,,2026-10-09
MSG003745,LA027215,,,2025-02-19
MSG003747,,LA961261,510000.0,
MSG003749,,,364000.0,
MSG003751,LA024120,,,
MSG003755,LA013905,,,
MSG003757,LA021588,,,
MSG003759,LA013703,,603000.0,
MSG003761,LA011837,,,2025-06-02
MSG003763,,,111000.0,2026-10-05
MSG003764,LA010818,,,
MSG003765,,,,2025-12-20
MSG003766,,,780000.0,
MSG003767,,,,2025-01-14
MSG003768,,,883000.0,
MSG003771,LA006987,,,
MSG003774,,,776000.0,
MSG003776,LA031987,,,2025-05-30
MSG003779,,LA927073,,
MSG003780,LA022011,,,
MSG003781,,,,2026-02-08
MSG003786,,,,2025-12-19
MSG003788,LA005795,,,
MSG003789,LA028550,,,
MSG003792,,,516000.0,
MSG003798,,,233000.0,
MSG003799,,LA964326,,2026-05-18
MSG003800,,,569000.0,
MSG003805,,,97000.0,
MSG003807,,,353000.0,
MSG003809,,,269000.0,2025-12-30
MSG003812,,,684000.0,
MSG003815,,,,2025-05-05
MSG003816,,,,2025-06-08
MSG003817,LA005015,,,
MSG003818,,,565000.0,
MSG003821,,,817000.0,
MSG003823,,,728000.0,
MSG003824,,,816000.0,
MSG003828,,,,2026-01-18
MSG003831,LA019614,,,
MSG003833,,,8000.0,
MSG003837,,,888000.0,
MSG003839,,,299000.0,
MSG003841,,,57000.0,
MSG003842,LA005481,,,
MSG003843,,,888000.0,
MSG003844,,,,2025-08-14
MSG003845,,,,2025-07-26
MSG003846,LA011936,,,
MSG003847,,LA956740,,
MSG003850,,,509000.0,
MSG003859,,,581000.0,
MSG003863,,,471000.0,
MSG003865,,,61000.0,
MSG003866,,LA021752,,
MSG003867,,LA915042,,
MSG003868,,,565000.0,
MSG003869,,,871000.0,
MSG003870,,LA946227,,
MSG003874,,,771000.0,
MSG003877,LA032973,,,
MSG003880,,LA910539,,2026-03-01
MSG003885,,,715000.0,
MSG003886,,,747000.0,
MSG003891,,,345000.0,
MSG003893,LA032738,,,
MSG003894,,,149000.0,
MSG003901,,,,2025-01-22
MSG003902,,LA988918,,
MSG003903,,,152000.0,
MSG003906,,,,2026-07-24
MSG003907,LA029550,,,
MSG003910,LA007807,,,
MSG003911,,,593000.0,
MSG003912,LA003097,,,
MSG003913,,,256000.0,
MSG003918,,,,2026-07-31
MSG003919,LA029881,,,
MSG003920,LA030462,,,2026-04-17
MSG003921,,,204000.0,
MSG003927,,LA970412,,
MSG003932,LA009224,,,
MSG003937,LA000640,,,
MSG003939,LA021403,,,
MSG003944,,,,2025-02-21
MSG003945,LA002519,,,
MSG003948,LA001339,,,
MSG003955,,LA994133,,
MSG003956,,,,2025-02-07
MSG003957,LA030926,,,
MSG003962,LA016372,,,
MSG003965,,,268000.0,
MSG003969,,,438000.0,
MSG003971,,,175000.0,
MSG003974,,,343000.0,
MSG003977,,,588000.0,2026-07-30
MSG003981,LA003708,,,
MSG003983,LA021622,,,
MSG003985,,,345000.0,
MSG003986,LA012197,,,
MSG003990,,LA987561,,
MSG003995,LA017715,,,2026-11-20
MSG003996,,,25000.0,
MSG003997,,,448000.0,
MSG003999,,,,2026-03-28
MSG004000,,LA921947,,
MSG004002,,,,2026-01-09
MSG004004,LA029660,,,
MSG004005,,,181000.0,
MSG004007,,,593000.0,
MSG004008,,,455000.0,
MSG004009,,,129000.0,
MSG004013,,,,2025-09-21
MSG004016,,,663000.0,
MSG004020,LA007883,,,
MSG004031,,,,2026-08-10
MSG004034,,,613000.0,
MSG004039,,,802000.0,
MSG004040,,LA970721,,
MSG004047,,LA910010,,
MSG004051,,,263000.0,
MSG004054,,LA996059,,
MSG004057,,,,2026-11-11
MSG004060,,,623000.0,
MSG004062,,LA978532,,2025-04-23
MSG004063,,LA968047,,2026-03-22
MSG004065,,,226000.0,
MSG004068,,,,2026-08-22
MSG004069,,LA999485,,
MSG004070,,,560000.0,
MSG004072,,,,2026-07-14
MSG004074,LA021357,,,
MSG004076,,,216000.0,
MSG004077,,,793000.0,2026-05-28
MSG004082,,,169000.0,
MSG004084,,,,2026-01-29
MSG004085,,LA984689,,2026-01-24
MSG004089,LA027345,,,
MSG004091,,,168000.0,
MSG004095,LA014000,,,
MSG004097,LA032013,,,
MSG004099,,LA986359,,
MSG004105,,,320000.0,
MSG004106,,,874000.0,
MSG004107,,LA910012,,
MSG004108,,,,2026-05-07
MSG004110,,,510000.0,
MSG004117,,,284000.0,
MSG004119,LA014813,,,
MSG004120,,LA902369,,
MSG004122,,,336000.0,
MSG004125,,,701000.0,
MSG004126,,,,2025-02-23
MSG004127,,,13000.0,
MSG004130,,LA996109,,
MSG004131,LA015174,,,
MSG004132,,,,2026-04-12
MSG004134,,,368000.0,
MSG004137,LA029179,,,
MSG004139,,,526000.0,
MSG004141,LA021010,,,
MSG004144,,LA925126,,
MSG004147,,,540000.0,
MSG004148,LA028670,,,
MSG004153,,,597000.0,
MSG004156,,LA942639,,
MSG004159,,,294000.0,2026-03-24
MSG004161,,,460000.0,
MSG004162,,,,2026-11-30
MSG004166,LA026106,,,
MSG004169,,,,2026-01-24
MSG004170,,LA904334,,
MSG004174,LA023536,,,
MSG004175,,,785000.0,2026-04-23
MSG004176,,LA962305,,2026-06-20
MSG004181,,,117000.0,
MSG004182,,,137000.0,
MSG004183,LA008001,,,
MSG004184,,,176000.0,
MSG004187,,,,2025-04-08
MSG004188,,,258000.0,2025-05-14
MSG004189,,,102000.0,
MSG004194,LA013177,,,
MSG004195,,,,2025-04-24
MSG004196,,,351000.0,
MSG004198,,,446000.0,
MSG004200,,LA982077,,
MSG004201,,LA984173,,
MSG004202,,,132000.0,
MSG004203,,,179000.0,
MSG004207,,,363000.0,2026-01-09
MSG004210,,LA958140,,
MSG004215,,,382000.0,
MSG004216,,,730000.0,
MSG004223,LA028531,,,2026-06-19
MSG004225,,,,2025-10-22
MSG004227,,,402000.0,
MSG004230,,,379000.0,
MSG004235,LA020349,,,
MSG004236,,,,2026-11-02
MSG004237,,,762000.0,
MSG004239,LA009276,,,
MSG004243,LA010823,,,
MSG004244,LA025624,,,
MSG004249,,LA966131,,
MSG004250,,LA951371,,
MSG004255,,LA944614,,
MSG004259,,,31000.0,
MSG004262,,,708000.0,
MSG004267,,,,2026-07-20
MSG004269,,LA955444,,
MSG004271,,LA993588,,
MSG004272,,,8000.0,
MSG004278,LA005905,,,
MSG004279,,,616000.0,
MSG004280,,,,2026-06-21
MSG004283,,,23000.0,
MSG004295,,,,2026-10-04
MSG004298,,,,2025-05-24
MSG004304,,,875000.0,2025-11-21
MSG004306,,,77000.0,
MSG004309,,,,2026-07-25
MSG004313,,,682000.0,
MSG004316,,,143000.0,
MSG004318,,,7000.0,
MSG004320,,,430000.0,
MSG004322,LA003709,,,
MSG004325,,,,2025-08-19
MSG004328,,,625000.0,
MSG004329,,,325000.0,
MSG004330,,,,2025-08-09
MSG004336,LA025268,,,2026-11-28
MSG004342,,,216000.0,
MSG004343,,,239000.0,
MSG004344,,,479000.0,2026-08-01
MSG004349,,LA925244,,
MSG004350,,,49000.0,
MSG004354,,,,2025-06-30
MSG004355,,,111000.0,
MSG004358,,,87000.0,
MSG004360,,,782000.0,
MSG004361,,,756000.0,
MSG004362,,,246000.0,
MSG004373,,,251000.0,2026-06-02
MSG004375,,,812000.0,
MSG004377,,,117000.0,
MSG004384,LA009539,,,
MSG004385,,,171000.0,
MSG004389,LA025279,,,
MSG004393,,,652000.0,
MSG004407,,,762000.0,
MSG004411,,,,2026-07-15
MSG004412,,,883000.0,
MSG004413,,,297000.0,
MSG004414,LA017630,,,
MSG004416,,,104000.0,
MSG004420,,,,2026-02-23
MSG004423,LA032929,,,
MSG004427,,,,2025-04-08
MSG004428,,,355000.0,
MSG004432,,,,2025-12-16
MSG004435,,,724000.0,
MSG004437,,,496000.0,2026-10-24
MSG004439,,,192000.0,2025-09-25
MSG004442,,,258000.0,
MSG004446,,,,2025-04-22
MSG004447,,,,2025-04-12
MSG004448,,,,2025-08-25
MSG004451,LA017346,,309000.0,
MSG004455,,,447000.0,
MSG004458,,,571000.0,2026-12-24
MSG004460,,LA947018,,2026-07-19
MSG004462,,,,2026-08-28
MSG004463,,,569000.0,
MSG004464,,,170000.0,
MSG004466,,,,2025-07-13
MSG004469,LA028630,,,
MSG004472,,,52000.0,
MSG004473,LA028065,,303000.0,
MSG004474,,LA960163,,
MSG004477,LA007025,,,
MSG004481,,LA957013,,
MSG004484,LA032874,,,
MSG004485,,,560000.0,
MSG004486,,,342000.0,2026-11-14
MSG004489,,,355000.0,
MSG004493,,,,2026-11-02
MSG004498,LA024638,,,
MSG004507,LA003549,,,
MSG004512,,,692000.0,
MSG004515,,,44000.0,
MSG004518,,,832000.0,
MSG004519,LA000196,,,
MSG004523,,,,2026-07-28
MSG004524,,LA903066,,
MSG004525,,,413000.0,
MSG004529,,,468000.0,
MSG004534,,,805000.0,
MSG004536,,,400000.0,2026-08-20
MSG004539,,,195000.0,
MSG004544,LA008986,,,
MSG004545,LA000542,,,2026-12-14
MSG004546,LA011816,,,
MSG004550,,,245000.0,
MSG004552,,,600000.0,
MSG004553,,,506000.0,
MSG004556,,,317000.0,
MSG004557,,LA928733,,
MSG004560,,LA964600,,2026-02-06
MSG004565,,,337000.0,
MSG004566,,,165000.0,
MSG004569,,,664000.0,
MSG004570,,,213000.0,
MSG004577,,LA969408,,
MSG004581,,,376000.0,
MSG004582,LA032882,,,
MSG004585,LA015817,,,
MSG004586,,,737000.0,
MSG004588,,,,2025-06-12
MSG004591,LA000795,,,
MSG004593,,,602000.0,
MSG004596,LA016316,,,
MSG004601,,,101000.0,
MSG004602,,,770000.0,
MSG004603,,LA973442,,
MSG004609,,LA999135,,
MSG004611,,,265000.0,
MSG004613,,,,2026-12-27
MSG004617,,,293000.0,
MSG004624,,LA007263,,
MSG004625,LA028261,,,
MSG004627,,,891000.0,
MSG004632,,,,2025-05-05
MSG004636,,LA967301,,
MSG004638,LA002995,,,
MSG004639,LA025450,,,
MSG004644,LA014730,,,
MSG004645,LA000630,,,
MSG004650,,,,2026-11-28
MSG004652,,,468000.0,
MSG004668,,,150000.0,
MSG004672,,,866000.0,
MSG004673,,,24000.0,
MSG004675,LA022236,,,
MSG004676,LA015034,,,
MSG004680,LA025482,,,
MSG004687,LA020416,,,
MSG004688,LA026001,,,
MSG004689,,,,2025-06-14
MSG004692,LA015214,,,
MSG004695,,,599000.0,
MSG004696,,,716000.0,2026-11-20
MSG004697,,LA957966,,
MSG004698,,,,2026-03-25
MSG004701,,,,2025-09-16
MSG004702,,LA933211,,
MSG004710,,,85000.0,
MSG004711,,,,2025-03-08
MSG004715,LA000260,,,
MSG004717,,,291000.0,
MSG004718,LA004320,,,
MSG004721,,,544000.0,
MSG004725,,,439000.0,
MSG004730,,LA937041,,
MSG004736,,,305000.0,
MSG004742,,,356000.0,
MSG004743,LA015165,,,
MSG004746,,,,2026-08-23
MSG004747,,,473000.0,
MSG004750,,,,2025-05-19
MSG004752,,,425000.0,
MSG004755,,,768000.0,
MSG004756,LA013131,,,
MSG004757,,LA982625,,
MSG004758,,,220000.0,
MSG004759,,,,2025-01-22
MSG004761,,,729000.0,
MSG004762,,,319000.0,
MSG004765,,,23000.0,2026-10-09
MSG004767,,,,2026-01-31
MSG004770,,,485000.0,
MSG004771,LA026233,,,
MSG004774,,LA946869,,2026-07-26
MSG004775,LA013603,,,
MSG004779,,,366000.0,
MSG004781,,,546000.0,
MSG004785,,,743000.0,
MSG004788,,,,2025-05-02
MSG004790,LA028389,,,
MSG004791,,LA006219,,
MSG004796,,,,2025-11-15
MSG004801,,,,2025-08-09
MSG004802,LA012718,,,
MSG004804,LA024982,,,
MSG004806,,,,2026-12-11
MSG004807,LA004107,,869000.0,
MSG004809,,LA971553,,
MSG004810,,,98000.0,
MSG004811,,,265000.0,
MSG004815,,,186000.0,
MSG004818,LA010629,,,
MSG004820,LA024835,,,
MSG004821,,,136000.0,
MSG004829,,,825000.0,2025-06-08
MSG004831,,,206000.0,
MSG004834,,LA912412,,
MSG004835,,LA912829,,
MSG004836,LA019456,,,
MSG004838,,,586000.0,
MSG004844,,,291000.0,
MSG004846,,,,2025-10-25
MSG004850,LA025697,,,2026-04-30
MSG004853,,,407000.0,
MSG004854,,,75000.0,
MSG004855,,LA921547,,
MSG004859,,,729000.0,
MSG004860,LA017043,,,
MSG004861,,,749000.0,
MSG004863,,,,2026-05-07
MSG004866,,,789000.0,
MSG004870,,LA919514,,
MSG004872,,LA960698,,
MSG004875,,,,2026-04-24
MSG004879,,,416000.0,
MSG004881,,,,2026-07-22
MSG004893,,,307000.0,
MSG004894,,LA963710,,
MSG004904,,,815000.0,
MSG004907,LA028358,,,
MSG004913,,,803000.0,
MSG004914,LA028957,,,
MSG004915,LA032162,,,
MSG004918,LA004038,,,
MSG004920,,,18000.0,
MSG004927,,,,2026-07-29
MSG004931,,LA955789,,
MSG004933,LA019530,,,
MSG004934,LA003782,,,2026-10-17
MSG004935,LA007589,,,
MSG004936,,LA928941,,
MSG004944,,,,2025-02-23
MSG004953,,,811000.0,
MSG004955,LA009934,,,
MSG004956,LA021345,,,
MSG004959,,,868000.0,
MSG004960,,,311000.0,
MSG004961,,,864000.0,2026-06-24
MSG004967,,,23000.0,
MSG004969,,,51000.0,2025-10-31
MSG004971,LA014244,,,
MSG004975,LA028540,,,
MSG004986,,,600000.0,
MSG004987,,,133000.0,
MSG004990,LA009874,,,
MSG004991,LA020388,,,2026-06-15
MSG004996,,,,2025-09-16
MSG004998,,,,2026-09-22
MSG005000,,,,2026-02-07
MSG005004,,,66000.0,
MSG005008,,,755000.0,
MSG005011,LA025205,,,2025-02-10
MSG005014,LA032357,,,
MSG005018,,,,2026-10-04
MSG005020,,,768000.0,
MSG005022,,,,2025-02-19
MSG005025,LA008125,,,
MSG005026,,,,2025-11-30
MSG005029,,,81000.0,
MSG005032,,,769000.0,
MSG005040,LA024235,,,
MSG005046,,,880000.0,
MSG005048,,,481000.0,
MSG005051,LA002803,,,
MSG005052,,,490000.0,
MSG005053,,,145000.0,
MSG005056,,,,2026-05-18
MSG005057,LA017954,,,
MSG005058,,,760000.0,
MSG005059,LA013671,,,
MSG005063,,,,2025-09-21
MSG005071,,,624000.0,
MSG005073,LA031630,,,
MSG005074,,,283000.0,
MSG005077,LA025544,,,
MSG005079,,,,2025-07-15
MSG005081,,,609000.0,
MSG005084,LA030598,,,
MSG005086,,LA028069,,
MSG005090,LA013570,,,
MSG005093,,,62000.0,
MSG005100,,,,2025-12-21
MSG005102,,,,2026-10-04
MSG005103,,LA957666,181000.0,
MSG005104,,,500000.0,
MSG005107,LA024227,,,
MSG005109,LA001014,,,
MSG005113,LA018428,,,
MSG005114,LA001561,,,2025-11-23
MSG005116,LA023927,,,
MSG005120,,LA911943,,
MSG005124,,,765000.0,
MSG005127,,,774000.0,
MSG005132,,,,2026-04-08
MSG005133,,LA947283,,
MSG005137,,,696000.0,2025-10-21
MSG005142,,,,2026-06-09
MSG005147,,,129000.0,
MSG005149,LA031901,,,
MSG005153,,,533000.0,
MSG005154,,,166000.0,
MSG005159,,,94000.0,
MSG005161,LA022510,,,
MSG005163,LA027718,,,
MSG005164,,,876000.0,
MSG005165,,,620000.0,
MSG005172,LA007769,,168000.0,
MSG005175,LA032803,,,2025-12-22
MSG005176,,,524000.0,2025-09-12
MSG005181,,,259000.0,
MSG005182,,LA018193,,
MSG005185,,,,2026-09-14
MSG005190,LA022280,,273000.0,
MSG005193,,LA915496,,
MSG005195,,,59000.0,
MSG005199,,,,2026-01-15
MSG005200,LA025452,,,
MSG005204,,,447000.0,
MSG005205,LA021132,,,2026-08-11
MSG005206,,LA907674,,
MSG005207,LA010485,,,
MSG005209,,,491000.0,
MSG005211,,,,2025-08-08
MSG005212,,,871000.0,
MSG005216,,,,2025-10-07
MSG005221,LA020198,,,
MSG005233,LA021603,,,
MSG005235,,,734000.0,
MSG005237,,LA916561,,
MSG005242,,LA028298,,
MSG005243,LA015903,,,
MSG005251,LA016584,,,
MSG005257,,,847000.0,
MSG005258,,,,2025-07-09
MSG005259,LA016630,,,
MSG005261,LA003787,,696000.0,
MSG005263,,,304000.0,
MSG005264,LA002978,,,
MSG005265,,,,2026-08-05
MSG005268,LA000681,,,
MSG005270,,,899000.0,
MSG005275,LA022011,,,
MSG005277,,,,2025-12-10
MSG005278,,,532000.0,
MSG005279,,LA911113,,
MSG005280,,,745000.0,
MSG005282,LA013837,,,
MSG005287,,LA947778,,
MSG005288,,,,2026-10-12
MSG005289,,,35000.0,
MSG005291,,,772000.0,
MSG005294,LA028570,,,2025-12-24
MSG005296,,,523000.0,
MSG005298,,,,2025-01-06
MSG005301,,,758000.0,
MSG005302,LA023200,,,
MSG005305,,LA954581,,
MSG005306,,,541000.0,
MSG005307,,LA960737,,
MSG005310,LA004680,,,
MSG005314,,,197000.0,
MSG005317,,LA943971,,
MSG005319,,,24000.0,
MSG005320,,,281000.0,
MSG005326,LA003313,,,
MSG005329,,,399000.0,
MSG005336,,,,2026-08-11
MSG005344,,,664000.0,
MSG005345,,,628000.0,
MSG005350,LA012099,,,
MSG005351,,,17000.0,
MSG005354,,,671000.0,
MSG005355,,LA917640,,
MSG005357,LA030391,,,
MSG005359,,LA902088,,
MSG005365,,,,2026-02-28
MSG005371,,,304000.0,
MSG005373,LA001605,,,
MSG005376,,LA971248,,
MSG005387,LA006207,,,
MSG005393,,,164000.0,2025-10-16
MSG005395,,,365000.0,
MSG005399,,,,2025-09-10
MSG005401,LA000984,,,
MSG005406,LA013667,,,
MSG005411,,,258000.0,
MSG005413,,,817000.0,
MSG005414,LA032665,,,
MSG005416,LA022587,,,2025-06-25
MSG005418,,,,2026-02-20
MSG005420,,,,2025-04-07
MSG005421,LA016301,,,
MSG005425,,,316000.0,
MSG005430,,,63000.0,2025-10-04
MSG005432,,,446000.0,2026-02-26
MSG005434,,,,2025-10-16
MSG005435,LA004782,,,
MSG005436,,,803000.0,
MSG005441,LA011748,,,
MSG005442,,,,2026-10-30
MSG005446,LA017334,,,
MSG005449,,,304000.0,
MSG005451,,,77000.0,
MSG005454,,,,2025-02-06
MSG005457,,,749000.0,
MSG005459,,LA998273,,
MSG005462,,LA928100,,
MSG005463,,LA920470,,
MSG005465,,,472000.0,
MSG005469,,,474000.0,
MSG005477,,,,2025-10-03
MSG005479,,,,2026-08-09
MSG005483,,,,2026-03-12
MSG005486,LA009101,,,2025-01-22
MSG005491,,,59000.0,
MSG005495,,,22000.0,
MSG005499,,,466000.0,
MSG005500,,LA931155,,
MSG005501,LA023293,,,
MSG005502,,LA032348,,
MSG005507,,,,2025-10-31
MSG005509,,,433000.0,
MSG005512,,,236000.0,
MSG005521,LA006825,,,2026-02-11
MSG005529,,,134000.0,2026-05-07
MSG005537,LA008358,,,
MSG005541,,,782000.0,
MSG005542,,,314000.0,
MSG005547,LA004178,,,
MSG005548,LA023977,,,2025-03-06
MSG005558,,LA921438,,
MSG005563,,,,2025-09-04
MSG005564,LA015256,,,
MSG005566,LA009392,,,
MSG005572,,,,2025-05-30
MSG005581,,,865000.0,
MSG005583,,LA922349,,2026-01-24
MSG005587,,,,2026-04-08
MSG005590,,,,2025-09-25
MSG005593,,,,2025-12-05
MSG005594,LA007266,,,
MSG005597,,,140000.0,2025-12-07
MSG005599,,,,2026-04-01
MSG005601,LA002335,,,2026-09-20
MSG005602,,,573000.0,
MSG005607,,,153000.0,
MSG005614,,LA949453,,
MSG005620,,,,2026-11-09
MSG005622,,,563000.0,
MSG005625,,LA978519,,
MSG005627,,,761000.0,
MSG005628,,,,2026-05-06
MSG005629,LA015726,,,
MSG005632,,,138000.0,
MSG005642,LA022573,,,
MSG005644,LA007790,,,
MSG005646,LA000053,,,
MSG005648,,,,2026-01-07
MSG005651,,,363000.0,
MSG005652,,,9000.0,
MSG005653,,LA015635,,
MSG005654,LA022324,,,
MSG005658,,,184000.0,
MSG005659,,,388000.0,2026-06-20
MSG005660,LA011400,,,
MSG005663,,,,2025-03-05
MSG005666,,LA971228,,
MSG005668,,,,2026-08-15
MSG005671,,,649000.0,
MSG005676,LA008295,,,
MSG005677,LA005113,,,
MSG005680,LA024649,,,
MSG005683,,LA995980,,2025-09-15
MSG005685,,,342000.0,
MSG005687,LA028434,,,
MSG005696,LA025424,,,
MSG005699,LA017126,,,
MSG005700,,,,2026-01-10
MSG005702,LA023924,,,
MSG005705,,,,2026-09-09
MSG005706,LA013112,,,
MSG005707,,LA935735,,
MSG005710,,,820000.0,
MSG005713,,,414000.0,
MSG005716,,,95000.0,
MSG005718,,,840000.0,
MSG005719,LA000814,,,
MSG005721,,,691000.0,2026-09-15
MSG005725,,LA949249,,
MSG005726,,,,2026-10-28
MSG005729,,,221000.0,
MSG005735,,,633000.0,
MSG005737,,LA938030,,
MSG005739,,,153000.0,
MSG005742,LA012145,,,
MSG005743,LA023249,,,
MSG005744,,,398000.0,
MSG005745,,,,2026-09-30
MSG005751,LA021385,,,
MSG005764,,LA904203,,
MSG005768,,,382000.0,
MSG005769,,,,2025-06-23
MSG005771,,,120000.0,
MSG005780,,,293000.0,
MSG005785,,,639000.0,
MSG005786,LA032680,,,
MSG005788,LA032919,,,
MSG005797,LA008037,,,
MSG005798,,LA938849,,
MSG005804,,,,2026-06-07
MSG005808,,,720000.0,
MSG005809,,,779000.0,
MSG005810,,,562000.0,
MSG005813,,,640000.0,
MSG005816,LA000314,,,
MSG005817,LA009079,,,
MSG005820,LA028916,,,
MSG005821,,LA926056,,
MSG005824,,LA026856,,
MSG005825,,,237000.0,
MSG005834,LA003271,,,
MSG005836,,LA947871,,
MSG005840,,,897000.0,
MSG005850,,,668000.0,
MSG005851,,,610000.0,
MSG005854,,,,2025-02-08
MSG005860,,LA915804,,
MSG005862,,,899000.0,
MSG005863,,,641000.0,
MSG005864,,,416000.0,
MSG005865,,,158000.0,
MSG005866,,,,2026-02-19
MSG005869,LA005315,,,
MSG005870,,,,2026-05-29
MSG005871,LA018611,,,
MSG005872,,LA974164,608000.0,
MSG005873,,,66000.0,
MSG005876,,LA984275,,
MSG005880,LA021818,,,
MSG005883,LA032422,,,
MSG005885,,LA996080,,
MSG005893,,,680000.0,
MSG005898,,LA908485,,
MSG005899,,,213000.0,
MSG005901,,,,2026-09-30
MSG005902,,,546000.0,
MSG005903,,,,2025-08-17
MSG005906,,,335000.0,
MSG005909,,,614000.0,
MSG005910,,,,2025-05-17
MSG005911,,LA911763,704000.0,
MSG005916,LA024939,,,
MSG005918,LA007021,,,2025-04-22
MSG005921,,,,2025-01-26
MSG005922,,,169000.0,
MSG005925,,LA996646,,
MSG005929,,,27000.0,
MSG005934,,,51000.0,
MSG005935,,,247000.0,
MSG005936,,LA984820,,
MSG005937,,,522000.0,
MSG005939,,LA958850,,
MSG005943,LA001232,,,2026-12-10
MSG005945,LA020933,,,
MSG005946,,,616000.0,2026-02-17
MSG005948,,,746000.0,
MSG005950,,,768000.0,
MSG005953,,,253000.0,
MSG005954,,,260000.0,
MSG005955,,,743000.0,
MSG005957,,,279000.0,
MSG005958,,,877000.0,
MSG005959,,,418000.0,
MSG005960,,LA932153,,
MSG005961,,,,2026-03-06
MSG005967,,,,2025-05-26
MSG005968,,,,2025-05-04
MSG005969,,,256000.0,
MSG005971,,,289000.0,
MSG005974,,,,2026-01-22
MSG005977,,,495000.0,
MSG005980,,,577000.0,
MSG005985,LA018291,,,
MSG005987,,,17000.0,
MSG005999,,LA951773,,
MSG006000,LA030416,,,2025-10-14
MSG006001,,,,2025-11-06
MSG006002,,,121000.0,
MSG006005,,,792000.0,
MSG006006,,,,2025-04-21
MSG006013,,LA953564,,
MSG006015,,,83000.0,
MSG006020,,LA984734,,
MSG006026,,,45000.0,
MSG006036,LA019023,,,
MSG006039,,,834000.0,
MSG006040,LA016563,,,
MSG006042,,,,2025-10-19
MSG006044,,,,2026-11-14
MSG006045,,,99000.0,
MSG006046,,,,2025-06-02
MSG006048,,,67000.0,
MSG006051,LA010036,,,
MSG006056,,,882000.0,
MSG006057,LA002852,,,
MSG006059,,,878000.0,
MSG006061,,,,2025-03-08
MSG006062,,,301000.0,
MSG006063,,,599000.0,
MSG006069,LA028922,,,
MSG006071,,,221000.0,
MSG006073,,,602000.0,2026-01-03
MSG006074,,,578000.0,
MSG006075,,,71000.0,
MSG006077,,,231000.0,
MSG006083,,,550000.0,
MSG006087,,,250000.0,
MSG006089,,,830000.0,
MSG006091,,,762000.0,
MSG006094,,LA027265,,
MSG006096,,LA952939,,
MSG006098,,,600000.0,
MSG006103,,,,2026-06-08
MSG006105,LA005390,,,
MSG006107,,,128000.0,
MSG006109,,,71000.0,
MSG006112,LA023256,,,2025-02-08
MSG006113,,,211000.0,
MSG006115,LA012033,,100000.0,
MSG006116,LA014436,,,
MSG006117,LA028008,,,
MSG006118,,,,2025-05-24
MSG006121,LA027790,,,
MSG006125,LA006314,,,
MSG006126,,,295000.0,
MSG006128,,,,2025-09-09
MSG006129,,,604000.0,
MSG006131,LA010171,,,
MSG006137,,,70000.0,
MSG006138,,,746000.0,
MSG006143,,LA902754,,
MSG006146,LA027111,,,
MSG006150,,,9000.0,
MSG006153,LA030259,,,
MSG006156,,,,2026-09-26
MSG006163,,,,2026-08-19
MSG006164,,,,2026-05-22
MSG006168,,LA969958,,
MSG006169,,,447000.0,
MSG006171,,LA977714,,
MSG006172,,,635000.0,
MSG006174,LA002618,,,
MSG006175,LA027511,,,
MSG006179,LA016160,,,
MSG006181,,,,2026-11-08
MSG006188,LA019500,,,
MSG006192,LA002495,,,
MSG006193,,,,2026-06-15
MSG006197,,,,2026-12-10
MSG006200,,,,2025-02-07
MSG006201,LA022476,,,
MSG006202,,,,2025-06-26
MSG006206,,,841000.0,
MSG006207,,,,2026-04-29
MSG006210,LA022397,,,
MSG006211,,,702000.0,
MSG006212,,,16000.0,
MSG006218,,,378000.0,
MSG006219,,,244000.0,
MSG006220,LA021892,,,
MSG006221,,,149000.0,
MSG006222,,LA929806,,
MSG006223,,,539000.0,
MSG006224,,,490000.0,
MSG006229,,,750000.0,
MSG006232,,,173000.0,
MSG006234,,LA026112,,
MSG006235,LA031220,,,
MSG006243,,,,2025-11-10
MSG006245,,,727000.0,
MSG006248,LA028047,,,
MSG006250,,,624000.0,
MSG006251,,,771000.0,
MSG006256,,,,2025-02-23
MSG006260,LA024605,,,
MSG006261,,LA032388,,2025-04-28
MSG006264,,,,2025-04-23
MSG006266,,LA911660,,
MSG006267,,LA914220,,2026-06-06
MSG006275,,LA984076,,
MSG006277,,LA944753,,
MSG006281,,,821000.0,2026-07-03
MSG006282,,,490000.0,
MSG006292,,,155000.0,
MSG006300,,,508000.0,2026-05-13
MSG006304,,LA952917,,
MSG006307,,,,2025-08-29
MSG006311,,LA996061,,
MSG006324,,,541000.0,
MSG006330,LA022283,,,
MSG006333,,,,2025-08-16
MSG006338,LA022200,,186000.0,
MSG006346,,,763000.0,
MSG006351,,,138000.0,
MSG006355,,,538000.0,
MSG006357,LA017906,,,
MSG006361,,,354000.0,2025-07-13
MSG006363,LA025401,,,
MSG006367,LA002363,,,
MSG006368,,LA906112,,
MSG006372,LA016714,,,
MSG006373,LA014052,,,
MSG006374,,,853000.0,
MSG006379,,,372000.0,
MSG006382,LA030118,,,
MSG006383,,,495000.0,2025-09-29
MSG006385,,,405000.0,2026-02-05
MSG006388,LA002402,,,
MSG006392,,,565000.0,2026-06-16
MSG006394,,,892000.0,
MSG006396,LA021268,,,
MSG006398,,LA920593,,
MSG006400,LA006108,,,
MSG006403,,,408000.0,
MSG006407,,LA983323,,
MSG006410,,,53000.0,
MSG006412,,,610000.0,
MSG006413,,,439000.0,
MSG006420,,,353000.0,
MSG006422,,,821000.0,
MSG006424,,,73000.0,
MSG006425,LA029156,,,
MSG006426,,,664000.0,
MSG006427,LA028111,,,
MSG006431,,,,2026-11-26
MSG006435,,,,2026-08-04
MSG006436,,,,2026-06-09
MSG006439,,,69000.0,
MSG006440,,,,2026-05-23
MSG006442,LA007806,,,
MSG006444,,,200000.0,
MSG006445,,,,2025-01-14
MSG006447,,LA954013,,
MSG006451,,LA902731,,
MSG006454,,,144000.0,
MSG006456,LA028770,,,
MSG006458,,,391000.0,
MSG006459,,,52000.0,
MSG006461,,,124000.0,
MSG006466,,LA970287,,
MSG006468,LA016409,,,
MSG006470,,LA913836,,
MSG006471,,,,2025-09-25
MSG006474,,,871000.0,
MSG006475,,,82000.0,
MSG006480,,,738000.0,
MSG006484,,,662000.0,
MSG006485,,,683000.0,
MSG006487,LA032045,,,
MSG006488,LA024112,,,
MSG006490,,LA978213,,
MSG006493,LA001144,,,
MSG006496,LA006721,,,2025-09-09
MSG006500,,,764000.0,
MSG006502,,,,2026-01-02
MSG006505,LA013336,,,
MSG006512,LA007004,,,
MSG006516,,LA979781,,
MSG006519,,,,2026-02-10
MSG006522,,,,2026-08-04
MSG006526,,,642000.0,
MSG006529,,LA982439,,
MSG006533,,LA946486,,
MSG006534,,LA004380,138000.0,
MSG006538,,,453000.0,
MSG006553,LA032281,,,
MSG006554,LA028683,,,
MSG006561,,,,2025-10-16
MSG006567,LA014356,,,
MSG006568,,,377000.0,
MSG006570,,,,2025-10-30
MSG006571,LA007130,,826000.0,
MSG006573,,LA926782,,
MSG006574,,,531000.0,
MSG006576,,LA988137,,
MSG006579,,LA955876,,2025-05-01
MSG006581,LA006026,,,
MSG006583,LA030219,,,
MSG006586,,,,2025-03-23
MSG006587,LA010958,,71000.0,
MSG006588,,,281000.0,
MSG006590,,,,2025-12-12
MSG006593,,,395000.0,
MSG006594,,,83000.0,
MSG006596,,,899000.0,
MSG006601,LA000416,,,
MSG006604,,,802000.0,
MSG006607,,,866000.0,
MSG006610,,,882000.0,
MSG006616,LA013127,,,
MSG006617,,,172000.0,
MSG006618,,,451000.0,2025-11-30
MSG006622,LA015012,,,
MSG006625,LA020584,,,
MSG006627,,,142000.0,
MSG006628,,,,2025-06-20
MSG006631,,,,2026-02-14
MSG006632,,LA963542,,
MSG006633,,,725000.0,
MSG006635,,,62000.0,
MSG006636,LA011194,,,
MSG006644,,,453000.0,
MSG006650,,LA913651,,
MSG006651,,,239000.0,
MSG006658,,,476000.0,
MSG006662,,,,2025-10-23
MSG006665,LA030457,,,2026-10-06
MSG006666,,,512000.0,
MSG006668,,,647000.0,2026-02-25
MSG006669,,,742000.0,
MSG006670,,,,2026-06-04
MSG006673,LA021261,,,
MSG006678,,,418000.0,
MSG006680,,,233000.0,
MSG006683,LA032560,,,
MSG006689,,,838000.0,
MSG006692,,,56000.0,
MSG006693,,,,2026-09-16
MSG006694,,,,2025-07-15
MSG006695,,,236000.0,
MSG006697,,,,2026-05-24
MSG006699,,,287000.0,
MSG006709,,,79000.0,
MSG006713,,,554000.0,
MSG006715,,,581000.0,
MSG006716,,,739000.0,
MSG006721,,,,2026-09-05
MSG006723,,,573000.0,
MSG006726,,,755000.0,
MSG006727,,,651000.0,
MSG006733,,,374000.0,
MSG006735,LA012128,,,
MSG006738,LA021528,,,
MSG006744,LA012071,,,
MSG006748,,LA962352,,
MSG006750,LA023122,,,
MSG006754,LA024633,,,
MSG006759,LA010643,,,
MSG006761,,,541000.0,
MSG006764,,,864000.0,
MSG006768,LA030942,,,
MSG006771,,,,2026-11-09
MSG006773,,,178000.0,
MSG006774,LA028292,,,
MSG006775,LA029517,,,
MSG006776,,LA958008,,
MSG006779,,,119000.0,
MSG006787,,,595000.0,
MSG006788,,,669000.0,
MSG006790,,,135000.0,
MSG006792,,,790000.0,
MSG006800,,LA929223,,
MSG006804,,LA976684,,
MSG006810,LA007220,,,
MSG006814,,,152000.0,
MSG006815,,,855000.0,
MSG006817,LA023715,,,
MSG006822,,LA913367,,
MSG006824,LA003522,,,
MSG006826,LA003494,,199000.0,
MSG006828,LA032120,,,
MSG006829,,,,2025-08-12
MSG006833,,,612000.0,
MSG006835,,,689000.0,
MSG006842,,,121000.0,
MSG006847,,,,2026-02-10
MSG006853,,LA971937,,
MSG006855,,,,2026-06-26
MSG006859,,,516000.0,
MSG006863,LA005068,,,
MSG006870,,LA996116,,
MSG006873,,,393000.0,
MSG006875,,LA956725,,
MSG006878,,,,2026-03-01
MSG006888,LA028521,,,
MSG006891,,,456000.0,
MSG006892,,,657000.0,
MSG006897,,,,2026-02-15
MSG006898,,LA910479,,
MSG006902,,,649000.0,
MSG006903,LA014231,,,
MSG006908,,,571000.0,
MSG006912,,,830000.0,
MSG006918,LA010043,,,
MSG006923,LA002433,,,
MSG006926,,LA955330,,
MSG006927,,,237000.0,2025-04-04
MSG006934,LA022305,,,
MSG006936,,,631000.0,
MSG006937,,,,2025-04-25
MSG006939,,,825000.0,
MSG006941,LA023833,,,
MSG006944,,,304000.0,
MSG006945,LA015428,,,
MSG006946,LA026739,,,
MSG006951,,,877000.0,
MSG006953,,,330000.0,
MSG006957,LA010685,,,
MSG006958,,,522000.0,
MSG006965,,,185000.0,
MSG006970,,,295000.0,
MSG006971,,,145000.0,2025-12-13
MSG006975,,,,2025-05-12
MSG006979,,,770000.0,
MSG006981,LA018223,,,
MSG006982,LA009488,,,
MSG006983,,,189000.0,
MSG006984,,LA952900,,
MSG006990,,,48000.0,
MSG006993,LA019236,,,
MSG006995,,LA955218,,
MSG006997,LA004502,,,
MSG006998,,,521000.0,
MSG006999,,,855000.0,
MSG007000,LA015727,,,
MSG007005,,,727000.0,
MSG007006,,,104000.0,
MSG007007,LA018147,,,
MSG007008,LA018385,,,
MSG007014,,,785000.0,
MSG007016,,,,2026-07-21
MSG007021,,,312000.0,
MSG007022,,,,2026-07-04
MSG007030,,,,2025-11-13
MSG007031,,,399000.0,
MSG007037,,LA927256,,2026-08-05
MSG007041,,,,2025-07-26
MSG007042,LA014751,,596000.0,
MSG007043,,,553000.0,
MSG007044,,,136000.0,
MSG007046,,,,2026-07-06
MSG007049,,,645000.0,
MSG007052,LA021262,,,
MSG007053,,,817000.0,
MSG007059,,,8000.0,
MSG007061,LA016927,,,
MSG007063,,,,2026-06-28
MSG007066,,LA962608,,
MSG007068,LA009374,,,2026-02-18
MSG007070,,,891000.0,
MSG007073,LA007141,,,
MSG007074,,LA926413,,
MSG007080,,,334000.0,
MSG007082,,LA955786,470000.0,
MSG007085,,,570000.0,2025-03-07
MSG007087,,,,2026-07-28
MSG007089,,LA959458,,
MSG007090,,,592000.0,
MSG007101,LA021397,,,
MSG007104,,,,2026-11-27
MSG007108,,,212000.0,
MSG007109,LA030973,,,
MSG007113,,,,2025-06-13
MSG007114,,,370000.0,2025-07-02
MSG007117,LA024879,,,
MSG007119,,LA964586,671000.0,
MSG007121,,,169000.0,
MSG007122,,,370000.0,
MSG007124,,,545000.0,
MSG007127,,,302000.0,
MSG007132,LA021098,,,
MSG007139,,LA979792,,
MSG007140,,,58000.0,
MSG007143,,,505000.0,
MSG007146,LA030409,,29000.0,2026-02-11
MSG007148,,,,2025-07-13
MSG007149,LA029684,,,
MSG007152,,,319000.0,
MSG007158,,,518000.0,
MSG007161,,,726000.0,
MSG007162,,LA988252,,
MSG007163,,,861000.0,
MSG007164,LA016736,,,
MSG007167,,,493000.0,
MSG007176,,LA977717,,
MSG007177,LA003618,,,
MSG007178,LA020955,,,
MSG007183,LA020576,,,
MSG007184,,,800000.0,2025-12-01
MSG007190,,,87000.0,
MSG007194,,,,2025-11-05
MSG007198,,,107000.0,
MSG007199,,,,2026-12-22
MSG007200,,,186000.0,2026-06-16
MSG007202,,,,2026-06-10
MSG007203,,,,2026-04-05
MSG007212,,,,2025-01-15
MSG007213,LA009181,,,
MSG007215,,,448000.0,2025-02-23
MSG007217,,,,2025-03-21
MSG007220,,,618000.0,
MSG007221,LA028034,,737000.0,
MSG007224,LA028711,,,
MSG007225,LA010941,,,
MSG007228,LA015749,,,2026-08-16
MSG007229,,,,2026-07-17
MSG007230,,,828000.0,
MSG007231,LA006468,,,
MSG007232,,,451000.0,
MSG007234,,,,2026-03-12
MSG007235,LA005911,,,
MSG007238,,,825000.0,
MSG007239,,,646000.0,
MSG007241,LA008777,,,
MSG007243,LA012088,,,
MSG007245,,,327000.0,
MSG007251,,,704000.0,
MSG007252,,,779000.0,
MSG007253,LA009036,,,
MSG007262,,,193000.0,2025-12-01
MSG007265,,LA979586,,
MSG007266,,,407000.0,
MSG007267,,LA986879,,
MSG007268,,,867000.0,
MSG007270,,,,2026-09-17
MSG007271,LA005025,,,
MSG007273,LA014770,,,
MSG007274,LA020599,,,
MSG007279,LA010779,,,
MSG007290,,,,2025-03-16
MSG007296,LA017627,,,
MSG007298,,,,2025-09-21
MSG007302,,,528000.0,
MSG007305,,,291000.0,
MSG007311,,,,2026-02-15
MSG007316,,,,2025-05-14
MSG007317,LA008982,,,
MSG007319,,,132000.0,
MSG007325,,,7300000.0,
MSG007327,,,8000.0,
MSG007333,,,374000.0,
MSG007335,LA023254,,,2025-07-15
MSG007336,,,51000.0,
MSG007338,,,72000.0,
MSG007339,,,713000.0,
MSG007343,,LA924247,,
MSG007348,LA021424,,,
MSG007349,LA031679,,,
MSG007354,,,120000.0,
MSG007362,,,427000.0,
MSG007366,,,437000.0,
MSG007367,,,502000.0,
MSG007368,,,778000.0,
MSG007375,,,356000.0,
MSG007376,,,319000.0,
MSG007380,,,833000.0,
MSG007384,,LA929289,,
MSG007385,,,,2026-10-05
MSG007386,,,632000.0,
MSG007391,,,668000.0,
MSG007392,,LA953304,,
MSG007395,,,848000.0,
MSG007397,LA001754,,,
MSG007405,LA028154,,,
MSG007409,,,711000.0,
MSG007412,,,,2025-10-24
MSG007415,,,395000.0,
MSG007418,,,85000.0,2025-08-26
MSG007421,,,377000.0,
MSG007425,,,644000.0,
MSG007426,,,668000.0,
MSG007427,,,423000.0,
MSG007428,LA011250,,,
MSG007432,,,31000.0,
MSG007435,LA002185,,,
MSG007436,,,,2026-12-18
MSG007438,,LA946574,,
MSG007447,,,589000.0,
MSG007448,,,,2025-12-25
MSG007449,,,486000.0,
MSG007452,,,99000.0,
MSG007454,LA022790,,,
MSG007455,,,816000.0,
MSG007457,LA005686,,,
MSG007458,,,634000.0,
MSG007463,,,244000.0,
MSG007464,LA005827,,,
MSG007467,,,826000.0,
MSG007469,,,645000.0,
MSG007470,,,,2026-10-06
MSG007477,,,730000.0,
MSG007482,LA032334,,,
MSG007484,,,587000.0,
MSG007492,,,,2026-12-30
MSG007493,,,354000.0,
MSG007496,,,17000.0,2025-02-15
MSG007498,,LA970211,,
MSG007500,,,636000.0,
MSG007501,LA007322,,,
MSG007502,,,348000.0,
MSG007503,LA018075,,,
MSG007505,,,195000.0,
MSG007508,,LA900933,,
MSG007511,,LA913898,,
MSG007512,,,650000.0,2025-02-05
MSG007514,LA006652,,,
MSG007515,LA004103,,,
MSG007516,LA000031,,126000.0,
MSG007519,,,805000.0,
MSG007524,,,727000.0,
MSG007525,,,498000.0,
MSG007526,,,635000.0,2025-06-09
MSG007527,,,,2025-05-15
MSG007529,,,804000.0,
MSG007531,,,41000.0,
MSG007532,,,862000.0,2025-02-05
MSG007533,LA000536,,,
MSG007534,LA015650,,,
MSG007535,,,,2026-01-12
MSG007537,,,801000.0,
MSG007538,,,167000.0,
MSG007539,,,832000.0,
MSG007544,LA014335,,,
MSG007547,,,,2026-08-17
MSG007549,,,,2026-10-03
MSG007553,,LA974685,,
MSG007556,,LA982195,,
MSG007559,,LA930234,,2025-03-28
MSG007560,,,193000.0,
MSG007563,,,481000.0,
MSG007567,,,270000.0,
MSG007568,,,228000.0,
MSG007569,,LA931093,,
MSG007570,,,,2026-03-27
MSG007572,,LA956148,,
MSG007576,,,,2025-10-08
MSG007584,,,517000.0,
MSG007587,,,424000.0,
MSG007589,,,570000.0,
MSG007595,,,433000.0,
MSG007596,,,853000.0,
MSG007597,,LA947711,,
MSG007598,,,712000.0,
MSG007600,,,,2025-01-26
MSG007603,,LA916929,,
MSG007605,LA001290,,,
MSG007612,LA011553,,,
MSG007623,LA009036,,,
MSG007626,LA018869,,,2026-03-16
MSG007627,LA032832,,,
MSG007630,LA022850,,,
MSG007639,LA030303,,,
MSG007641,,,132000.0,
MSG007644,LA006366,,,
MSG007645,LA007132,,,
MSG007648,,,631000.0,
MSG007651,,,,2025-02-05
MSG007654,,LA950045,,
MSG007657,,LA981939,,
MSG007659,,LA024801,,
MSG007660,LA010251,,,
MSG007664,,,34000.0,
MSG007666,,,,2025-07-04
MSG007667,LA028011,,,
MSG007668,,,710000.0,
MSG007676,,LA972953,,
MSG007679,,LA981726,,
MSG007681,LA015322,,,
MSG007682,,LA964381,,
MSG007686,,,226000.0,2026-09-09
MSG007687,,,192000.0,
MSG007690,LA006657,,,
MSG007692,,,892000.0,
MSG007694,,,,2026-10-09
MSG007697,,,572000.0,
MSG007700,,,787000.0,
MSG007703,LA027868,,,
MSG007704,,LA987744,,
MSG007714,,,804000.0,2025-02-23
MSG007715,LA018183,,,
MSG007716,LA026501,,767000.0,
MSG007721,LA014944,,,
MSG007725,,,399000.0,2026-01-16
MSG007726,LA004178,,,
MSG007729,,LA924981,,
MSG007732,,LA904593,,2026-03-28
MSG007733,,,516000.0,
MSG007738,,,414000.0,
MSG007739,,,837000.0,2026-08-19
MSG007741,,,514000.0,
MSG007743,LA022498,,,
MSG007745,LA004119,,,
MSG007746,,,641000.0,
MSG007750,,LA911403,,
MSG007755,,,254000.0,2026-04-01
MSG007757,,,268000.0,2025-09-26
MSG007759,LA021911,,,
MSG007762,,,411000.0,
MSG007765,,,249000.0,
MSG007767,,,184000.0,
MSG007772,,LA999244,,
MSG007775,,,504000.0,
MSG007778,,,,2025-11-12
MSG007779,,,,2025-04-24
MSG007783,LA013766,,,
MSG007785,,,,2026-03-22
MSG007789,,,278000.0,
MSG007792,,,,2026-08-02
MSG007795,,,,2025-05-17
MSG007796,,,720000.0,
MSG007797,,,550000.0,
MSG007802,LA026142,,,
MSG007804,,,,2025-08-22
MSG007808,,,,2026-09-28
MSG007811,,,,2026-01-16
MSG007812,,,17000.0,
MSG007814,,,590000.0,
MSG007815,,LA964051,,
MSG007816,,,150000.0,
MSG007824,,,,2025-12-17
MSG007827,,,,2025-02-26
MSG007828,,,,2025-08-29
MSG007832,,,353000.0,
MSG007837,LA028717,,,
MSG007839,,,335000.0,
MSG007840,,,49000.0,
MSG007842,,,410000.0,
MSG007843,,,327000.0,
MSG007845,,,230000.0,
MSG007847,,,646000.0,
MSG007850,,,,2025-05-22
MSG007855,LA013460,,,
MSG007856,,,435000.0,
MSG007857,,,644000.0,
MSG007871,,,,2025-09-27
MSG007877,,,389000.0,
MSG007878,LA029108,,,
MSG007879,LA003671,,,
MSG007880,LA003554,,,
MSG007881,LA032791,,,
MSG007882,,,,2026-10-07
MSG007883,,,,2026-08-06
MSG007887,,,97000.0,
MSG007890,,,794000.0,
MSG007894,,,,2026-12-28
MSG007898,,,,2026-11-01
MSG007904,,,,2025-01-16
MSG007909,,,177000.0,
MSG007914,,,342000.0,
MSG007916,,,441000.0,
MSG007919,,,,2026-11-05
MSG007920,,LA924777,,
MSG007921,,,738000.0,
MSG007924,,,575000.0,
MSG007931,,,255000.0,
MSG007932,,LA985408,210000.0,
MSG007939,,,,2026-12-10
MSG007943,,,635000.0,
MSG007945,,,611000.0,
MSG007953,,,87000.0,
MSG007959,LA018972,,,
MSG007961,,,412000.0,
MSG007962,,,,2026-09-28
MSG007963,,,191000.0,
MSG007967,,,,2026-08-27
MSG007972,,,,2026-03-15
MSG007973,,,,2026-10-19
MSG007981,LA014891,,,
MSG007984,,,638000.0,
MSG007986,,LA930943,,
MSG007991,,LA959727,,
MSG007993,,,,2026-09-12
MSG007997,LA005161,,,
MSG008000,LA009560,,,
MSG008010,LA022667,,,
MSG008012,,,588000.0,
MSG008013,,,511000.0,2026-07-26
MSG008016,,,882000.0,
MSG008017,LA027122,,,
MSG008018,,,300000.0,
MSG008024,LA030240,,,
MSG008025,LA013471,,,
MSG008030,,,872000.0,
MSG008031,,LA924933,,
MSG008035,,,734000.0,
MSG008037,,LA909488,,
MSG008043,,LA926753,,
MSG008045,,,,2026-05-26
MSG008051,LA015025,,,
MSG008052,,,593000.0,
MSG008054,,,493000.0,
MSG008055,LA005407,,,
MSG008056,,,,2026-01-01
MSG008057,,LA922817,,
MSG008058,,,534000.0,
MSG008061,,,216000.0,
MSG008063,,LA955265,750000.0,
MSG008067,,,,2026-02-17
MSG008077,,,557000.0,
MSG008082,,,,2025-11-30
MSG008083,LA002750,,,
MSG008084,,,,2026-04-12
MSG008086,,LA902069,,
MSG008093,LA014464,,,
MSG008095,,LA923980,,
MSG008096,LA019137,,,2025-04-14
MSG008099,LA003455,,,
MSG008105,,,885000.0,
MSG008108,LA013498,,,
MSG008112,,,,2025-04-10
MSG008114,,,,2026-11-13
MSG008117,LA021197,,,2025-02-21
MSG008118,LA026770,,,
MSG008120,,,,2025-02-13
MSG008122,LA030969,,,2026-04-08
MSG008123,,,764000.0,
MSG008127,LA011249,,,
MSG008130,,LA956776,,
MSG008132,LA012942,,,
MSG008134,LA028876,,,
MSG008136,,,538000.0,
MSG008138,,,265000.0,
MSG008144,,LA939376,,
MSG008150,,,,2025-05-10
MSG008155,LA022903,,,
MSG008161,,,252000.0,2026-05-21
MSG008162,,,,2026-11-28
MSG008163,,,313000.0,
MSG008168,LA009062,,,
MSG008170,,LA963593,,
MSG008172,,,855000.0,
MSG008181,,,891000.0,
MSG008183,,,890000.0,2025-04-13
MSG008184,,LA965560,,
MSG008189,LA022635,,,
MSG008201,,,680000.0,
MSG008205,,,310000.0,
MSG008209,,LA996536,,
MSG008220,LA005222,,,
MSG008221,,,,2025-06-17
MSG008223,,,,2025-01-31
MSG008226,,,105000.0,
MSG008231,,,,2025-04-30
MSG008232,LA014837,,,
MSG008233,,,,2025-05-31
MSG008238,,LA983601,,
MSG008243,,,189000.0,
MSG008244,,,751000.0,
MSG008247,LA010136,,,
MSG008249,,,,2026-05-03
MSG008252,,,403000.0,
MSG008253,,,,2025-08-24
MSG008256,,,,2025-06-13
MSG008259,,,321000.0,
MSG008260,,LA922822,,
MSG008262,LA032761,,,
MSG008263,,LA969273,,
MSG008265,,,,2026-12-04
MSG008268,,,163000.0,2025-03-01
MSG008269,,,480000.0,
MSG008273,,,820000.0,
MSG008283,,,375000.0,
MSG008299,LA001159,,,
MSG008308,,,502000.0,
MSG008310,,,296000.0,
MSG008317,,,229000.0,
MSG008319,,,612000.0,
MSG008328,,,109000.0,
MSG008331,LA028280,,,
MSG008332,,,739000.0,
MSG008334,LA009309,,,
MSG008335,LA001201,,,
MSG008341,,,47000.0,
MSG008345,,LA962723,,
MSG008349,LA021803,,,
MSG008354,,,,2026-08-02
MSG008356,,,,2026-08-31
MSG008357,,,386000.0,
MSG008358,LA022401,,,
MSG008365,LA004710,,,
MSG008369,LA001270,,,
MSG008370,,LA959431,,
MSG008379,LA003686,,,
MSG008383,,,,2025-07-14
MSG008387,,LA979897,829000.0,
MSG008392,,,271000.0,
MSG008394,,,528000.0,
MSG008401,,,,2025-03-14
MSG008402,LA013512,,,
MSG008403,,,558000.0,
MSG008406,,,248000.0,2025-03-07
MSG008410,LA004378,,,
MSG008411,,,354000.0,
MSG008417,LA023227,,,
MSG008422,,,,2025-12-03
MSG008425,,,312000.0,
MSG008430,,,70000.0,
MSG008441,,,145000.0,
MSG008442,,,,2025-03-17
MSG008445,LA002569,,,
MSG008446,,LA914772,,
MSG008451,,LA937517,,
MSG008455,,LA981610,,
MSG008457,LA026057,,,
MSG008459,,,,2026-04-04
MSG008460,,,,2026-04-17
MSG008461,,,827000.0,2026-08-24
MSG008464,,,743000.0,
MSG008465,LA028867,,,
MSG008466,,LA023681,492000.0,
MSG008470,,,648000.0,
MSG008472,LA031156,,,
MSG008478,,,,2025-07-14
MSG008481,,LA989215,,
MSG008485,LA030993,,,
MSG008489,,,584000.0,
MSG008492,LA001535,,,
MSG008493,,LA903727,,
MSG008494,,,440000.0,
MSG008497,,,667000.0,
MSG008499,,LA947146,,
MSG008502,LA011303,,,
MSG008504,,,225000.0,
MSG008505,LA025103,,,
MSG008506,,,,2025-03-02
MSG008508,LA011226,,,
MSG008509,,,591000.0,
MSG008512,,,,2026-04-02
MSG008517,,,135000.0,
MSG008518,,,644000.0,
MSG008522,LA024353,,,
MSG008523,,,,2025-12-22
MSG008528,LA025574,,,
MSG008530,LA032899,,,
MSG008532,,LA926418,,
MSG008533,,LA916795,,
MSG008535,,,73000.0,
MSG008536,,,492000.0,
MSG008537,LA010907,,,
MSG008538,,,303000.0,
MSG008544,,,,2026-08-08
MSG008546,,,461000.0,
MSG008550,,,,2025-09-27
MSG008552,,,38000.0,
MSG008557,,,490000.0,
MSG008564,LA011495,,,2025-06-23
MSG008566,,,870000.0,
MSG008569,,,412000.0,
MSG008570,,,,2025-08-24
MSG008573,,,,2026-07-13
MSG008575,,,472000.0,2025-06-22
MSG008577,,,40000.0,2025-05-27
MSG008583,LA000807,,,
MSG008586,,,546000.0,
MSG008590,,,,2025-05-09
MSG008591,LA009448,,,
MSG008600,LA009286,,,
MSG008605,LA014971,,,
MSG008606,,,244000.0,
MSG008607,LA013915,,,
MSG008608,,,458000.0,
MSG008610,,,,2026-06-26
MSG008613,LA028274,,,
MSG008614,LA025558,,,2025-05-19
MSG008615,LA024071,,,
MSG008616,,,,2025-08-06
MSG008617,,LA905705,,
MSG008619,,,612000.0,
MSG008620,LA000169,,,
MSG008629,,,,2026-05-23
MSG008633,LA015578,,,
MSG008638,,,,2026-05-27
MSG008639,,,,2026-09-24
MSG008648,,,,2026-04-05
MSG008650,,,256000.0,
MSG008654,,LA953804,,
MSG008655,LA024105,,,
MSG008659,,,197000.0,
MSG008664,,,88000.0,
MSG008665,LA008102,,,
MSG008666,,,604000.0,
MSG008671,,LA966742,,
MSG008672,LA014037,,60000.0,
MSG008673,,,303000.0,2025-09-30
MSG008675,,,482000.0,
MSG008680,LA024019,,,
MSG008681,,,611000.0,
MSG008685,,,748000.0,
MSG008686,,,,2026-10-03
MSG008687,LA026239,,,
MSG008697,,,486000.0,
MSG008699,LA028202,,,
MSG008703,,,,2026-08-28
MSG008705,LA014199,,,
MSG008710,,,808000.0,
MSG008712,,,770000.0,
MSG008724,LA013213,,,
MSG008727,LA012645,,,2026-11-22
MSG008729,LA022087,,,2026-08-19
MSG008732,,,189000.0,
MSG008734,LA013860,,,
MSG008736,LA013221,,,
MSG008737,,,479000.0,
MSG008739,LA005574,,,
MSG008740,,LA953125,,2026-02-13
MSG008741,LA015804,,,
MSG008745,,,685000.0,
MSG008747,,,,2026-10-07
MSG008763,,,529000.0,
MSG008764,,,,2025-03-01
MSG008766,,,21000.0,
MSG008773,LA007865,,,
MSG008776,,,183000.0,2026-12-23
MSG008777,LA017346,,,2026-07-01
MSG008778,,,144000.0,
MSG008779,LA029327,,,
MSG008780,LA025621,,,
MSG008785,,,320000.0,
MSG008787,LA015789,,,
MSG008790,,,189000.0,
MSG008791,LA032262,,,
MSG008792,,,293000.0,
MSG008798,,,713000.0,
MSG008800,,,,2026-01-12
MSG008801,,LA936836,636000.0,2025-04-02
MSG008804,,,,2026-04-21
MSG008813,,,611000.0,
MSG008818,,,625000.0,2026-10-18
MSG008820,,,835000.0,
MSG008821,,LA977130,,
MSG008822,,,,2026-05-12
MSG008825,,,,2025-05-11
MSG008826,,,413000.0,
MSG008829,LA032355,,,
MSG008831,LA014677,,,
MSG008833,LA025216,,,
MSG008838,,,585000.0,
MSG008840,,,34000.0,
MSG008841,,,,2026-01-03
MSG008842,,,357000.0,
MSG008843,,,582000.0,
MSG008845,,,474000.0,
MSG008846,,,599000.0,
MSG008847,LA011314,,,
MSG008848,LA028995,,,2026-10-08
MSG008849,,,214000.0,2026-09-08
MSG008853,,,,2026-01-25
MSG008854,,,726000.0,
MSG008857,,,408000.0,
MSG008859,,LA965204,,
MSG008862,,LA990841,,
MSG008863,,LA934702,,2026-02-02
MSG008865,LA012344,,,
MSG008868,,,335000.0,
MSG008870,,LA923896,,
MSG008871,LA008555,,,
MSG008875,,,655000.0,
MSG008878,LA004428,,,
MSG008883,,,,2025-02-27
MSG008884,,,883000.0,
MSG008886,,,830000.0,
MSG008887,,,308000.0,
MSG008891,LA027810,,31000.0,2026-07-17
MSG008892,,,714000.0,
MSG008899,,,433000.0,
MSG008902,,LA945573,,
MSG008912,LA009821,,,
MSG008913,,LA950686,,
MSG008914,,,264000.0,
MSG008915,,,,2025-07-21
MSG008918,,,666000.0,
MSG008923,,,,2026-05-11
MSG008924,,,,2026-05-25
MSG008925,,,332000.0,
MSG008929,,,504000.0,
MSG008931,LA026849,,,
MSG008932,,LA945795,,2026-12-19
MSG008935,,,682000.0,2026-07-01
MSG008936,LA002858,,,
MSG008937,,,380000.0,
MSG008938,,,289000.0,
MSG008940,LA016551,,,
MSG008942,,LA983239,,
MSG008943,LA014136,,,
MSG008951,,,110000.0,
MSG008954,LA014496,,,2025-02-09
MSG008956,LA005542,,,
MSG008957,LA002445,,,2025-06-22
MSG008965,LA011446,,,
MSG008966,,,674000.0,
MSG008967,,,403000.0,
MSG008973,,,,2025-12-25
MSG008975,,,238000.0,
MSG008979,LA015532,,,
MSG008984,LA026208,,,
MSG008985,,LA904558,,
MSG008986,,,16000.0,2025-03-06
MSG008988,LA015282,,,
MSG008993,LA008148,,,
MSG008996,,,66000.0,
MSG008998,,,155000.0,
MSG009004,,,564000.0,
MSG009005,LA008693,,,
MSG009012,,,661000.0,
MSG009014,,,348000.0,
MSG009015,,,,2026-09-19
MSG009016,,,795000.0,
MSG009024,,,200000.0,
MSG009026,,,180000.0,
MSG009029,,,,2026-02-11
MSG009030,LA020214,,,
MSG009031,,,,2026-12-15
MSG009038,,,,2025-11-29
MSG009044,,,277000.0,
MSG009047,,,527000.0,
MSG009052,,LA014390,,
MSG009055,,,570000.0,
MSG009059,,,726000.0,
MSG009066,,LA952776,,
MSG009070,,,406000.0,
MSG009073,,,16000.0,
MSG009077,,LA943022,,
MSG009081,LA029735,,769000.0,2025-06-11
MSG009084,,,,2025-07-22
MSG009085,LA014528,,,
MSG009086,,,669000.0,
MSG009091,LA018720,,,
MSG009095,,,176000.0,
MSG009096,LA002115,,,
MSG009101,,,,2025-06-18
MSG009102,,,504000.0,
MSG009104,,,236000.0,
MSG009105,LA006420,,,
MSG009107,LA028057,,,
MSG009108,,,407000.0,2026-02-02
MSG009110,,,,2026-08-02
MSG009112,,,75000.0,
MSG009113,,,554000.0,
MSG009118,,,779000.0,
MSG009122,,,134000.0,
MSG009124,,,,2025-06-19
MSG009128,LA011393,,129000.0,
MSG009129,LA013909,,,
MSG009131,,,398000.0,
MSG009134,,,464000.0,
MSG009138,,,279000.0,
MSG009140,LA019502,,,
MSG009144,LA001911,,,
MSG009149,,,,2025-01-13
MSG009151,,,879000.0,2025-10-05
MSG009153,LA016741,,,
MSG009158,,,,2026-03-01
MSG009160,,,,2026-08-03
MSG009164,,,236000.0,
MSG009165,,,,2026-08-14
MSG009169,,,93000.0,
MSG009173,LA011438,,,
MSG009177,,,691000.0,
MSG009178,,,330000.0,
MSG009180,,LA921086,,
MSG009184,LA004924,,117000.0,
MSG009187,LA013820,,,
MSG009189,,,,2025-11-19
MSG009193,LA014758,,,
MSG009195,,,270000.0,
MSG009196,,,540000.0,
MSG009198,,,448000.0,
MSG009200,,LA964105,408000.0,
MSG009206,,,403000.0,
MSG009209,LA006172,,,
MSG009211,,LA980132,,
MSG009212,,,,2026-04-21
MSG009213,,,,2026-04-03
MSG009214,,,,2026-12-02
MSG009224,,,42000.0,
MSG009225,,,,2025-12-02
MSG009226,,LA954604,,
MSG009227,,,,2025-11-21
MSG009229,LA017939,,,
MSG009233,LA024651,,,
MSG009238,,LA008853,,
MSG009241,,,418000.0,
MSG009245,,LA908495,,
MSG009246,LA031895,,,
MSG009251,,LA907528,,
MSG009253,,,475000.0,
MSG009254,LA020232,,,
MSG009256,LA025533,,,
MSG009262,,,,2026-08-16
MSG009263,LA002325,,,
MSG009264,,,184000.0,
MSG009266,,,652000.0,
MSG009271,,,152000.0,
MSG009273,,,,2026-10-28
MSG009277,,,207000.0,
MSG009281,LA025345,,,2025-11-29
MSG009282,LA011127,,,
MSG009289,,,,2026-04-01
MSG009292,LA023463,,,
MSG009293,,,210000.0,2025-02-11
MSG009294,,LA942162,,
MSG009295,,,,2026-12-28
MSG009296,,,,2026-02-15
MSG009298,,,848000.0,
MSG009299,,,870000.0,
MSG009300,,LA966804,,
MSG009307,,,178000.0,
MSG009309,LA026556,,,
MSG009310,LA008296,,,
MSG009311,,,515000.0,
MSG009313,LA008587,,,
MSG009315,,,223000.0,
MSG009317,,LA931350,,
MSG009319,,,481000.0,
MSG009320,,,,2026-12-31
MSG009322,,,,2025-11-20
MSG009327,,,,2026-11-20
MSG009328,,,276000.0,
MSG009338,,,,2026-02-07
MSG009343,,,40000.0,
MSG009344,LA001968,,,
MSG009347,,LA930885,191000.0,
MSG009348,LA019996,,,
MSG009353,,,501000.0,
MSG009354,,,,2026-12-02
MSG009355,,,,2026-02-15
MSG009363,,,148000.0,
MSG009364,,,78000.0,
MSG009365,,,591000.0,
MSG009366,LA025566,,,
MSG009367,LA013549,,,
MSG009375,,,559000.0,
MSG009376,,LA005334,,
MSG009377,,LA986010,,
MSG009380,LA010464,,,
MSG009381,,,,2025-06-06
MSG009382,LA013311,,,
MSG009384,,,393000.0,
MSG009389,,LA901443,,
MSG009390,,LA907973,,
MSG009391,,LA915559,,
MSG009392,,,,2025-01-01
MSG009396,LA030230,,,2025-08-30
MSG009401,LA004104,,,
MSG009410,,LA998358,,
MSG009412,,,328000.0,
MSG009419,LA011345,,,
MSG009420,LA021081,,,
MSG009422,,,415000.0,
MSG009427,,LA949755,,
MSG009428,,,667000.0,
MSG009429,,,503000.0,
MSG009433,LA007846,,,
MSG009441,,,514000.0,
MSG009443,,,176000.0,
MSG009448,LA029197,,,
MSG009450,,,482000.0,
MSG009452,,,,2025-06-30
MSG009454,,LA915828,,
MSG009456,,,142000.0,
MSG009457,LA030005,,,
MSG009459,LA012558,,,
MSG009462,,,535000.0,
MSG009465,,,224000.0,
MSG009466,,,554000.0,
MSG009468,LA024643,,,
MSG009470,,,899000.0,
MSG009475,LA024970,,,
MSG009478,LA022524,,,
MSG009479,,LA931039,,
MSG009481,,LA996940,,
MSG009482,LA006177,,,
MSG009483,,,582000.0,
MSG009484,LA001635,,,
MSG009495,,LA969437,,
MSG009497,,,248000.0,
MSG009507,LA011473,,,
MSG009508,,,734000.0,
MSG009509,LA004340,,,
MSG009511,LA009668,,,
MSG009512,,,897000.0,
MSG009513,,,790000.0,
MSG009520,LA021090,,,
MSG009521,,,,2026-08-08
MSG009522,,,,2025-05-03
MSG009524,,,612000.0,
MSG009526,LA019450,,,
MSG009527,,,81000.0,
MSG009528,,,603000.0,
MSG009529,,,,2025-10-06
MSG009530,,,,2026-06-02
MSG009532,,,,2026-01-19
MSG009533,,,132000.0,
MSG009539,LA006941,,,
MSG009541,,,,2025-05-31
MSG009546,,LA000591,,
MSG009547,,,,2025-06-05
MSG009549,,,690000.0,
MSG009551,,,,2025-09-13
MSG009553,LA007481,,,
MSG009555,,,831000.0,
MSG009558,,,,2026-12-31
MSG009559,LA015026,,,
MSG009562,LA025733,,,
MSG009564,,,154000.0,
MSG009565,LA012065,,,
MSG009567,,,815000.0,
MSG009568,,,422000.0,
MSG009569,LA009461,,,
MSG009570,LA018211,,,
MSG009573,LA002370,,,
MSG009577,,,642000.0,
MSG009585,,,7000.0,
MSG009589,,,,2026-04-19
MSG009592,LA007475,,,2025-03-31
MSG009593,LA001209,,,
MSG009594,,LA922369,,
MSG009597,,,416000.0,
MSG009598,LA017368,,,
MSG009600,,LA924065,,
MSG009602,,LA907495,,
MSG009603,LA014640,,,
MSG009604,,,379000.0,
MSG009608,LA019248,,460000.0,
MSG009609,,LA977278,,
MSG009612,,,748000.0,
MSG009613,LA020385,,,
MSG009616,LA013054,,,
MSG009617,,,541000.0,
MSG009619,LA028676,,,
MSG009622,LA030299,,,
MSG009623,,,873000.0,
MSG009625,,,761000.0,
MSG009627,,,431000.0,
MSG009630,,,,2025-06-02
MSG009632,,,,2025-07-21
MSG009634,,,419000.0,
MSG009642,,,294000.0,
MSG009644,,,786000.0,
MSG009646,,,,2025-12-18
MSG009647,,,542000.0,2025-08-22
MSG009650,LA003668,,,
MSG009653,,,439000.0,
MSG009658,,,,2025-03-29
MSG009661,,,733000.0,
MSG009665,,LA913740,,
MSG009669,,,569000.0,
MSG009672,,,339000.0,
MSG009673,,,257000.0,
MSG009677,,,,2025-02-13
MSG009681,,,,2026-12-03
MSG009692,,LA928647,,
MSG009699,,,,2025-08-01
MSG009700,,,206000.0,
MSG009701,LA030362,,,
MSG009703,,,281000.0,
MSG009705,,,233000.0,2025-05-23
MSG009706,,,857000.0,
MSG009707,,LA934836,,
MSG009708,LA006519,,,
MSG009709,,LA962085,,
MSG009714,,LA008229,,
MSG009716,,,626000.0,
MSG009717,,,233000.0,
MSG009721,,,646000.0,2025-04-22
MSG009722,,LA960631,,
MSG009723,,,691000.0,
MSG009725,,,,2025-03-15
MSG009726,,,733000.0,
MSG009728,,,754000.0,
MSG009731,,,325000.0,
MSG009737,,LA979920,,
MSG009742,LA017502,,,
MSG009748,,,,2026-05-20
MSG009749,LA000977,,,
MSG009750,,LA929726,,
MSG009753,LA012030,,,
MSG009765,LA006448,,205000.0,
MSG009766,,,115000.0,
MSG009767,,,856000.0,
MSG009768,,LA938555,367000.0,
MSG009770,,,510000.0,
MSG009772,,,186000.0,
MSG009773,LA015937,,,
MSG009789,,,,2026-10-24
MSG009794,,LA026894,,
MSG009799,,,61000.0,
MSG009800,LA030493,,,
MSG009805,,,,2025-04-11
MSG009808,,,356000.0,
MSG009810,,,780000.0,
MSG009813,LA007032,,,
MSG009816,,LA938862,,
MSG009817,,,235000.0,
MSG009819,LA018000,,,
MSG009823,,,,2025-05-22
MSG009824,,,622000.0,
MSG009832,LA015671,,,
MSG009833,LA013714,,,
MSG009835,,,493000.0,
MSG009840,,LA904680,,
MSG009843,LA020904,,,
MSG009846,,LA973756,,
MSG009849,,,469000.0,
MSG009850,,LA953544,,
MSG009853,,,42000.0,
MSG009860,,,368000.0,
MSG009869,,,135000.0,
MSG009872,,,,2026-04-15
MSG009875,,LA947567,,
MSG009878,,LA999539,,
MSG009879,,,98000.0,
MSG009883,,LA917884,,2025-03-14
MSG009885,,,416000.0,
MSG009886,,,738000.0,
MSG009888,,,,2026-07-23
MSG009889,,LA996898,,
MSG009890,,,374000.0,2025-06-13
MSG009892,,,47000.0,2025-08-15
MSG009896,,,272000.0,
MSG009897,LA032658,,,
MSG009898,,,699000.0,
MSG009899,,LA968036,,
MSG009900,,,,2026-08-01
MSG009906,,,353000.0,
MSG009907,LA013388,,,
MSG009909,LA002157,,,
MSG009910,,,,2025-08-07
MSG009917,,,535000.0,
MSG009918,,,651000.0,
MSG009920,,LA922101,,
MSG009921,,,307000.0,2026-04-04
MSG009922,,,,2025-06-08
MSG009923,,,391000.0,
MSG009928,,,,2026-11-20
MSG009933,,LA967851,,
MSG009934,,,,2025-05-23
MSG009937,,LA975568,,
MSG009938,,,845000.0,
MSG009943,LA030225,,,
MSG009944,,,551000.0,
MSG009950,,,,2026-07-22
MSG009956,,,306000.0,
MSG009961,,,264000.0,
MSG009965,LA030758,,,
MSG009971,,,386000.0,
MSG009974,,,585000.0,
MSG009977,,,,2026-12-17
MSG009983,,LA010661,,
MSG009985,,,,2026-05-14
MSG009995,LA016579,,,
MSG009998,,,153000.0,
MSG010001,LA028469,,,
MSG010008,,LA016649,,
MSG010009,,,266000.0,
MSG010012,LA015894,,,
MSG010014,,,68000.0,
MSG010020,,LA936247,,
MSG010023,,,,2026-06-20
MSG010027,,,85000.0,
MSG010030,LA030423,,,
MSG010032,,,,2025-09-05
MSG010035,,LA934494,,
MSG010036,LA027355,,,
MSG010038,,,,2025-05-15
MSG010040,,,147000.0,
MSG010041,,,644000.0,
MSG010049,LA016764,,,
MSG010053,LA005350,,,
MSG010057,,,353000.0,
MSG010059,LA014483,,,
MSG010060,,LA983517,,
MSG010061,LA022347,,,
MSG010063,LA009022,,,
MSG010064,,LA916027,,
MSG010066,,LA901333,,
MSG010068,LA017747,,,2026-09-02
MSG010069,,LA021762,,
MSG010070,LA002811,,263000.0,
MSG010077,,,716000.0,2026-02-03
MSG010083,,,,2025-04-20
MSG010084,LA018813,,,
MSG010089,,,657000.0,
MSG010090,,,301000.0,
MSG010093,LA024366,,,
MSG010095,LA007109,,,
MSG010098,,LA966590,,
MSG010099,LA018116,,,
MSG010100,,,347000.0,
MSG010101,,,,2026-10-16
MSG010105,LA023439,,,
MSG010107,LA001461,,,
MSG010109,,,624000.0,
MSG010110,,LA990653,,
MSG010111,LA021279,,587000.0,
MSG010112,,,509000.0,2026-08-25
MSG010113,,,450000.0,
MSG010116,,,365000.0,2026-04-10
MSG010118,,,310000.0,
MSG010119,,LA950086,,
MSG010123,,,419000.0,
MSG010125,,LA913497,,
MSG010127,,,850000.0,
MSG010134,,,,2026-07-14
MSG010136,LA008601,,,
MSG010140,,,,2026-07-13
MSG010143,,,121000.0,
MSG010148,LA013126,,,
MSG010149,,,431000.0,
MSG010155,LA021407,,,
MSG010156,LA000143,,,
MSG010158,,,328000.0,
MSG010159,,LA953922,,
MSG010160,,,628000.0,2026-06-07
MSG010161,,,788000.0,
MSG010163,,,556000.0,
MSG010167,,,158000.0,
MSG010168,LA000559,,,
MSG010169,,LA925188,,
MSG010170,LA014751,,,
MSG010171,,,434000.0,
MSG010172,,,,2026-04-13
MSG010176,LA031342,,,
MSG010186,LA000196,,,
MSG010190,,LA026053,,
MSG010191,,,463000.0,
MSG010195,LA002484,,,
MSG010201,LA016149,,,2026-07-13
MSG010205,,,416000.0,
MSG010213,,,6000.0,
MSG010215,LA014225,,,
MSG010217,,LA982738,,
MSG010223,,,37000.0,
MSG010224,,,359000.0,2026-11-12
MSG010229,,,180000.0,
MSG010236,LA015464,,,
MSG010238,,LA961209,,
MSG010239,,,5000.0,
MSG010243,,,405000.0,
MSG010245,,,366000.0,
MSG010247,LA002711,,,
MSG010258,,,771000.0,
MSG010272,LA024890,,,
MSG010273,LA009126,,,
MSG010281,,,,2026-06-24
MSG010282,LA025466,,,
MSG010283,,,477000.0,
MSG010284,,,173000.0,
MSG010286,LA021651,,,
MSG010290,LA018210,,,
MSG010295,,,24000.0,
MSG010296,,LA933654,,
MSG010299,,,744000.0,
MSG010300,,,312000.0,
MSG010306,LA010205,,,
MSG010309,,,22000.0,
MSG010312,LA021547,,,
MSG010315,,,680000.0,2025-01-01
MSG010318,,,325000.0,
MSG010320,,,,2026-08-26
MSG010321,,,,2026-05-05
MSG010324,LA032924,,,2025-12-23
MSG010328,LA030461,,,
MSG010329,LA030236,,,
MSG010331,,,404000.0,
MSG010332,,,507000.0,
MSG010336,,LA007282,,
MSG010341,LA019337,,,
MSG010343,,,,2025-06-29
MSG010344,,,593000.0,
MSG010349,,,495000.0,
MSG010351,,,127000.0,
MSG010355,,,130000.0,
MSG010356,,,542000.0,
MSG010357,LA013143,,,
MSG010362,,,200000.0,
MSG010366,,,270000.0,
MSG010367,,,,2026-12-19
MSG010369,,LA962454,,
MSG010370,LA031908,,,
MSG010374,,,225000.0,2025-10-17
MSG010375,,,792000.0,
MSG010376,,,48000.0,
MSG010377,,,275000.0,
MSG010379,,,377000.0,
MSG010380,,LA966708,,
MSG010382,LA031352,,,
MSG010384,,,,2025-01-18
MSG010388,,,,2025-04-14
MSG010391,,,50000.0,
MSG010394,LA028647,,,
MSG010400,,,516000.0,
MSG010404,,LA967873,,
MSG010409,,,569000.0,
MSG010411,,,52000.0,2026-06-24
MSG010412,,,388000.0,
MSG010421,,,,2025-03-15
MSG010422,,,241000.0,
MSG010425,,LA936618,,
MSG010430,,,,2026-10-13
MSG010432,LA010546,,,
MSG010438,LA023500,,,
MSG010445,,LA957062,,
MSG010448,LA024762,,,
MSG010449,,,894000.0,
MSG010452,LA011576,,,
MSG010455,,,555000.0,2026-06-15
MSG010456,,,,2026-06-13
MSG010458,LA004529,,,
MSG010463,LA004531,,,2026-06-25
MSG010468,,LA904272,,
MSG010469,LA022614,,,
MSG010470,LA015006,,,
MSG010471,,,81000.0,
MSG010474,,,,2025-12-04
MSG010479,,LA940354,,
MSG010480,,,,2026-09-12
MSG010487,,,486000.0,
MSG010489,,,388000.0,
MSG010494,LA016221,,,
MSG010495,,LA937801,,
MSG010496,,,304000.0,
MSG010497,,,36000.0,
MSG010501,,,,2026-01-14
MSG010502,,,,2025-11-10
MSG010504,,,28000.0,
MSG010505,,,855000.0,2025-05-21
MSG010507,,,742000.0,2025-01-10
MSG010508,LA026917,,,
MSG010509,,,,2025-07-23
MSG010510,,,335000.0,
MSG010511,LA000561,,,
MSG010515,,,,2026-01-29
MSG010517,,,661000.0,
MSG010518,,LA953466,,
MSG010519,LA024924,,,
MSG010522,LA009079,,,
MSG010532,LA030728,,,
MSG010541,,LA995002,,
MSG010543,,,,2026-08-11
MSG010545,,LA995352,,
MSG010546,,,858000.0,2026-08-31
MSG010552,LA031525,,,
MSG010553,,,,2025-05-02
MSG010554,,,589000.0,
MSG010556,LA016594,,453000.0,
MSG010558,,LA948325,,2025-02-27
MSG010564,,,497000.0,
MSG010567,LA010443,,,
MSG010568,,,240000.0,
MSG010571,,,,2026-02-20
MSG010572,,,544000.0,2026-12-12
MSG010575,,,360000.0,
MSG010580,,,,2026-12-21
MSG010586,,,,2026-01-28
MSG010588,,,479000.0,
MSG010591,,,183000.0,
MSG010594,,,,2026-11-08
MSG010596,,,888000.0,
MSG010598,,,170000.0,
MSG010604,,,637000.0,
MSG010607,,,660000.0,
MSG010610,,,646000.0,
MSG010617,,,329000.0,
MSG010618,LA007731,,,
MSG010619,,,617000.0,
MSG010621,,,509000.0,
MSG010625,LA006013,,,
MSG010627,LA032975,,,
MSG010631,,,793000.0,
MSG010632,,,659000.0,2026-06-30
MSG010633,,,228000.0,
MSG010635,,,613000.0,
MSG010638,,,419000.0,
MSG010639,,,,2026-07-28
MSG010641,,,197000.0,
MSG010645,,LA964613,,
MSG010648,,,718000.0,
MSG010649,,,786000.0,
MSG010650,,LA910822,,
MSG010654,,LA948225,,
MSG010657,LA006211,,,
MSG010659,LA014750,,,2025-12-15
MSG010662,,,751000.0,
MSG010663,LA015826,,,
MSG010665,,,,2025-08-27
MSG010668,,,,2026-04-10
MSG010670,LA022438,,,
MSG010674,,,273000.0,
MSG010675,LA027811,,,
MSG010676,LA018432,,,
MSG010681,,,,2025-07-18
MSG010682,,,825000.0,
MSG010684,,,264000.0,
MSG010688,,,42000.0,
MSG010690,LA025036,,,
MSG010693,,,,2025-09-06
MSG010697,LA018711,,,
MSG010712,,LA968781,,
MSG010714,,,676000.0,
MSG010715,,,593000.0,
MSG010720,LA014430,,,
MSG010723,,,40000.0,
MSG010732,,,94000.0,
MSG010737,,,881000.0,2026-06-12
MSG010742,,,63000.0,2026-11-16
MSG010747,,,723000.0,
MSG010750,,,462000.0,2026-02-07
MSG010753,,,829000.0,
MSG010759,LA005229,,,
MSG010769,,LA968278,,
MSG010770,,,635000.0,
MSG010771,,,214000.0,2026-01-15
MSG010772,,LA996336,,
MSG010774,,,,2026-04-17
MSG010775,,LA946623,,
MSG010781,,,828000.0,
MSG010788,LA006919,,,
MSG010794,,LA990793,,
MSG010795,LA014282,,,
MSG010796,LA001519,,,
MSG010798,LA010461,,,
MSG010799,,,429000.0,
MSG010800,,,,2026-12-15
MSG010802,LA015287,,,
MSG010805,,,,2026-08-19
MSG010808,,,,2026-09-20
MSG010809,,,371000.0,
MSG010811,LA015611,,,
MSG010813,,LA026897,,
MSG010814,,,145000.0,
MSG010816,,,,2026-04-18
MSG010818,,LA997870,,
MSG010820,LA031932,,,
MSG010826,,,305000.0,
MSG010828,,,,2026-08-03
MSG010829,,,702000.0,
MSG010836,LA024107,,,
MSG010837,LA002633,,,
MSG010838,,,335000.0,
MSG010839,,,149000.0,
MSG010842,LA013501,,,
MSG010845,,,741000.0,
MSG010846,LA024115,,,
MSG010858,LA019652,,,
MSG010859,,,22000.0,2025-11-11
MSG010860,,,227000.0,
MSG010862,,,490000.0,2025-11-01
MSG010864,,,438000.0,
MSG010866,,,49000.0,
MSG010868,LA015129,,,
MSG010871,,LA957195,,
MSG010872,,LA909147,,
MSG010875,LA014409,,,
MSG010882,,,339000.0,
MSG010890,LA013411,,,
MSG010891,,LA937627,,
MSG010899,,,,2026-05-20
MSG010900,,LA976470,,
MSG010903,LA019129,,,2026-07-21
MSG010904,,,584000.0,
MSG010907,,LA958067,,
MSG010911,,LA993630,,
MSG010912,,LA981592,,
MSG010913,,,,2025-07-22
MSG010916,,,616000.0,
MSG010919,,LA005926,,
MSG010920,,,59000.0,
MSG010921,,,799000.0,
MSG010923,LA017103,,,
MSG010924,LA006823,,,
MSG010927,,,,2025-05-03
MSG010928,,,116000.0,
MSG010929,,,,2026-05-25
MSG010932,LA022496,,,
MSG010935,,,639000.0,
MSG010943,LA028541,,,
MSG010946,,,,2026-08-20
MSG010947,,,63000.0,
MSG010952,,,69000.0,
MSG010955,,,,2026-12-28
MSG010956,LA016778,,,
MSG010967,,,175000.0,
MSG010968,,,701000.0,
MSG010970,,,,2025-11-14
MSG010972,LA012807,,,
MSG010975,,,281000.0,
MSG010977,,,751000.0,
MSG010983,,,363000.0,
MSG010984,,,447000.0,
MSG010985,LA031039,,,
MSG010986,,LA906322,,
MSG010987,,,890000.0,2026-08-01
MSG010989,,,,2026-01-12
MSG010990,,,,2025-11-14
MSG010991,,,,2026-11-15
MSG010993,,,778000.0,
MSG010994,,,,2026-10-18
MSG010997,,,504000.0,
MSG010998,,,650000.0,2026-05-03
MSG010999,,,,2025-01-30
MSG011000,LA021790,,,
MSG011001,,,827000.0,
MSG011002,LA014140,,533000.0,
MSG011007,,LA986122,,
MSG011011,,,850000.0,
MSG011014,,LA935736,,
MSG011016,,LA981883,,
MSG011017,,LA950777,,2026-01-17
MSG011024,,,354000.0,
MSG011030,,,660000.0,
MSG011031,,,253000.0,
MSG011032,,LA945547,,
MSG011035,,,334000.0,
MSG011038,LA000955,,,
MSG011041,,,,2025-12-28
MSG011042,LA000532,,,2026-08-10
MSG011045,,,473000.0,
MSG011046,,,247000.0,
MSG011047,LA007341,,,
MSG011048,,,,2026-11-29
MSG011053,LA007836,,,
MSG011056,,,,2025-09-12
MSG011057,,,36000.0,
MSG011059,,,,2025-08-24
MSG011060,,,,2026-05-06
MSG011061,,LA907244,147000.0,
MSG011064,,,,2026-05-07
MSG011065,,,,2025-08-10
MSG011070,,,260000.0,
MSG011071,LA023835,,,
MSG011073,LA016541,,,
MSG011078,LA032999,,,
MSG011080,LA017856,,536000.0,
MSG011082,,,614000.0,2025-10-31
MSG011083,,,,2026-10-02
MSG011089,LA029798,,,2025-06-18
MSG011090,,,379000.0,2025-10-21
MSG011095,LA018245,,,
MSG011097,,LA911885,,
MSG011100,,,875000.0,
MSG011101,,,544000.0,
MSG011103,,LA011835,,
MSG011104,,LA959529,,
MSG011108,,,209000.0,
MSG011111,LA023606,,,
MSG011114,LA014849,,,2025-06-15
MSG011116,,,770000.0,
MSG011120,LA009093,,584000.0,
MSG011125,,LA956916,,
MSG011132,LA015631,,,
MSG011135,,,230000.0,
MSG011138,,LA955490,,2026-05-19
MSG011143,,,642000.0,
MSG011153,LA021968,,,
MSG011158,,,381000.0,2025-09-22
MSG011161,LA012408,,,2026-01-14
MSG011162,,LA915642,,
MSG011164,,,374000.0,2026-09-19
MSG011168,,,,2025-06-06
MSG011171,LA023261,,620000.0,
MSG011173,,,523000.0,
MSG011174,LA032370,,,
MSG011175,,,509000.0,
MSG011178,,,,2025-01-16
MSG011185,,,678000.0,
MSG011194,,,835000.0,
MSG011195,,,803000.0,
MSG011199,,LA950993,,
MSG011200,,,69000.0,
MSG011201,LA013591,,,
MSG011202,,,718000.0,
MSG011203,LA009764,,,
MSG011210,,,,2025-12-02
MSG011213,,,,2025-06-23
MSG011222,,,99000.0,
MSG011225,LA013287,,,
MSG011230,LA027663,,,
MSG011234,,,,2025-01-13
MSG011237,,,144000.0,
MSG011239,,LA906095,,2025-03-27
MSG011241,,,237000.0,
MSG011242,,,493000.0,
MSG011246,,,404000.0,
MSG011252,,,87000.0,
MSG011254,,LA914413,,
MSG011262,,,763000.0,
MSG011263,,,178000.0,
MSG011264,LA005930,,,
MSG011267,,LA949866,,
MSG011270,LA032134,,,
MSG011272,LA013677,,,
MSG011278,,,,2025-09-04
MSG011279,,,668000.0,
MSG011283,,,335000.0,
MSG011286,,,,2026-01-19
MSG011288,,,190000.0,
MSG011290,,,778000.0,
MSG011291,,,892000.0,
MSG011292,,,728000.0,
MSG011296,,,415000.0,
MSG011302,LA027777,,,
MSG011308,,,313000.0,
MSG011312,,,530000.0,
MSG011313,,LA961695,,
MSG011316,LA025987,,,
MSG011327,LA025879,,,
MSG011329,,,187000.0,
MSG011338,,,565000.0,
MSG011340,,,,2025-07-09
MSG011343,,,,2026-09-16
MSG011348,,,890000.0,
MSG011351,LA029995,,,
MSG011355,,LA965536,,
MSG011356,,,,2025-06-10
MSG011358,,,206000.0,
MSG011363,,,97000.0,
MSG011364,,,473000.0,2025-12-26
MSG011365,LA006125,,,
MSG011370,LA019612,,,
MSG011380,,LA998193,,
MSG011381,LA003279,,,
MSG011391,LA009902,,,
MSG011392,,,316000.0,
MSG011395,,,404000.0,
MSG011397,,,514000.0,
MSG011398,LA001342,,,
MSG011405,,,891000.0,
MSG011406,LA020079,,,
MSG011409,,,212000.0,
MSG011415,,LA985413,,
MSG011422,LA024453,,,
MSG011425,LA005839,,527000.0,
MSG011426,,LA937977,,2026-05-07
MSG011442,,,543000.0,
MSG011444,,,63000.0,
MSG011450,,,,2026-08-07
MSG011454,LA010984,,,
MSG011456,,,234000.0,
MSG011459,,,518000.0,
MSG011464,LA022343,,,2026-02-11
MSG011465,,,410000.0,
MSG011466,,,583000.0,
MSG011468,,,548000.0,
MSG011469,,,,2026-06-28
MSG011470,,LA978282,,
MSG011472,LA027281,,,
MSG011473,,,223000.0,
MSG011474,,LA909564,,
MSG011480,,LA985723,,
MSG011487,LA029227,,,
MSG011489,LA002439,,,
MSG011492,,,501000.0,
MSG011495,LA013300,,,
MSG011497,,,,2026-11-30
MSG011501,,,,2026-07-11
MSG011509,LA000352,,,
MSG011514,LA027019,,,
MSG011516,LA004068,,,
MSG011519,,LA938664,,2025-10-18
MSG011520,,,,2026-02-22
MSG011525,,LA976006,,
MSG011527,,LA997062,,2025-07-04
MSG011529,,,,2025-06-26
MSG011534,,,,2026-08-14
MSG011535,LA027136,,,
MSG011539,LA005173,,,
MSG011542,,,25000.0,
MSG011550,LA000513,,,
MSG011551,,,553000.0,
MSG011552,,,261000.0,2026-06-23
MSG011554,LA029004,,,
MSG011559,,,,2025-09-12
MSG011560,,LA970323,,2025-05-20
MSG011561,LA014496,,,
MSG011562,LA014041,,,
MSG011563,,,262000.0,
MSG011564,,,244000.0,
MSG011567,,,143000.0,
MSG011570,,,127000.0,
MSG011571,,LA992023,,
MSG011575,,,168000.0,
MSG011580,,,197000.0,2026-05-26
MSG011585,,,214000.0,2026-10-27
MSG011586,,,393000.0,
MSG011589,,LA021366,454000.0,
MSG011598,LA009102,,,
MSG011601,,,92000.0,
MSG011605,LA022823,,,
MSG011609,,,744000.0,
MSG011614,,,265000.0,
MSG011619,,,27000.0,
MSG011620,,,34000.0,
MSG011630,,,101000.0,
MSG011631,,,84000.0,
MSG011632,,,104000.0,
MSG011634,LA014173,,,
MSG011640,,,,2026-10-02
MSG011644,,,524000.0,
MSG011645,,,684000.0,
MSG011651,,LA901013,,
MSG011659,LA009027,,,
MSG011663,,,199000.0,
MSG011667,,,469000.0,
MSG011670,,,235000.0,
MSG011671,,,777000.0,
MSG011673,,,465000.0,2025-02-20
MSG011674,,LA917055,,
MSG011676,,,32000.0,
MSG011678,,LA962609,,
MSG011682,,,242000.0,
MSG011683,,,850000.0,2025-07-01
MSG011686,,LA954058,,
MSG011687,,,843000.0,
MSG011689,LA013044,,,
MSG011691,LA000200,,,2025-06-06
MSG011694,,,577000.0,
MSG011695,,LA912048,,
MSG011699,LA009971,,,
MSG011700,LA019539,,,
MSG011702,,LA971836,,2026-05-16
MSG011705,,LA004563,,2026-08-13
MSG011706,,,,2026-12-26
MSG011709,,,111000.0,
MSG011710,,LA905866,,
MSG011714,,,,2026-05-18
MSG011716,,,,2025-06-23
MSG011717,,LA999075,,
MSG011719,,LA915641,,
MSG011721,LA003922,,,
MSG011724,,,838000.0,
MSG011726,,LA944546,,
MSG011728,LA021665,,,
MSG011732,,LA982328,,
MSG011733,,,434000.0,
MSG011737,,LA951403,,
MSG011738,,,641000.0,
MSG011739,,LA974384,,
MSG011746,,,,2026-06-26
MSG011747,LA014146,,,
MSG011752,,,,2025-12-22
MSG011754,,,212000.0,2026-07-13
MSG011755,,,,2026-12-22
MSG011758,,,328000.0,2026-03-11
MSG011764,,,766000.0,
MSG011765,LA004522,,,
MSG011770,,,,2025-10-31
MSG011775,LA024705,,,
MSG011779,,,678000.0,
MSG011785,LA025611,,,
MSG011793,,,451000.0,
MSG011796,,,888000.0,
MSG011800,,,230000.0,
MSG011804,,,,2025-08-09
MSG011806,,,,2026-04-03
MSG011808,LA001154,,,
MSG011810,,,528000.0,
MSG011823,,,,2025-09-08
MSG011826,,,118000.0,
MSG011827,,,,2025-03-01
MSG011830,,,,2025-02-01
MSG011831,LA006685,,,
MSG011834,,,,2025-01-12
MSG011844,,,747000.0,
MSG011845,LA012234,,,
MSG011849,,LA970364,,
MSG011851,,LA994876,,
MSG011852,LA024163,,,
MSG011855,,,,2026-02-05
MSG011856,,,,2025-10-13
MSG011864,,,,2026-06-13
MSG011869,,,631000.0,2025-06-18
MSG011871,,LA946394,,
MSG011874,,,,2026-09-04
MSG011876,LA002452,,,
MSG011878,LA026598,,,
MSG011880,,,,2025-11-28
MSG011882,LA010564,,,
MSG011884,,LA997896,,
MSG011886,,,22000.0,
MSG011888,,,636000.0,
MSG011889,,,,2025-03-05
MSG011891,,,620000.0,
MSG011893,,,766000.0,
MSG011895,,,,2025-06-17
MSG011896,,,400000.0,2026-07-10
MSG011897,,,74000.0,2026-10-27
MSG011909,,,547000.0,
MSG011917,,,479000.0,
MSG011920,,LA951675,,
MSG011924,,LA989327,,
MSG011925,,,,2026-10-22
MSG011930,,,707000.0,
MSG011936,,,,2026-02-15
MSG011938,,,194000.0,
MSG011945,,LA973263,,
MSG011948,,,614000.0,
MSG011952,,,889000.0,
MSG011953,,LA913292,,
MSG011956,LA004149,,,
MSG011958,,,435000.0,
MSG011960,,,366000.0,
MSG011963,LA028495,,25000.0,
MSG011964,,,807000.0,2026-10-03
MSG011969,,,450000.0,2025-09-23
MSG011974,LA002867,,,2025-05-02
MSG011975,,,122000.0,
MSG011976,,,652000.0,
MSG011979,,,699000.0,
MSG011984,,,121000.0,
MSG011985,,LA964362,,
MSG011988,LA004286,,,
MSG011997,LA031336,,,
MSG011998,,,,2025-08-11
MSG012009,,,717000.0,
MSG012010,,,548000.0,
MSG012018,,LA987837,294000.0,
MSG012023,,,852000.0,
MSG012033,LA017171,,,
MSG012036,,LA912837,,
MSG012042,,,705000.0,
MSG012043,LA015300,,,
MSG012047,,,67000.0,
MSG012048,,LA983862,,
MSG012058,,,782000.0,
MSG012062,,,118000.0,
MSG012063,,,566000.0,
MSG012067,,,541000.0,
MSG012070,,LA910543,,
MSG012072,LA022707,,,
MSG012074,,,666000.0,
MSG012076,,,453000.0,
MSG012078,,LA987107,,
MSG012079,,,529000.0,
MSG012082,,,311000.0,
MSG012083,,,743000.0,
MSG012086,,,,2025-06-16
MSG012090,,,,2025-03-10
MSG012091,,,833000.0,2025-09-28
MSG012092,,,165000.0,2025-09-20
MSG012094,LA020820,,,
MSG012095,,,169000.0,
MSG012101,LA020268,,,
MSG012104,,,780000.0,
MSG012106,LA000774,,,
MSG012109,,,471000.0,
MSG012114,,,5000.0,
MSG012116,,LA978890,,
MSG012117,,,498000.0,
MSG012120,,,220000.0,
MSG012122,LA018225,,,
MSG012125,LA009226,,,2025-09-02
MSG012126,,LA915168,,
MSG012128,LA026665,,,
MSG012130,LA016702,,,
MSG012134,,,5000.0,
MSG012135,,,,2026-10-12
MSG012141,LA004096,,,
MSG012148,,,667000.0,
MSG012149,,,252000.0,
MSG012156,,,441000.0,
MSG012159,,,,2025-05-20
MSG012170,,,220000.0,
MSG012173,,,,2025-07-21
MSG012179,,,810000.0,
MSG012181,,,833000.0,
MSG012186,LA029245,,,
MSG012187,,LA972645,,
MSG012190,,,196000.0,
MSG012193,,,,2025-02-21
MSG012194,LA009409,,,
MSG012198,LA008987,,,
MSG012199,,,700000.0,
MSG012203,,,884000.0,2025-08-25
MSG012208,,,193000.0,
MSG012210,,,,2025-02-22
MSG012212,,LA911679,,
MSG012213,LA030898,,,
MSG012217,,,378000.0,
MSG012218,,,842000.0,
MSG012227,,LA956802,,
MSG012229,,,,2025-11-11
MSG012234,LA025603,,,
MSG012237,,,76000.0,
MSG012240,,,835000.0,
MSG012242,,LA992379,,
MSG012243,,,,2025-02-20
MSG012245,,LA920596,,
MSG012251,,LA917382,,
MSG012254,,,,2026-03-01
MSG012256,,,81000.0,
MSG012258,,,312000.0,
MSG012260,,,,2026-05-20
MSG012262,,,,2026-06-19
MSG012263,LA028368,,,2025-06-10
MSG012268,LA021875,,,2025-11-29
MSG012270,,LA942287,,
MSG012272,,,545000.0,
MSG012273,,,17000.0,
MSG012275,,,,2025-04-20
MSG012278,,,817000.0,
MSG012279,LA030044,,,
MSG012284,,,612000.0,
MSG012285,,,219000.0,
MSG012288,LA003814,,,2026-10-21
MSG012292,,,22000.0,
MSG012294,LA019823,,,
MSG012298,,LA936861,,
MSG012300,,LA904847,,
MSG012311,,,345000.0,
MSG012314,LA009703,,,
MSG012315,,,5000.0,
MSG012322,,LA945598,,
MSG012328,LA013162,,,
MSG012329,,,376000.0,
MSG012331,,,226000.0,
MSG012332,,,521000.0,
MSG012335,,,16000.0,
MSG012338,LA007884,,,
MSG012339,,,20000.0,
MSG012342,,,898000.0,
MSG012344,,,631000.0,2025-10-01
MSG012346,,,407000.0,2025-09-26
MSG012347,LA006796,,,
MSG012350,,LA014619,,
MSG012357,,,,2026-08-14
MSG012361,LA030300,,,2026-07-13
MSG012362,,,530000.0,
MSG012368,,LA925954,,
MSG012369,,LA912444,,
MSG012370,LA020990,,,
MSG012376,LA011544,,,
MSG012377,,,,2026-04-17
MSG012380,,,607000.0,
MSG012387,LA014316,,,
MSG012388,,,345000.0,
MSG012392,,,,2025-12-15
MSG012395,,,,2025-07-24
MSG012400,,,,2025-10-06
MSG012403,,LA927603,,
MSG012404,,,463000.0,
MSG012408,,,630000.0,
MSG012409,,,449000.0,
MSG012411,,LA902063,,
MSG012414,,LA991503,,
MSG012415,LA017503,,,
MSG012417,LA008101,,,
MSG012418,,,,2025-09-28
MSG012422,LA017224,,,
MSG012423,LA022989,,,
MSG012425,,,286000.0,
MSG012426,,,161000.0,
MSG012427,LA008056,,,
MSG012428,LA019311,,,
MSG012431,,,523000.0,2026-11-24
MSG012436,,LA999408,,
MSG012439,,,,2025-09-02
MSG012441,,,37000.0,
MSG012445,,,47000.0,
MSG012447,,,783000.0,
MSG012450,LA023406,,,
MSG012453,LA017163,,,
MSG012454,,,573000.0,
MSG012455,,LA936761,,
MSG012457,,,813000.0,
MSG012469,,,,2026-10-10
MSG012472,,,586000.0,
MSG012478,,,46000.0,
MSG012482,LA009657,,,2025-06-07
MSG012485,,LA987664,,
MSG012490,,,797000.0,
MSG012491,,,,2025-01-31
MSG012493,LA018315,,,
MSG012496,,LA946134,266000.0,
MSG012500,,,,2025-12-16
MSG012502,LA026197,,,
MSG012505,LA007356,,,
MSG012506,,LA991232,,
MSG012510,,,802000.0,
MSG012511,,,322000.0,
MSG012512,,,299000.0,2025-11-05
MSG012516,LA018984,,,
MSG012517,,,446000.0,
MSG012519,,,224000.0,
MSG012523,LA022478,,,
MSG012524,LA010632,,,
MSG012527,LA012804,,,
MSG012533,,,645000.0,
MSG012534,,LA917312,,
MSG012542,,,269000.0,2026-07-15
MSG012545,LA029333,,,2025-05-05
MSG012546,,,,2026-08-12
MSG012547,LA012008,,,
MSG012550,LA019767,,,
MSG012552,,LA928456,,
MSG012555,,,786000.0,
MSG012557,,,,2026-12-13
MSG012563,,,809000.0,
MSG012564,,,226000.0,
MSG012567,LA004961,,,2026-01-22
MSG012568,,,806000.0,2026-07-13
MSG012571,,,890000.0,
MSG012580,,,836000.0,
MSG012584,LA030555,,,
MSG012585,,,,2026-01-31
MSG012587,,,494000.0,
MSG012590,,,146000.0,
MSG012591,,,384000.0,
MSG012592,,,672000.0,
MSG012593,,LA973981,,
MSG012595,,,245000.0,2025-05-22
MSG012598,LA019722,,,
MSG012605,,LA922009,,
MSG012606,,,,2026-11-07
MSG012617,,,2000.0,
MSG012619,,,,2025-02-06
MSG012620,LA025112,,,
MSG012621,,,564000.0,
MSG012622,,,573000.0,2025-12-13
MSG012624,,,,2025-01-22
MSG012632,,,,2026-07-27
MSG012636,,,786000.0,
MSG012639,,,652000.0,
MSG012640,,,639000.0,
MSG012642,,,204000.0,
MSG012643,,,374000.0,
MSG012649,,,,2026-07-23
MSG012654,,,,2025-05-21
MSG012656,,,356000.0,
MSG012659,,,48000.0,2025-10-12
MSG012660,,,,2026-10-12
MSG012661,LA019913,,,
MSG012663,,,,2025-04-08
MSG012668,,,237000.0,
MSG012671,,,390000.0,
MSG012673,,,,2025-10-17
MSG012676,LA011747,,,
MSG012682,,,611000.0,
MSG012683,,,669000.0,
MSG012684,,LA982353,,2026-07-04
MSG012685,LA011248,,,2026-06-08
MSG012688,,,217000.0,
MSG012691,,,658000.0,
MSG012693,,,746000.0,
MSG012697,,,431000.0,
MSG012701,,,771000.0,
MSG012704,,,44000.0,
MSG012708,,,556000.0,
MSG012710,LA023167,,,2026-03-23
MSG012712,,,785000.0,
MSG012715,,,157000.0,
MSG012716,,,208000.0,
MSG012718,,,14000.0,
MSG012720,LA028379,,,
MSG012724,,,512000.0,
MSG012728,,,,2025-11-26
MSG012729,LA004225,,,
MSG012731,LA027902,,,
MSG012735,LA027396,,,
MSG012738,LA003611,,,
MSG012741,LA003581,,,
MSG012746,,,369000.0,
MSG012747,LA022961,,,
MSG012748,LA027816,,,
MSG012753,LA013011,,,
MSG012754,,,541000.0,
MSG012755,,,235000.0,2025-09-29
MSG012759,,,5000.0,
MSG012762,,,199000.0,
MSG012764,,,833000.0,
MSG012771,,,62000.0,
MSG012775,LA021168,,,
MSG012782,,,601000.0,
MSG012788,,,570000.0,2026-04-13
MSG012789,,,,2025-11-16
MSG012792,,,,2026-04-05
MSG012795,LA032991,,,
MSG012799,LA010674,,,
MSG012802,,,467000.0,
MSG012806,LA007460,,,
MSG012809,,,,2025-10-16
MSG012810,,LA032729,,
MSG012812,,,249000.0,
MSG012813,,,415000.0,
MSG012825,,,199000.0,2026-10-29
MSG012830,LA009286,,,
MSG012831,,,,2025-03-11
MSG012837,,LA942586,,
MSG012839,,,,2026-02-09
MSG012840,,,,2025-05-02
MSG012841,,,563000.0,
MSG012845,,,142000.0,
MSG012847,,,,2025-09-13
MSG012849,LA015610,,,
MSG012850,,LA940389,,
MSG012851,,,,2026-07-15
MSG012855,,,446000.0,2025-02-12
MSG012856,LA014605,,,
MSG012857,,,808000.0,2026-03-05
MSG012859,,LA945331,,
MSG012860,,,500000.0,
MSG012863,LA017292,,,2026-11-05
MSG012865,LA008898,,,2025-09-01
MSG012870,,,144000.0,
MSG012873,,,730000.0,
MSG012878,,,,2026-05-17
MSG012885,,,117000.0,
MSG012899,,,542000.0,
MSG012900,LA022433,,,
MSG012902,,,,2026-12-01
MSG012904,,,,2026-05-31
MSG012908,,LA979785,,
MSG012909,LA022861,,,
MSG012910,,,104000.0,
MSG012911,,,,2026-03-13
MSG012914,LA006646,,,
MSG012916,LA015884,,,
MSG012920,,,,2026-03-08
MSG012921,,,,2025-05-26
MSG012924,,,835000.0,
MSG012925,,,,2026-09-29
MSG012928,,,,2025-10-31
MSG012931,,,891000.0,
MSG012933,,LA900559,,
MSG012935,LA001896,,,
MSG012936,,,392000.0,
MSG012940,,,718000.0,
MSG012941,,,153000.0,
MSG012943,,,,2025-12-18
MSG012944,,,177000.0,
MSG012946,,,,2026-12-03
MSG012948,,,,2025-12-14
MSG012950,LA007319,,,
MSG012951,,,323000.0,
MSG012953,LA032582,,,
MSG012954,,LA975068,,
MSG012955,LA016733,,,
MSG012957,LA020572,,,
MSG012971,,LA977924,772000.0,
MSG012973,LA029331,,,
MSG012974,LA023581,,,
MSG012978,LA026170,,,2025-03-12
MSG012981,LA023526,,,
MSG012982,,,183000.0,2026-04-11
MSG012988,,,255000.0,
MSG012990,,,,2025-12-28
MSG012991,,,,2026-08-07
MSG012992,LA016481,,,
MSG012994,,,327000.0,
MSG013004,,,740000.0,
MSG013008,LA020899,,,
MSG013010,,,,2025-10-31
MSG013013,,,634000.0,
MSG013015,,,13000.0,
MSG013019,,LA982114,,
MSG013024,,,375000.0,
MSG013026,,,531000.0,
MSG013027,,LA999665,,
MSG013032,,,,2025-03-28
MSG013033,LA009543,,,
MSG013040,,,660000.0,
MSG013041,,,308000.0,
MSG013042,LA029386,,,
MSG013043,LA005962,,,
MSG013044,,LA978225,,
MSG013051,,,,2025-01-16
MSG013055,,,,2026-02-10
MSG013056,,,,2026-10-12
MSG013058,LA029176,,,
MSG013064,,,457000.0,
MSG013070,,,443000.0,
MSG013074,,,26000.0,
MSG013076,,,,2025-11-20
MSG013081,LA004710,,,
MSG013083,,,275000.0,
MSG013085,LA023464,,,
MSG013086,LA032665,,,
MSG013088,,,388000.0,
MSG013090,,,116000.0,
MSG013093,,,271000.0,
MSG013096,,LA952868,,
MSG013098,LA018899,,,
MSG013101,,,233000.0,
MSG013102,,,,2025-09-11
MSG013103,,LA946611,,
MSG013123,,,511000.0,
MSG013125,,,362000.0,2026-06-21
MSG013128,,,429000.0,
MSG013130,,,324000.0,
MSG013131,,,168000.0,
MSG013133,LA011249,,,
MSG013138,,LA938825,,
MSG013144,,,,2025-03-24
MSG013152,,,,2025-10-01
MSG013155,,LA982714,,
MSG013165,,,338000.0,
MSG013169,,,461000.0,
MSG013180,,LA939274,,
MSG013184,,,740000.0,
MSG013185,,,458000.0,
MSG013189,,,548000.0,
MSG013190,,,637000.0,
MSG013195,,,891000.0,
MSG013201,,,870000.0,
MSG013203,LA029022,,,
MSG013204,LA016939,,,
MSG013205,,,461000.0,
MSG013209,,,,2026-06-05
MSG013210,,,675000.0,
MSG013211,,,747000.0,
MSG013215,,,772000.0,
MSG013216,,,,2025-12-30
MSG013219,,,544000.0,
MSG013220,,,315000.0,
MSG013224,LA004026,,,
MSG013225,,,,2026-08-25
MSG013226,LA008259,,,
MSG013234,LA022548,,,
MSG013240,,LA957263,,
MSG013244,,LA909607,,
MSG013245,,,,2026-11-21
MSG013247,,,343000.0,
MSG013248,LA015047,,,
MSG013249,,,89000.0,
MSG013254,LA007185,,,
MSG013255,,,769000.0,
MSG013257,,LA931732,,
MSG013258,,LA926615,,
MSG013260,LA026382,,,
MSG013261,,,794000.0,
MSG013263,,,19000.0,
MSG013268,,,,2026-11-26
MSG013269,,,545000.0,2025-01-03
MSG013271,,,621000.0,
MSG013272,LA003990,,,
MSG013273,,LA943501,,
MSG013275,LA007262,,,
MSG013276,,,,2026-02-21
MSG013279,,,698000.0,2026-09-23
MSG013282,LA015383,,,
MSG013285,,,85000.0,
MSG013288,,,,2025-10-14
MSG013289,,LA950212,,2026-05-24
MSG013291,,LA971648,,
MSG013292,,LA943184,,2026-11-04
MSG013294,,,,2026-05-22
MSG013297,,,152000.0,
MSG013298,,,46000.0,
MSG013299,,LA915033,782000.0,2026-02-05
MSG013302,,,,2026-06-17
MSG013304,,,,2025-03-29
MSG013306,,,17000.0,
MSG013315,LA001308,,,
MSG013316,,,807000.0,
MSG013317,,,407000.0,
MSG013318,,,371000.0,
MSG013319,LA012801,,,
MSG013321,,,705000.0,
MSG013326,,,,2026-02-13
MSG013331,LA030027,,469000.0,
MSG013334,,,875000.0,
MSG013335,LA031057,,,
MSG013337,,,57000.0,
MSG013339,LA028778,,,
MSG013340,LA010712,,,
MSG013341,LA002146,,,
MSG013344,,LA954502,,
MSG013346,LA026901,,,
MSG013347,LA012335,,,2026-09-03
MSG013352,,,,2025-12-08
MSG013355,LA024736,,,
MSG013356,LA003944,,,
MSG013357,,,661000.0,
MSG013358,,LA905468,,
MSG013360,LA022065,,,
MSG013368,,,65000.0,
MSG013371,LA019373,,,2025-05-12
MSG013377,,,132000.0,
MSG013383,,LA984905,,
MSG013388,,,113000.0,
MSG013401,LA030372,,,2026-09-30
MSG013404,LA003377,,,
MSG013408,LA013478,,,
MSG013415,,,,2025-04-05
MSG013417,,,38000.0,
MSG013420,,,620000.0,
MSG013424,,,209000.0,2025-11-29
MSG013425,LA032674,,,
MSG013426,,,262000.0,
MSG013428,,,,2025-07-11
MSG013429,,,459000.0,
MSG013434,,,839000.0,
MSG013435,LA012874,,,
MSG013436,LA021734,,,
MSG013438,,,453000.0,
MSG013440,,,,2026-09-03
MSG013442,,,814000.0,
MSG013444,LA005333,,,
MSG013446,LA024065,,,2026-12-19
MSG013450,,,165000.0,
MSG013451,,,177000.0,
MSG013454,LA009129,,,
MSG013456,,,884000.0,
MSG013457,,,,2026-10-23
MSG013459,,,446000.0,
MSG013462,LA018901,,,
MSG013464,,LA977055,,
MSG013471,,,685000.0,
MSG013472,,,376000.0,
MSG013473,,,,2026-06-03
MSG013475,LA029033,,,
MSG013476,LA021834,,,
MSG013483,,,714000.0,
MSG013484,LA015670,,,
MSG013486,,,43000.0,
MSG013490,,,888000.0,
MSG013495,LA006295,,,
MSG013498,,,659000.0,
MSG013499,,,,2026-07-03
MSG013501,LA011283,,,
MSG013502,,,,2025-07-19
MSG013506,,,,2025-08-29
MSG013507,,,,2026-07-08
MSG013510,,,,2026-07-26
MSG013511,,,47000.0,
MSG013514,,,760000.0,
MSG013518,,,251000.0,2026-02-19
MSG013521,,LA922524,,
MSG013524,,LA926323,,
MSG013525,,,197000.0,2025-04-10
MSG013527,LA028028,,,2025-02-14
MSG013528,,,436000.0,
MSG013532,,,69000.0,
MSG013536,LA007166,,,2025-05-03
MSG013550,,LA902766,,
MSG013553,LA021677,,,
MSG013555,,,499000.0,
MSG013562,,,,2026-11-19
MSG013567,,,889000.0,
MSG013568,,,546000.0,
MSG013570,,,554000.0,
MSG013571,,,459000.0,
MSG013572,,,,2025-07-07
MSG013574,LA016017,,,
MSG013582,,,,2025-07-17
MSG013583,,,646000.0,
MSG013592,,LA010612,,
MSG013593,,,12000.0,
MSG013594,LA023675,,,
MSG013599,,,,2025-02-06
MSG013600,,LA936440,,
MSG013604,,,,2026-03-31
MSG013606,,,393000.0,
MSG013608,,,241000.0,
MSG013612,,,,2025-07-30
MSG013616,,,860000.0,2026-06-06
MSG013618,LA011965,,,
MSG013624,,,,2026-07-16
MSG013630,,,,2025-05-09
MSG013631,,,841000.0,
MSG013635,,,436000.0,
MSG013637,,,,2026-05-21
MSG013639,,,819000.0,
MSG013640,,LA903822,,
MSG013643,LA009485,,,
MSG013645,LA017485,,,
MSG013646,LA025027,,,
MSG013647,LA028521,,,
MSG013648,,,192000.0,
MSG013649,LA020805,,,
MSG013651,LA021867,,,
MSG013656,,,,2026-04-04
MSG013660,LA026012,,,
MSG013662,,,343000.0,
MSG013665,,,875000.0,
MSG013676,,,819000.0,
MSG013677,,,,2025-10-02
MSG013681,,LA993633,,
MSG013687,,,54000.0,
MSG013689,,,437000.0,2026-03-31
MSG013692,,,851000.0,
MSG013698,LA008917,,,
MSG013699,,,779000.0,
MSG013700,LA008312,,,2026-04-30
MSG013703,,,708000.0,
MSG013705,,,,2025-09-11
MSG013706,,,383000.0,
MSG013707,LA015985,,,
MSG013711,,,744000.0,
MSG013715,,,877000.0,
MSG013716,,,842000.0,
MSG013719,,,60000.0,
MSG013720,LA020846,,,
MSG013727,,,,2025-03-20
MSG013729,,,743000.0,
MSG013732,,,374000.0,
MSG013741,,LA913416,,
MSG013744,,LA965936,,
MSG013745,,,,2026-11-15
MSG013747,,,342000.0,
MSG013749,,,,2025-03-12
MSG013751,,,295000.0,
MSG013752,,,268000.0,
MSG013757,,,46000.0,
MSG013760,,LA957047,,
MSG013761,LA021340,,,
MSG013763,,,772000.0,
MSG013764,,,597000.0,
MSG013766,LA005094,,,
MSG013767,LA025782,,,
MSG013773,,,117000.0,
MSG013774,,,789000.0,2025-12-30
MSG013777,,,243000.0,2026-10-11
MSG013782,,,,2026-06-06
MSG013786,LA012020,,,
MSG013789,,,,2026-01-18
MSG013792,LA028952,,,
MSG013793,LA023932,,,2026-12-18
MSG013797,LA032441,,,
MSG013798,,,742000.0,
MSG013802,,,236000.0,2026-01-27
MSG013803,LA020869,,,
MSG013808,LA017429,,,
MSG013809,,,,2026-10-10
MSG013811,,LA923685,,2025-07-30
MSG013813,,,335000.0,
MSG013815,,,,2026-10-14
MSG013817,,,790000.0,
MSG013820,,,,2025-10-16
MSG013821,,,71000.0,
MSG013831,,LA980817,,
MSG013833,,,207000.0,
MSG013835,,,,2026-10-30
MSG013837,,,522000.0,
MSG013838,LA006223,,,
MSG013839,,LA910887,,
MSG013840,LA013171,,,2025-06-18
MSG013842,,LA988679,,
MSG013843,,LA974033,,
MSG013844,LA028330,,,
MSG013848,,,151000.0,
MSG013851,,LA963510,,
MSG013852,,,,2025-10-14
MSG013853,,LA987965,,
MSG013856,,,336000.0,
MSG013859,,LA940313,,
MSG013869,,,507000.0,
MSG013871,,,247000.0,
MSG013873,,LA928163,,
MSG013874,,,37000.0,
MSG013878,,,86000.0,
MSG013879,,,286000.0,
MSG013880,,,113000.0,
MSG013882,LA012623,,,
MSG013884,,,737000.0,
MSG013888,LA001765,,,
MSG013893,,LA915451,,
MSG013898,LA008121,,,
MSG013899,LA019670,,,
MSG013906,LA020782,,,
MSG013908,,,801000.0,2026-01-08
MSG013909,,,29000.0,
MSG013911,LA032470,,,2025-01-04
MSG013913,,,75000.0,
MSG013914,LA030817,,,2026-11-06
MSG013915,,,,2025-04-25
MSG013916,,LA992436,,
MSG013918,,,695000.0,
MSG013919,LA017557,,,
MSG013920,,,407000.0,
MSG013922,,LA940141,,
MSG013923,,,369000.0,2026-12-18
MSG013924,,LA982938,,
MSG013926,LA018318,,,
MSG013928,,,650000.0,
MSG013929,LA026436,,,2026-12-04
MSG013930,,,15000.0,
MSG013931,LA001603,,,
MSG013936,,LA933241,,2026-09-23
MSG013939,,,515000.0,2026-03-04
MSG013952,,LA995498,,
MSG013954,,,892000.0,
MSG013958,,,871000.0,
MSG013961,LA019669,,,
MSG013963,,,82000.0,
MSG013967,LA015658,,,
MSG013971,LA025864,,,
MSG013972,,,,2025-08-25
MSG013974,,,,2026-05-17
MSG013977,,,154000.0,
MSG013978,LA026425,,,
MSG013980,,LA987001,,
MSG013982,,,844000.0,
MSG013984,,LA930803,,
MSG013986,,,452000.0,
MSG013988,LA021654,,,2026-03-29
MSG013995,,,570000.0,
MSG014002,,,,2026-07-19
MSG014003,,LA948671,,
MSG014004,LA021709,,,
MSG014005,,,409000.0,
MSG014007,,,,2025-01-13
MSG014012,,,419000.0,
MSG014013,,,621000.0,
MSG014015,,,,2025-10-07
MSG014019,,LA979398,,
MSG014021,LA022833,,,
MSG014022,LA019166,,,
MSG014023,,,732000.0,
MSG014024,,,,2026-06-26
MSG014026,,,418000.0,
MSG014032,,LA922619,,
MSG014035,,,,2025-10-13
MSG014039,,,589000.0,
MSG014041,LA007553,,,
MSG014042,,,733000.0,
MSG014043,LA009416,,,
MSG014044,,LA902368,,
MSG014046,LA024508,,,
MSG014050,,,151000.0,
MSG014051,LA020426,,,2025-05-11
MSG014052,,,,2026-11-21
MSG014053,LA007885,,,
MSG014058,LA028970,,,
MSG014061,LA032368,,,
MSG014068,,,464000.0,
MSG014069,,,,2026-10-19
MSG014072,LA020682,,,
MSG014075,,LA928879,,
MSG014077,LA007552,,,
MSG014078,LA030963,,,
MSG014080,,,492000.0,
MSG014082,,,130000.0,
MSG014083,,,416000.0,
MSG014085,,,868000.0,
MSG014086,,,201000.0,
MSG014088,,,89000.0,
MSG014090,,,573000.0,
MSG014092,,LA959058,,
MSG014093,,,390000.0,
MSG014097,LA007846,,,
MSG014098,,,,2025-03-28
MSG014099,,LA913646,,
MSG014101,,,764000.0,
MSG014102,,,,2025-06-04
MSG014106,LA014284,,,
MSG014108,,,399000.0,2026-12-30
MSG014109,,,23000.0,
MSG014112,,,111000.0,
MSG014115,,,151000.0,2026-02-26
MSG014121,,,802000.0,
MSG014123,,LA933338,,
MSG014125,LA028341,,,
MSG014128,LA017207,,,
MSG014131,,LA991857,,
MSG014134,,,323000.0,
MSG014136,,,556000.0,
MSG014139,,,559000.0,
MSG014141,,,,2025-03-07
MSG014144,LA008048,,,
MSG014149,LA002653,,,2026-05-08
MSG014152,,,781000.0,
MSG014153,LA011925,,,
MSG014155,,,845000.0,
MSG014158,,,504000.0,
MSG014160,LA022202,,,
MSG014163,,,48000.0,
MSG014164,,,670000.0,
MSG014167,LA023609,,,
MSG014171,,,354000.0,
MSG014173,,LA007391,,
MSG014179,LA005261,,577000.0,
MSG014182,LA023175,,55000.0,
MSG014185,LA005271,,,
MSG014187,LA002126,,,
MSG014190,,,,2025-07-27
MSG014191,,,348000.0,
MSG014196,LA016064,,,
MSG014197,,,,2026-08-07
MSG014200,,,,2026-08-28
MSG014203,LA018856,,,2025-11-13
MSG014205,LA008073,,,
MSG014206,,,483000.0,
MSG014209,LA007000,,,
MSG014219,,,404000.0,
MSG014224,,,,2026-08-26
MSG014230,LA007813,,,
MSG014231,,,,2026-01-31
MSG014233,LA011331,,,
MSG014237,,,263000.0,
MSG014238,LA000303,,,
MSG014241,LA000386,,,
MSG014243,,,,2025-08-04
MSG014248,LA012238,,,
MSG014249,,,,2025-03-17
MSG014254,,,60000.0,2025-06-29
MSG014256,,,166000.0,
MSG014266,LA000663,,,
MSG014269,,LA907507,,
MSG014273,,,143000.0,
MSG014274,LA010526,,,
MSG014275,LA019194,,,
MSG014277,,,270000.0,
MSG014278,,,,2025-02-20
MSG014279,LA001037,,,
MSG014286,LA020407,,,
MSG014288,,,677000.0,
MSG014289,,,147000.0,
MSG014291,LA020524,,,
MSG014292,,,572000.0,
MSG014300,LA018940,,,
MSG014302,,,509000.0,
MSG014304,,,,2026-09-24
MSG014311,,,81000.0,2026-11-04
MSG014313,,,551000.0,
MSG014318,LA020700,,,
MSG014326,,,,2025-11-23
MSG014328,,,535000.0,
MSG014330,,,735000.0,
MSG014342,,,677000.0,
MSG014343,,,78000.0,
MSG014346,,,343000.0,
MSG014349,LA026715,,172000.0,
MSG014357,,,485000.0,
MSG014360,,,599000.0,
MSG014365,,,732000.0,
MSG014366,,LA905034,,
MSG014369,,,729000.0,
MSG014370,,LA942384,,2026-10-23
MSG014374,LA002345,,,
MSG014376,LA005591,,,
MSG014378,,,,2025-08-08
MSG014379,,LA901284,,2025-05-21
MSG014380,,,,2025-03-31
MSG014388,,,,2026-01-13
MSG014392,LA010482,,,2026-11-19
MSG014399,,LA902781,,
MSG014401,LA022734,,,
MSG014409,,,221000.0,
MSG014410,,LA918298,,
MSG014411,,,861000.0,
MSG014412,,,264000.0,
MSG014420,,LA910225,,
MSG014422,,,,2026-03-10
MSG014424,,,59000.0,2025-04-12
MSG014426,LA028806,,,
MSG014429,LA030312,,,
MSG014430,,,489000.0,
MSG014436,,,,2026-07-30
MSG014439,,,420000.0,
MSG014440,,,157000.0,
MSG014442,,,310000.0,
MSG014443,,,,2026-06-07
MSG014445,,,,2026-02-09
MSG014446,LA019234,,,
MSG014451,,,137000.0,
MSG014456,,,634000.0,
MSG014458,,,68000.0,
MSG014461,LA013552,,,
MSG014463,LA013613,,,
MSG014473,,LA981086,,2026-10-22
MSG014476,,,,2025-05-25
MSG014480,,,,2026-07-31
MSG014481,LA001980,,,
MSG014482,,,509000.0,
MSG014483,LA015367,,,
MSG014484,,,352000.0,
MSG014485,,,698000.0,
MSG014487,,LA912270,,
MSG014488,,,139000.0,2026-05-05
MSG014498,,,64000.0,
MSG014499,,,536000.0,
MSG014502,LA016948,,,
MSG014510,LA006904,,,
MSG014517,,,,2026-10-22
MSG014518,,,458000.0,
MSG014519,,,99000.0,
MSG014520,,,44000.0,
MSG014523,,,,2025-08-27
MSG014533,,,711000.0,
MSG014534,,,,2025-02-28
MSG014535,,LA952346,,
MSG014539,LA025361,,,
MSG014540,LA026802,,,
MSG014542,LA009989,,,2025-02-11
MSG014546,,LA970527,,
MSG014547,LA030162,,,
MSG014552,LA003545,,,
MSG014557,,,603000.0,
MSG014559,,,122000.0,
MSG014560,,,185000.0,
MSG014561,,,731000.0,
MSG014562,,,777000.0,
MSG014563,,,,2025-05-08
MSG014566,,,207000.0,2025-07-21
MSG014567,,,,2026-11-15
MSG014569,,,556000.0,
MSG014571,,,389000.0,
MSG014575,,,495000.0,
MSG014577,,,,2025-10-16
MSG014585,,,,2026-07-25
MSG014598,,,651000.0,
MSG014603,,,480000.0,
MSG014607,LA030051,,,
MSG014609,,,655000.0,
MSG014611,,,123000.0,
MSG014614,LA025365,,,2025-08-20
MSG014620,,LA962583,,
MSG014623,LA007424,,,
MSG014624,,LA965386,391000.0,
MSG014626,,,587000.0,
MSG014629,,LA021477,,
MSG014630,,,329000.0,
MSG014631,,,177000.0,
MSG014636,LA010276,,,
MSG014640,,,,2026-02-07
MSG014644,,,,2026-07-14
MSG014648,,LA935772,,2026-07-06
MSG014649,,,214000.0,2026-03-23
MSG014656,,,681000.0,
MSG014657,LA026405,,,
MSG014662,,,856000.0,
MSG014668,,,660000.0,
MSG014672,,,847000.0,
MSG014675,,,454000.0,
MSG014678,,,616000.0,
MSG014681,LA005322,,,
MSG014682,,,781000.0,
MSG014684,,LA988883,,
MSG014686,,,776000.0,
MSG014689,,,211000.0,
MSG014694,,,139000.0,
MSG014695,,,446000.0,
MSG014696,,,829000.0,2025-05-02
MSG014703,,,176000.0,
MSG014709,,,553000.0,
MSG014713,,,755000.0,
MSG014722,,,,2025-07-05
MSG014723,LA008113,,,
MSG014728,,,,2025-05-13
MSG014730,LA010158,,,
MSG014735,,,4000.0,
MSG014739,,LA906867,,
MSG014748,,,748000.0,
MSG014749,LA006618,,,
MSG014750,,,320000.0,
MSG014753,LA011003,,,
MSG014755,LA019911,,,
MSG014759,,,518000.0,
MSG014760,LA020917,,,
MSG014762,,,766000.0,
MSG014763,,,521000.0,
MSG014764,,,,2025-04-04
MSG014767,,,339000.0,
MSG014770,,,,2025-06-23
MSG014771,,,397000.0,
MSG014773,LA018297,,,
MSG014774,LA006280,,,
MSG014778,LA006711,,,
MSG014779,,,468000.0,
MSG014781,,,13000.0,
MSG014791,LA030335,,,
MSG014794,LA008327,,,
MSG014796,,,237000.0,2025-06-08
MSG014799,LA003414,,,
MSG014800,LA015000,,,2025-09-22
MSG014801,,LA910731,,
MSG014803,,,,2025-07-01
MSG014812,,,215000.0,
MSG014817,,,89000.0,
MSG014819,,,,2025-03-04
MSG014823,,,174000.0,
MSG014824,LA000225,,,
MSG014828,,,,2025-12-28
MSG014834,LA011326,,,
MSG014843,,,832000.0,
MSG014844,,LA985614,,
MSG014845,,,,2025-01-01
MSG014847,,,258000.0,
MSG014848,,,3000.0,2025-06-30
MSG014851,,,,2025-01-16
MSG014853,,,790000.0,
MSG014857,LA028219,,,
MSG014861,,,92000.0,
MSG014875,,,834000.0,
MSG014878,LA008855,,,
MSG014879,,LA906834,,
MSG014881,,,470000.0,
MSG014884,LA023250,,,
MSG014886,LA016179,,71000.0,
MSG014887,,,,2026-12-26
MSG014895,,,707000.0,2026-04-30
MSG014896,,,494000.0,
MSG014901,,,565000.0,
MSG014903,,,693000.0,
MSG014905,LA011743,,,
MSG014906,,,385000.0,
MSG014913,LA021852,,,
MSG014915,LA019679,,,2025-11-04
MSG014916,,LA919189,,
MSG014918,,,,2025-11-25
MSG014921,,,721000.0,
MSG014924,,,692000.0,
MSG014925,LA010524,,,
MSG014933,,,468000.0,
MSG014935,,,,2025-04-14
MSG014937,,LA917317,,
MSG014938,,,872000.0,
MSG014942,,LA903305,,
MSG014943,,,527000.0,
MSG014946,,,224000.0,
MSG014950,,,,2025-11-26
MSG014958,LA007411,,,
MSG014962,,LA911700,,
MSG014963,,,469000.0,
MSG014968,,LA957269,,2026-05-11
MSG014973,,,,2025-06-22
MSG014974,,,370000.0,
MSG014977,,,81000.0,2026-08-12
MSG014979,,LA966119,,2026-09-10
MSG014981,LA030252,,,
MSG014989,,,897000.0,
MSG014992,,,643000.0,
MSG014994,LA005577,,,
MSG015000,LA031661,,,
MSG015009,LA015563,,,
MSG015011,,,,2026-09-23
MSG015012,,,383000.0,
MSG015016,LA032894,,,
MSG015019,,,,2026-04-02
MSG015022,,,,2026-01-04
MSG015024,,,33000.0,
MSG015027,LA011673,,,2025-02-02
MSG015028,LA018674,,,
MSG015031,,LA908328,,
MSG015034,,,9000.0,
MSG015037,,,,2026-03-12
MSG015056,,,617000.0,
MSG015058,LA020323,,,
MSG015059,,,,2025-10-01
MSG015064,,,,2025-01-26
MSG015065,LA011194,,,
MSG015068,,,170000.0,
MSG015071,LA007232,,,
MSG015073,LA017195,,,
MSG015075,,,520000.0,
MSG015093,,,877000.0,
MSG015098,,,,2025-09-14
MSG015099,,,,2026-10-20
MSG015100,LA021900,,,
MSG015103,,,283000.0,2026-07-07
MSG015104,LA008656,,,
MSG015106,,,387000.0,2026-05-25
MSG015108,LA025326,,,
MSG015110,LA021108,,,
MSG015113,,,814000.0,
MSG015114,LA005518,,,
MSG015115,,LA030975,,
MSG015118,,,,2026-01-04
MSG015119,,,,2025-01-25
MSG015120,,,159000.0,
MSG015122,,,726000.0,
MSG015124,LA001447,,,
MSG015130,LA021594,,,
MSG015135,LA014521,,,
MSG015136,,,378000.0,
MSG015139,LA021598,,,
MSG015142,,,301000.0,
MSG015144,,,,2026-01-07
MSG015146,LA025565,,,
MSG015147,,,287000.0,
MSG015148,,LA994237,,
MSG015153,,,510000.0,2025-06-06
MSG015155,,,506000.0,
MSG015158,,,534000.0,
MSG015161,,,57000.0,
MSG015167,,,663000.0,
MSG015173,,LA909576,,
MSG015175,,,649000.0,
MSG015178,,LA968700,,
MSG015181,LA022702,,,
MSG015182,,,606000.0,
MSG015184,LA021496,,,
MSG015187,LA027753,,,
MSG015188,,,168000.0,
MSG015202,,LA980036,,
MSG015203,,,163000.0,
MSG015211,,,,2026-01-12
MSG015212,,,,2026-03-11
MSG015213,,LA952077,,
MSG015214,,,606000.0,
MSG015217,,,,2026-06-18
MSG015218,,,121000.0,
MSG015224,,,832000.0,
MSG015226,,,528000.0,
MSG015227,,,199000.0,
MSG015232,,,850000.0,
MSG015236,,LA949160,,
MSG015239,,,,2026-05-23
MSG015243,,LA910905,,
MSG015244,LA023188,,886000.0,
MSG015245,,,,2025-09-14
MSG015247,,LA924150,,
MSG015250,,LA985057,,
MSG015257,,,62000.0,
MSG015258,,,727000.0,
MSG015260,LA026864,,,
MSG015262,,,,2025-08-03
MSG015264,,,723000.0,
MSG015265,,LA934862,,
MSG015267,LA013311,,,2025-09-05
MSG015268,,,,2026-06-13
MSG015269,,LA903444,,
MSG015270,,,538000.0,
MSG015271,,LA972923,,
MSG015276,,,,2025-11-18
MSG015277,,,,2025-09-18
MSG015287,,,338000.0,
MSG015288,LA006724,,,
MSG015291,LA007788,,,
MSG015295,,,113000.0,
MSG015296,,,249000.0,
MSG015304,,,56000.0,
MSG015306,,,,2026-06-25
MSG015309,LA020221,,137000.0,
MSG015310,,LA968364,,
MSG015312,,,501000.0,
MSG015315,,,248000.0,
MSG015316,,LA906635,,2025-10-01
MSG015317,,,,2025-04-22
MSG015318,,,33000.0,
MSG015323,,,28000.0,
MSG015326,LA017566,,,
MSG015327,,LA905107,,
MSG015331,LA002556,,,
MSG015340,,,45000.0,
MSG015342,LA006774,,,
MSG015345,,,85000.0,
MSG015347,LA031929,,,
MSG015352,LA023994,,,
MSG015354,LA024938,,,
MSG015365,,,,2026-08-07
MSG015366,,,271000.0,
MSG015372,,,888000.0,
MSG015375,LA006528,,80000.0,
MSG015381,,,704000.0,
MSG015384,,,606000.0,
MSG015385,LA002125,,,
MSG015387,,,538000.0,2025-05-08
MSG015391,,,689000.0,
MSG015393,,,397000.0,
MSG015396,,,6000.0,
MSG015398,,,,2026-03-31
MSG015400,,,,2025-12-25
MSG015401,,,229000.0,
MSG015402,,,307000.0,
MSG015403,,,797000.0,2026-04-22
MSG015406,LA009633,,,
MSG015407,,,152000.0,
MSG015409,,,862000.0,
MSG015412,,LA911647,,2026-11-15
MSG015416,,,,2025-04-03
MSG015417,,,723000.0,
MSG015420,,,253000.0,
MSG015423,LA028283,,,
MSG015430,,LA905090,,
MSG015431,,,,2025-11-11
MSG015432,,,406000.0,
MSG015433,,,,2025-05-31
MSG015435,,,450000.0,
MSG015439,,,169000.0,
MSG015441,,,617000.0,
MSG015442,,,869000.0,
MSG015447,,,670000.0,
MSG015449,,,71000.0,
MSG015450,LA016739,,,
MSG015451,,,888000.0,
MSG015453,,,,2026-01-12
MSG015456,,,494000.0,2026-12-10
MSG015457,,,45000.0,
MSG015459,,,637000.0,
MSG015461,LA025914,,,
MSG015464,,,,2025-02-17
MSG015468,,,,2025-03-16
MSG015470,,,,2026-06-27
MSG015475,,,152000.0,
MSG015478,,,,2025-10-16
MSG015483,LA016076,,,
MSG015491,,,653000.0,
MSG015492,LA016191,,,
MSG015498,LA019853,,,
MSG015505,,,356000.0,
MSG015509,LA031642,,,
MSG015514,,,,2025-11-30
MSG015516,LA014450,,,
MSG015518,LA019688,,,
MSG015522,,,,2025-09-12
MSG015523,,,711000.0,
MSG015524,,,,2025-03-10
MSG015526,LA030338,,,
MSG015530,LA012301,,,
MSG015531,,,607000.0,
MSG015532,,LA961625,,
MSG015533,,,366000.0,
MSG015534,LA027717,,,2025-04-26
MSG015537,,,,2026-10-31
MSG015538,,,25000.0,
MSG015540,,,425000.0,
MSG015542,,,890000.0,
MSG015549,,LA913262,,
MSG015551,,,171000.0,
MSG015552,,,80000.0,2026-03-16
MSG015553,,LA960696,,
MSG015559,,,280000.0,
MSG015562,,,196000.0,
MSG015564,,,131000.0,
MSG015565,,LA917613,353000.0,
MSG015566,,,,2026-12-15
MSG015567,,LA997245,,
MSG015571,LA017675,,,
MSG015575,,,,2025-05-29
MSG015578,LA029010,,,
MSG015579,LA015454,,,
MSG015582,,LA972591,,
MSG015583,,,,2025-03-08
MSG015587,,,,2025-12-05
MSG015590,,,230000.0,
MSG015592,LA020795,,,
MSG015593,,,758000.0,
MSG015595,,,530000.0,
MSG015598,,,,2025-02-23
MSG015599,,,,2025-11-28
MSG015601,,,272000.0,
MSG015603,,,532000.0,
MSG015604,LA010690,,,
MSG015609,,,496000.0,
MSG015610,,LA937454,,
MSG015611,LA020980,,,
MSG015613,,,844000.0,
MSG015618,,,,2026-10-17
MSG015620,,,,2025-06-22
MSG015624,LA010788,,,
MSG015626,,,,2025-06-29
MSG015629,,,,2026-07-05
MSG015632,,,334000.0,
MSG015633,,,379000.0,
MSG015636,,,,2025-08-18
MSG015637,,LA942870,749000.0,
MSG015638,,,,2025-02-25
MSG015648,,,,2025-02-08
MSG015650,,,,2026-12-16
MSG015651,,,212000.0,
MSG015652,,,215000.0,
MSG015654,,,214000.0,
MSG015655,LA020127,,,
MSG015656,,,,2026-01-25
MSG015664,,,354000.0,
MSG015668,,,720000.0,
MSG015670,LA026052,,,
MSG015673,,LA906507,,
MSG015674,LA014365,,,2025-09-13
MSG015675,,,2000.0,
MSG015676,,,878000.0,
MSG015677,LA014178,,,
MSG015680,LA010652,,,
MSG015682,,,14000.0,
MSG015686,,,743000.0,
MSG015688,LA024132,,,
MSG015689,,,166000.0,
MSG015694,LA019557,,,
MSG015696,,LA905488,,
MSG015702,,,,2025-10-08
MSG015706,,,,2026-10-28
MSG015707,,,,2026-02-01
MSG015708,,,522000.0,
MSG015710,,,374000.0,
MSG015711,,,148000.0,2026-04-02
MSG015712,,,,2026-07-15
MSG015714,,LA953753,,
MSG015715,,,13000.0,
MSG015716,,,445000.0,2026-06-28
MSG015720,,,47000.0,
MSG015725,LA017067,,,
MSG015726,LA000847,,,2026-01-04
MSG015727,,,,2026-02-18
MSG015728,,,,2026-11-30
MSG015729,LA003645,,,
MSG015731,,LA902275,,
MSG015734,,,3000.0,
MSG015735,,,15000.0,
MSG015737,,,,2026-03-20
MSG015738,LA000244,,,
MSG015745,LA028059,,,
MSG015748,,,698000.0,
MSG015749,,,8000.0,
MSG015750,,,285000.0,
MSG015754,LA028105,,,
MSG015764,,,161000.0,
MSG015765,,,,2026-02-07
MSG015767,,,,2025-01-28
MSG015770,,,,2025-01-14
MSG015774,,,554000.0,2025-01-09
MSG015781,,,182000.0,
MSG015782,,,525000.0,
MSG015785,,,,2025-06-17
MSG015789,,,,2025-07-09
MSG015793,,,508000.0,
MSG015797,,,244000.0,
MSG015798,,,272000.0,
MSG015799,,LA963834,,
MSG015800,,,336000.0,
MSG015802,LA002249,,,
MSG015803,,LA938242,,
MSG015805,,,247000.0,2026-10-16
MSG015806,,,499000.0,
MSG015808,LA001531,,,
MSG015813,,,545000.0,
MSG015815,,,,2026-02-16
MSG015817,,,666000.0,
MSG015821,,,,2025-08-24
MSG015822,,LA913960,,
MSG015833,LA025810,,,
MSG015836,LA017342,,,
MSG015838,,,,2025-01-22
MSG015839,,,643000.0,
MSG015840,,,93000.0,
MSG015845,,LA953568,779000.0,
MSG015846,,LA955285,,
MSG015847,,,697000.0,
MSG015849,,,,2025-12-02
MSG015858,LA010215,,,
MSG015859,LA020315,,,
MSG015862,LA007839,,,
MSG015863,,,271000.0,
MSG015868,LA006567,,,
MSG015870,LA012142,,,
MSG015873,,LA974629,,
MSG015875,,,517000.0,
MSG015878,,,,2025-08-13
MSG015882,,,,2025-08-21
MSG015883,LA029556,,,
MSG015887,,,739000.0,
MSG015890,,,,2025-03-14
MSG015893,,LA919776,,
MSG015899,LA025335,,,
MSG015908,LA006297,,,
MSG015911,LA018553,,,
MSG015924,,,,2025-11-15
MSG015932,,,119000.0,
MSG015933,,,345000.0,
MSG015935,,,572000.0,
MSG015938,,,202000.0,
MSG015939,,,281000.0,
MSG015941,,,325000.0,2025-07-06
MSG015942,,,195000.0,
MSG015943,,,59000.0,
MSG015945,LA029190,,,
MSG015946,,,231000.0,
MSG015949,,,570000.0,
MSG015950,,,,2026-12-10
MSG015952,LA031403,,,
MSG015953,LA025199,,339000.0,
MSG015956,,,131000.0,
MSG015957,,LA954737,740000.0,
MSG015965,,LA984472,,
MSG015968,,LA926998,,
MSG015970,,,400000.0,
MSG015976,,,662000.0,2025-02-09
MSG015979,LA004263,,,
MSG015982,,,,2026-05-21
MSG015983,,,418000.0,
MSG015984,,,83000.0,
MSG015988,,,852000.0,
MSG015990,,,,2025-11-28
MSG015991,LA007977,,,
MSG015992,LA007246,,,
MSG015994,LA004994,,,
MSG015996,,,,2025-05-16
MSG016004,LA005809,,207000.0,
MSG016005,,,879000.0,
MSG016007,,,,2026-06-30
MSG016012,,LA010457,,
MSG016013,,,,2025-04-15
MSG016014,LA018351,,,
MSG016018,LA013147,,,
MSG016022,,,,2026-10-16
MSG016023,,,343000.0,
MSG016025,LA013902,,,
MSG016026,LA008143,,,
MSG016032,LA005005,,,
MSG016034,LA032965,,,
MSG016038,LA019792,,,
MSG016040,LA007615,,,
MSG016042,,,262000.0,2026-08-07
MSG016043,LA026740,,,
MSG016044,,,498000.0,
MSG016048,,LA983515,,
MSG016050,,,771000.0,
MSG016053,,,462000.0,
MSG016055,LA027416,,,
MSG016056,,,279000.0,
MSG016058,,,542000.0,2026-07-25
MSG016063,LA031903,,,
MSG016064,,LA972334,,
MSG016066,,,,2025-10-25
MSG016067,,,624000.0,
MSG016070,,,,2026-03-23
MSG016072,,,105000.0,
MSG016074,LA005273,,,
MSG016075,,LA942962,,
MSG016076,,,617000.0,
MSG016079,,,,2025-03-31
MSG016080,,LA988318,,
MSG016086,,,860000.0,
MSG016089,LA021144,,,
MSG016090,,,,2025-11-14
MSG016099,LA032355,,,
MSG016108,LA026633,,,
MSG016109,,,651000.0,
MSG016110,,,,2026-01-04
MSG016114,,,,2026-09-27
MSG016115,,,,2026-06-21
MSG016117,,,,2025-06-10
MSG016118,,LA996673,,
MSG016119,LA007477,,,
MSG016120,,,,2025-05-31
MSG016122,LA029469,,,
MSG016123,LA013931,,,
MSG016125,LA016147,,,
MSG016127,,LA923684,636000.0,
MSG016138,,,246000.0,
MSG016141,,,,2026-10-16
MSG016142,LA018450,,,
MSG016146,,LA997976,,
MSG016148,,LA900241,,
MSG016150,,,92000.0,
MSG016153,,,,2026-02-01
MSG016158,,,47000.0,
MSG016162,LA025477,,,
MSG016165,,,487000.0,
MSG016168,,,539000.0,
MSG016170,,,784000.0,
MSG016180,,,602000.0,
MSG016188,,,,2025-02-18
MSG016189,,,102000.0,
MSG016192,LA003981,,,2026-05-07
MSG016198,,,187000.0,
MSG016199,,LA912924,,
MSG016209,,,,2025-04-20
MSG016210,,,188000.0,
MSG016211,,LA904317,,
MSG016212,,,98000.0,
MSG016214,,LA936771,,
MSG016215,,,846000.0,
MSG016216,,,245000.0,
MSG016218,,,346000.0,
MSG016226,,,,2025-12-21
MSG016227,LA017814,,,
MSG016228,LA026965,,,
MSG016229,,,131000.0,
MSG016230,,,348000.0,
MSG016232,,,231000.0,
MSG016236,,,,2026-07-17
MSG016238,,,,2026-02-25
MSG016239,,,,2025-06-08
MSG016242,LA018120,,,
MSG016243,,,385000.0,
MSG016245,,LA993697,,
MSG016246,,,58000.0,
MSG016250,,,571000.0,
MSG016252,LA009094,,691000.0,
MSG016254,,,290000.0,
MSG016255,LA001859,,,
MSG016256,,,840000.0,
MSG016260,LA018145,,528000.0,
MSG016261,,,577000.0,
MSG016265,LA023237,,,
MSG016269,,,478000.0,
MSG016270,,,525000.0,
MSG016271,,,730000.0,
MSG016280,,LA960031,,2026-03-02
MSG016285,LA018157,,837000.0,
MSG016289,LA032325,,,
MSG016292,,,28000.0,
MSG016293,,,429000.0,
MSG016294,,LA961657,,
MSG016295,,,324000.0,
MSG016297,,LA908483,,
MSG016303,,,563000.0,
MSG016304,,,302000.0,
MSG016305,,,482000.0,
MSG016309,,,499000.0,
MSG016311,,,,2025-02-06
MSG016315,,,200000.0,
MSG016316,,,,2025-10-16
MSG016317,,,433000.0,
MSG016318,LA019912,,,
MSG016327,,,259000.0,
MSG016329,,,341000.0,2026-02-26
MSG016339,,,637000.0,
MSG016340,,,,2025-04-28
MSG016341,,,,2025-02-12
MSG016344,LA016798,,,
MSG016348,,,,2026-01-11
MSG016350,,LA951611,,
MSG016353,,,621000.0,
MSG016356,,LA938265,,
MSG016358,,,223000.0,
MSG016360,,,,2025-04-11
MSG016361,LA001834,,,
MSG016363,,,,2025-02-04
MSG016365,,,,2026-12-28
MSG016366,LA018451,,,
MSG016367,LA005585,,,
MSG016376,,,,2026-04-28
MSG016377,,,666000.0,
MSG016380,,,,2025-12-10
MSG016381,,,580000.0,
MSG016382,,,623000.0,
MSG016390,LA023945,,,
MSG016391,,LA947941,,
MSG016393,,,658000.0,
MSG016398,,,804000.0,
MSG016399,LA005340,,,
MSG016410,LA029916,,,2025-04-11
MSG016411,,LA926116,,
MSG016412,,LA920156,,
MSG016414,,LA995204,,
MSG016415,,,,2026-05-31
MSG016417,,,342000.0,
MSG016422,,,892000.0,
MSG016426,LA009990,,452000.0,
MSG016427,LA014334,,,
MSG016429,LA004800,,708000.0,
MSG016435,,,318000.0,2025-10-23
MSG016440,,,258000.0,
MSG016441,,,,2025-08-02
MSG016442,,,,2025-06-12
MSG016444,LA006982,,,
MSG016448,,,391000.0,
MSG016463,LA030422,,,2026-07-11
MSG016469,LA009390,,,
MSG016470,,,297000.0,
MSG016480,,,703000.0,
MSG016482,LA016951,,,
MSG016483,,LA955841,,
MSG016484,,LA941158,,
MSG016490,,,281000.0,
MSG016491,LA032392,,,
MSG016493,,,643000.0,
MSG016494,LA020599,,,
MSG016496,,,170000.0,
MSG016499,,,306000.0,
MSG016503,LA001376,,,
MSG016507,LA011813,,882000.0,
MSG016508,,,66000.0,
MSG016511,LA012783,,,
MSG016512,LA009145,,,
MSG016514,,LA907380,,
MSG016519,LA007991,,341000.0,
MSG016520,,LA976266,,
MSG016524,,,672000.0,
MSG016525,,,38000.0,
MSG016527,,,796000.0,
MSG016531,,LA016631,,
MSG016535,LA012457,,,
MSG016542,LA009734,,,
MSG016545,,,,2025-06-21
MSG016547,LA013645,,,
MSG016548,,,,2026-07-31
MSG016549,LA011357,,,
MSG016553,,,491000.0,
MSG016557,,,,2025-04-13
MSG016562,,LA947257,,
MSG016565,LA007583,,,
MSG016572,,,,2026-01-21
MSG016574,LA014960,,,2026-03-23
MSG016578,,,,2026-08-29
MSG016579,,,814000.0,
MSG016582,LA031094,,,
MSG016583,LA016713,,,
MSG016589,,,547000.0,
MSG016590,LA019746,,,
MSG016592,,,625000.0,
MSG016594,,,,2026-07-24
MSG016595,LA032486,,,
MSG016596,,,648000.0,
MSG016597,,,710000.0,
MSG016599,,LA938670,,
MSG016603,,,,2025-09-30
MSG016606,,,,2026-11-03
MSG016608,LA020269,,,
MSG016610,,,,2026-03-19
MSG016612,,,771000.0,
MSG016613,LA007404,,,
MSG016616,,,,2025-11-01
MSG016617,LA013165,,,
MSG016618,,,827000.0,
MSG016622,,,,2025-02-27
MSG016626,,,746000.0,
MSG016628,,LA966694,,
MSG016630,LA016116,,,
MSG016634,,,,2025-05-26
MSG016635,,,435000.0,
MSG016639,LA015683,,,
MSG016640,,,686000.0,
MSG016643,,,,2026-03-09
MSG016646,,,,2026-07-05
MSG016653,,,862000.0,
MSG016654,,,793000.0,
MSG016658,LA004954,,,
MSG016660,LA003504,,,
MSG016665,,,829000.0,
MSG016668,,,336000.0,
MSG016671,,,356000.0,2026-10-26
MSG016678,,,552000.0,
MSG016680,LA011565,,,
MSG016683,,,516000.0,2026-01-20
MSG016684,,,,2026-12-29
MSG016685,,LA913181,,
MSG016687,LA030170,,,
MSG016689,,,668000.0,
MSG016694,,,180000.0,
MSG016696,,,,2025-01-23
MSG016697,,,,2026-10-27
MSG016698,,,478000.0,
MSG016699,,LA953319,,
MSG016704,,,,2025-08-13
MSG016712,LA023697,,,
MSG016713,,,,2026-01-05
MSG016723,,,,2026-12-12
MSG016726,,,,2026-03-27
MSG016730,,,,2025-12-29
MSG016734,,LA986314,,
MSG016735,,,,2026-08-11
MSG016739,,,301000.0,
MSG016740,,,,2026-11-21
MSG016744,,,413000.0,
MSG016751,,,522000.0,
MSG016753,,,899000.0,
MSG016764,,,233000.0,
MSG016766,,LA946397,,
MSG016769,LA027780,,,
MSG016775,LA005780,,,2026-01-08
MSG016781,LA013686,,,
MSG016782,,LA900041,57000.0,
MSG016785,,,511000.0,
MSG016787,,,,2026-11-22
MSG016789,LA019207,,,
MSG016793,LA014346,,,
MSG016795,,,,2025-09-06
MSG016799,LA013765,,,
MSG016800,,LA922991,116000.0,
MSG016807,LA011890,,,
MSG016814,,,,2025-12-08
MSG016818,,,605000.0,
MSG016822,LA001708,,,
MSG016823,,,36000.0,
MSG016826,,,146000.0,
MSG016827,,LA905594,,
MSG016830,LA028294,,,
MSG016832,,,,2026-01-03
MSG016833,,,,2025-04-30
MSG016838,,,481000.0,
MSG016843,,,725000.0,
MSG016847,,LA950018,,
MSG016852,LA030791,,,
MSG016855,LA002676,,,
MSG016858,,,331000.0,
MSG016868,,,,2025-12-22
MSG016870,,,161000.0,
MSG016871,,LA936438,,
MSG016872,,,683000.0,
MSG016874,,,,2025-06-20
MSG016877,,,,2026-01-22
MSG016878,,,,2026-02-11
MSG016881,,,,2026-12-20
MSG016882,,,270000.0,
MSG016887,,,,2025-06-07
MSG016889,,,285000.0,
MSG016892,,,549000.0,
MSG016893,,,148000.0,
MSG016896,LA013665,,,2026-03-21
MSG016899,LA017114,,,
MSG016900,LA025890,,,
MSG016902,,,873000.0,
MSG016909,LA032566,,,
MSG016911,,,,2025-09-28
MSG016913,,,,2026-02-08
MSG016914,,,342000.0,
MSG016916,,,634000.0,
MSG016919,,,255000.0,
MSG016922,LA013752,,,
MSG016923,,,498000.0,
MSG016926,LA024740,,,
MSG016927,LA030933,,,
MSG016928,,,260000.0,2026-02-03
MSG016930,,,762000.0,
MSG016931,LA027405,,,
MSG016933,LA009606,,,
MSG016935,LA026987,,,
MSG016942,LA013621,,,
MSG016947,LA000584,,,
MSG016948,,,590000.0,
MSG016950,,LA913242,,
MSG016957,,,,2026-02-08
MSG016958,LA025063,,,
MSG016959,,,570000.0,
MSG016960,LA027570,,,2026-08-24
MSG016963,LA011358,,,2025-08-10
MSG016964,,,433000.0,2025-02-09
MSG016966,,,,2025-06-11
MSG016967,,,632000.0,
MSG016968,,LA968689,508000.0,
MSG016972,,,295000.0,
MSG016976,,,491000.0,
MSG016977,LA014898,,,
MSG016983,,,,2026-05-22
MSG016984,,,709000.0,2026-11-22
MSG016986,,,664000.0,
MSG016988,LA012039,,,
MSG016989,,,76000.0,
MSG016990,LA003872,,814000.0,
MSG016992,LA032833,,,
MSG016994,,,,2025-02-23
MSG016996,,,814000.0,
MSG016998,,LA917660,,2026-08-15
MSG017000,,,,2025-09-02
MSG017003,,LA934170,,2025-03-27
MSG017004,LA000753,,,
MSG017005,,LA998769,,
MSG017006,LA018355,,673000.0,
MSG017008,LA000497,,,
MSG017014,,,39000.0,
MSG017017,,,700000.0,
MSG017019,,LA906631,,
MSG017022,,,460000.0,2026-12-17
MSG017024,,,,2026-04-07
MSG017026,LA022776,,,
MSG017028,LA029724,,,
MSG017029,,,266000.0,
MSG017033,,,595000.0,
MSG017045,,,568000.0,
MSG017048,,,372000.0,
MSG017049,LA021259,,,2026-02-28
MSG017053,,LA924770,,
MSG017054,,,233000.0,
MSG017056,,,,2025-12-30
MSG017057,LA020028,,,
MSG017059,LA027325,,,
MSG017062,,,,2025-05-11
MSG017066,,,402000.0,
MSG017067,LA032152,,,
MSG017071,LA028443,,,
MSG017072,,,519000.0,
MSG017078,,,,2025-03-13
MSG017081,LA007674,,,2026-04-21
MSG017084,,,,2025-01-06
MSG017085,,,753000.0,
MSG017087,,LA931783,,
MSG017090,,,42000.0,
MSG017091,,,342000.0,
MSG017093,,LA950872,,
MSG017095,,,757000.0,
MSG017098,,LA924497,,
MSG017109,,,71000.0,
MSG017110,,,706000.0,
MSG017112,,,294000.0,
MSG017117,,LA997001,,
MSG017120,,,27000.0,
MSG017126,LA018602,,,
MSG017127,LA027029,,,2026-06-05
MSG017131,,,,2025-12-23
MSG017132,,,401000.0,2026-04-09
MSG017133,LA009741,,,
MSG017134,,,,2026-01-08
MSG017135,,,669000.0,
MSG017136,,,113000.0,
MSG017138,,,,2026-11-20
MSG017141,,LA022306,,
MSG017143,,LA900541,,
MSG017148,,,,2026-02-17
MSG017152,LA000760,,,
MSG017153,,LA994804,,2026-08-30
MSG017154,LA028954,,,
MSG017156,,,513000.0,
MSG017157,LA020296,,,
MSG017162,,,376000.0,
MSG017164,,,829000.0,
MSG017175,LA024550,,,2026-06-20
MSG017178,,,,2026-07-06
MSG017180,,,238000.0,
MSG017182,LA027245,,,
MSG017192,,,,2025-12-24
MSG017193,,,,2025-02-11
MSG017198,,,690000.0,
MSG017199,,,,2025-07-15
MSG017201,,,568000.0,
MSG017202,LA007252,,,2025-01-11
MSG017205,,,218000.0,
MSG017207,LA014886,,,
MSG017209,,,117000.0,
MSG017211,,,250000.0,
MSG017213,LA028340,,,
MSG017214,,,361000.0,
MSG017218,,,659000.0,
MSG017219,,LA953479,,
MSG017220,LA005453,,,
MSG017222,,,84000.0,
MSG017226,LA027146,,,
MSG017231,,,,2026-10-15
MSG017232,,,499000.0,
MSG017233,,,,2026-05-03
MSG017238,,,569000.0,
MSG017243,,,,2025-04-04
MSG017249,,,702000.0,
MSG017255,,,836000.0,
MSG017262,,,780000.0,
MSG017265,,,,2025-02-26
MSG017266,,,62000.0,
MSG017268,,,,2026-04-16
MSG017270,,,72000.0,
MSG017275,,,630000.0,
MSG017276,,,273000.0,
MSG017279,,LA903828,,
MSG017282,,,636000.0,
MSG017288,LA009530,,,
MSG017290,,LA911664,,
MSG017291,,LA910305,,
MSG017292,LA019012,,,2026-11-16
MSG017293,LA016856,,,
MSG017294,,,823000.0,
MSG017297,,,147000.0,
MSG017298,,,381000.0,
MSG017300,,,,2026-05-14
MSG017302,,,532000.0,
MSG017303,,,288000.0,
MSG017306,,,,2025-08-27
MSG017307,LA022680,,,
MSG017308,,,47000.0,
MSG017313,,,599000.0,
MSG017318,,LA928749,,
MSG017319,,,641000.0,
MSG017320,,LA933305,,
MSG017323,,,543000.0,
MSG017327,,LA964118,,
MSG017329,LA027612,,,
MSG017331,,,104000.0,
MSG017332,LA011532,,,
MSG017337,LA005687,,,
MSG017341,,,,2026-03-08
MSG017343,,LA931119,,
MSG017345,,,,2026-08-29
MSG017352,,,479000.0,
MSG017353,LA013969,,,
MSG017354,LA020222,,,
MSG017355,,,540000.0,
MSG017360,,,,2026-10-28
MSG017361,LA024790,,,
MSG017365,,,406000.0,
MSG017368,,LA972510,,
MSG017370,,,,2026-08-31
MSG017371,,LA929379,,2025-09-01
MSG017372,LA024885,,,
MSG017378,LA011236,,,
MSG017380,,,,2025-11-15
MSG017383,LA030891,,,
MSG017390,LA002752,,,
MSG017393,LA003861,,,
MSG017394,LA000823,,,
MSG017396,,,308000.0,
MSG017398,LA030569,,,
MSG017401,LA005969,,,
MSG017405,,,,2026-12-30
MSG017408,LA019874,,,
MSG017411,LA026837,,,
MSG017412,,,101000.0,
MSG017416,,,623000.0,2025-05-05
MSG017419,,,,2026-11-22
MSG017422,,LA926345,,
MSG017423,LA025321,,,
MSG017424,,,293000.0,
MSG017426,,,,2026-12-29
MSG017427,,,107000.0,
MSG017428,,LA927535,,2025-04-27
MSG017436,LA031312,,,2025-03-22
MSG017437,LA001779,,,
MSG017439,,,705000.0,
MSG017445,,,537000.0,2025-08-14
MSG017455,LA013450,,,2025-09-08
MSG017459,LA016726,,,
MSG017467,,,66000.0,2026-01-16
MSG017468,LA022999,,,
MSG017479,LA020569,,,
MSG017482,,LA932919,,
MSG017483,,,270000.0,
MSG017484,LA018496,,839000.0,
MSG017489,LA010147,,,
MSG017491,LA003525,,,
MSG017492,,,40000.0,
MSG017496,,,281000.0,
MSG017497,,,382000.0,
MSG017501,LA014258,,,
MSG017503,,LA983773,,
MSG017504,,,94000.0,
MSG017507,,LA924690,,
MSG017512,LA008599,,,
MSG017513,,,459000.0,
MSG017518,,,460000.0,
MSG017519,,,224000.0,
MSG017524,,,819000.0,
MSG017526,,,472000.0,
MSG017527,,,161000.0,
MSG017528,,,,2026-08-23
MSG017534,,,210000.0,
MSG017542,LA018309,,,
MSG017545,,,,2026-02-26
MSG017547,,,,2026-12-06
MSG017552,,,464000.0,
MSG017559,,,880000.0,
MSG017561,LA026321,,,
MSG017566,,,871000.0,
MSG017568,,,,2025-05-30
MSG017575,LA018252,,,2025-06-29
MSG017580,,,471000.0,
MSG017583,,,458000.0,
MSG017587,,,292000.0,
MSG017594,,,556000.0,
MSG017596,,,337000.0,
MSG017597,,,,2025-08-09
MSG017598,,,,2026-08-22
MSG017605,,LA927325,,
MSG017607,,,835000.0,
MSG017613,,,360000.0,
MSG017614,,,702000.0,
MSG017615,,LA995687,,
MSG017616,,,,2026-10-03
MSG017617,LA019263,,,2026-02-14
MSG017624,LA001383,,,
MSG017625,LA021297,,,
MSG017626,,,137000.0,
MSG017628,LA014518,,,
MSG017645,LA004094,,,
MSG017646,LA007091,,,
MSG017647,,LA965373,,
MSG017651,LA025786,,,
MSG017653,,,32000.0,
MSG017654,,,655000.0,2025-09-10
MSG017656,,,266000.0,
MSG017665,,,,2026-11-10
MSG017666,LA030248,,,
MSG017669,LA016778,,751000.0,
MSG017670,,,,2025-02-16
MSG017671,,,,2025-07-05
MSG017672,,,723000.0,
MSG017673,,,280000.0,
MSG017676,,,734000.0,
MSG017677,LA032229,,,
MSG017679,,,233000.0,
MSG017680,,,7000.0,
MSG017681,,,396000.0,
MSG017682,,,332000.0,
MSG017683,,,,2025-07-05
MSG017685,,LA919051,,
MSG017686,,,816000.0,
MSG017691,LA005967,,,
MSG017696,,,185000.0,
MSG017699,,,73000.0,
MSG017701,,,309000.0,
MSG017704,,,,2026-06-24
MSG017706,,LA986817,,
MSG017715,,,296000.0,
MSG017720,,LA918317,,
MSG017723,,,,2026-12-09
MSG017728,LA009911,,,2025-03-07
MSG017729,,,199000.0,
MSG017731,LA030690,,,
MSG017733,,,,2025-11-01
MSG017734,,LA916211,,
MSG017736,,,798000.0,
MSG017738,,,114000.0,
MSG017740,,,,2025-12-04
MSG017755,,,68000.0,
MSG017757,LA005803,,,2025-06-13
MSG017758,LA021780,,,
MSG017761,,LA944503,,
MSG017764,,LA969126,,
MSG017767,LA007276,,,2026-08-05
MSG017770,,,810000.0,
MSG017773,,,718000.0,
MSG017778,LA010949,,,
MSG017781,,,95000.0,
MSG017785,,,70000.0,
MSG017789,LA015779,,,
MSG017791,,,470000.0,
MSG017795,,,363000.0,
MSG017796,,LA918930,,
MSG017801,,,453000.0,
MSG017802,LA011896,,,
MSG017805,,,498000.0,
MSG017807,,,379000.0,
MSG017808,LA028863,,,
MSG017811,LA032103,,,
MSG017812,,LA975332,,
MSG017821,,LA915670,,
MSG017824,LA016521,,,
MSG017826,,,,2025-01-18
MSG017827,,,310000.0,
MSG017829,,,866000.0,
MSG017830,,,770000.0,
MSG017837,,,,2025-12-20
MSG017845,,,84000.0,
MSG017851,,,295000.0,
MSG017852,,,437000.0,
MSG017857,LA017355,,,
MSG017862,,,,2026-04-11
MSG017863,,,,2025-09-17
MSG017865,,LA978175,,
MSG017866,,,,2025-05-09
MSG017871,,LA909587,,
MSG017872,LA001831,,,2025-10-19
MSG017874,,,41000.0,
MSG017876,,,800000.0,
MSG017877,LA007764,,,2025-01-23
MSG017879,,,595000.0,
MSG017881,LA001320,,,
MSG017882,LA028276,,,
MSG017885,,,662000.0,
MSG017892,,,458000.0,
MSG017893,,,1114000.0,
MSG017895,LA007539,,,
MSG017897,,,355000.0,
MSG017902,,,234000.0,
MSG017904,LA011259,,,
MSG017907,LA027815,,,
MSG017911,,,540000.0,2026-01-12
MSG017921,,LA946442,,
MSG017923,,,653000.0,
MSG017933,,,326000.0,
MSG017936,,,,2025-02-16
MSG017942,LA023566,,,
MSG017944,,,,2026-06-05
MSG017945,,,859000.0,
MSG017946,,,48000.0,
MSG017949,,LA020532,,
MSG017951,LA001275,,,
MSG017956,,,402000.0,
MSG017957,,,208000.0,
MSG017962,,,659000.0,
MSG017963,,,,2026-06-22
MSG017965,,,,2025-11-11
MSG017970,LA018593,,,
MSG017976,LA018527,,,
MSG017977,,,678000.0,
MSG017978,,,797000.0,
MSG017980,,,167000.0,
MSG017986,,,421000.0,
MSG017990,LA010549,,,
MSG017999,,,404000.0,
MSG018000,LA024609,,871000.0,
MSG018004,,,857000.0,
MSG018005,LA030669,,,
MSG018006,,LA964016,,
MSG018008,LA008579,,,
MSG018009,,,43000.0,
MSG018011,,LA926557,,
MSG018012,,,600000.0,
MSG018018,,,109000.0,
MSG018019,,,292000.0,
MSG018022,,LA961207,,
MSG018023,,,714000.0,
MSG018024,,LA968864,,
MSG018025,,,571000.0,
MSG018036,LA010949,,,
MSG018038,,,460000.0,
MSG018039,LA010660,,47000.0,
MSG018040,,,462000.0,
MSG018042,,,642000.0,
MSG018043,LA027555,,,
MSG018044,,,,2026-04-18
MSG018047,,,259000.0,2025-05-02
MSG018050,,,730000.0,
MSG018054,,,585000.0,
MSG018055,,,,2025-07-15
MSG018059,LA002576,,85000.0,
MSG018060,LA029562,,,
MSG018061,,,93000.0,
MSG018063,,,343000.0,
MSG018067,,LA965015,,
MSG018070,LA025598,,,
MSG018073,,,548000.0,
MSG018075,,,,2025-05-08
MSG018077,,LA939689,,
MSG018078,,,774000.0,
MSG018080,,,169000.0,
MSG018081,,,553000.0,
MSG018086,,,39000.0,
MSG018092,LA015965,,,
MSG018100,,,,2025-10-19
MSG018104,LA019278,,250000.0,
MSG018108,LA029510,,,
MSG018111,LA025426,,,
MSG018115,,,587000.0,
MSG018116,LA009164,,,
MSG018117,LA001663,,,
MSG018127,,,581000.0,
MSG018128,LA021749,,,
MSG018129,,,,2026-02-19
MSG018135,LA004829,,,
MSG018136,,,,2025-12-25
MSG018139,,,,2025-04-28
MSG018140,,,275000.0,
MSG018141,LA002908,,368000.0,
MSG018148,,,808000.0,
MSG018149,,,632000.0,
MSG018152,,LA977329,,
MSG018157,,,,2026-02-17
MSG018158,,,49000.0,
MSG018159,LA032420,,,
MSG018161,LA015656,,,
MSG018164,,,,2026-01-03
MSG018165,,,,2025-05-28
MSG018169,,,,2026-06-17
MSG018174,,,550000.0,
MSG018178,,,526000.0,
MSG018189,,,,2026-05-19
MSG018192,LA021498,,,2025-04-03
MSG018196,LA007205,,262000.0,
MSG018197,,,192000.0,
MSG018198,,,,2025-08-03
MSG018201,,,,2025-10-01
MSG018206,,,772000.0,
MSG018207,,,,2026-05-03
MSG018212,,,794000.0,
MSG018213,,,,2026-10-12
MSG018214,,,583000.0,
MSG018216,,,,2025-04-26
MSG018218,,,299000.0,
MSG018221,LA003370,,,
MSG018222,,,138000.0,
MSG018225,LA002078,,,
MSG018230,,,691000.0,
MSG018231,,LA973165,,
MSG018234,,,42000.0,
MSG018238,,,,2026-07-04
MSG018239,LA011711,,,
MSG018241,,,,2025-11-14
MSG018242,,,403000.0,
MSG018243,LA000121,,,
MSG018246,LA013877,,,
MSG018249,,,523000.0,
MSG018250,LA010739,,,2026-11-11
MSG018251,,,,2026-01-17
MSG018254,,,79000.0,
MSG018255,LA017408,,,
MSG018264,,,,2026-12-20
MSG018265,,,,2026-11-01
MSG018267,,,362000.0,
MSG018273,,,459000.0,
MSG018278,LA019476,,,
MSG018279,LA010200,,,
MSG018282,LA015043,,,
MSG018283,,,42000.0,
MSG018288,,LA932635,,2025-12-03
MSG018291,,,527000.0,
MSG018292,,,124000.0,
MSG018293,,LA002586,,
MSG018294,LA009981,,,
MSG018297,LA032286,,,
MSG018299,,,241000.0,
MSG018301,,,369000.0,
MSG018302,,,16000.0,
MSG018308,,,607000.0,
MSG018310,,,23000.0,2025-12-05
MSG018311,,,279000.0,
MSG018312,LA032716,,,
MSG018317,,,345000.0,
MSG018322,,,49000.0,
MSG018325,LA016046,,,
MSG018327,,,405000.0,
MSG018329,,,564000.0,
MSG018333,,,499000.0,
MSG018335,,,32000.0,
MSG018336,,,738000.0,
MSG018339,,,634000.0,
MSG018340,LA031002,,,
MSG018344,,LA973341,,
MSG018347,,,,2025-05-02
MSG018350,LA016566,,,
MSG018359,,,330000.0,
MSG018360,,,,2025-05-08
MSG018363,LA004159,,,2025-12-06
MSG018364,,,634000.0,
MSG018365,,,815000.0,
MSG018369,,LA991841,,
MSG018377,,,395000.0,
MSG018379,,LA981669,,
MSG018382,,,,2025-10-25
MSG018390,LA028644,,,
MSG018391,LA013714,,,
MSG018392,,,518000.0,
MSG018394,,,,2026-11-16
MSG018396,,,,2025-11-21
MSG018399,LA020232,,,
MSG018403,,,126000.0,
MSG018404,,LA973319,,
MSG018411,,,392000.0,
MSG018414,,,,2025-11-15
MSG018420,LA021435,,,
MSG018424,,,523000.0,
MSG018425,,LA976650,,
MSG018426,,,,2025-07-12
MSG018435,LA010187,,,
MSG018440,,,,2025-01-13
MSG018442,,LA980470,,
MSG018444,LA024232,,,2025-03-26
MSG018446,LA016566,,,
MSG018449,,,896000.0,2025-11-03
MSG018452,,,,2025-03-10
MSG018460,LA012107,,,
MSG018461,,,,2026-11-02
MSG018463,LA009854,,,
MSG018464,,,687000.0,
MSG018467,LA024654,,,
MSG018468,,,,2025-12-24
MSG018471,,,835000.0,
MSG018472,LA008262,,,
MSG018474,LA004108,,,
MSG018475,LA029097,,,
MSG018476,,,,2026-06-02
MSG018480,,LA928911,,
MSG018482,,,,2025-02-24
MSG018484,,,,2026-10-29
MSG018488,,,,2026-06-02
MSG018490,,LA972095,,
MSG018491,,,771000.0,
MSG018514,LA010971,,,
MSG018515,LA021180,,,
MSG018517,,,476000.0,
MSG018519,,,,2026-06-20
MSG018520,LA023668,,,
MSG018521,,,,2026-08-29
MSG018522,,LA919942,670000.0,
MSG018523,LA027666,,,
MSG018526,,,639000.0,2025-03-27
MSG018531,,,,2026-10-09
MSG018532,LA020669,,,
MSG018533,,,358000.0,
MSG018543,,LA935845,,
MSG018546,,,392000.0,2025-04-15
MSG018547,,LA993451,,
MSG018550,,LA023390,,
MSG018552,LA027629,,,
MSG018555,,,567000.0,
MSG018557,,,,2025-05-04
MSG018562,LA031131,,,
MSG018563,,LA928302,,2025-06-08
MSG018564,,,,2025-12-08
MSG018577,LA001545,,,
MSG018582,LA024555,,,
MSG018583,LA005778,,,
MSG018584,LA029413,,,
MSG018590,LA001599,,,
MSG018592,,,131000.0,
MSG018593,,,,2025-08-17
MSG018595,,LA008175,,
MSG018598,,LA984361,,2026-08-12
MSG018601,,,73000.0,
MSG018602,,LA942251,,
MSG018604,LA006363,,,
MSG018605,,,,2026-03-12
MSG018608,,LA920986,,
MSG018609,,,,2026-04-11
MSG018617,LA019938,,,
MSG018620,LA000139,,,
MSG018621,,,782000.0,2025-01-13
MSG018637,LA000568,,,
MSG018638,,LA909702,,
MSG018639,,,,2026-10-23
MSG018642,,LA954821,,
MSG018643,,LA945127,,
MSG018644,,,190000.0,
MSG018645,,LA951133,,
MSG018646,,LA904314,,
MSG018653,,LA016663,,
MSG018654,,LA926812,,
MSG018655,,,,2025-02-04
MSG018656,,,360000.0,
MSG018659,LA032064,,,
MSG018661,,,534000.0,
MSG018663,,,,2026-02-10
MSG018664,LA017455,,374000.0,2025-09-11
MSG018665,LA014729,,,
MSG018666,LA021729,,,
MSG018667,,,,2026-01-11
MSG018668,LA018227,,,2026-10-13
MSG018669,,,226000.0,
MSG018673,,,757000.0,
MSG018674,,,175000.0,
MSG018678,LA012720,,,
MSG018684,,,677000.0,2025-07-23
MSG018685,LA019442,,,
MSG018686,,,75000.0,
MSG018689,,,409000.0,
MSG018693,,,52000.0,
MSG018696,,,760000.0,
MSG018698,,,,2025-09-04
MSG018701,,,,2026-06-23
MSG018703,,,,2026-01-25
MSG018707,LA000104,,,
MSG018713,,,770000.0,
MSG018716,,,109000.0,
MSG018717,,LA900394,,
MSG018723,,,751000.0,
MSG018727,LA008099,,,
MSG018728,,,,2026-12-28
MSG018730,,,340000.0,
MSG018734,,,179000.0,
MSG018739,LA022260,,,
MSG018740,,,600000.0,
MSG018743,LA011290,,,
MSG018745,LA001795,,,
MSG018747,,,811000.0,
MSG018748,LA004119,,,
MSG018749,,,629000.0,
MSG018752,,,886000.0,
MSG018753,,LA930248,,
MSG018755,,,109000.0,
MSG018756,,,168000.0,
MSG018759,LA028586,,,
MSG018763,,,600000.0,
MSG018769,,LA993148,,
MSG018772,,,556000.0,
MSG018773,,LA915231,,
MSG018781,,,,2025-02-16
MSG018782,LA010897,,,
MSG018783,,,,2025-02-11
MSG018785,,,633000.0,
MSG018786,,LA968932,738000.0,
MSG018787,,,,2025-07-14
MSG018788,LA000754,,,
MSG018792,,,725000.0,
MSG018794,,,158000.0,
MSG018797,,,363000.0,
MSG018798,,,335000.0,
MSG018800,,,607000.0,
MSG018802,,,,2025-10-18
MSG018804,,,605000.0,
MSG018807,,,,2025-01-17
MSG018812,,,,2026-12-11
MSG018815,,,,2025-05-08
MSG018816,,LA900577,,2025-07-23
MSG018817,,,,2026-08-13
MSG018818,,LA956184,,2026-07-12
MSG018820,,,877000.0,
MSG018822,,,30000.0,
MSG018823,,,351000.0,
MSG018825,,,79000.0,
MSG018827,,LA992092,,
MSG018828,,,305000.0,
MSG018829,LA024079,,,
MSG018832,,,,2025-10-27
MSG018834,,,,2025-06-23
MSG018835,,LA934109,468000.0,
MSG018837,,LA919715,,2026-09-01
MSG018842,,,746000.0,
MSG018844,,,120000.0,
MSG018846,LA017524,,,
MSG018850,,,474000.0,
MSG018851,,,634000.0,2026-06-14
MSG018853,,,683000.0,
MSG018856,,,745000.0,
MSG018861,,,169000.0,
MSG018862,,LA957053,,
MSG018866,,LA927894,,
MSG018868,,,,2025-10-28
MSG018873,LA014913,,,
MSG018877,,,682000.0,
MSG018884,,,420000.0,
MSG018886,,,813000.0,
MSG018887,,LA989156,,
MSG018891,LA029530,,,
MSG018892,LA010374,,,
MSG018895,,,466000.0,
MSG018901,LA018911,,,
MSG018902,,,558000.0,
MSG018905,,,87000.0,2026-04-19
MSG018910,LA024608,,,
MSG018913,,LA984898,,
MSG018920,,,841000.0,
MSG018924,,,612000.0,2026-02-20
MSG018925,LA020101,,,
MSG018926,,,,2026-08-19
MSG018928,,,652000.0,
MSG018929,,,424000.0,
MSG018930,LA006893,,,
MSG018931,,,644000.0,
MSG018932,LA022518,,,
MSG018933,,,749000.0,
MSG018938,,,382000.0,
MSG018942,,,781000.0,
MSG018943,,,539000.0,
MSG018948,,,757000.0,
MSG018949,,,,2025-11-15
MSG018950,LA024560,,,
MSG018953,,,,2026-08-26
MSG018956,,LA965237,,
MSG018957,,,,2026-10-13
MSG018959,,,390000.0,
MSG018960,,LA963903,,
MSG018961,LA004050,,,
MSG018966,LA005479,,,
MSG018968,LA022296,,,
MSG018971,,,,2025-02-23
MSG018974,,,870000.0,
MSG018975,,,735000.0,
MSG018978,LA003938,,,
MSG018979,,,,2025-03-20
MSG018982,LA029053,,,
MSG018985,,,,2025-10-04
MSG018987,,,,2025-09-18
MSG018988,,,,2025-05-31
MSG018990,LA003628,,265000.0,
MSG018992,LA032152,,,
MSG018993,,,,2026-08-06
MSG018994,,,805000.0,
MSG019004,LA022184,,,
MSG019005,LA014636,,,
MSG019006,LA008887,,,
MSG019010,,LA960247,,
MSG019012,,LA973528,,
MSG019014,LA011385,,,
MSG019018,,,,2026-11-09
MSG019019,,,,2026-09-11
MSG019020,,,399000.0,
MSG019025,,LA946019,,2025-11-09
MSG019026,,LA996973,,
MSG019027,,,319000.0,
MSG019036,,,184000.0,
MSG019043,LA024726,,,
MSG019047,,,292000.0,
MSG019049,,,280000.0,
MSG019052,,,194000.0,
MSG019053,,,,2025-08-04
MSG019062,,,383000.0,
MSG019071,LA024883,,,2026-04-01
MSG019075,LA006917,,,
MSG019076,,,490000.0,
MSG019080,,LA934569,,
MSG019082,LA017933,,,
MSG019084,LA032771,,,
MSG019085,,,261000.0,
MSG019087,,,53000.0,
MSG019088,,,893000.0,
MSG019090,,,51000.0,
MSG019095,,,765000.0,
MSG019099,LA008522,,,2026-08-08
MSG019102,,,364000.0,
MSG019108,,,298000.0,
MSG019109,,,,2026-03-26
MSG019112,LA022909,,,
MSG019115,,,405000.0,
MSG019119,,LA900893,,
MSG019120,,,523000.0,
MSG019123,,,204000.0,
MSG019125,,,51000.0,2026-10-24
MSG019126,,,313000.0,2025-12-18
MSG019129,LA005702,,,
MSG019130,,,,2026-08-11
MSG019132,,,531000.0,
MSG019135,,,413000.0,2026-04-02
MSG019139,,LA969854,,
MSG019140,,LA966222,,
MSG019141,,,136000.0,
MSG019143,,LA998097,,2026-04-07
MSG019145,,,453000.0,
MSG019146,,,697000.0,2026-07-09
MSG019147,,,400000.0,
MSG019149,LA027527,,,2026-11-03
MSG019151,,LA939532,,
MSG019154,,,183000.0,
MSG019156,,,573000.0,
MSG019158,LA005636,,,
MSG019160,LA009844,,,
MSG019162,,LA942475,,
MSG019163,,,,2026-12-31
MSG019164,,,609000.0,
MSG019166,LA015173,,,
MSG019173,LA012245,,,
MSG019175,,,525000.0,
MSG019176,LA005632,,,
MSG019186,,,290000.0,
MSG019188,,LA956199,,2026-09-23
MSG019190,,LA939220,,
MSG019191,LA021179,,,
MSG019192,,LA978484,,
MSG019194,LA000658,,,
MSG019195,LA032461,,,
MSG019196,LA001724,,258000.0,
MSG019197,,,610000.0,
MSG019201,,LA942810,,
MSG019203,,,235000.0,
MSG019207,,,,2025-12-05
MSG019208,,,,2026-04-28
MSG019214,LA011036,,,
MSG019216,LA030684,,,
MSG019218,,,598000.0,
MSG019226,,,898000.0,
MSG019231,LA005139,,,
MSG019233,,,878000.0,
MSG019236,,,115000.0,
MSG019238,,LA978361,,
MSG019242,,,163000.0,
MSG019244,,,60000.0,
MSG019249,,,124000.0,
MSG019254,,,469000.0,
MSG019256,,,,2026-03-18
MSG019261,,,,2025-09-27
MSG019262,LA002415,,,
MSG019263,,,,2025-10-19
MSG019270,,,644000.0,
MSG019272,,,471000.0,
MSG019273,LA024576,,,
MSG019275,,LA942553,,2026-03-19
MSG019278,,,295000.0,
MSG019280,LA002423,,,
MSG019281,LA029684,,,
MSG019282,,,686000.0,
MSG019285,LA014906,,,
MSG019289,,,306000.0,
MSG019292,,LA922509,,
MSG019298,LA028691,,,
MSG019299,,,,2026-04-13
MSG019301,,,538000.0,2026-12-12
MSG019303,,,602000.0,
MSG019305,,,221000.0,
MSG019309,LA008120,,,
MSG019310,,,,2025-06-09
MSG019313,,,372000.0,
MSG019316,LA004670,,,
MSG019322,,LA999061,,
MSG019326,,LA952647,,
MSG019331,,,135000.0,
MSG019332,,,,2025-08-23
MSG019335,,,,2026-12-27
MSG019341,LA031766,,,
MSG019350,,,519000.0,
MSG019352,LA025172,,,
MSG019355,,,364000.0,
MSG019356,,,,2025-01-06
MSG019357,,LA970677,,
MSG019358,,,802000.0,
MSG019359,,,492000.0,
MSG019360,,,166000.0,
MSG019361,LA030061,,,
MSG019362,,,,2025-03-20
MSG019364,,,726000.0,
MSG019368,,,495000.0,
MSG019369,,,,2026-10-29
MSG019379,,,354000.0,
MSG019384,LA010579,,,
MSG019385,LA013372,,,
MSG019395,,,791000.0,
MSG019396,LA019071,,,2025-01-13
MSG019397,,,,2025-02-14
MSG019398,LA014826,,,
MSG019403,,,498000.0,
MSG019407,,,,2026-05-19
MSG019409,LA008038,,,2025-09-05
MSG019411,,,773000.0,
MSG019412,LA012393,,,
MSG019416,,,188000.0,
MSG019419,,,699000.0,
MSG019426,,,532000.0,
MSG019429,,,,2026-03-14
MSG019432,,,805000.0,
MSG019436,,,219000.0,
MSG019447,,,,2026-04-26
MSG019451,,,,2026-11-09
MSG019453,LA020112,,,
MSG019455,,LA959125,,
MSG019457,LA001255,,,
MSG019458,LA011104,,,
MSG019460,,,766000.0,
MSG019461,,,731000.0,
MSG019464,,LA935918,,
MSG019465,LA009685,,,
MSG019467,,,589000.0,2026-04-14
MSG019469,,,,2026-06-11
MSG019470,,,97000.0,
MSG019473,,,67000.0,
MSG019488,,LA997213,,
MSG019491,,,,2025-12-23
MSG019497,,,,2025-12-14
MSG019498,,,538000.0,
MSG019507,,,807000.0,
MSG019509,,,,2025-02-07
MSG019515,,,,2025-11-09
MSG019520,,,701000.0,
MSG019521,,,120000.0,
MSG019522,,,151000.0,
MSG019529,,,236000.0,
MSG019531,,,,2025-12-22
MSG019537,,,284000.0,2026-01-20
MSG019538,,,,2026-02-16
MSG019540,,,606000.0,
MSG019544,,,154000.0,
MSG019549,LA002330,,,
MSG019551,,,246000.0,
MSG019558,,,,2025-07-16
MSG019561,,,65000.0,
MSG019563,,LA937149,,
MSG019565,,,445000.0,
MSG019567,,,517000.0,
MSG019570,,,291000.0,
MSG019572,LA004059,,,2026-02-24
MSG019573,LA016373,,,
MSG019574,,,662000.0,
MSG019576,,,416000.0,2025-06-14
MSG019579,,,888000.0,
MSG019580,,,,2026-12-14
MSG019581,LA003391,,,
MSG019582,,,631000.0,
MSG019587,LA011397,,,
MSG019591,,,251000.0,
MSG019595,LA018526,,,
MSG019596,,LA999308,,
MSG019601,,,311000.0,
MSG019602,,,441000.0,
MSG019605,,LA943079,,
MSG019608,,,90000.0,
MSG019609,,,734000.0,2026-08-25
MSG019614,LA028841,,,
MSG019615,,LA902264,,
MSG019617,,,819000.0,
MSG019622,,,876000.0,2025-01-08
MSG019624,,,500000.0,
MSG019626,,,801000.0,
MSG019630,,LA903671,,
MSG019632,,LA997364,,
MSG019638,LA003271,,,
MSG019641,LA014357,,,2026-06-05
MSG019643,,,661000.0,2025-07-29
MSG019644,LA003409,,,
MSG019645,,,542000.0,2025-03-10
MSG019646,,,253000.0,
MSG019648,LA014157,,,
MSG019649,,LA952781,,
MSG019652,LA015871,,,
MSG019653,LA026389,,,
MSG019654,,,831000.0,
MSG019666,,,,2025-03-02
MSG019668,LA014611,,,
MSG019669,,,126000.0,
MSG019671,,,,2025-05-07
MSG019672,,,747000.0,
MSG019674,,,649000.0,2025-12-02
MSG019677,,,304000.0,
MSG019678,,LA938763,,
MSG019679,,,477000.0,
MSG019683,,,,2026-03-14
MSG019686,,,513000.0,
MSG019691,LA030873,,,
MSG019694,LA004554,,,2025-07-12
MSG019696,,,73000.0,
MSG019697,,LA981137,,
MSG019698,,LA961714,,
MSG019703,,,206000.0,
MSG019705,,,138000.0,
MSG019706,LA001759,,,
MSG019712,,,603000.0,
MSG019713,,LA966056,,
MSG019714,,,657000.0,
MSG019715,,LA968544,,2026-05-10
MSG019718,LA000145,,,
MSG019719,,LA919841,,
MSG019720,,,427000.0,
MSG019722,LA011789,,,
MSG019734,,,708000.0,
MSG019735,,,409000.0,
MSG019739,,,,2025-06-29
MSG019743,LA006393,,,
MSG019744,,,39000.0,
MSG019746,LA003031,,,
MSG019748,LA007821,,,
MSG019753,,,334000.0,
MSG019758,,,438000.0,
MSG019760,,,894000.0,
MSG019764,LA032176,,,
MSG019765,,,449000.0,
MSG019773,,,,2026-11-15
MSG019775,,,693000.0,
MSG019776,,,619000.0,
MSG019778,LA026421,,,
MSG019783,LA000620,,,
MSG019786,LA030208,,,
MSG019788,LA006803,,23000.0,
MSG019789,,,346000.0,
MSG019790,,,,2026-05-18
MSG019792,,,,2025-10-24
MSG019794,LA013411,,,
MSG019795,LA010832,,,
MSG019801,,,176000.0,
MSG019803,,,643000.0,
MSG019805,,,,2025-08-08
MSG019819,LA013381,,,
MSG019827,,,475000.0,
MSG019830,LA025124,,,
MSG019832,,,514000.0,
MSG019834,,,293000.0,
MSG019842,,,,2025-08-18
MSG019843,,,376000.0,2025-12-07
MSG019845,,,,2025-04-15
MSG019846,,,507000.0,
MSG019851,,LA908826,,
MSG019858,LA023539,,,
MSG019860,,,653000.0,
MSG019863,,LA972802,140000.0,2026-05-20
MSG019864,,,,2025-05-23
MSG019866,,LA019627,,
MSG019878,,LA902180,,
MSG019882,,LA971945,,
MSG019888,,,786000.0,
MSG019890,,LA912993,,
MSG019897,,,622000.0,
MSG019900,LA020709,,93000.0,
MSG019902,,,,2026-11-03
MSG019903,,,238000.0,
MSG019906,LA024035,,,
MSG019909,,,106000.0,
MSG019910,,,,2025-01-06
MSG019911,,,,2026-06-27
MSG019914,LA006102,,,
MSG019916,,LA013072,,
MSG019918,,,609000.0,
MSG019919,,LA926253,,
MSG019920,,LA970775,,
MSG019921,,,309000.0,
MSG019922,,,97000.0,2025-08-02
MSG019923,,,590000.0,
MSG019926,LA003564,,,
MSG019929,LA023265,,,
MSG019930,,,660000.0,
MSG019932,,,164000.0,
MSG019933,LA014456,,,
MSG019936,LA021055,,,
MSG019942,,,,2025-02-05
MSG019944,LA018652,,,
MSG019945,LA009060,,,
MSG019946,,,810000.0,
MSG019947,,,446000.0,
MSG019948,,,281000.0,2026-02-25
MSG019954,,,,2026-09-22
MSG019957,,LA962286,,
MSG019966,,,651000.0,
MSG019967,LA004590,,,
MSG019968,,,,2026-08-16
MSG019972,,,364000.0,
MSG019973,,,710000.0,
MSG019979,,,638000.0,
MSG019982,,,581000.0,
MSG019984,LA032108,,,
MSG019985,,,,2025-12-24
MSG019987,LA009700,,,
MSG019988,,,,2025-02-17
MSG019989,,,,2025-09-22
MSG019990,,,324000.0,
MSG019993,,,667000.0,
MSG019999,,,543000.0,
MSG020001,,LA978152,,
MSG020002,LA003628,,,
MSG020004,,,789000.0,
MSG020008,,,,2025-06-13
MSG020010,LA010118,,,
MSG020011,LA029775,,,
MSG020016,,,163000.0,
MSG020017,LA008652,,,
MSG020025,,,786000.0,
MSG020029,,,880000.0,
MSG020032,,,105000.0,
MSG020036,,,429000.0,
MSG020039,,,,2026-11-14
MSG020040,,,784000.0,
MSG020046,LA032567,,,
MSG020051,,,112000.0,
MSG020056,,,406000.0,
MSG020058,,,568000.0,
MSG020060,,,211000.0,
MSG020067,LA015226,,,
MSG020070,,,526000.0,
MSG020079,LA028442,,,
MSG020081,,LA961094,,
MSG020083,,,113000.0,
MSG020084,LA021573,,,
MSG020087,,,890000.0,
MSG020091,,,,2026-10-13
MSG020096,,,,2025-03-27
MSG020101,,,,2026-09-10
MSG020103,,,,2026-09-06
MSG020109,,,342000.0,
MSG020113,,,859000.0,
MSG020116,LA001450,,,
MSG020117,LA016836,,,
MSG020119,,LA904784,,
MSG020120,,,800000.0,
MSG020121,,LA983977,,
MSG020129,,LA921574,,
MSG020131,LA013772,,,2026-02-15
MSG020132,LA006678,,,
MSG020134,,LA913607,,
MSG020135,,,329000.0,
MSG020138,,,180000.0,
MSG020140,,LA987853,,2026-06-08
MSG020141,LA018168,,,
MSG020142,,,854000.0,
MSG020145,,,,2026-04-17
MSG020148,LA003409,,,
MSG020152,,,756000.0,
MSG020157,,,23000.0,
MSG020158,LA023068,,,
MSG020161,,LA919483,,
MSG020162,,,681000.0,
MSG020163,,,894000.0,
MSG020164,,,343000.0,
MSG020165,LA027127,,,
MSG020175,LA003062,,,
MSG020179,,,332000.0,
MSG020180,LA015829,,,
MSG020186,,,,2026-06-28
MSG020188,,,,2025-08-31
MSG020190,,,113000.0,2025-02-13
MSG020194,,,,2026-03-17
MSG020195,LA021639,,,2026-08-30
MSG020200,LA002057,,,
MSG020202,LA012863,,,
MSG020204,,,,2026-09-09
MSG020207,,LA953606,,
MSG020208,LA008550,,,
MSG020211,,,770000.0,
MSG020212,,,309000.0,
MSG020213,,,837000.0,
MSG020216,,,45000.0,
MSG020219,LA001300,,,
MSG020220,LA026547,,,
MSG020221,LA014688,,,
MSG020222,,,208000.0,
MSG020224,,,370000.0,
MSG020225,LA024830,,,
MSG020229,,,661000.0,
MSG020232,LA019395,,,
MSG020241,,,531000.0,2026-12-28
MSG020242,,,677000.0,
MSG020247,LA028905,,,
MSG020248,,LA948596,,
MSG020256,LA032903,,,
MSG020259,LA019895,,,
MSG020261,,,360000.0,2025-04-17
MSG020262,,,172000.0,
MSG020266,,,651000.0,
MSG020267,,,,2026-02-14
MSG020269,LA011639,,,
MSG020273,,,229000.0,
MSG020275,,,543000.0,
MSG020279,,,762000.0,
MSG020282,,,,2025-10-05
MSG020285,,LA976950,,
MSG020289,LA013972,,,
MSG020295,,,269000.0,
MSG020298,,LA904414,,
MSG020299,,LA910669,,
MSG020300,LA027243,,409000.0,
MSG020304,,,212000.0,
MSG020306,LA014094,,,
MSG020314,,,308000.0,
MSG020317,,,570000.0,
MSG020325,,,472000.0,
MSG020326,,,519000.0,2026-04-02
MSG020328,,,597000.0,
MSG020332,,LA941559,,
MSG020333,LA017176,,,
MSG020334,LA006427,,,
MSG020337,,,569000.0,
MSG020342,,,124000.0,
MSG020347,LA032678,,,
MSG020351,LA021497,,,
MSG020352,LA010918,,,
MSG020355,,,596000.0,
MSG020356,,,889000.0,
MSG020357,,,444000.0,
MSG020361,LA019330,,,
MSG020364,LA013254,,,
MSG020371,,,211000.0,
MSG020372,,,,2025-06-06
MSG020373,,,,2026-05-31
MSG020374,LA005131,,,
MSG020375,LA028871,,,
MSG020377,,,421000.0,
MSG020379,,,812000.0,
MSG020380,,,610000.0,
MSG020383,,LA947325,,
MSG020384,,,302000.0,
MSG020390,,,,2026-10-14
MSG020396,,,,2025-02-18
MSG020403,LA029227,,,
MSG020407,LA027553,,,
MSG020409,LA012174,,109000.0,
MSG020417,,,809000.0,
MSG020420,,,147000.0,
MSG020428,,,319000.0,
MSG020432,,,232000.0,
MSG020435,,,647000.0,
MSG020437,LA008492,,,2026-01-21
MSG020439,LA001641,,,
MSG020443,LA024168,,300000.0,
MSG020447,,,110000.0,
MSG020448,,,299000.0,
MSG020450,LA010840,,,
MSG020451,LA029443,,,
MSG020453,LA028708,,,
MSG020455,,,19000.0,2025-06-06
MSG020456,,,197000.0,
MSG020457,,,807000.0,
MSG020461,LA004242,,,
MSG020462,LA030258,,,
MSG020465,,,,2025-08-09
MSG020470,LA004643,,,
MSG020479,,,792000.0,2025-07-31
MSG020481,,,,2025-11-09
MSG020482,,,,2026-01-24
MSG020486,LA016198,,,2026-06-29
MSG020488,LA015655,,,
MSG020489,,,,2026-03-10
MSG020490,,,,2026-04-13
MSG020491,LA031558,,,
MSG020497,LA021710,,,
MSG020499,LA028887,,,2026-07-13
MSG020502,,,280000.0,
MSG020503,LA019689,,,
MSG020515,,LA978821,,
MSG020517,,,3000.0,
MSG020518,,,139000.0,
MSG020519,,,768000.0,
MSG020521,,,246000.0,
MSG020524,,,562000.0,
MSG020526,,,,2026-09-20
MSG020528,,,412000.0,2025-06-15
MSG020529,LA027238,,,
MSG020530,,,420000.0,
MSG020531,LA028120,,,
MSG020534,,,12000.0,
MSG020538,LA028374,,,
MSG020541,,LA960572,,2025-08-17
MSG020544,,,431000.0,
MSG020548,LA013602,,,2026-02-09
MSG020554,,,353000.0,
MSG020558,LA012618,,,
MSG020559,,,,2026-12-11
MSG020564,,,180000.0,
MSG020567,,,,2025-08-18
MSG020568,,,85000.0,
MSG020569,,LA914871,614000.0,
MSG020571,,,,2025-11-22
MSG020579,LA032502,,,
MSG020581,,,100000.0,
MSG020582,,,289000.0,
MSG020583,,,,2026-09-16
MSG020586,,LA997887,,
MSG020591,LA024987,,,
MSG020596,LA030269,,,
MSG020597,,,669000.0,
MSG020598,LA019075,,,
MSG020604,,,,2026-04-26
MSG020607,,,446000.0,
MSG020608,,,,2026-10-02
MSG020611,,,,2025-07-13
MSG020612,,,196000.0,
MSG020614,LA030656,,,
MSG020615,,,668000.0,
MSG020626,,,57000.0,
MSG020627,,LA945994,,
MSG020628,,,402000.0,
MSG020629,,,408000.0,
MSG020636,,,424000.0,
MSG020640,LA023776,,,
MSG020641,,LA996458,,
MSG020645,,,602000.0,
MSG020646,LA024533,,,
MSG020647,LA005891,,,
MSG020649,,,,2026-05-06
MSG020652,,,557000.0,
MSG020653,,LA998975,,
MSG020658,,,450000.0,
MSG020660,LA018717,,,
MSG020667,,,762000.0,
MSG020668,,,564000.0,
MSG020680,,LA905167,,
MSG020681,LA024164,,,
MSG020682,,,,2026-08-09
MSG020684,,LA950591,,
MSG020689,LA025133,,,
MSG020698,,,634000.0,
MSG020699,LA031598,,524000.0,
MSG020700,LA010810,,,
MSG020702,,,681000.0,
MSG020704,,,,2025-11-09
MSG020706,,,,2026-10-09
MSG020707,,,,2025-07-08
MSG020709,,,828000.0,2026-10-18
MSG020713,LA010010,,,
MSG020721,,,632000.0,
MSG020723,,,867000.0,
MSG020725,,,559000.0,
MSG020728,LA031991,,,
MSG020735,,,,2026-07-17
MSG020736,,,,2025-09-13
MSG020737,,,148000.0,
MSG020742,LA032546,,,
MSG020747,,,,2025-04-01
MSG020752,,,,2026-01-21
MSG020754,,,290000.0,
MSG020756,,,,2025-05-10
MSG020757,,,520000.0,
MSG020759,,,,2025-07-11
MSG020761,,LA942203,,
MSG020762,,,487000.0,
MSG020766,LA005962,,,2026-08-27
MSG020770,,LA949831,,
MSG020772,,LA930993,,
MSG020773,,,253000.0,
MSG020775,,,,2025-08-10
MSG020776,LA012502,,,
MSG020781,,LA031288,,
MSG020782,LA006620,,,2026-05-17
MSG020784,,,783000.0,
MSG020789,LA025866,,,
MSG020793,,,454000.0,
MSG020798,,,550000.0,
MSG020799,,,536000.0,
MSG020804,LA003716,,,
MSG020807,LA005910,,,
MSG020819,,,,2025-10-07
MSG020820,LA025925,,,
MSG020824,,,,2025-07-12
MSG020826,,,232000.0,2026-04-02
MSG020828,,,,2025-08-04
MSG020830,,,612000.0,
MSG020833,,,371000.0,
MSG020836,,,712000.0,2025-03-22
MSG020837,,,254000.0,
MSG020838,,,40000.0,
MSG020839,LA020071,,,
MSG020842,,,,2026-03-22
MSG020844,,,,2026-04-11
MSG020845,LA018328,,423000.0,
MSG020847,,,674000.0,
MSG020848,,,57000.0,
MSG020851,LA028274,,,
MSG020853,,,296000.0,2025-05-23
MSG020854,,LA010156,,
MSG020858,,,723000.0,
MSG020860,,,568000.0,
MSG020867,LA016634,,,
MSG020868,,LA955878,,
MSG020870,,,,2025-02-15
MSG020875,,,361000.0,
MSG020879,LA020102,,,
MSG020884,,,178000.0,
MSG020891,LA024444,,,
MSG020894,LA010980,,,
MSG020895,,,349000.0,2025-01-11
MSG020897,,,154000.0,
MSG020904,,,513000.0,
MSG020907,,,547000.0,2026-10-01
MSG020908,LA020934,,,
MSG020909,,,41000.0,
MSG020910,,,285000.0,
MSG020911,,,139000.0,
MSG020912,,,31000.0,
MSG020914,LA014814,,,
MSG020915,,,425000.0,
MSG020917,LA017903,,,
MSG020920,,LA949219,,
MSG020921,LA028471,,,
MSG020922,,,780000.0,
MSG020925,,,,2025-01-24
MSG020926,,,858000.0,
MSG020927,,,436000.0,
MSG020929,,,,2025-01-25
MSG020930,,,579000.0,
MSG020936,,LA918600,,
MSG020937,LA013006,,,
MSG020939,,,544000.0,2026-01-26
MSG020943,LA022073,,,2025-03-13
MSG020950,,,858000.0,
MSG020951,,LA031084,,
MSG020956,,,487000.0,
MSG020961,,,480000.0,
MSG020966,,,,2025-01-25
MSG020967,LA025179,,,
MSG020970,,,,2026-12-24
MSG020972,,,,2025-03-25
MSG020973,,LA928850,,
MSG020974,,,,2026-10-09
MSG020975,,,305000.0,
MSG020977,,,753000.0,
MSG020980,,LA914716,,
MSG020986,,LA984359,,2026-06-10
MSG020987,LA032632,,,
MSG020989,,,,2025-06-08
MSG020992,,LA967734,,2026-02-19
MSG020996,,,149000.0,
MSG020998,LA019278,,,
MSG021010,,LA938752,,
MSG021017,,,,2025-09-18
MSG021020,,,438000.0,
MSG021025,,,,2026-10-26
MSG021026,,,,2026-05-08
MSG021033,LA009332,,,
MSG021035,LA032722,,,
MSG021037,,,,2025-12-18
MSG021046,,,826000.0,
MSG021049,,,778000.0,
MSG021050,LA021295,,,
MSG021054,LA007998,,,
MSG021056,,,320000.0,
MSG021057,,,,2025-07-04
MSG021064,,,792000.0,
MSG021065,,,751000.0,
MSG021072,LA010487,,,
MSG021076,,,85000.0,
MSG021081,,,,2025-01-03
MSG021082,,LA939576,,
MSG021083,,LA907909,,2025-06-18
MSG021086,,LA928990,,
MSG021088,LA008685,,,
MSG021089,,,761000.0,
MSG021090,,,444000.0,
MSG021091,,,93000.0,
MSG021092,LA027511,,,
MSG021095,,,,2026-10-12
MSG021096,LA003063,,,
MSG021097,,,660000.0,
MSG021099,LA024446,,,2025-08-03
MSG021100,LA018299,,,
MSG021101,LA002432,,,
MSG021105,LA020261,,,
MSG021106,,,,2026-11-13
MSG021109,,,883000.0,
MSG021110,,,271000.0,
MSG021129,,,166000.0,
MSG021132,,,,2025-08-21
MSG021133,,,433000.0,
MSG021134,LA024878,,,
MSG021139,,,24000.0,
MSG021140,,,,2026-10-24
MSG021141,,,100000.0,
MSG021148,,,751000.0,2025-08-26
MSG021153,,,,2026-08-13
MSG021154,,,798000.0,
MSG021156,LA023985,,,
MSG021160,,,874000.0,
MSG021164,LA017461,,,
MSG021172,,,57000.0,2026-05-07
MSG021176,,,428000.0,
MSG021177,,,696000.0,
MSG021184,LA011089,,,
MSG021188,,LA992441,,
MSG021190,,,,2026-02-23
MSG021191,,,711000.0,
MSG021196,,,709000.0,
MSG021198,,,695000.0,
MSG021199,,,290000.0,
MSG021200,,,653000.0,
MSG021201,LA005425,,,
MSG021203,,LA903139,,
MSG021207,,,486000.0,
MSG021209,,,,2025-02-14
MSG021210,LA000403,,,
MSG021215,,,,2026-09-30
MSG021218,,,478000.0,
MSG021220,,,247000.0,
MSG021221,,,152000.0,
MSG021225,,,288000.0,
MSG021226,,,831000.0,
MSG021230,,,507000.0,
MSG021232,,LA914612,,
MSG021235,,LA984604,,
MSG021236,,,670000.0,
MSG021237,,LA952032,,
MSG021238,,,780000.0,2026-06-13
MSG021240,LA011882,,,
MSG021242,LA020888,,,
MSG021247,,,855000.0,
MSG021250,LA001248,,,
MSG021253,LA032958,,,
MSG021254,,,656000.0,
MSG021255,,,52000.0,
MSG021256,,,297000.0,
MSG021257,LA019358,,,
MSG021259,LA009741,,,
MSG021261,LA031745,,,
MSG021266,,,,2025-05-18
MSG021267,,,722000.0,
MSG021272,LA006096,,,
MSG021273,LA031598,,,
MSG021276,LA009326,,,
MSG021278,,,,2025-02-23
MSG021281,,,,2025-12-31
MSG021289,,,573000.0,
MSG021291,,,598000.0,2026-09-09
MSG021294,,,296000.0,
MSG021295,,,832000.0,
MSG021308,,,220000.0,
MSG021310,,LA903232,,
MSG021315,,LA948976,,
MSG021320,LA012546,,705000.0,
MSG021324,,,,2026-03-17
MSG021325,,,,2026-08-30
MSG021326,,,94000.0,
MSG021331,,,,2026-08-01
MSG021334,LA014055,,,
MSG021340,,,852000.0,
MSG021341,,,826000.0,
MSG021342,LA032833,,,
MSG021343,LA008313,,,
MSG021345,LA032106,,,
MSG021347,,,824000.0,
MSG021348,LA011464,,,
MSG021351,,LA974997,,
MSG021352,LA009437,,,
MSG021353,,,,2025-07-26
MSG021356,,,,2026-08-27
MSG021361,,LA934506,,
MSG021363,,,451000.0,2025-01-25
MSG021364,LA021085,,,2025-01-02
MSG021365,,,223000.0,
MSG021366,,,,2025-07-21
MSG021367,,,586000.0,
MSG021368,,,39000.0,
MSG021371,,,161000.0,
MSG021373,,,150000.0,
MSG021378,LA022920,,,
MSG021383,,,298000.0,
MSG021384,,,283000.0,
MSG021386,,LA938198,,
MSG021389,LA011401,,,
MSG021392,,,11000.0,2026-02-09
MSG021393,,LA963131,,
MSG021395,LA004434,,,
MSG021399,,,740000.0,
MSG021400,,,,2025-07-05
MSG021405,,,283000.0,
MSG021406,LA013085,,,
MSG021409,LA017851,,490000.0,
MSG021414,,,,2025-04-21
MSG021415,,,,2026-03-18
MSG021416,,,542000.0,
MSG021422,,,,2025-08-07
MSG021425,,,516000.0,
MSG021429,,LA959868,,
MSG021432,,,,2026-09-05
MSG021434,LA001324,,,
MSG021435,,LA990290,,
MSG021443,,LA924767,730000.0,
MSG021447,LA002605,,,
MSG021451,,,355000.0,
MSG021452,LA030289,,,
MSG021454,,,327000.0,
MSG021458,,,187000.0,
MSG021465,,,682000.0,
MSG021466,,LA927606,,
MSG021469,,,626000.0,
MSG021470,,,651000.0,
MSG021472,,LA915539,,
MSG021475,,,689000.0,
MSG021476,,,689000.0,
MSG021478,LA001190,,,
MSG021480,LA013442,,,
MSG021484,LA025228,,,
MSG021488,LA010848,,,
MSG021489,,LA966491,,
MSG021490,LA016344,,,
MSG021494,LA002859,,,
MSG021496,,,,2026-10-09
MSG021500,,,349000.0,
MSG021504,LA026236,,,
MSG021505,,,802000.0,
MSG021514,,,,2025-04-20
MSG021515,LA020952,,,
MSG021517,,,386000.0,
MSG021518,,,,2025-01-22
MSG021519,,,745000.0,
MSG021523,,,865000.0,
MSG021528,LA028105,,,
MSG021540,,,840000.0,
MSG021544,,,378000.0,
MSG021545,,,163000.0,
MSG021546,,LA953338,,
MSG021549,LA028510,,,
MSG021551,,,502000.0,
MSG021552,LA011592,,,
MSG021560,,,,2025-10-09
MSG021562,,,403000.0,
MSG021566,,LA934694,,
MSG021569,,,213000.0,
MSG021572,,,288000.0,
MSG021573,,,783000.0,
MSG021575,,,434000.0,
MSG021576,LA001360,,,
MSG021579,,,,2025-08-21
MSG021581,LA011444,,,
MSG021595,LA004812,,,
MSG021596,,,323000.0,
MSG021600,,,154000.0,
MSG021602,,LA969561,,
MSG021605,,,840000.0,
MSG021609,,LA937668,,
MSG021613,LA017619,,,
MSG021617,LA004850,,,
MSG021620,LA030421,,,
MSG021621,LA019901,,,
MSG021623,LA008383,,,
MSG021625,,,871000.0,
MSG021627,,,457000.0,
MSG021629,,LA919549,,
MSG021630,,LA953984,851000.0,
MSG021632,,,,2026-07-09
MSG021633,,,383000.0,
MSG021639,,,600000.0,
MSG021640,LA030400,,,
MSG021643,,LA943635,,
MSG021647,,,,2025-11-17
MSG021652,,,622000.0,
MSG021656,,,888000.0,
MSG021657,,,684000.0,
MSG021658,,LA940539,,2026-12-29
MSG021659,,,625000.0,
MSG021662,,,,2025-08-10
MSG021665,,,,2025-08-19
MSG021666,,,,2025-11-05
MSG021671,,,,2026-12-07
MSG021676,LA025422,,,
MSG021678,LA014462,,,
MSG021681,,,504000.0,
MSG021684,,LA944465,,
MSG021685,LA004853,,,
MSG021687,,,94000.0,
MSG021688,,,108000.0,
MSG021691,,,719000.0,
MSG021694,,,640000.0,
MSG021700,,LA991419,,
MSG021703,LA011363,,,
MSG021705,,,231000.0,
MSG021707,,,362000.0,
MSG021710,LA019294,,,
MSG021712,,LA921597,,
MSG021715,,,781000.0,
MSG021716,,,220000.0,
MSG021718,,,29000.0,
MSG021719,LA025292,,,
MSG021721,LA008673,,,
MSG021722,,,109000.0,
MSG021724,LA024533,,,
MSG021728,LA009362,,,
MSG021729,,,472000.0,
MSG021734,,,368000.0,
MSG021738,LA008174,,,
MSG021739,,,80000.0,
MSG021741,LA014765,,,
MSG021743,LA005329,,,
MSG021744,,,401000.0,2026-05-27
MSG021747,LA013370,,,
MSG021749,,,,2026-08-11
MSG021752,,,102000.0,
MSG021754,LA011823,,,
MSG021756,,,,2025-06-24
MSG021758,,,783000.0,
MSG021760,,,370000.0,
MSG021764,,LA927580,,
MSG021771,,,783000.0,
MSG021773,,,,2026-09-20
MSG021776,,,867000.0,
MSG021781,LA009271,,,
MSG021784,,,860000.0,
MSG021785,LA025617,,,
MSG021789,,,483000.0,
MSG021790,,,,2025-11-27
MSG021795,,,701000.0,
MSG021800,,,105000.0,
MSG021801,,,,2026-10-01
MSG021803,LA010967,,,
MSG021810,,,570000.0,
MSG021812,LA022962,,,
MSG021813,,LA956504,,2025-08-22
MSG021815,,,,2026-02-03
MSG021817,LA023797,,,
MSG021819,,,,2025-07-06
MSG021820,LA021999,,,
MSG021822,,LA904670,,
MSG021824,,LA914593,,
MSG021825,,,,2025-11-23
MSG021828,,,875000.0,
MSG021830,,LA956633,,
MSG021831,,LA950974,,
MSG021832,,,576000.0,
MSG021833,,,,2025-01-02
MSG021834,,,493000.0,
MSG021836,,,,2025-01-09
MSG021837,,LA965281,,
MSG021844,,,,2026-09-06
MSG021849,,,299000.0,
MSG021850,,,659000.0,
MSG021854,LA008919,,,
MSG021856,LA027376,,,
MSG021857,LA007842,,,
MSG021860,LA009174,,,
MSG021865,,,824000.0,
MSG021866,LA028879,,,
MSG021867,,,,2025-11-03
MSG021868,,,69000.0,2025-07-05
MSG021870,LA011227,,,
MSG021871,,,490000.0,2025-12-01
MSG021878,,,687000.0,
MSG021879,,,,2026-10-04
MSG021885,,,,2026-02-28
MSG021893,,,393000.0,
MSG021895,LA023028,,,
MSG021897,,,,2025-02-13
MSG021905,,,24000.0,
MSG021906,,,420000.0,
MSG021907,,,557000.0,
MSG021910,,,,2025-02-19
MSG021912,,LA911343,,
MSG021916,,LA985386,,
MSG021917,,,,2026-02-05
MSG021918,LA001399,,,
MSG021919,,,847000.0,
MSG021923,,,,2026-08-25
MSG021928,,,739000.0,
MSG021935,,,,2026-03-30
MSG021937,,,98000.0,
MSG021939,LA020293,,,
MSG021940,LA028672,,,
MSG021942,,,609000.0,
MSG021950,,,48000.0,
MSG021953,,,251000.0,
MSG021954,,,341000.0,
MSG021958,,,,2025-04-21
MSG021960,,,846000.0,
MSG021961,LA023416,,,
MSG021967,,LA948553,,2025-05-27
MSG021968,,LA915502,,
MSG021974,,LA931159,,
MSG021977,,,,2025-03-15
MSG021978,,,,2025-02-08
MSG021980,,LA922745,,
MSG021984,,,47000.0,
MSG021988,,,134000.0,
MSG021990,,LA945224,,
MSG021992,,,372000.0,
MSG021994,LA019244,,,
MSG021995,LA028021,,,
MSG022004,LA009861,,,
MSG022009,,,206000.0,2026-08-29
MSG022011,,,333000.0,
MSG022013,LA012449,,,
MSG022019,,,132000.0,
MSG022023,,,147000.0,
MSG022028,LA002298,,,
MSG022030,,,119000.0,
MSG022034,LA023071,,,
MSG022039,,LA946937,,
MSG022041,LA023901,,,
MSG022044,,,30000.0,
MSG022045,,,7000.0,2025-10-08
MSG022046,,,498000.0,2026-01-27
MSG022047,,,248000.0,
MSG022048,,,167000.0,
MSG022051,,,565000.0,
MSG022057,,,639000.0,
MSG022060,,,375000.0,
MSG022064,,,832000.0,2026-06-03
MSG022065,,,,2026-11-01
MSG022067,,,555000.0,
MSG022068,,LA943374,,
MSG022069,,LA946100,,
MSG022071,LA024819,,,
MSG022077,LA024733,,,
MSG022080,,,,2026-06-23
MSG022082,LA004216,,,
MSG022084,LA022010,,,
MSG022089,,,162000.0,
MSG022090,,,,2026-08-26
MSG022092,,,144000.0,
MSG022098,,,,2025-02-21
MSG022100,LA025209,,,
MSG022102,,,,2026-11-25
MSG022111,,LA990792,,
MSG022116,,,864000.0,
MSG022117,,,,2025-03-26
MSG022118,LA006756,,,
MSG022120,,,301000.0,
MSG022121,LA015737,,,
MSG022122,,,359000.0,2026-11-04
MSG022123,,,572000.0,
MSG022124,,,,2026-03-27
MSG022125,,,160000.0,2025-07-26
MSG022129,,LA995913,,
MSG022136,LA030135,,,
MSG022137,,,,2026-11-04
MSG022139,,,829000.0,
MSG022142,,,74000.0,
MSG022143,,,344000.0,
MSG022148,,,502000.0,
MSG022150,LA013704,,826000.0,
MSG022152,,,221000.0,
MSG022154,,,531000.0,
MSG022155,,,838000.0,
MSG022156,LA024878,,,
MSG022157,LA017520,,,2025-03-17
MSG022158,,,118000.0,
MSG022159,LA021725,,,
MSG022160,LA020695,,,
MSG022162,,,423000.0,
MSG022171,,,,2025-07-27
MSG022172,,,,2025-10-26
MSG022181,,,,2025-09-18
MSG022182,LA021502,,,
MSG022183,,,,2026-02-12
MSG022187,LA025741,,,
MSG022189,,,,2025-12-09
MSG022192,,,,2026-03-02
MSG022197,LA029840,,,2026-10-02
MSG022200,,,277000.0,
MSG022204,,,42000.0,
MSG022208,,,,2026-12-28
MSG022217,,,131000.0,
MSG022227,,,67000.0,2026-08-25
MSG022229,LA009778,,,
MSG022231,,,,2026-01-08
MSG022234,LA030632,,,
MSG022235,LA020742,,,
MSG022236,LA019684,,,
MSG022243,,,,2025-03-30
MSG022245,,,65000.0,
MSG022248,,,800000.0,
MSG022249,,,302000.0,
MSG022250,,,692000.0,
MSG022251,,,773000.0,
MSG022253,,,,2025-01-04
MSG022255,,,18000.0,
MSG022257,LA010835,,,
MSG022261,LA013764,,,
MSG022262,,,356000.0,
MSG022263,LA021525,,,
MSG022269,,LA948993,,
MSG022270,,,261000.0,
MSG022273,,,42000.0,
MSG022276,,,837000.0,
MSG022277,,,607000.0,
MSG022284,LA012018,,,
MSG022285,,,448000.0,
MSG022288,,LA996301,,
MSG022289,,,,2025-04-21
MSG022293,,,,2025-02-07
MSG022294,LA009504,,,
MSG022297,,,862000.0,
MSG022308,LA027037,,,
MSG022309,,LA981849,,
MSG022316,,,685000.0,
MSG022317,,LA981995,,
MSG022318,,,,2025-05-03
MSG022319,,,564000.0,
MSG022322,,LA922565,,
MSG022323,,,,2025-11-03
MSG022324,LA013724,,348000.0,
MSG022326,,LA943842,,
MSG022329,,,309000.0,
MSG022331,,,,2025-03-30
MSG022332,,,26000.0,
MSG022336,LA021296,,,
MSG022338,LA001038,,,2026-07-31
MSG022339,LA002560,,,
MSG022345,,LA935207,,
MSG022346,,,,2026-08-15
MSG022350,LA027992,,,
MSG022355,,LA909645,,
MSG022359,,,748000.0,
MSG022362,,,129000.0,2026-11-26
MSG022377,,,,2025-06-13
MSG022378,,,874000.0,
MSG022382,,,813000.0,
MSG022383,,,527000.0,
MSG022384,LA004705,,,
MSG022388,,,488000.0,
MSG022392,,,,2025-06-08
MSG022394,,,,2026-09-23
MSG022395,,,857000.0,
MSG022396,,LA907508,,
MSG022397,,,301000.0,
MSG022399,,LA962242,,
MSG022400,,LA942074,,
MSG022406,,,246000.0,
MSG022408,,,839000.0,
MSG022409,,,410000.0,
MSG022410,,,39000.0,
MSG022413,,,75000.0,
MSG022418,,,94000.0,
MSG022421,LA026279,,,2025-11-13
MSG022423,LA029703,,,
MSG022427,LA015900,,,
MSG022433,LA029190,,,
MSG022434,LA014114,,,
MSG022437,,,,2025-02-07
MSG022438,LA031410,,,
MSG022439,LA007860,,,
MSG022447,,,600000.0,
MSG022448,,,360000.0,
MSG022451,,,123000.0,
MSG022458,LA014134,,,
MSG022462,,,884000.0,
MSG022465,,,293000.0,
MSG022466,LA012849,,,
MSG022470,,,630000.0,
MSG022480,,LA982571,,
MSG022481,,,,2026-12-09
MSG022487,,,,2025-09-29
MSG022491,,,591000.0,
MSG022492,LA025895,,,
MSG022494,,LA966869,,
MSG022496,,LA908517,,
MSG022500,,,630000.0,
MSG022501,,,,2025-12-14
MSG022506,LA001443,,,
MSG022509,,,231000.0,
MSG022510,,,207000.0,
MSG022511,,,,2025-07-06
MSG022512,,LA983815,,2026-09-24
MSG022515,LA027335,,,
MSG022517,,,526000.0,
MSG022518,,,39000.0,
MSG022523,,,817000.0,
MSG022525,LA000780,,,
MSG022528,,,409000.0,
MSG022531,,,,2026-06-26
MSG022533,,,323000.0,
MSG022534,,,837000.0,
MSG022536,LA010438,,,
MSG022537,LA019697,,,
MSG022542,,,551000.0,2026-12-01
MSG022549,,,427000.0,
MSG022554,,,782000.0,
MSG022557,,,687000.0,
MSG022558,,,735000.0,
MSG022559,LA004814,,,
MSG022566,LA016188,,895000.0,
MSG022567,,LA949609,,
MSG022568,,,665000.0,
MSG022569,,,,2025-01-19
MSG022571,,,32000.0,
MSG022572,,,,2025-05-25
MSG022575,,,227000.0,2025-11-16
MSG022576,,,684000.0,
MSG022577,,,438000.0,
MSG022578,,,828000.0,
MSG022580,,,808000.0,
MSG022583,LA032904,,,
MSG022585,,,490000.0,
MSG022589,,,,2025-11-25
MSG022591,,,809000.0,
MSG022592,,,813000.0,
MSG022593,,LA956590,,
MSG022595,,LA996567,,
MSG022596,,,,2025-04-26
MSG022604,,,267000.0,
MSG022606,,,787000.0,
MSG022610,LA027172,,,
MSG022614,,,583000.0,
MSG022617,,,539000.0,
MSG022620,,,642000.0,
MSG022623,,LA001005,,
MSG022625,,,778000.0,
MSG022626,,,671000.0,
MSG022627,,LA964006,,
MSG022628,,,343000.0,2025-10-02
MSG022629,LA019549,,,
MSG022633,LA019738,,,
MSG022634,,,290000.0,
MSG022638,,,434000.0,
MSG022639,,,,2026-09-04
MSG022640,LA002258,,,
MSG022642,,,532000.0,
MSG022645,,LA902228,,
MSG022649,,,227000.0,
MSG022650,,,,2025-10-14
MSG022651,,,617000.0,
MSG022656,LA021478,,,
MSG022660,,,200000.0,2026-07-14
MSG022663,,,,2025-05-29
MSG022671,LA017217,,,
MSG022672,LA022523,,,
MSG022675,,,51000.0,
MSG022678,,,,2025-09-05
MSG022679,LA009839,,,
MSG022681,,,50000.0,
MSG022683,,,,2026-02-19
MSG022693,LA008466,,,
MSG022694,,,671000.0,
MSG022695,,,366000.0,
MSG022703,,,,2026-03-24
MSG022710,,LA917726,,
MSG022714,,,,2025-02-21
MSG022716,,,,2026-04-28
MSG022717,,,27000.0,
MSG022726,,,676000.0,
MSG022727,,LA942634,,
MSG022737,LA024311,,,
MSG022742,,,98000.0,
MSG022749,LA023841,,,
MSG022762,LA005357,,,
MSG022764,LA007175,,,
MSG022765,,,873000.0,
MSG022766,,,,2026-11-14
MSG022768,,LA019372,,
MSG022769,LA027362,,,
MSG022770,,,670000.0,
MSG022771,LA006689,,157000.0,2025-09-12
MSG022773,,,,2026-12-23
MSG022774,,,897000.0,
MSG022783,,LA007263,,
MSG022784,,,198000.0,
MSG022786,,,,2025-07-28
MSG022794,,,,2026-05-24
MSG022796,,,466000.0,
MSG022811,,,,2025-04-16
MSG022812,,,,2025-06-27
MSG022815,,,,2025-03-22
MSG022822,,,896000.0,
MSG022825,,,,2025-07-30
MSG022827,LA026669,,188000.0,
MSG022829,,,712000.0,
MSG022833,LA023018,,,
MSG022834,,,,2025-01-12
MSG022839,,,873000.0,
MSG022844,,,59000.0,
MSG022848,LA029771,,,
MSG022851,,,746000.0,
MSG022852,,,515000.0,2026-06-12
MSG022854,,LA903720,19000.0,
MSG022859,,,139000.0,
MSG022860,,LA916747,,
MSG022862,,,255000.0,
MSG022869,,LA979168,,2025-05-25
MSG022873,,,,2026-10-18
MSG022876,,,,2026-03-05
MSG022882,,,461000.0,
MSG022886,,,696000.0,
MSG022892,,,870000.0,
MSG022902,,LA914278,,
MSG022905,,,391000.0,2025-10-22
MSG022907,LA025874,,,2025-03-20
MSG022910,,,445000.0,
MSG022912,,,,2026-12-19
MSG022913,,LA916703,,2026-05-14
MSG022914,,,310000.0,
MSG022915,,,,2025-08-29
MSG022923,,,555000.0,
MSG022925,LA031458,,,
MSG022927,,,364000.0,
MSG022930,,,321000.0,
MSG022931,,LA006258,,
MSG022932,,,329000.0,2026-06-28
MSG022935,,,706000.0,
MSG022936,,,823000.0,
MSG022937,,,,2026-06-12
MSG022939,LA009003,,,
MSG022942,,,,2026-04-27
MSG022943,LA007887,,193000.0,
MSG022945,LA001832,,448000.0,
MSG022947,,,196000.0,
MSG022949,,,523000.0,2025-05-14
MSG022951,,,168000.0,
MSG022953,,,473000.0,2025-08-28
MSG022954,,,684000.0,
MSG022956,LA025732,,,
MSG022957,,,474000.0,
MSG022961,,LA950467,,
MSG022968,,,397000.0,2026-11-19
MSG022969,,,,2025-04-01
MSG022972,,,765000.0,2026-09-01
MSG022975,,,427000.0,
MSG022984,,,,2025-07-10
MSG022985,,,690000.0,
MSG022988,,LA909116,,
MSG022989,LA021857,,,
MSG022991,,,282000.0,
MSG022993,,,,2025-10-09
MSG022997,LA002843,,,
MSG023001,,LA925568,,
MSG023002,,,170000.0,
MSG023006,,,649000.0,
MSG023015,,,5000.0,
MSG023018,,,351000.0,
MSG023019,,,486000.0,
MSG023022,,,,2025-05-29
MSG023030,,,,2026-08-17
MSG023031,,,466000.0,
MSG023032,,,,2025-08-09
MSG023034,,,171000.0,
MSG023039,LA006566,,,
MSG023041,,,780000.0,
MSG023043,,,115000.0,
MSG023044,,,,2025-04-02
MSG023045,,,336000.0,
MSG023047,,,327000.0,
MSG023051,LA006318,,,
MSG023054,LA013314,,,
MSG023057,LA015053,,,
MSG023058,,,815000.0,
MSG023065,,,,2025-08-12
MSG023066,LA009559,,,
MSG023070,,LA993755,,
MSG023075,,,425000.0,
MSG023078,,,198000.0,
MSG023082,,,242000.0,
MSG023083,,,696000.0,
MSG023087,,,270000.0,
MSG023090,,,,2026-01-31
MSG023092,,,,2026-03-14
MSG023093,,,,2026-03-12
MSG023103,,LA963146,,
MSG023106,,,861000.0,
MSG023108,,,644000.0,
MSG023109,,,,2025-12-30
MSG023112,,,166000.0,
MSG023113,LA030693,,,
MSG023114,LA007051,,,
MSG023117,,LA996351,,
MSG023120,,,440000.0,
MSG023124,LA018558,,,
MSG023136,LA014468,,,
MSG023140,,,,2025-03-05
MSG023141,LA012810,,,
MSG023146,,,525000.0,
MSG023148,,,,2026-08-06
MSG023150,,,590000.0,
MSG023152,LA027256,,,2026-05-20
MSG023155,,,14000.0,
MSG023160,,,,2026-08-04
MSG023162,,,205000.0,
MSG023167,,,,2026-10-24
MSG023169,,,886000.0,
MSG023170,,,,2026-10-02
MSG023172,LA032292,,,
MSG023173,,,700000.0,
MSG023174,LA000190,,,2025-05-31
MSG023175,LA015323,,,2026-07-29
MSG023180,,,416000.0,
MSG023181,,,894000.0,
MSG023186,LA003944,,,
MSG023189,LA014326,,,
MSG023192,,,,2026-03-22
MSG023193,LA020381,,,
MSG023194,,,,2025-09-27
MSG023198,,,24000.0,
MSG023199,,,485000.0,
MSG023201,,,12000.0,
MSG023207,,,570000.0,
MSG023209,,LA935424,,
MSG023210,LA013603,,,
MSG023211,,,,2026-11-23
MSG023213,,,587000.0,
MSG023217,,,566000.0,2025-03-07
MSG023219,,,695000.0,2025-12-18
MSG023220,LA010221,,,
MSG023221,,,727000.0,
MSG023222,LA010323,,,
MSG023223,,LA961625,,
MSG023229,,,317000.0,
MSG023231,LA009919,,,
MSG023233,,LA923855,,
MSG023234,,,302000.0,2025-02-20
MSG023240,,,894000.0,
MSG023243,LA010770,,,
MSG023244,LA012356,,,2026-08-31
MSG023248,LA022725,,,
MSG023253,,,,2026-03-05
MSG023257,,,335000.0,
MSG023258,LA003178,,,
MSG023259,,,566000.0,
MSG023268,,LA937863,,
MSG023269,,,813000.0,
MSG023272,,LA917465,,2025-07-29
MSG023275,,,372000.0,
MSG023280,,,374000.0,
MSG023281,LA001350,,,
MSG023282,,,162000.0,
MSG023284,,,,2026-05-28
MSG023286,,,,2026-03-13
MSG023291,,,517000.0,2025-01-04
MSG023292,,LA983323,,
MSG023296,LA017078,,,
MSG023301,,,357000.0,
MSG023302,,,,2025-02-02
MSG023304,LA022524,,,
MSG023307,LA008569,,,
MSG023309,,,492000.0,
MSG023311,,,203000.0,
MSG023313,,,,2025-11-20
MSG023315,,,564000.0,
MSG023318,LA006670,,,2026-08-18
MSG023319,,LA918404,,
MSG023321,,,435000.0,
MSG023328,,,527000.0,
MSG023338,,,38000.0,2026-05-16
MSG023342,,,785000.0,
MSG023346,,,307000.0,2025-06-30
MSG023347,,,178000.0,
MSG023348,,,430000.0,
MSG023351,,,,2026-11-16
MSG023352,,,640000.0,
MSG023357,,,498000.0,
MSG023360,LA020640,,,
MSG023361,,,191000.0,
MSG023362,LA012695,,,
MSG023364,LA024314,,,
MSG023366,LA004854,,,
MSG023367,LA004007,,,
MSG023370,LA018259,,,
MSG023372,,,242000.0,
MSG023373,,,223000.0,
MSG023378,,,843000.0,2025-05-12
MSG023380,LA012967,,,
MSG023395,,,,2025-10-24
MSG023400,,,260000.0,
MSG023402,LA024097,,,
MSG023404,,,94000.0,
MSG023405,LA016725,,,
MSG023406,LA011721,,,
MSG023407,LA005291,,,
MSG023417,,LA920471,,
MSG023418,,LA946380,,
MSG023420,,,343000.0,
MSG023423,,,447000.0,
MSG023426,,,575000.0,
MSG023427,LA005411,,,
MSG023431,,,715000.0,
MSG023434,,LA942938,,
MSG023439,,,,2025-08-23
MSG023440,,,198000.0,
MSG023444,LA024967,,,
MSG023445,,,,2026-11-26
MSG023447,LA007509,,,
MSG023448,,LA931383,,
MSG023449,,,264000.0,
MSG023453,,LA935701,,
MSG023455,,,,2025-06-17
MSG023457,,,823000.0,
MSG023460,,LA929502,,
MSG023461,,,142000.0,
MSG023464,,,472000.0,
MSG023465,,,757000.0,
MSG023467,,,,2025-04-17
MSG023469,,,382000.0,
MSG023470,LA016605,,,
MSG023471,,,283000.0,
MSG023473,,,,2025-01-09
MSG023474,,,804000.0,
MSG023477,,,25000.0,
MSG023480,,,256000.0,
MSG023484,LA027006,,,
MSG023485,LA029626,,,
MSG023486,LA008863,,,
MSG023488,,,,2025-07-02
MSG023492,,,685000.0,
MSG023494,LA003629,,272000.0,
MSG023498,,,,2026-01-27
MSG023499,LA025587,,,
MSG023500,LA022705,,,
MSG023501,,,394000.0,
MSG023502,LA010950,,,
MSG023503,,,631000.0,
MSG023505,,,360000.0,
MSG023508,LA019611,,106000.0,
MSG023509,,,192000.0,
MSG023510,LA006251,,,
MSG023512,,,,2025-06-04
MSG023514,,,567000.0,
MSG023516,,,524000.0,
MSG023517,LA023146,,,
MSG023519,,,650000.0,
MSG023524,LA024028,,,
MSG023527,LA009902,,,
MSG023530,,,407000.0,
MSG023532,LA015478,,,
MSG023536,,,115000.0,
MSG023539,,,322000.0,
MSG023542,,,384000.0,
MSG023550,LA011043,,,
MSG023551,,,356000.0,
MSG023555,,,706000.0,
MSG023557,,LA991269,,
MSG023562,LA001041,,,
MSG023566,,,495000.0,
MSG023572,LA004214,,,
MSG023575,,,132000.0,
MSG023583,,,,2026-03-13
MSG023584,,,701000.0,
MSG023586,,,388000.0,
MSG023588,,,693000.0,
MSG023589,LA031676,,,
MSG023590,,LA958036,,
MSG023592,,,175000.0,
MSG023595,,,,2026-02-21
MSG023601,,,684000.0,
MSG023603,,,,2025-10-27
MSG023605,,LA991976,,
MSG023610,,,687000.0,
MSG023615,,,654000.0,
MSG023623,,,568000.0,
MSG023627,LA015069,,,
MSG023628,,,,2026-02-15
MSG023632,,,16000.0,
MSG023634,LA004894,,,
MSG023639,LA001460,,,
MSG023641,,LA998680,,
MSG023642,,,75000.0,
MSG023654,,,868000.0,
MSG023656,,,21000.0,
MSG023661,,,640000.0,
MSG023666,,,,2026-12-18
MSG023668,LA011680,,,
MSG023669,,,290000.0,
MSG023670,,,57000.0,
MSG023672,,,68000.0,
MSG023677,,,,2025-01-05
MSG023685,,,326000.0,2026-01-31
MSG023686,LA032437,,,
MSG023687,,LA965087,,
MSG023688,,LA982565,,
MSG023690,LA012716,,,
MSG023692,LA032983,,,
MSG023693,LA016166,,,
MSG023697,,,13000.0,
MSG023698,LA025231,,,
MSG023699,,LA025942,,
MSG023701,,,,2025-04-08
MSG023704,,,,2026-04-29
MSG023707,,,3000.0,
MSG023709,,,665000.0,
MSG023711,,,,2026-02-19
MSG023712,,,,2026-11-17
MSG023714,,LA911073,,
MSG023715,,LA994940,,
MSG023716,LA000933,,,
MSG023717,,,857000.0,
MSG023718,,,57000.0,
MSG023719,,,273000.0,
MSG023721,LA000197,,,
MSG023724,,,139000.0,2025-09-25
MSG023729,,,,2026-11-06
MSG023730,LA030440,,,
MSG023731,LA030769,,,
MSG023736,,LA948218,,
MSG023737,LA004386,,,
MSG023740,,,590000.0,
MSG023742,,,,2025-06-11
MSG023748,LA021340,,,
MSG023750,LA030480,,,
MSG023752,,,,2026-01-27
MSG023755,,,,2025-12-27
MSG023760,LA031370,,,
MSG023766,,,273000.0,
MSG023770,,,302000.0,
MSG023773,,,547000.0,
MSG023780,,,27000.0,
MSG023781,,,,2026-04-04
MSG023784,LA009803,,,
MSG023791,,,,2026-04-16
MSG023792,,LA971342,,
MSG023794,,LA924532,,
MSG023795,LA026983,,,
MSG023796,,,537000.0,
MSG023799,,LA909550,,
MSG023800,LA021351,,,
MSG023810,,,162000.0,
MSG023812,,,795000.0,
MSG023814,,LA988490,,
MSG023817,,,12000.0,
MSG023824,,,,2026-01-08
MSG023827,LA030617,,,
MSG023828,,,,2026-06-15
MSG023832,LA004860,,,
MSG023834,,,842000.0,
MSG023835,,LA944944,,
MSG023838,LA019858,,,
MSG023842,,,374000.0,2025-10-21
MSG023846,,,460000.0,
MSG023847,,,,2026-01-04
MSG023849,,,,2026-10-07
MSG023851,,,,2025-12-28
MSG023853,,,419000.0,
MSG023854,LA000814,,,
MSG023857,,,,2025-11-09
MSG023858,,,243000.0,
MSG023860,,,,2026-09-26
MSG023861,,,,2026-09-02
MSG023862,,LA011807,,2026-05-24
MSG023863,LA000373,,,
MSG023864,,,73000.0,
MSG023865,,,217000.0,
MSG023866,,,,2026-04-12
MSG023869,,,,2025-10-23
MSG023870,LA014631,,,
MSG023872,LA026776,,,
MSG023875,,,893000.0,
MSG023876,,LA913840,,
MSG023878,,,740000.0,
MSG023880,,,145000.0,
MSG023885,LA021734,,,
MSG023890,,,,2026-10-22
MSG023894,,,375000.0,
MSG023897,LA010477,,,2026-07-30
MSG023899,LA014104,,,
MSG023901,,LA965846,,
MSG023902,,,72000.0,
MSG023907,,,319000.0,
MSG023915,LA012141,,,
MSG023922,LA024173,,,
MSG023924,LA008816,,,
MSG023926,,,487000.0,
MSG023930,,,181000.0,
MSG023931,,,649000.0,
MSG023937,LA003039,,,
MSG023939,,LA905430,364000.0,
MSG023942,LA016745,,,
MSG023945,,,216000.0,
MSG023946,,,45000.0,
MSG023947,,,700000.0,
MSG023948,,,485000.0,
MSG023949,,LA945046,,
MSG023951,,,169000.0,
MSG023956,,,84000.0,
MSG023957,,,5000.0,
MSG023958,,,,2026-06-07
MSG023960,,,,2026-07-02
MSG023963,LA027395,,,
MSG023967,LA015757,,,
MSG023968,LA006769,,,
MSG023974,LA001519,,,
MSG023975,LA031151,,,
MSG023976,LA025124,,,2026-10-08
MSG023978,LA005157,,,
MSG023980,LA002447,,,
MSG023986,,,142000.0,
MSG023999,LA004273,,,
MSG024001,,,67000.0,
MSG024004,,,,2026-12-20
MSG024005,,,,2025-09-13
MSG024007,,,754000.0,
MSG024009,,,706000.0,
MSG024010,,,137000.0,
MSG024011,,,897000.0,
MSG024013,,,471000.0,
MSG024014,LA012440,,,
MSG024018,LA026802,,,
MSG024019,,,841000.0,
MSG024020,LA005298,,,
MSG024023,,,100000.0,
MSG024028,LA027025,,,
MSG024030,LA000062,,,2025-09-27
MSG024031,LA024405,,,
MSG024034,LA009346,,402000.0,
MSG024050,LA031694,,,
MSG024056,,,734000.0,
MSG024059,,,166000.0,
MSG024060,LA015716,,308000.0,
MSG024061,,,218000.0,
MSG024064,,,260000.0,
MSG024065,,,377000.0,
MSG024067,,,666000.0,
MSG024068,LA008959,,,
MSG024072,LA008047,,,
MSG024074,,,564000.0,
MSG024075,,,,2025-01-28
MSG024080,,,281000.0,
MSG024083,,,857000.0,
MSG024087,,,312000.0,
MSG024088,,,71000.0,
MSG024090,,,198000.0,
MSG024091,,,,2026-12-27
MSG024092,,,879000.0,
MSG024097,,,871000.0,
MSG024098,,,,2025-11-12
MSG024101,,,193000.0,
MSG024103,LA027284,,,2026-09-10
MSG024104,,LA970442,,2026-12-23
MSG024108,LA013316,,,
MSG024111,,LA972041,,
MSG024115,,,,2025-05-28
MSG024118,LA011635,,,
MSG024120,LA024302,,,
MSG024121,LA017751,,,
MSG024122,LA021930,,,
MSG024127,,,,2025-03-06
MSG024128,,LA945328,,
MSG024129,LA014719,,,
MSG024135,,LA936996,338000.0,
MSG024136,,,332000.0,
MSG024137,,,71000.0,2025-11-18
MSG024139,,,385000.0,2025-02-07
MSG024142,,,,2025-11-09
MSG024143,,,377000.0,
MSG024145,LA002118,,,
MSG024146,,LA983835,,
MSG024149,,,891000.0,
MSG024163,,,,2025-03-02
MSG024164,,,,2025-03-05
MSG024167,,,626000.0,
MSG024171,,LA918473,,
MSG024172,,,,2026-02-15
MSG024174,,,641000.0,
MSG024179,LA000190,,,
MSG024185,LA001295,,,
MSG024187,,LA018977,,
MSG024190,LA016974,,,
MSG024191,,LA907462,,
MSG024194,,,754000.0,
MSG024196,LA024694,,,
MSG024197,,,,2026-11-08
MSG024199,LA029521,,,
MSG024202,,,438000.0,2026-10-02
MSG024206,LA005783,,,
MSG024211,,,753000.0,
MSG024213,LA031588,,,
MSG024214,,,830000.0,
MSG024223,,LA915684,,
MSG024229,,,139000.0,
MSG024231,,,93000.0,
MSG024233,,,143000.0,2026-04-04
MSG024234,,,781000.0,
MSG024238,LA030742,,,
MSG024239,,,292000.0,
MSG024241,,,,2025-01-09
MSG024244,,,,2025-08-26
MSG024245,,,376000.0,
MSG024246,,LA980106,,
MSG024247,,,,2025-12-30
MSG024250,,,696000.0,
MSG024251,,LA946989,,
MSG024252,,,315000.0,
MSG024255,,,75000.0,
MSG024258,,,,2025-03-21
MSG024259,,,,2026-12-24
MSG024261,LA020346,,,
MSG024264,,,502000.0,
MSG024267,,,86000.0,
MSG024271,,,589000.0,
MSG024272,,,,2025-08-01
MSG024274,LA017521,,,
MSG024275,,LA005852,,
MSG024282,LA005907,,,
MSG024284,LA000624,,,
MSG024287,,,,2025-12-31
MSG024289,,LA903733,,2026-02-22
MSG024290,LA021339,,,
MSG024291,,LA916877,,
MSG024292,,LA902806,,
MSG024296,,LA981441,,
MSG024300,LA014307,,,
MSG024301,LA006357,,,
MSG024303,LA004426,,,
MSG024307,,,,2025-04-12
MSG024309,LA002103,,,
MSG024311,LA021178,,,
MSG024317,,,809000.0,
MSG024323,,,,2026-06-11
MSG024325,LA022641,,,
MSG024326,,,486000.0,
MSG024328,,,883000.0,
MSG024329,LA020868,,,
MSG024334,,,592000.0,2025-09-18
MSG024335,,,618000.0,
MSG024336,LA003665,,,
MSG024338,,,295000.0,
MSG024341,,,841000.0,
MSG024343,,,474000.0,2025-09-12
MSG024345,LA001367,,,
MSG024351,,,117000.0,
MSG024356,LA003516,,,
MSG024357,LA024826,,,
MSG024360,,LA946131,,
MSG024361,,,,2025-10-20
MSG024366,,,,2026-06-15
MSG024371,LA024447,,,
MSG024375,,LA906806,,
MSG024377,,LA922128,,
MSG024379,LA009750,,,
MSG024386,,,,2025-04-20
MSG024391,LA001825,,,
MSG024396,,,649000.0,
MSG024397,LA010574,,,
MSG024404,,,346000.0,
MSG024405,,,317000.0,2025-01-21
MSG024408,,,,2025-03-16
MSG024410,LA026733,,,2026-04-15
MSG024411,,,,2026-12-20
MSG024413,,,,2026-08-28
MSG024416,,,439000.0,
MSG024417,LA004748,,,
MSG024419,,,472000.0,
MSG024420,LA026290,,,
MSG024421,,,,2026-04-30
MSG024430,,,507000.0,
MSG024432,,,78000.0,
MSG024436,,,208000.0,
MSG024443,,LA961644,,
MSG024445,,,730000.0,
MSG024447,,LA959371,,
MSG024449,,,808000.0,
MSG024454,,,29000.0,
MSG024455,,,812000.0,
MSG024457,,LA981927,,
MSG024458,LA015310,,,
MSG024460,,,317000.0,2025-10-19
MSG024462,,,,2025-02-15
MSG024463,LA004679,,,
MSG024465,,LA902581,,
MSG024467,LA030818,,,
MSG024468,LA017132,,,
MSG024474,LA022185,,,
MSG024477,,,,2026-10-23
MSG024483,,,704000.0,
MSG024487,,,440000.0,2025-03-26
MSG024488,,,,2025-07-19
MSG024490,LA003199,,,
MSG024494,,,,2025-09-05
MSG024496,LA012278,,,
MSG024498,,,,2025-02-11
MSG024500,LA020899,,,
MSG024501,,,146000.0,
MSG024504,LA021320,,,
MSG024505,LA002084,,,
MSG024507,LA019966,,,
MSG024510,LA031168,,,
MSG024512,,,707000.0,
MSG024516,,,301000.0,
MSG024521,LA025974,,,
MSG024523,,LA906939,,
MSG024524,LA006885,,,
MSG024526,LA030113,,,
MSG024529,,,,2025-08-19
MSG024530,,LA903538,,
MSG024534,,,253000.0,2025-11-21
MSG024535,,,,2026-12-24
MSG024536,LA022561,,,
MSG024543,,,221000.0,
MSG024545,,LA939406,,
MSG024551,,,107000.0,
MSG024554,,,682000.0,
MSG024556,,,140000.0,2026-07-08
MSG024557,,,37000.0,
MSG024561,LA001880,,,
MSG024563,,,848000.0,
MSG024567,,,68000.0,
MSG024570,,,,2026-05-04
MSG024571,LA004245,,,
MSG024572,,,832000.0,
MSG024579,,,270000.0,
MSG024581,,,54000.0,
MSG024584,,LA030401,49000.0,
MSG024585,LA006947,,,
MSG024586,,,,2025-07-22
MSG024589,,,694000.0,
MSG024591,,,48000.0,
MSG024593,,LA972714,897000.0,
MSG024597,,,271000.0,
MSG024600,,LA966299,,
MSG024604,,,808000.0,
MSG024607,,,,2026-01-08
MSG024609,,LA921016,,
MSG024616,,,244000.0,
MSG024620,,LA965723,,
MSG024625,,,762000.0,
MSG024630,,,,2026-10-27
MSG024633,LA003203,,,
MSG024634,,LA965641,,
MSG024635,,,636000.0,
MSG024645,,,235000.0,
MSG024649,,,828000.0,
MSG024653,,,419000.0,
MSG024658,,,,2026-10-31
MSG024664,,,,2025-11-08
MSG024668,LA014899,,,
MSG024670,,LA919138,,
MSG024672,,,369000.0,
MSG024674,,,631000.0,
MSG024675,,,878000.0,
MSG024677,,,571000.0,
MSG024678,LA017368,,,
MSG024679,,,896000.0,
MSG024688,LA018930,,,
MSG024690,,,,2026-04-15
MSG024695,,LA974991,,
MSG024698,,,507000.0,
MSG024704,,,,2025-02-24
MSG024705,,LA942228,,
MSG024707,,LA021763,,
MSG024708,,,886000.0,
MSG024710,,,,2025-07-25
MSG024712,,,,2026-09-27
MSG024714,,,375000.0,2026-03-14
MSG024716,,,195000.0,
MSG024718,,,171000.0,
MSG024720,,,869000.0,
MSG024722,LA032964,,,
MSG024735,LA025076,,756000.0,
MSG024736,,LA905933,,
MSG024737,,,790000.0,
MSG024738,,,,2026-04-21
MSG024739,LA000862,,,
MSG024740,LA002927,,,
MSG024741,LA000011,,,
MSG024743,,,,2025-09-15
MSG024744,,,374000.0,
MSG024746,,,,2025-12-09
MSG024748,,,471000.0,
MSG024753,LA013058,,,
MSG024756,LA011578,,,
MSG024758,,,835000.0,
MSG024760,LA030807,,,
MSG024761,,,802000.0,
MSG024762,,,,2025-10-02
MSG024763,,,25000.0,
MSG024766,,,,2025-03-27
MSG024768,,LA939057,,
MSG024770,,,,2026-06-27
MSG024774,,,366000.0,
MSG024776,,LA976974,,
MSG024782,,,487000.0,
MSG024785,,LA969620,,2026-08-16
MSG024787,LA012100,,,2026-04-17
MSG024788,,,377000.0,
MSG024789,,,836000.0,
MSG024793,,,835000.0,
MSG024796,,,799000.0,
MSG024797,,,506000.0,
MSG024799,,,301000.0,
MSG024800,,,518000.0,
MSG024801,,,627000.0,
MSG024805,,,,2026-08-29
MSG024807,LA001021,,,
MSG024811,,LA926841,,
MSG024813,,LA975689,,
MSG024821,,,759000.0,
MSG024822,,,444000.0,
MSG024823,LA029167,,,
MSG024825,,,,2026-10-03
MSG024827,LA008619,,,
MSG024828,,,,2026-09-17
MSG024829,,,249000.0,
MSG024830,,LA938954,,
MSG024831,,,804000.0,
MSG024839,LA030113,,,
MSG024840,,,805000.0,
MSG024841,,,,2025-02-07
MSG024842,,,863000.0,
MSG024843,,LA946023,,
MSG024846,,,438000.0,
MSG024848,,,736000.0,
MSG024850,LA025579,,,
MSG024852,,,564000.0,
MSG024853,,,463000.0,
MSG024854,LA029058,,,2026-02-16
MSG024858,,,,2026-01-12
MSG024859,,,102000.0,
MSG024862,LA027058,,,
MSG024864,,,265000.0,
MSG024865,,,,2025-02-13
MSG024868,,,,2026-11-24
MSG024873,,,,2025-06-17
MSG024877,,,738000.0,
MSG024878,,,,2025-04-24
MSG024883,LA004741,,,
MSG024886,,LA908663,,
MSG024887,LA020685,,512000.0,
MSG024888,,,114000.0,
MSG024890,,,682000.0,
MSG024892,,,52000.0,
MSG024893,LA013617,,,2026-07-14
MSG024896,,LA999705,,
MSG024898,,,,2025-02-23
MSG024900,,,328000.0,
MSG024903,,LA983862,,
MSG024905,,,,2025-04-26
MSG024912,,LA919492,,
MSG024914,LA020772,,,
MSG024916,,LA956072,,
MSG024921,,,217000.0,
MSG024922,LA024641,,,
MSG024928,LA016553,,,
MSG024929,,,813000.0,
MSG024930,LA010337,,,
MSG024936,,,,2026-12-09
MSG024937,,,173000.0,
MSG024944,LA030237,,348000.0,
MSG024945,,LA978035,,
MSG024946,,,344000.0,
MSG024951,LA021909,,,
MSG024954,,,71000.0,
MSG024956,,,602000.0,
MSG024961,,LA029223,,
MSG024962,,,893000.0,
MSG024963,,LA950466,,
MSG024965,,LA007861,,
MSG024966,,,701000.0,
MSG024972,LA027663,,,
MSG024976,,LA921079,,
MSG024978,,LA996854,,
MSG024979,,LA926880,,
MSG024981,,,671000.0,
MSG024983,,,532000.0,
MSG024984,,LA933450,,
MSG024985,,,721000.0,
MSG024987,,,699000.0,2026-04-28
MSG024991,,,,2026-01-27
MSG024992,,LA937162,,
MSG024995,,,,2025-06-21
MSG024996,,,338000.0,2026-01-17
MSG025002,,LA989077,,
MSG025003,LA010694,,,
MSG025004,,,229000.0,
MSG025005,LA015217,,,
MSG025009,,,559000.0,
MSG025010,,,425000.0,
MSG025011,,,394000.0,
MSG025013,LA028397,,,
MSG025017,,,641000.0,
MSG025019,,,432000.0,2025-09-05
MSG025023,,LA950000,,
MSG025024,LA011723,,,
MSG025027,,,,2025-02-16
MSG025028,,,773000.0,
MSG025036,,,120000.0,
MSG025039,,LA971968,,
MSG025041,LA008300,,,
MSG025042,,,495.0,
MSG025048,,,845000.0,
MSG025049,LA030212,,,
MSG025051,LA031820,,,2025-06-20
MSG025055,,,,2026-12-05
MSG025056,,,,2025-08-18
MSG025061,,,815000.0,
MSG025067,LA010287,,,
MSG025068,,,1766000.0,
MSG025069,,,756000.0,
MSG025071,,,,2026-01-25
MSG025075,LA010129,,,
MSG025077,LA007548,,,
MSG025079,,LA990120,,
MSG025084,,,338000.0,
MSG025089,,,60000.0,
MSG025091,LA000783,,161000.0,2026-10-19
MSG025092,,,580000.0,
MSG025093,,,,2025-12-31
MSG025094,LA018263,,,
MSG025096,LA008443,,,
MSG025097,LA028022,,,
MSG025105,,,81000.0,
MSG025106,,,626000.0,
MSG025107,,,677000.0,
MSG025109,LA005669,,,
MSG025110,,LA992851,,
MSG025115,,,278000.0,2026-09-11
MSG025117,,,568000.0,
MSG025121,,LA985642,,
MSG025123,,,254000.0,2026-06-26
MSG025128,,,722000.0,
MSG025130,,,755000.0,
MSG025131,,,,2026-01-26
MSG025134,,,633000.0,
MSG025137,LA020988,,,
MSG025147,LA016749,,,
MSG025154,,,50000.0,
MSG025156,LA020215,,,
MSG025159,LA003730,,,
MSG025161,,LA990779,,
MSG025162,,,,2026-03-26
MSG025164,,,,2025-05-08
MSG025167,LA015413,,,
MSG025171,,LA994821,,
MSG025172,LA020681,,,
MSG025178,,,345000.0,
MSG025179,,,,2025-06-21
MSG025182,,,785000.0,
MSG025183,LA011268,,,
MSG025186,,,243000.0,2025-09-07
MSG025187,LA028876,,,
MSG025188,,,887000.0,
MSG025190,,,451000.0,
MSG025194,LA017494,,,
MSG025195,,,793000.0,2025-10-18
MSG025196,,,809000.0,
MSG025198,,,,2026-04-26
MSG025201,,,764000.0,
MSG025202,,LA999101,,
MSG025204,,,680000.0,
MSG025207,,,,2026-08-06
MSG025209,,,342000.0,
MSG025212,,,313000.0,
MSG025221,LA011977,,,
MSG025223,,LA964308,,
MSG025227,,,534000.0,2026-03-08
MSG025228,,LA913167,,
MSG025231,,,,2026-08-27
MSG025233,,,729000.0,
MSG025235,LA001027,,,2026-12-18
MSG025240,,,590000.0,
MSG025241,,,,2025-08-10
MSG025242,,,143000.0,
MSG025243,,,72000.0,
MSG025247,,,553000.0,2025-02-28
MSG025248,,,628000.0,
MSG025250,,,274000.0,
MSG025252,,,160000.0,
MSG025253,LA005581,,,
MSG025256,,,305000.0,
MSG025258,LA015740,,,
MSG025259,LA013215,,,
MSG025267,,,,2025-04-02
MSG025270,,LA911331,,
MSG025271,,,679000.0,
MSG025276,,,602000.0,
MSG025277,,,93000.0,
MSG025279,,,266000.0,
MSG025282,,,,2025-06-12
MSG025283,LA028764,,,2025-02-08
MSG025292,,,,2026-09-24
MSG025293,,,,2025-01-29
MSG025296,,,380000.0,
MSG025297,,LA979600,,2025-08-27
MSG025301,LA025958,,,
MSG025302,,LA005268,,
MSG025305,,,508000.0,
MSG025307,,LA931613,,
MSG025311,LA019540,,,
MSG025312,,,580000.0,
MSG025313,,LA980448,,
MSG025317,LA015014,,,2025-01-28
MSG025318,,,105000.0,
MSG025321,,,382000.0,
MSG025328,,LA993472,,
MSG025338,,,,2025-08-28
MSG025341,,LA964436,,
MSG025342,,LA976429,,
MSG025344,,,501000.0,
MSG025347,LA003347,,,2026-01-16
MSG025350,,LA927885,,
MSG025354,,,,2025-11-15
MSG025356,,,,2025-10-26
MSG025358,,,,2026-02-17
MSG025362,,,601000.0,
MSG025369,,,700000.0,2026-01-27
MSG025370,,,302000.0,
MSG025373,,,187000.0,
MSG025376,LA022001,,,
MSG025378,,,282000.0,
MSG025385,,,315000.0,
MSG025388,,,,2025-03-23
MSG025389,,,363000.0,
MSG025390,,LA943453,,
MSG025396,,,139000.0,
MSG025401,,,,2025-10-09
MSG025403,LA017744,,,
MSG025404,,,543000.0,
MSG025405,,,,2026-09-24
MSG025409,,,270000.0,
MSG025415,,,85000.0,
MSG025416,LA002892,,,
MSG025418,LA015464,,,2025-05-27
MSG025421,,,806000.0,
MSG025423,LA024173,,,
MSG025427,,,105000.0,
MSG025433,,,,2025-04-29
MSG025438,LA010816,,,
MSG025446,,LA996513,,
MSG025450,,,139000.0,
MSG025451,LA011794,,,
MSG025454,,,,2025-05-27
MSG025457,,LA981684,,
MSG025458,LA003647,,,
MSG025459,,LA920442,,
MSG025460,,LA993631,,
MSG025464,,,,2026-12-22
MSG025467,LA006773,,,
MSG025476,,,,2026-02-13
MSG025477,,LA949957,,2026-12-27
MSG025479,,,,2025-07-23
MSG025480,,LA984385,,
MSG025483,,,,2025-09-22
MSG025485,,,158000.0,
MSG025489,,,,2025-12-12
MSG025491,,,458000.0,
MSG025493,,LA952148,,
MSG025495,LA032383,,,
MSG025497,LA020507,,,
MSG025499,,LA960388,,
MSG025503,,,514000.0,
MSG025504,,,23000.0,
MSG025507,LA005833,,,
MSG025511,,,548000.0,
MSG025525,,,714000.0,
MSG025526,,,484000.0,
MSG025528,,,864000.0,
MSG025529,,,214000.0,
MSG025530,,,422000.0,
MSG025539,,LA916182,,
MSG025541,LA015944,,,
MSG025543,,,816000.0,
MSG025545,,,388000.0,
MSG025550,,,,2025-12-16
MSG025553,,,,2025-01-01
MSG025554,,LA933866,,
MSG025558,,,,2025-10-06
MSG025560,,,244000.0,
MSG025566,,,374000.0,
MSG025568,LA006384,,,
MSG025572,LA014626,,,
MSG025573,,LA972252,,2025-02-03
MSG025581,,LA984238,,
MSG025584,,,221000.0,
MSG025588,,LA908886,,
MSG025589,,LA907686,,
MSG025592,,,296000.0,
MSG025594,LA004822,,,2025-10-05
MSG025595,,,834000.0,
MSG025599,,,364000.0,
MSG025603,,,,2026-10-26
MSG025607,,,,2026-05-19
MSG025611,LA020439,,,
MSG025614,LA018832,,,
MSG025618,LA020928,,,
MSG025619,LA014655,,,
MSG025622,,LA969309,,
MSG025624,,,429000.0,
MSG025626,LA009463,,,
MSG025628,,,507000.0,
MSG025632,,,295000.0,
MSG025633,,,,2026-07-28
MSG025638,LA008268,,,
MSG025639,,,645000.0,
MSG025642,,,,2025-03-16
MSG025647,,,,2026-06-06
MSG025649,,,38000.0,2026-10-06
MSG025650,LA007134,,,
MSG025651,LA014186,,,
MSG025652,,,450000.0,
MSG025654,,,858000.0,
MSG025659,,,205000.0,
MSG025671,,,719000.0,
MSG025673,,,818000.0,
MSG025675,,,662000.0,
MSG025676,LA014915,,,
MSG025678,,,430000.0,
MSG025679,LA022248,,,
MSG025686,,,,2025-10-31
MSG025688,LA001735,,,
MSG025692,LA009324,,,2026-04-24
MSG025693,,LA944709,,2025-07-18
MSG025696,,,,2026-12-24
MSG025701,LA028137,,,
MSG025702,LA030201,,,
MSG025705,,,,2026-12-06
MSG025710,,,419000.0,
MSG025711,LA030717,,,
MSG025712,,,429000.0,
MSG025717,LA010131,,,
MSG025718,,,154000.0,
MSG025719,LA004538,,,
MSG025726,,,210000.0,
MSG025727,,,,2025-03-24
MSG025742,,LA984860,,
MSG025743,,,,2026-01-31
MSG025744,,,587000.0,2025-01-02
MSG025754,,,656000.0,2025-01-03
MSG025756,,,408000.0,
MSG025758,,,,2025-04-24
MSG025759,,,436000.0,2025-03-11
MSG025760,,,560000.0,
MSG025764,LA006568,,,
MSG025769,LA004362,,,
MSG025770,,,349000.0,2026-10-21
MSG025773,LA031499,,,
MSG025774,,,,2025-03-07
MSG025777,,,704000.0,
MSG025778,,,687000.0,2026-11-01
MSG025782,,LA906821,,
MSG025783,,,,2025-09-16
MSG025784,,,137000.0,
MSG025785,,,,2026-12-02
MSG025793,,,718000.0,
MSG025797,,,,2025-07-11
MSG025799,LA029150,,,
MSG025803,,,171000.0,
MSG025804,LA026759,,,
MSG025805,,LA934939,,
MSG025807,,,,2026-01-04
MSG025811,LA024111,,,2026-11-29
MSG025812,,,667000.0,
MSG025814,,,645000.0,
MSG025816,LA011341,,,
MSG025818,,,,2026-12-15
MSG025823,LA015711,,,
MSG025827,,,386000.0,
MSG025830,LA027771,,,
MSG025836,,LA903544,,
MSG025845,,,,2026-11-17
MSG025847,LA026884,,,
MSG025852,LA017147,,,
MSG025853,,,,2026-04-03
MSG025855,,,289000.0,
MSG025856,LA027641,,,
MSG025858,,,87000.0,
MSG025859,LA011457,,,2025-12-11
MSG025861,,,565000.0,
MSG025862,,LA970941,,
MSG025864,,,549000.0,
MSG025866,,,746000.0,
MSG025867,,,870000.0,
MSG025871,,,,2026-11-15
MSG025872,,,511000.0,
MSG025878,,,212000.0,
MSG025880,LA013662,,,
MSG025887,,LA985784,,
MSG025889,,,403000.0,
MSG025894,,,,2025-04-30
MSG025895,,,688000.0,
MSG025897,LA027707,,78000.0,
MSG025898,,,596000.0,
MSG025902,,,141000.0,
MSG025903,,,263000.0,
MSG025904,,,,2025-01-14
MSG025921,,,557000.0,
MSG025925,LA012437,,,
MSG025926,LA024846,,,
MSG025930,,,,2026-12-19
MSG025932,,,692000.0,
MSG025935,,,321000.0,
MSG025936,,LA915677,,
MSG025937,LA014977,,,
MSG025938,,,617000.0,
MSG025940,LA009853,,,
MSG025943,,,,2026-09-02
MSG025947,,LA932396,,
MSG025948,LA007253,,,
MSG025949,LA020045,,,
MSG025951,LA015841,,,
MSG025954,,,,2025-12-19
MSG025955,,,336000.0,
MSG025958,,,245000.0,
MSG025961,,LA984594,,
MSG025962,,,36000.0,
MSG025964,LA012203,,,
MSG025966,,,198000.0,
MSG025975,,,120000.0,
MSG025976,,,756000.0,
MSG025977,LA024552,,,
MSG025978,,,702000.0,
MSG025993,,,,2025-02-04
MSG025995,,,162000.0,
MSG025998,LA000035,,172000.0,
MSG026002,,,289000.0,
MSG026004,LA003051,,,2026-10-01
MSG026005,,,14000.0,
MSG026009,,,146000.0,
MSG026011,,,760000.0,2026-08-25
MSG026012,,,,2025-06-21
MSG026018,,,357000.0,
MSG026022,LA031736,,,
MSG026023,LA021920,,,
MSG026025,,,432000.0,2025-09-23
MSG026026,LA018157,,,
MSG026027,,,109000.0,
MSG026040,,,,2026-12-02
MSG026042,,,,2025-02-08
MSG026045,LA000491,,405000.0,
MSG026046,,LA904143,,
MSG026051,,,,2026-11-01
MSG026058,LA019774,,379000.0,
MSG026062,LA014362,,,
MSG026063,,LA995202,,2025-08-29
MSG026072,,,,2026-11-23
MSG026076,,LA988698,,
MSG026079,,,148000.0,
MSG026080,LA019820,,,
MSG026081,LA001355,,,
MSG026084,LA018189,,,
MSG026090,LA019092,,,
MSG026091,LA009593,,,
MSG026098,,,603000.0,
MSG026100,,,495000.0,
MSG026101,LA001803,,,2026-02-04
MSG026103,,,47000.0,
MSG026107,LA032062,,,
MSG026108,,,72000.0,
MSG026111,LA023438,,,
MSG026116,,,592000.0,
MSG026117,,,709000.0,
MSG026118,,LA020539,,
MSG026124,,,776000.0,
MSG026127,LA025333,,,
MSG026128,,,16000.0,
MSG026129,,,152000.0,
MSG026131,,,,2026-09-04
MSG026136,,,,2025-07-20
MSG026137,,,,2026-03-02
MSG026138,LA022164,,,
MSG026139,,,775000.0,
MSG026141,,LA915269,,
MSG026143,,,,2026-11-01
MSG026147,,LA913892,,
MSG026148,LA004444,,,
MSG026151,LA015026,,,
MSG026155,LA029327,,,
MSG026156,,,164000.0,
MSG026157,,,,2025-10-05
MSG026160,LA009522,,,
MSG026164,,,220000.0,
MSG026168,,,269000.0,
MSG026170,,LA969185,,
MSG026176,LA032083,,,
MSG026180,,,,2025-07-04
MSG026181,LA002129,,,
MSG026182,,,490000.0,
MSG026186,,,250000.0,2026-01-09
MSG026188,,LA010934,,2025-07-28
MSG026190,LA011574,,,
MSG026192,LA020394,,,
MSG026196,LA005834,,,
MSG026201,,LA901009,,
MSG026202,,,610000.0,
MSG026204,,,730000.0,
MSG026205,LA007597,,,
MSG026206,,,143000.0,
MSG026208,LA021871,,,
MSG026212,LA009420,,,
MSG026213,LA029007,,,
MSG026216,,,269000.0,
MSG026217,,,629000.0,
MSG026218,,,108000.0,
MSG026220,LA028721,,,
MSG026221,LA010013,,,
MSG026222,,,187000.0,
MSG026226,,LA950582,,
MSG026228,,,,2025-04-26
MSG026229,,,275000.0,
MSG026231,,,15000.0,
MSG026235,LA018496,,,
MSG026238,,,338000.0,
MSG026240,LA011005,,,
MSG026242,,,,2025-09-29
MSG026244,,,,2025-09-08
MSG026245,,,,2025-09-22
MSG026246,LA011396,,,
MSG026247,,,842000.0,
MSG026251,LA022146,,,
MSG026256,LA009695,,,
MSG026258,,,,2026-12-03
MSG026261,,,770000.0,2025-03-20
MSG026264,,LA906591,,
MSG026266,,,111000.0,
MSG026267,,,596000.0,
MSG026270,LA004945,,,
MSG026273,LA008581,,,
MSG026282,LA030670,,,
MSG026283,,,,2026-06-16
MSG026292,LA008588,,,
MSG026295,LA012022,,,
MSG026310,,,,2026-01-18
MSG026312,LA020773,,,
MSG026314,,,833000.0,
MSG026316,,,121000.0,
MSG026317,,,176000.0,
MSG026321,LA003349,,,
MSG026324,,,622000.0,
MSG026326,LA008889,,,
MSG026331,,,113000.0,
MSG026332,,,302000.0,
MSG026334,,LA953149,,
MSG026341,,,336000.0,
MSG026342,,LA935019,,
MSG026344,,,861000.0,
MSG026346,,LA970648,,
MSG026350,,LA988069,,
MSG026352,,LA948873,,
MSG026357,,,339000.0,
MSG026358,,,580000.0,
MSG026359,,LA964176,,
MSG026361,,,590000.0,
MSG026362,,LA960032,,
MSG026369,,LA998491,,
MSG026372,,,74000.0,
MSG026373,,,255000.0,
MSG026374,,,192000.0,
MSG026377,,LA923089,,
MSG026378,,,451000.0,
MSG026379,,,517000.0,
MSG026384,,LA923893,,2025-02-02
MSG026389,LA005787,,,
MSG026391,,,,2026-05-29
MSG026394,LA030500,,,
MSG026397,,,,2026-12-27
MSG026398,,,667000.0,
MSG026401,,,,2025-03-19
MSG026403,LA030780,,,
MSG026405,,LA937850,265000.0,
MSG026406,,,,2026-09-16
MSG026409,,,202000.0,
MSG026415,,,,2025-03-05
MSG026417,LA024963,,,
MSG026420,,,,2025-01-04
MSG026422,,,,2025-03-16
MSG026424,,LA973668,,
MSG026427,,,629000.0,
MSG026430,,,828000.0,
MSG026431,,,,2025-07-13
MSG026432,,,15000.0,
MSG026434,,LA986523,,
MSG026435,,LA927807,,
MSG026439,,,664000.0,2025-06-20
MSG026441,,,678000.0,
MSG026442,,,823000.0,
MSG026448,,,,2026-08-23
MSG026450,,,898000.0,
MSG026454,,,794000.0,2025-10-11
MSG026455,LA008188,,,
MSG026456,,LA910990,,
MSG026457,,,,2026-10-12
MSG026458,,,,2026-11-09
MSG026461,,,376000.0,
MSG026462,,LA960864,,2025-07-30
MSG026463,,,551000.0,
MSG026467,,,,2026-02-28
MSG026476,,LA959756,,
MSG026478,,LA937476,,2025-11-13
MSG026480,,,103000.0,
MSG026481,,,,2026-11-27
MSG026483,LA020361,,,2025-05-20
MSG026490,,,300000.0,
MSG026494,,,678000.0,
MSG026495,,,631000.0,2026-12-09
MSG026496,,,276000.0,
MSG026501,LA021877,,,
MSG026502,,,,2025-05-02
MSG026503,,,253000.0,
MSG026505,LA028693,,,
MSG026511,,LA918428,,
MSG026513,LA005178,,,
MSG026515,,,,2025-04-11
MSG026523,,,,2025-07-18
MSG026530,,,459000.0,
MSG026536,,LA984986,,2025-06-25
MSG026540,,,699000.0,
MSG026542,,,743000.0,
MSG026544,,,337000.0,
MSG026548,,LA984653,,
MSG026549,,,,2025-08-24
MSG026554,LA024321,,,
MSG026555,,,476000.0,
MSG026566,,,91000.0,
MSG026571,,,369000.0,
MSG026572,LA006430,,,
MSG026576,,,1000.0,
MSG026578,LA018781,,,
MSG026581,,,64000.0,
MSG026582,,,,2026-01-03
MSG026586,,LA974752,,
MSG026589,LA029014,,,
MSG026591,,,473000.0,
MSG026598,,,385000.0,
MSG026599,,,428000.0,2025-01-20
MSG026600,LA002054,,,
MSG026602,,LA957903,,
MSG026603,,,,2025-09-24
MSG026604,,,572000.0,
MSG026605,,LA004904,,
MSG026607,,,216000.0,
MSG026612,,,658000.0,
MSG026614,,LA926142,,
MSG026619,,,,2025-11-11
MSG026620,,,271000.0,2025-10-25
MSG026621,LA026843,,,2025-02-18
MSG026623,,,,2026-07-24
MSG026624,,,,2026-01-26
MSG026625,,,501000.0,
MSG026630,,,,2026-01-16
MSG026631,LA000627,,,
MSG026633,,,236000.0,
MSG026637,LA022635,,,2026-06-22
MSG026638,,,,2025-11-17
MSG026639,,,164000.0,
MSG026640,LA016563,,,
MSG026645,LA011452,,,
MSG026646,,LA940304,,
MSG026647,LA028473,,,
MSG026648,LA028018,,,
MSG026650,,,306000.0,
MSG026653,LA010780,,,
MSG026654,,,658000.0,
MSG026657,,,67000.0,
MSG026661,,,133000.0,
MSG026663,,,,2026-01-10
MSG026664,,,45000.0,
MSG026666,LA000144,,,
MSG026668,,,294000.0,
MSG026669,,,309000.0,
MSG026670,,LA906843,,
MSG026676,,,735000.0,
MSG026677,,,29000.0,
MSG026683,LA004241,,,
MSG026686,,,387000.0,2026-01-26
MSG026689,,,,2025-09-18
MSG026691,,,176000.0,
MSG026695,,LA924982,,
MSG026696,,,553000.0,
MSG026703,LA003554,,,
MSG026712,LA032418,,,
MSG026714,,,,2025-12-18
MSG026717,,,,2026-10-26
MSG026719,LA019724,,,
MSG026722,,,362000.0,
MSG026727,LA022356,,,
MSG026730,,LA945043,,
MSG026731,,,695000.0,
MSG026732,LA007657,,,
MSG026736,LA028073,,,
MSG026743,,,400000.0,2026-07-17
MSG026744,,,721000.0,
MSG026746,LA023875,,,
MSG026751,LA024845,,,2025-06-05
MSG026756,,LA943684,348000.0,
MSG026757,,,,2025-01-14
MSG026758,,LA908037,,
MSG026759,,,207000.0,
MSG026766,LA015469,,,
MSG026769,,,,2026-02-17
MSG026770,,,50000.0,
MSG026772,,LA995760,,
MSG026775,,,315000.0,
MSG026777,,LA926823,,
MSG026778,,,854000.0,
MSG026784,,,57000.0,
MSG026791,,,543000.0,
MSG026793,LA023067,,,
MSG026798,,,892000.0,
MSG026800,,,650000.0,
MSG026802,,,575000.0,
MSG026806,,,574000.0,
MSG026810,,LA950920,,
MSG026815,,,769000.0,
MSG026818,,,23000.0,
MSG026821,LA017973,,,
MSG026823,,LA946525,,2025-02-03
MSG026824,,,,2026-02-28
MSG026826,,,748000.0,
MSG026830,,LA946948,,
MSG026831,LA012708,,,
MSG026832,,,752000.0,
MSG026833,,,697000.0,
MSG026834,,LA984502,,
MSG026836,,,218000.0,
MSG026841,,LA974626,,
MSG026843,,,101000.0,
MSG026845,LA019645,,,
MSG026846,LA010724,,,
MSG026851,,LA986762,13000.0,
MSG026853,,,308000.0,2026-12-17
MSG026854,,,698000.0,
MSG026856,,,714000.0,
MSG026857,,LA937904,,
MSG026859,,,269000.0,2026-06-14
MSG026862,LA031444,,,
MSG026863,,,355000.0,2026-06-23
MSG026864,,,657000.0,
MSG026868,LA023685,,,
MSG026871,LA024413,,,
MSG026872,,,789000.0,
MSG026880,,,,2026-01-01
MSG026881,LA023677,,,
MSG026889,,,388000.0,2026-06-11
MSG026890,,,119000.0,2025-07-17
MSG026893,LA014814,,,
MSG026902,LA031368,,,
MSG026903,,,,2025-11-08
MSG026904,,,404000.0,
MSG026906,LA006889,,,
MSG026909,LA018780,,,
MSG026918,,,266000.0,
MSG026919,LA002298,,,
MSG026921,LA009743,,,
MSG026925,,LA926515,806000.0,
MSG026938,LA018980,,,
MSG026939,LA016170,,,
MSG026940,,,690000.0,
MSG026943,,,,2026-02-15
MSG026948,,,643000.0,
MSG026950,,,675000.0,
MSG026955,LA031056,,,
MSG026961,,,,2025-09-12
MSG026965,LA020273,,,
MSG026969,,,33000.0,
MSG026972,LA013597,,,
MSG026974,LA014098,,,
MSG026977,LA020204,,,
MSG026983,,,25000.0,
MSG026987,,,,2026-06-15
MSG026988,LA026129,,,
MSG026989,LA009155,,,
MSG026990,,,349000.0,
MSG026991,LA019315,,,
MSG026996,,,117000.0,
MSG026999,,,,2025-11-28
MSG027001,,,,2025-03-11
MSG027002,,LA942741,,
MSG027006,,,454000.0,2025-09-25
MSG027014,,,415000.0,
MSG027015,,,271000.0,
MSG027019,,,,2025-10-19
MSG027020,,,535000.0,
MSG027022,,,214000.0,
MSG027023,,,42000.0,
MSG027025,,,37000.0,
MSG027031,,,881000.0,
MSG027032,,LA956148,,
MSG027040,LA018986,,,
MSG027041,,,561000.0,2026-03-25
MSG027042,LA000310,,,
MSG027044,,,758000.0,
MSG027046,,,721000.0,
MSG027049,,,771000.0,2025-01-19
MSG027050,,,545000.0,
MSG027051,,,488000.0,
MSG027052,LA030119,,,
MSG027064,,,3112000.0,2026-08-03
MSG027068,,,623000.0,
MSG027071,,,421000.0,
MSG027072,LA018820,,,
MSG027073,LA008020,,,
MSG027075,LA020933,,,
MSG027076,,,241000.0,
MSG027078,LA022392,,,
MSG027080,,,381000.0,
MSG027082,LA030202,,,
MSG027084,LA001131,,,2026-03-25
MSG027085,,,,2026-09-24
MSG027089,,LA933694,,
MSG027092,,,699000.0,2026-03-15
MSG027106,,LA946005,,
MSG027108,,,253000.0,
MSG027116,,,397000.0,2026-03-22
MSG027127,LA013669,,,
MSG027128,LA005970,,,
MSG027129,,,,2026-06-03
MSG027131,LA018978,,,2026-12-08
MSG027133,,,98000.0,
MSG027135,,LA915091,,
MSG027138,,,,2025-11-19
MSG027140,,,,2026-03-31
MSG027142,,,,2025-03-14
MSG027148,,,,2026-04-21
MSG027151,,,494000.0,
MSG027152,LA016578,,,
MSG027155,,,776000.0,2025-12-10
MSG027156,,,386000.0,
MSG027157,,,405000.0,
MSG027158,LA015689,,,
MSG027160,,LA032412,,
MSG027162,,LA958383,,
MSG027170,,,,2026-05-16
MSG027173,,,537000.0,
MSG027175,,LA017562,,2025-09-08
MSG027176,,,,2026-07-09
MSG027184,LA013582,,,
MSG027185,LA002227,,,
MSG027187,,,674000.0,
MSG027189,,,442000.0,2026-11-12
MSG027191,LA009579,,,
MSG027195,LA029607,,,
MSG027198,,,660000.0,
MSG027199,,,,2026-12-04
MSG027201,,,487000.0,
MSG027204,LA014922,,,
MSG027214,,,,2026-01-28
MSG027217,,,837000.0,2026-06-05
MSG027218,,,,2025-04-13
MSG027221,LA030042,,,
MSG027225,,,,2026-11-09
MSG027227,,,673000.0,
MSG027228,,,,2025-05-31
MSG027230,LA017596,,,
MSG027235,,,,2026-08-16
MSG027241,,,284000.0,
MSG027244,,LA018104,,
MSG027246,,LA971380,,
MSG027248,,LA014202,,
MSG027249,,,471000.0,
MSG027254,,,575000.0,
MSG027256,LA018385,,897000.0,
MSG027260,LA002207,,,
MSG027261,LA001902,,,
MSG027266,LA015714,,,
MSG027268,,,347000.0,
MSG027275,,,297000.0,
MSG027278,,,640000.0,
MSG027285,,LA952715,,
MSG027286,,,,2026-03-25
MSG027287,LA019758,,,
MSG027293,,,823000.0,
MSG027295,,LA987302,,
MSG027299,,,723000.0,
MSG027300,,,400000.0,
MSG027301,,LA999566,,
MSG027306,LA018196,,,2025-07-25
MSG027310,,,114000.0,
MSG027312,,,163000.0,
MSG027313,,,,2025-08-25
MSG027314,,,556000.0,
MSG027316,,LA014176,,
MSG027317,,,,2026-10-25
MSG027319,,,114000.0,
MSG027321,,,103000.0,
MSG027322,,,,2025-03-21
MSG027325,LA009725,,,
MSG027327,,,418000.0,
MSG027329,,,87000.0,
MSG027331,LA023427,,,
MSG027342,,,818000.0,
MSG027343,,,644000.0,
MSG027344,LA019980,,,
MSG027345,LA001553,,,
MSG027347,LA014948,,208000.0,
MSG027349,,,,2025-06-07
MSG027352,,LA023488,,
MSG027353,,,23000.0,
MSG027354,,,388000.0,2026-02-24
MSG027356,,LA990558,,
MSG027358,,,251000.0,
MSG027359,LA025898,,,2025-04-04
MSG027366,,,558000.0,
MSG027368,,LA909297,,
MSG027369,,,367000.0,
MSG027372,,,534000.0,
MSG027373,LA009492,,638000.0,
MSG027374,LA030522,,,
MSG027375,,,685000.0,
MSG027378,LA021528,,,
MSG027379,LA014457,,,
MSG027381,,,140000.0,
MSG027387,,,,2025-11-07
MSG027389,LA020715,,,
MSG027390,,LA988079,,
MSG027391,LA028764,,,
MSG027392,,,746000.0,
MSG027393,,,525000.0,
MSG027396,,,770000.0,
MSG027398,,,,2025-12-15
MSG027401,LA007520,,,2026-05-14
MSG027402,,,124000.0,
MSG027403,LA004981,,,
MSG027404,,,83000.0,
MSG027406,,,,2025-01-09
MSG027407,,,327000.0,
MSG027410,LA014551,,38000.0,
MSG027418,,,,2026-09-26
MSG027420,,,724000.0,
MSG027421,,,,2026-04-20
MSG027422,,,719000.0,
MSG027424,,,57000.0,
MSG027426,,,658000.0,
MSG027435,,,638000.0,
MSG027437,,,712000.0,
MSG027439,,,400000.0,
MSG027440,,,206000.0,
MSG027441,LA002776,,665000.0,
MSG027447,,,764000.0,
MSG027448,,,7000.0,
MSG027453,LA027578,,502000.0,2025-03-24
MSG027457,LA032025,,,
MSG027459,,,352000.0,
MSG027464,,,,2026-09-11
MSG027465,,,,2025-02-04
MSG027470,,,,2026-04-07
MSG027472,LA020009,,,
MSG027474,LA032342,,,
MSG027480,,,146000.0,
MSG027481,,,800000.0,
MSG027488,,,324000.0,
MSG027492,,,65000.0,
MSG027497,,,297000.0,
MSG027500,,LA933370,,
MSG027502,LA002275,,,
MSG027504,,,653000.0,
MSG027507,LA020898,,,
MSG027510,,LA945177,,
MSG027527,LA014631,,,
MSG027532,LA009182,,,
MSG027533,,,123000.0,
MSG027535,,,290000.0,
MSG027536,,,826000.0,
MSG027537,,LA941197,,
MSG027541,,LA928406,,
MSG027542,,,74000.0,
MSG027543,,LA987722,,
MSG027548,,,559000.0,
MSG027551,,,596000.0,
MSG027552,LA010309,,,
MSG027554,,LA963791,,2026-07-10
MSG027564,LA018009,,,
MSG027566,,,,2026-05-14
MSG027567,,LA996695,,
MSG027568,,LA995469,,
MSG027572,,LA941975,,
MSG027575,LA021200,,,
MSG027582,,,640000.0,
MSG027583,,,,2026-05-06
MSG027585,,,,2025-06-27
MSG027586,LA005430,,,
MSG027588,,,641000.0,
MSG027590,,,,2025-02-08
MSG027593,,,204000.0,
MSG027599,,LA020301,,2025-01-30
MSG027600,LA030574,,,
MSG027602,,LA000341,,
MSG027607,,,,2026-05-10
MSG027613,,,99000.0,
MSG027614,,,,2025-02-10
MSG027619,,LA972704,,2026-09-23
MSG027620,,,737000.0,
MSG027623,,,713000.0,
MSG027624,LA028986,,772000.0,
MSG027628,LA020078,,,
MSG027631,LA011311,,,
MSG027636,,,743000.0,2026-03-05
MSG027637,LA024275,,,
MSG027639,LA020406,,,
MSG027640,,,,2025-04-08
MSG027643,,,126000.0,
MSG027644,,,,2025-01-08
MSG027645,,,725000.0,
MSG027650,,,365000.0,
MSG027651,,,827000.0,2025-09-07
MSG027657,,,50000.0,
MSG027658,,,489000.0,
MSG027661,LA025388,,,
MSG027664,,,451000.0,
MSG027666,,,271000.0,
MSG027672,,,816000.0,
MSG027673,,,,2025-06-05
MSG027677,,,,2025-06-29
MSG027682,,LA950235,,
MSG027685,,,687000.0,
MSG027686,,LA949484,,
MSG027688,,,665000.0,
MSG027690,,,231000.0,
MSG027693,LA002690,,,
MSG027695,,,85000.0,
MSG027697,LA001951,,,
MSG027700,,LA021212,,
MSG027702,,,,2026-02-24
MSG027709,,,77000.0,
MSG027713,,LA973963,,
MSG027715,,LA968880,,
MSG027717,,,305000.0,
MSG027719,LA010044,,,
MSG027720,,,39000.0,
MSG027721,,,743000.0,
MSG027722,,,463000.0,
MSG027723,,,34000.0,
MSG027726,,LA991173,,
MSG027729,,,223000.0,
MSG027731,LA007898,,,
MSG027732,LA013918,,,
MSG027735,,LA977253,,
MSG027736,LA023961,,533000.0,
MSG027741,LA005958,,,
MSG027742,LA032117,,,
MSG027743,LA013900,,,
MSG027749,,,189000.0,
MSG027755,,,374000.0,
MSG027756,,,282000.0,
MSG027758,,,780000.0,
MSG027764,,,206000.0,
MSG027766,LA004989,,,
MSG027771,,,,2025-10-29
MSG027781,LA002355,,,
MSG027782,LA028295,,,
MSG027786,,,382000.0,
MSG027788,LA003747,,,
MSG027789,,LA962213,,
MSG027790,,,563000.0,
MSG027791,,,135000.0,
MSG027797,LA013841,,,
MSG027798,,,,2026-10-19
MSG027803,,,,2026-08-28
MSG027805,,LA991926,,
MSG027812,LA022090,,,
MSG027815,,,,2025-02-27
MSG027816,LA016956,,800000.0,
MSG027821,,,567000.0,
MSG027822,,,539000.0,
MSG027823,,,165000.0,
MSG027828,LA008695,,,
MSG027829,,LA910238,86000.0,
MSG027830,,,233000.0,
MSG027832,,,,2026-05-12
MSG027833,LA003573,,,
MSG027837,,LA976320,,
MSG027847,LA023505,,,
MSG027848,,,339000.0,
MSG027850,LA016195,,,
MSG027852,,,,2026-01-10
MSG027854,,,867000.0,
MSG027855,LA001586,,,
MSG027856,LA006005,,,
MSG027860,,,,2025-11-20
MSG027862,,,,2025-07-14
MSG027866,LA018584,,,
MSG027869,LA005577,,,
MSG027870,,,,2026-09-03
MSG027874,LA012934,,,
MSG027875,LA004121,,,
MSG027876,,,,2026-02-13
MSG027879,,,,2026-07-18
MSG027880,,,,2025-11-29
MSG027882,,,217000.0,
MSG027883,,,,2026-11-27
MSG027887,LA026316,,,
MSG027889,,,724000.0,
MSG027893,,,78000.0,
MSG027895,LA020827,,,
MSG027897,LA025891,,476000.0,
MSG027900,LA001735,,,
MSG027902,,,,2026-10-15
MSG027903,LA012408,,,2026-01-07
MSG027912,,,,2025-02-14
MSG027915,,,818000.0,
MSG027917,,,,2026-07-05
MSG027925,LA008862,,,
MSG027928,,,,2025-05-03
MSG027929,,,735000.0,
MSG027932,,,503000.0,
MSG027933,,,60000.0,
MSG027937,,,649000.0,
MSG027939,LA020572,,,
MSG027941,,LA939227,,
MSG027942,,,164000.0,
MSG027943,LA027115,,74000.0,
MSG027944,,,434000.0,
MSG027945,LA007544,,,
MSG027951,,LA943318,,
MSG027956,LA025423,,,
MSG027960,LA019175,,,
MSG027964,,,433000.0,
MSG027967,,LA978166,,
MSG027968,,,46000.0,
MSG027973,,,603000.0,
MSG027974,,,,2026-12-13
MSG027977,,,890000.0,
MSG027978,,,7000.0,
MSG027979,,LA927360,,
MSG027981,,LA988362,,
MSG027982,,,251000.0,
MSG027985,,,723000.0,
MSG027989,,,159000.0,
MSG027994,,,34000.0,
MSG027996,LA027199,,,
MSG028009,,,,2025-02-06
MSG028010,,,574000.0,
MSG028013,LA002690,,,
MSG028015,,,,2025-08-21
MSG028017,,,118000.0,
MSG028018,,,262000.0,
MSG028021,,LA949987,,
MSG028023,,,642000.0,
MSG028024,,LA934899,,2025-01-02
MSG028028,LA032706,,,
MSG028029,,,145000.0,
MSG028042,LA014356,,,
MSG028046,,,,2026-05-17
MSG028051,LA009272,,,
MSG028052,,,,2025-10-13
MSG028053,,,632000.0,2025-10-24
MSG028054,,,,2026-05-31
MSG028059,LA006055,,,
MSG028063,,,207000.0,
MSG028066,,,,2025-09-03
MSG028069,,,276000.0,
MSG028072,,,9000.0,
MSG028075,LA032506,,,
MSG028080,LA029150,,,
MSG028082,LA004339,,,
MSG028083,,,111000.0,
MSG028087,,,466000.0,
MSG028088,LA014695,,,
MSG028092,,,308000.0,
MSG028094,,,,2025-09-26
MSG028095,LA024233,,,
MSG028100,,,742000.0,
MSG028105,,,,2026-11-07
MSG028106,,,777000.0,
MSG028107,LA019516,,,
MSG028111,,,,2026-08-18
MSG028119,LA006261,,,
MSG028123,LA011909,,,
MSG028125,,LA932817,,
MSG028128,LA012163,,,
MSG028130,LA009551,,,
MSG028131,,,543000.0,
MSG028132,,,,2025-02-21
MSG028136,,LA031700,,
MSG028138,LA006727,,,
MSG028145,,,659000.0,
MSG028146,,,61000.0,
MSG028148,,,839000.0,
MSG028158,LA023345,,,
MSG028163,LA030089,,,
MSG028164,,,,2026-06-04
MSG028169,LA026248,,,
MSG028170,,,820000.0,
MSG028171,LA026396,,,2026-09-10
MSG028176,LA005263,,,
MSG028179,LA004407,,,
MSG028180,,,,2025-04-08
MSG028181,LA025857,,695000.0,
MSG028183,,LA024668,,
MSG028185,,,,2025-10-15
MSG028186,LA024511,,,
MSG028189,LA013826,,,
MSG028191,LA017299,,,2025-08-27
MSG028199,,,,2026-09-26
MSG028202,,,604000.0,
MSG028204,,,,2026-11-08
MSG028206,,,484000.0,
MSG028209,,,325000.0,2025-11-15
MSG028218,,,239000.0,
MSG028220,,,54000.0,
MSG028221,LA000514,,,
MSG028224,,,,2026-04-02
MSG028230,,,221000.0,
MSG028234,LA009625,,,
MSG028236,,LA942091,,
MSG028242,,LA994275,,
MSG028244,,,,2025-12-24
MSG028246,,,,2026-04-29
MSG028249,,,884000.0,
MSG028250,,,598000.0,2025-04-30
MSG028253,,,,2025-03-04
MSG028254,,,,2025-08-13
MSG028260,,LA910264,,
MSG028263,,,844000.0,
MSG028264,,,667000.0,
MSG028265,LA017457,,,
MSG028266,,,765000.0,
MSG028270,LA004162,,,
MSG028272,LA004301,,,
MSG028274,LA001490,,,
MSG028275,LA006957,,,
MSG028282,,,,2026-12-05
MSG028283,,,694000.0,
MSG028284,,,203000.0,2026-02-16
MSG028285,,,210000.0,
MSG028290,,,718000.0,
MSG028292,LA032769,,,
MSG028295,,,,2025-02-16
MSG028297,LA022996,,,
MSG028299,,,896000.0,
MSG028301,,,632000.0,
MSG028305,LA031293,,,
MSG028307,,,,2025-09-12
MSG028310,LA008517,,,
MSG028313,,,,2026-11-22
MSG028314,,LA950796,,
MSG028317,LA019787,,,
MSG028322,,LA983499,,
MSG028326,,,171000.0,
MSG028328,LA029433,,,2025-05-28
MSG028329,,,,2026-09-13
MSG028331,LA011635,,,
MSG028332,,,864000.0,
MSG028334,LA021704,,,
MSG028336,,,252000.0,
MSG028340,,LA022889,,
MSG028341,,,235000.0,
MSG028343,LA027469,,,
MSG028345,LA031991,,,
MSG028346,,,197000.0,
MSG028347,,,170000.0,
MSG028349,LA020322,,,
MSG028351,,,181000.0,
MSG028357,,,187000.0,
MSG028359,,,836000.0,
MSG028360,LA019247,,,
MSG028361,LA028675,,,
MSG028362,,,468000.0,
MSG028363,,,426000.0,
MSG028365,,LA947205,,
MSG028366,,,,2026-11-20
MSG028367,LA022613,,,
MSG028368,,,,2026-11-25
MSG028372,LA011950,,,
MSG028374,,,713000.0,
MSG028375,,,696000.0,2026-03-04
MSG028377,,,,2025-12-01
MSG028379,LA020816,,,
MSG028383,,,744000.0,
MSG028384,,,90000.0,
MSG028386,,,,2026-11-27
MSG028387,,,,2025-09-13
MSG028390,,,822000.0,2025-01-06
MSG028393,LA018140,,,
MSG028398,,LA007585,,
MSG028400,LA017049,,,
MSG028402,,,201000.0,
MSG028405,,,182000.0,
MSG028408,,,488000.0,
MSG028410,,LA956601,,
MSG028416,,,,2025-07-16
MSG028419,,,534000.0,
MSG028421,LA020599,,,
MSG028423,,,,2025-12-20
MSG028424,LA029820,,,
MSG028441,LA019178,,,
MSG028444,,,577000.0,
MSG028445,,LA934819,111000.0,
MSG028449,,,,2026-07-26
MSG028450,,,775000.0,
MSG028451,,LA913621,,
MSG028462,,LA963940,,2026-03-19
MSG028463,,,787000.0,
MSG028467,,,183000.0,
MSG028473,,,255000.0,
MSG028477,,,174000.0,
MSG028478,,,85000.0,
MSG028481,,,300000.0,
MSG028489,,,,2025-12-25
MSG028495,,,876000.0,
MSG028496,LA005461,,,
MSG028499,LA032596,,,
MSG028500,LA019098,,,
MSG028502,,LA991994,,
MSG028503,,,,2025-03-30
MSG028510,,,,2026-01-15
MSG028513,LA009498,,,
MSG028516,,,,2025-04-18
MSG028518,,,,2025-02-10
MSG028519,,,880000.0,
MSG028520,LA024920,,,
MSG028522,LA012712,,,
MSG028524,,LA012225,,
MSG028525,LA027702,,,2026-04-02
MSG028528,,,,2026-10-30
MSG028532,LA028633,,,
MSG028538,LA017314,,,
MSG028541,,LA952004,,2026-12-14
MSG028542,,,572000.0,
MSG028543,LA012324,,,
MSG028544,,,162000.0,
MSG028551,,,460000.0,
MSG028553,,LA943203,,
MSG028554,,,480000.0,
MSG028556,,,,2025-01-13
MSG028562,LA028492,,,
MSG028564,,LA912904,302000.0,
MSG028565,,,,2025-04-05
MSG028569,LA005742,,,
MSG028570,,LA994471,,
MSG028571,,,519000.0,
MSG028574,,,161000.0,
MSG028577,LA024684,,,
MSG028585,,,697000.0,
MSG028586,LA019296,,,
MSG028587,,,,2026-05-04
MSG028588,LA028187,,,
MSG028589,,,22000.0,
MSG028591,,,,2025-05-21
MSG028592,,,,2025-05-25
MSG028595,,,709000.0,
MSG028603,LA013895,,,
MSG028604,LA027461,,,
MSG028606,,,884000.0,
MSG028607,,LA986919,898000.0,
MSG028610,,,354000.0,
MSG028611,,LA990194,,
MSG028618,LA000506,,,
MSG028619,,,,2026-01-29
MSG028620,,,,2025-09-10
MSG028623,LA025044,,514000.0,
MSG028625,LA002314,,,
MSG028626,,,215000.0,
MSG028627,,,707000.0,
MSG028635,,,270000.0,
MSG028640,,,10000.0,
MSG028641,,LA935900,,
MSG028643,,LA962529,,
MSG028645,LA021224,,,
MSG028654,,LA943257,,
MSG028656,LA006473,,,
MSG028657,,,826000.0,
MSG028660,,LA923464,,
MSG028662,,LA920566,,
MSG028664,,LA938384,,
MSG028672,,,,2026-06-26
MSG028678,,,39000.0,2026-09-16
MSG028690,,,510000.0,
MSG028692,LA031792,,,
MSG028693,,,,2025-01-02
MSG028695,,,889000.0,
MSG028697,,,452000.0,
MSG028700,,,710000.0,
MSG028703,,,583000.0,
MSG028711,LA025410,,763000.0,2026-11-10
MSG028712,LA003464,,,
MSG028719,,,,2025-08-14
MSG028725,,,100000.0,
MSG028726,,,412000.0,
MSG028729,,,210000.0,
MSG028731,,LA955339,,
MSG028733,,,513000.0,
MSG028736,,,197000.0,
MSG028741,LA029437,,,
MSG028746,,,,2026-12-12
MSG028749,,,,2026-08-31
MSG028751,LA008348,,,
MSG028752,,,,2025-05-21
MSG028755,,,,2025-08-07
MSG028756,,LA912200,,
MSG028763,,,416000.0,
MSG028764,,,183000.0,
MSG028768,,,660000.0,
MSG028770,LA018026,,,
MSG028771,,,455000.0,
MSG028774,,,427000.0,
MSG028776,LA002819,,,
MSG028781,LA003495,,,
MSG028782,,,509000.0,
MSG028783,,,19000.0,
MSG028785,LA007995,,,
MSG028786,,,815000.0,
MSG028788,,,666000.0,
MSG028791,LA017655,,,
MSG028796,LA017934,,,
MSG028798,,,239000.0,
MSG028799,,,307000.0,
MSG028805,,,470000.0,
MSG028809,LA028241,,,
MSG028811,LA005469,,,
MSG028812,,LA024758,,
MSG028820,LA000190,,,
MSG028823,,,700000.0,
MSG028827,,,108000.0,
MSG028830,LA009627,,,
MSG028831,,,,2025-07-13
MSG028832,,,39000.0,
MSG028833,LA005798,,,
MSG028834,LA004100,,,
MSG028835,,,203000.0,
MSG028836,,,863000.0,
MSG028838,,,508000.0,
MSG028839,,,773000.0,
MSG028841,,,,2025-07-19
MSG028843,,,310000.0,
MSG028844,,LA970204,,
MSG028849,,LA019312,,
MSG028850,,,,2026-08-12
MSG028853,,,723000.0,2025-12-03
MSG028855,,,,2025-04-10
MSG028856,,,438000.0,
MSG028857,,,618000.0,
MSG028858,,,,2026-08-12
MSG028860,LA029719,,,2025-06-03
MSG028862,,,762000.0,
MSG028863,,,477000.0,
MSG028865,,,650000.0,
MSG028866,,LA945776,,2026-08-29
MSG028869,,,185000.0,
MSG028870,,,580000.0,2026-09-19
MSG028871,LA022035,,,
MSG028878,LA028188,,,
MSG028880,,,507000.0,
MSG028881,LA019538,,,
MSG028887,LA001777,,,
MSG028888,LA011432,,,
MSG028892,,,441000.0,
MSG028894,,,159000.0,2026-01-23
MSG028897,,,672000.0,
MSG028899,,,333000.0,
MSG028903,,,,2025-09-26
MSG028904,,,,2025-05-13
MSG028908,,LA988115,,
MSG028910,,LA927879,,
MSG028912,LA027186,,,
MSG028916,,,416000.0,
MSG028920,,,854000.0,
MSG028921,LA001458,,,
MSG028922,,,140000.0,
MSG028925,LA003218,,,
MSG028927,,,436000.0,
MSG028930,,,682000.0,
MSG028931,LA027517,,,
MSG028932,,,240000.0,
MSG028933,,,413000.0,2026-01-19
MSG028935,LA002095,,,
MSG028942,,LA031659,,
MSG028943,,LA905160,,
MSG028944,LA025055,,,
MSG028945,LA021975,,,
MSG028946,LA017715,,,
MSG028947,LA002955,,,
MSG028948,,,477000.0,
MSG028949,,,818000.0,
MSG028963,,,410000.0,
MSG028965,,LA931205,,
MSG028967,,,500000.0,
MSG028968,,,,2025-03-08
MSG028972,LA013696,,,
MSG028976,,,554000.0,
MSG028980,,,,2026-01-01
MSG028981,,,65000.0,
MSG028984,,,619000.0,2025-06-29
MSG028985,,,526000.0,2026-07-02
MSG028988,,LA997332,,
MSG028992,,,565000.0,
MSG028999,,,,2025-12-27
MSG029000,,,180000.0,
MSG029005,,,247000.0,
MSG029007,,,,2026-08-09
MSG029010,,LA932199,,
MSG029011,,LA970381,,
MSG029013,,,511000.0,
MSG029015,,,,2026-10-24
MSG029017,,,648000.0,
MSG029019,,,809000.0,
MSG029021,,,,2026-05-05
MSG029022,,,471000.0,
MSG029023,,,20000.0,2026-05-29
MSG029025,,,200000.0,
MSG029026,,,464000.0,
MSG029031,LA026668,,,
MSG029032,,,180000.0,
MSG029041,,,864000.0,2026-03-21
MSG029044,LA029822,,,
MSG029045,,LA984328,,
MSG029051,,LA928429,,
MSG029053,,,190000.0,
MSG029054,LA014764,,,
MSG029058,,LA964259,,
MSG029059,,,646000.0,
MSG029060,LA027697,,,
MSG029071,,LA025649,,
MSG029080,,,579000.0,
MSG029088,,LA920447,,
MSG029090,,,436000.0,
MSG029092,LA001904,,,
MSG029094,,,161000.0,
MSG029097,,,782000.0,
MSG029104,,,177000.0,
MSG029110,,,,2025-08-26
MSG029119,LA020487,,,
MSG029122,,,105000.0,
MSG029125,,,739000.0,
MSG029126,,,368000.0,
MSG029127,,LA936220,,
MSG029128,,LA929608,,
MSG029129,,LA967238,,
MSG029133,LA020351,,,
MSG029137,,,351000.0,
MSG029139,,LA987571,300000.0,
MSG029145,,,292000.0,
MSG029146,,,,2026-10-22
MSG029148,LA017933,,,
MSG029155,,,378000.0,
MSG029156,,,172000.0,
MSG029157,,,,2026-03-27
MSG029162,,,216000.0,
MSG029164,,,278000.0,
MSG029168,,,225000.0,
MSG029169,,,,2025-01-26
MSG029174,LA025506,,,
MSG029175,LA029355,,,
MSG029177,,,,2026-04-19
MSG029180,,LA925238,,
MSG029181,,,314000.0,
MSG029185,,,716000.0,
MSG029186,,,593000.0,
MSG029188,,,837000.0,
MSG029189,,LA929138,,
MSG029190,,LA982093,,
MSG029196,,,783000.0,
MSG029199,LA018184,,,
MSG029203,LA010595,,,
MSG029205,LA032443,,,
MSG029206,,,524000.0,
MSG029207,LA031797,,,
MSG029208,LA022665,,,
MSG029212,,,374000.0,
MSG029217,LA021168,,,
MSG029221,,,753000.0,
MSG029222,,LA946281,,
MSG029224,,LA951305,,
MSG029225,,,,2026-04-05
MSG029226,,LA970573,,
MSG029228,LA003449,,,
MSG029230,LA013270,,,
MSG029232,,,445000.0,
MSG029236,LA006572,,,
MSG029238,LA017014,,,
MSG029246,LA027271,,,
MSG029249,,,782000.0,
MSG029250,,,641000.0,
MSG029256,LA007444,,,
MSG029258,LA032894,,,2026-10-09
MSG029259,,,471000.0,
MSG029262,,,,2026-04-10
MSG029263,,,544000.0,
MSG029266,LA004285,,,
MSG029267,LA003256,,,
MSG029268,LA032160,,,
MSG029269,LA003321,,,
MSG029270,LA024285,,,
MSG029271,LA025212,,,
MSG029274,,,,2025-03-15
MSG029278,,,471000.0,
MSG029283,,,,2025-03-06
MSG029285,LA010915,,,
MSG029286,LA002129,,,
MSG029291,,,,2025-07-24
MSG029292,LA010201,,,
MSG029293,,LA913758,,
MSG029294,LA002269,,,
MSG029295,,,492000.0,
MSG029300,LA022207,,,
MSG029301,,,643000.0,2026-03-13
MSG029302,,,342000.0,
MSG029305,,,,2025-06-20
MSG029306,,,97000.0,
MSG029307,,,,2026-03-26
MSG029313,,,426000.0,
MSG029318,,,830000.0,2026-05-15
MSG029319,,,,2025-04-23
MSG029321,,,240000.0,
MSG029323,,,882000.0,
MSG029324,LA029332,,,
MSG029325,,,755000.0,
MSG029327,,,864000.0,
MSG029331,LA032906,,,
MSG029332,,,,2026-12-04
MSG029336,,,583000.0,
MSG029341,,,223000.0,
MSG029343,,,220000.0,
MSG029357,,,253000.0,
MSG029361,LA026428,,,
MSG029363,,,700000.0,
MSG029364,,,,2025-09-29
MSG029365,,LA987198,,
MSG029367,LA025585,,309000.0,
MSG029368,,,193000.0,
MSG029370,,,,2025-02-13
MSG029372,,,316000.0,
MSG029374,,,208000.0,
MSG029377,LA029091,,,
MSG029379,LA025427,,,
MSG029383,,,,2025-07-18
MSG029384,LA021488,,,
MSG029386,,,76000.0,
MSG029388,LA032878,,,
MSG029391,,,318000.0,
MSG029397,,,36000.0,
MSG029398,LA010666,,,2025-06-09
MSG029399,LA013638,,,
MSG029400,,LA936522,,
MSG029401,,,92000.0,
MSG029402,,LA965856,,
MSG029407,,LA943217,,
MSG029408,,,,2026-03-26
MSG029409,,,551000.0,
MSG029414,LA029904,,,
MSG029417,,LA975310,,
MSG029418,,,745000.0,
MSG029420,,,488000.0,
MSG029425,LA010285,,,
MSG029431,,,607000.0,
MSG029432,,,240000.0,
MSG029433,,,,2025-07-17
MSG029434,,,314000.0,
MSG029435,LA009880,,,
MSG029437,,,,2026-12-19
MSG029442,,LA961157,,
MSG029443,,,611000.0,
MSG029445,,,233000.0,
MSG029446,,,,2025-01-14
MSG029451,,,,2025-11-08
MSG029452,,,,2025-09-06
MSG029455,,,208000.0,
MSG029457,,,,2025-08-26
MSG029462,,LA917332,,
MSG029466,,,,2026-01-12
MSG029469,,,7000.0,
MSG029471,,LA918784,,
MSG029472,LA009121,,,
MSG029475,LA019613,,,
MSG029477,,,,2026-10-24
MSG029482,LA029251,,428000.0,
MSG029493,,,216000.0,
MSG029496,,LA987739,,2025-10-03
MSG029497,,LA951959,,
MSG029502,,,,2025-10-26
MSG029504,,,441000.0,
MSG029506,,,,2026-09-28
MSG029508,,,412000.0,
MSG029510,,,376000.0,
MSG029513,LA004510,,,
MSG029515,LA022491,,,
MSG029516,,,208000.0,
MSG029518,,,,2025-09-20
MSG029520,LA025308,,,
MSG029528,LA029554,,,2025-05-13
MSG029529,LA024777,,,2026-04-24
MSG029537,,,296000.0,
MSG029538,,LA927571,,
MSG029540,LA005169,,,
MSG029544,,LA914325,,
MSG029546,LA016147,,,
MSG029549,,,,2025-11-17
MSG029551,LA031426,,,
MSG029552,LA029975,,,
MSG029553,,,649000.0,
MSG029556,,LA912837,,
MSG029557,LA020242,,,
MSG029558,,,16000.0,2026-02-09
MSG029559,LA031783,,,
MSG029561,LA022069,,,
MSG029562,,,144000.0,
MSG029566,,LA991989,,
MSG029567,LA002147,,,
MSG029569,,LA030164,,
MSG029571,,LA997623,,
MSG029573,,,815000.0,
MSG029574,,LA939349,,
MSG029576,LA005570,,,2025-04-19
MSG029578,,,788000.0,
MSG029583,,LA012579,,
MSG029587,LA007892,,,
MSG029588,,,884000.0,
MSG029591,,,274000.0,
MSG029594,,,,2026-08-03
MSG029600,,,767000.0,
MSG029602,,,430000.0,
MSG029603,LA023773,,,
MSG029604,,,178000.0,
MSG029606,,,450000.0,
MSG029608,LA000998,,,
MSG029609,,,43000.0,
MSG029612,,,866000.0,
MSG029613,,,,2025-03-09
MSG029614,,,257000.0,
MSG029620,LA021157,,,
MSG029624,LA028529,,,
MSG029627,,,432000.0,
MSG029629,,,859000.0,
MSG029630,,,895000.0,2025-11-14
MSG029633,LA026018,,,
MSG029634,,,847000.0,
MSG029635,,,459000.0,
MSG029638,LA010152,,,
MSG029639,LA029596,,,
MSG029640,,,439000.0,
MSG029649,,,785000.0,
MSG029656,LA011961,,,
MSG029658,,LA022466,,
MSG029660,,LA920163,,
MSG029661,,,837000.0,
MSG029662,LA016744,,,
MSG029663,LA002239,,,
MSG029664,,,,2025-09-09
MSG029666,,,209000.0,
MSG029668,,,442000.0,
MSG029669,LA000095,,,
MSG029672,,,791000.0,
MSG029673,LA006068,,,
MSG029676,LA030844,,632000.0,
MSG029677,,,,2025-07-19
MSG029678,,,92000.0,
MSG029680,LA031480,,,
MSG029681,,LA941887,,2025-01-25
MSG029682,LA013552,,,
MSG029684,LA031964,,,
MSG029685,LA001632,,,
MSG029686,LA031924,,,
MSG029691,,,106000.0,
MSG029692,,,,2025-03-31
MSG029697,,,688000.0,2025-02-02
MSG029699,,,84000.0,
MSG029707,,,201000.0,
MSG029709,,LA913665,,
MSG029711,,,587000.0,
MSG029712,,,199000.0,
MSG029717,,,81000.0,
MSG029720,LA007658,,,
MSG029725,,,441000.0,
MSG029726,,,662000.0,
MSG029732,,,,2026-03-11
MSG029733,,,657000.0,
MSG029735,,,,2026-06-13
MSG029744,,,452000.0,
MSG029746,,,573000.0,
MSG029747,,LA954965,,
MSG029749,,LA962601,,
MSG029753,,,481000.0,2026-10-15
MSG029755,,,,2025-06-09
MSG029760,LA001221,,,
MSG029763,LA025032,,,
MSG029765,LA012636,,,
MSG029767,,,411000.0,
MSG029769,,LA998527,,
MSG029770,LA009669,,,
MSG029771,,,,2026-09-29
MSG029772,,,412000.0,
MSG029776,,,546000.0,
MSG029779,LA025090,,,
MSG029783,,,781000.0,
MSG029784,,LA931885,,
MSG029790,,LA919781,,
MSG029792,,,500000.0,
MSG029794,,,,2026-12-28
MSG029797,,,49000.0,
MSG029800,,,519000.0,
MSG029801,,,384000.0,
MSG029803,,,133000.0,
MSG029805,LA011011,,,
MSG029806,,,86000.0,
MSG029808,,,293000.0,
MSG029813,,,,2026-11-05
MSG029822,,,68000.0,
MSG029825,,,101000.0,
MSG029826,LA024869,,,
MSG029828,,LA913334,,
MSG029831,LA006472,,,2025-04-30
MSG029832,,,286000.0,
MSG029834,,,727000.0,2026-02-12
MSG029836,,LA937716,,2026-10-02
MSG029837,,,,2025-09-02
MSG029840,,LA002840,,
MSG029842,,,,2026-08-07
MSG029843,,,347000.0,
MSG029844,,,564000.0,
MSG029847,,,830000.0,
MSG029848,,,334000.0,
MSG029853,LA010745,,,
MSG029855,,,,2025-12-01
MSG029862,,,689000.0,
MSG029866,,LA960111,,
MSG029868,,,9000.0,
MSG029870,,,704000.0,
MSG029871,,,191000.0,
MSG029874,LA020136,,,
MSG029875,,,149000.0,
MSG029881,,,283000.0,
MSG029885,,,,2025-10-31
MSG029887,,,413000.0,
MSG029892,LA007459,,,
MSG029893,,,775000.0,
MSG029896,,,621000.0,
MSG029898,LA004730,,,
MSG029900,LA024747,,,
MSG029903,,LA906663,,
MSG029910,,,297000.0,
MSG029914,,,192000.0,
MSG029915,,,,2025-12-29
MSG029918,,,838000.0,
MSG029919,,,,2026-11-08
MSG029926,LA016293,,,
MSG029927,LA014252,,,
MSG029936,,,853000.0,
MSG029939,,,,2026-07-04
MSG029940,,,62000.0,
MSG029941,LA007943,,,
MSG029948,,,9000.0,
MSG029952,,LA975897,,
MSG029962,LA000590,,,
MSG029965,,,751000.0,2025-08-31
MSG029967,,LA946010,,
MSG029969,,,162000.0,
MSG029970,,,,2026-06-03
MSG029975,,LA979319,,
MSG029977,,,,2025-08-09
MSG029979,,,333000.0,
MSG029980,LA001759,,,
MSG029981,,,,2025-08-07
MSG029988,,LA946360,,
MSG029994,,,,2026-04-08
MSG029998,,,682000.0,
MSG029999,LA022513,,,
